Matplotlib is building the font cache; this may take a moment.
22:03:57  INFO      pipeline  ╔══════════════════════════════════════════════╗
22:03:57  INFO      pipeline  ║  Credit Default Prediction with XAI (v3)     ║
22:03:57  INFO      pipeline  ║  Dataset: prosper                            ║
22:03:57  INFO      pipeline  ║  Run: cutoff_2010-01_seed_42                 ║
22:03:57  INFO      pipeline  ╚══════════════════════════════════════════════╝
22:03:57  INFO      pipeline  ============================================================
22:03:57  INFO      pipeline  STAGE 1: Data Loading, Labelling & Partitioning
22:03:57  INFO      pipeline  ============================================================
22:03:57  INFO      data.data_loader  Loading Prosper loans from /Users/harekrishna/Downloads/credit-default-xai-benchmark/code v1/data/prosperLoanData.csv
22:03:59  INFO      data.data_loader  Prosper: 113937 rows, 113066 after LoanKey de-duplication
22:03:59  INFO      data.data_loader  Prosper horizon label (H=12 months, snapshot 2014-03-12): 72067 labelled, 40999 censored, default rate 9.70%
22:03:59  INFO      data.data_loader  Skipping UCI-specific engineered features; required columns not present.
22:03:59  INFO      data.data_loader  Skipping UCI-specific engineered features; required columns not present.
22:03:59  INFO      data.data_loader  Dataset loaded | prosper | train=28935  test=2782 | default rate train=13.84% test=5.57% | 8 nominal, 33 continuous
22:03:59  INFO      pipeline  Imbalance stats (train): {"n_total": 28935, "n_majority": 24929, "n_minority": 4006, "imbalance_ratio": 6.2229, "minority_pct": 13.84}
22:04:00  INFO      visualization.plots  Fig 1 saved → /Users/harekrishna/Downloads/credit-default-xai-benchmark/code v1/results/outputs/prosper_temporal/runs/cutoff_2010-01_seed_42/figures/fig01_class_distribution.pdf
22:04:00  INFO      pipeline  ============================================================
22:04:00  INFO      pipeline  STAGE 2: Imbalance Strategy Ablation (selected on OOF AUROC)
22:04:00  INFO      pipeline  ============================================================
22:04:16  INFO      pipeline  Ablation | SMOTE            | OOF AUROC=0.6006  test AUROC=0.6821
22:04:33  INFO      pipeline  Ablation | BorderlineSMOTE  | OOF AUROC=0.6148  test AUROC=0.6740
22:05:29  INFO      pipeline  Ablation | SVMSMOTE         | OOF AUROC=0.6076  test AUROC=0.6837
22:05:43  INFO      pipeline  Ablation | ADASYN           | OOF AUROC=0.5907  test AUROC=0.6689
22:05:47  INFO      pipeline  Ablation | None             | OOF AUROC=0.5975  test AUROC=0.7042
22:05:49  INFO      pipeline  Ablation | ClassWeight      | OOF AUROC=0.5259  test AUROC=0.6385
22:05:49  INFO      pipeline  Best imbalance strategy (OOF AUROC): BorderlineSMOTE → 0.6148 [probe: LightGBM]
22:05:49  INFO      pipeline  ============================================================
22:05:49  INFO      pipeline  STAGE 3: Model Training (training CV selection, OOF predictions, refit)
22:05:49  INFO      pipeline  ============================================================
22:05:49  INFO      pipeline  Training XGBoost …
22:06:15  INFO      pipeline  XGBoost | per-model strategy=ClassWeight | OOF AUROC by strategy={'SMOTE': 0.6064, 'BorderlineSMOTE': 0.6149, 'SVMSMOTE': 0.6135, 'ADASYN': 0.6071, 'None': 0.6028, 'ClassWeight': 0.6222}
22:06:15  INFO      pipeline  RandomizedSearchCV | model=XGBoost strategy=ClassWeight n_iter=12
22:06:33  INFO      pipeline  Training LightGBM …
22:06:33  INFO      pipeline  Reusing identical OOF pipeline fit.
22:06:33  INFO      pipeline  Reusing identical OOF pipeline fit.
22:06:33  INFO      pipeline  Reusing identical OOF pipeline fit.
22:06:33  INFO      pipeline  Reusing identical OOF pipeline fit.
22:06:33  INFO      pipeline  Reusing identical OOF pipeline fit.
22:06:33  INFO      pipeline  Reusing identical OOF pipeline fit.
22:06:33  INFO      pipeline  LightGBM | per-model strategy=BorderlineSMOTE | OOF AUROC by strategy={'SMOTE': 0.6006, 'BorderlineSMOTE': 0.6148, 'SVMSMOTE': 0.6076, 'ADASYN': 0.5907, 'None': 0.5975, 'ClassWeight': 0.5259}
22:06:33  INFO      pipeline  RandomizedSearchCV | model=LightGBM strategy=BorderlineSMOTE n_iter=12
22:08:15  INFO      pipeline  Training CatBoost …
22:08:45  INFO      pipeline  CatBoost | per-model strategy=BorderlineSMOTE | OOF AUROC by strategy={'SMOTE': 0.609, 'BorderlineSMOTE': 0.6168, 'SVMSMOTE': 0.6134, 'ADASYN': 0.6053, 'None': 0.6052, 'ClassWeight': 0.6056}
22:08:45  INFO      pipeline  RandomizedSearchCV | model=CatBoost strategy=BorderlineSMOTE n_iter=12
22:10:07  INFO      pipeline  Training Random Forest …
22:10:30  INFO      pipeline  Random Forest | per-model strategy=ClassWeight | OOF AUROC by strategy={'SMOTE': 0.5666, 'BorderlineSMOTE': 0.5623, 'SVMSMOTE': 0.5679, 'ADASYN': 0.5606, 'None': 0.5641, 'ClassWeight': 0.5757}
22:10:30  INFO      pipeline  RandomizedSearchCV | model=Random Forest strategy=ClassWeight n_iter=12
22:11:25  INFO      pipeline  Training Logistic Reg. …
22:11:35  INFO      pipeline  Logistic Reg. | per-model strategy=ClassWeight | OOF AUROC by strategy={'SMOTE': 0.5608, 'BorderlineSMOTE': 0.5395, 'SVMSMOTE': 0.55, 'ADASYN': 0.5568, 'None': 0.5303, 'ClassWeight': 0.5901}
22:11:35  INFO      pipeline  RandomizedSearchCV | model=Logistic Reg. strategy=ClassWeight n_iter=12
22:11:38  INFO      pipeline  Reusing verified legacy final model: Logistic Reg.
22:11:38  INFO      pipeline  Training TabNet …
22:11:40  INFO      models.tabnet_model  Apple MPS backend passed smoke test — using GPU acceleration.
22:11:40  INFO      models.tabnet_model  TabNet starting | device=mps  max_epochs=200  patience=15  batch_size=1024  n_train=202
22:11:44  INFO      models.tabnet_model  TabNet trained | device=mps  best_epoch=7  elapsed=4.2s
22:11:45  INFO      models.tabnet_model  Apple MPS backend passed smoke test — using GPU acceleration.
22:11:45  INFO      models.tabnet_model  TabNet starting | device=mps  max_epochs=200  patience=15  batch_size=1024  n_train=6040
epoch 0  | loss: 1.4166  | val_auc: 0.7     |  0:00:01s
epoch 1  | loss: 1.09129 | val_auc: 0.5     |  0:00:01s
epoch 2  | loss: 0.79012 | val_auc: 0.85455 |  0:00:01s
epoch 3  | loss: 1.03566 | val_auc: 0.83636 |  0:00:01s
epoch 4  | loss: 0.74024 | val_auc: 0.68182 |  0:00:01s
epoch 5  | loss: 0.7792  | val_auc: 0.64545 |  0:00:01s
epoch 6  | loss: 0.53239 | val_auc: 0.77273 |  0:00:01s
epoch 7  | loss: 0.50779 | val_auc: 0.98182 |  0:00:01s
epoch 8  | loss: 0.47661 | val_auc: 0.96364 |  0:00:01s
epoch 9  | loss: 0.37561 | val_auc: 0.66364 |  0:00:01s
epoch 10 | loss: 0.48489 | val_auc: 0.74545 |  0:00:02s
epoch 11 | loss: 0.47514 | val_auc: 0.76364 |  0:00:02s
epoch 12 | loss: 0.57055 | val_auc: 0.7     |  0:00:02s
epoch 13 | loss: 0.46428 | val_auc: 0.72727 |  0:00:02s
epoch 14 | loss: 0.43714 | val_auc: 0.49091 |  0:00:02s
epoch 15 | loss: 0.7021  | val_auc: 0.40909 |  0:00:02s
epoch 16 | loss: 0.29016 | val_auc: 0.36364 |  0:00:02s
epoch 17 | loss: 0.3617  | val_auc: 0.34545 |  0:00:02s
epoch 18 | loss: 0.53424 | val_auc: 0.36364 |  0:00:02s
epoch 19 | loss: 0.35748 | val_auc: 0.3     |  0:00:02s
epoch 20 | loss: 0.37503 | val_auc: 0.21818 |  0:00:02s
epoch 21 | loss: 0.39116 | val_auc: 0.18182 |  0:00:02s
epoch 22 | loss: 0.46025 | val_auc: 0.14545 |  0:00:02s

Early stopping occurred at epoch 22 with best_epoch = 7 and best_val_auc = 0.98182
epoch 0  | loss: 1.09398 | val_auc: 0.65991 |  0:00:01s
epoch 1  | loss: 0.76235 | val_auc: 0.70099 |  0:00:01s
epoch 2  | loss: 0.64    | val_auc: 0.77952 |  0:00:02s
epoch 3  | loss: 0.60858 | val_auc: 0.74711 |  0:00:02s
epoch 4  | loss: 0.58113 | val_auc: 0.80316 |  0:00:03s
epoch 5  | loss: 0.53706 | val_auc: 0.7934  |  0:00:03s
epoch 6  | loss: 0.51059 | val_auc: 0.81055 |  0:00:04s
epoch 7  | loss: 0.48987 | val_auc: 0.8145  |  0:00:04s
epoch 8  | loss: 0.47031 | val_auc: 0.82146 |  0:00:05s
epoch 9  | loss: 0.45001 | val_auc: 0.8284  |  0:00:05s
epoch 10 | loss: 0.43245 | val_auc: 0.8372  |  0:00:06s
epoch 11 | loss: 0.42568 | val_auc: 0.82605 |  0:00:06s
epoch 12 | loss: 0.41598 | val_auc: 0.81777 |  0:00:07s
epoch 13 | loss: 0.40324 | val_auc: 0.82216 |  0:00:07s
epoch 14 | loss: 0.39599 | val_auc: 0.82745 |  0:00:08s
epoch 15 | loss: 0.39279 | val_auc: 0.83819 |  0:00:08s
epoch 16 | loss: 0.38438 | val_auc: 0.83263 |  0:00:09s
epoch 17 | loss: 0.37927 | val_auc: 0.83508 |  0:00:09s
epoch 18 | loss: 0.37434 | val_auc: 0.81735 |  0:00:10s
epoch 19 | loss: 0.36756 | val_auc: 0.82099 |  0:00:10s
epoch 20 | loss: 0.37516 | val_auc: 0.84154 |  0:00:11s
epoch 21 | loss: 0.37959 | val_auc: 0.82201 |  0:00:11s
epoch 22 | loss: 0.35616 | val_auc: 0.78688 |  0:00:12s
epoch 23 | loss: 0.35644 | val_auc: 0.79859 |  0:00:12s
epoch 24 | loss: 0.36402 | val_auc: 0.83046 |  0:00:13s
epoch 25 | loss: 0.34494 | val_auc: 0.81831 |  0:00:13s
epoch 26 | loss: 0.34533 | val_auc: 0.83671 |  0:00:14s
epoch 27 | loss: 0.34401 | val_auc: 0.82983 |  0:00:15s
epoch 28 | loss: 0.33092 | val_auc: 0.85054 |  0:00:15s
epoch 29 | loss: 0.31776 | val_auc: 0.85015 |  0:00:16s
epoch 30 | loss: 0.33514 | val_auc: 0.85447 |  0:00:16s
epoch 31 | loss: 0.333   | val_auc: 0.86607 |  0:00:17s
epoch 32 | loss: 0.32117 | val_auc: 0.85635 |  0:00:17s
epoch 33 | loss: 0.32042 | val_auc: 0.86451 |  0:00:18s
epoch 34 | loss: 0.32369 | val_auc: 0.85256 |  0:00:18s
epoch 35 | loss: 0.30101 | val_auc: 0.85438 |  0:00:19s
epoch 36 | loss: 0.29869 | val_auc: 0.8576  |  0:00:19s
epoch 37 | loss: 0.29198 | val_auc: 0.85202 |  0:00:20s
epoch 38 | loss: 0.29192 | val_auc: 0.84436 |  0:00:20s
epoch 39 | loss: 0.27685 | val_auc: 0.86003 |  0:00:21s
epoch 40 | loss: 0.28201 | val_auc: 0.85766 |  0:00:21s
epoch 41 | loss: 0.2841  | val_auc: 0.84191 |  0:00:22s
epoch 42 | loss: 0.27685 | val_auc: 0.87004 |  0:00:22s
epoch 43 | loss: 0.2644  | val_auc: 0.88071 |  0:00:23s
epoch 44 | loss: 0.25651 | val_auc: 0.87379 |  0:00:23s
epoch 45 | loss: 0.25394 | val_auc: 0.88266 |  0:00:24s
epoch 46 | loss: 0.24967 | val_auc: 0.88088 |  0:00:25s
epoch 47 | loss: 0.2503  | val_auc: 0.88647 |  0:00:26s
epoch 48 | loss: 0.23966 | val_auc: 0.88047 |  0:00:26s
epoch 49 | loss: 0.24034 | val_auc: 0.88628 |  0:00:27s
epoch 50 | loss: 0.23176 | val_auc: 0.89436 |  0:00:27s
epoch 51 | loss: 0.2302  | val_auc: 0.90084 |  0:00:28s
epoch 52 | loss: 0.22448 | val_auc: 0.90676 |  0:00:28s
epoch 53 | loss: 0.23007 | val_auc: 0.90432 |  0:00:29s
epoch 54 | loss: 0.21737 | val_auc: 0.90447 |  0:00:29s
epoch 55 | loss: 0.21976 | val_auc: 0.91044 |  0:00:30s
epoch 56 | loss: 0.22577 | val_auc: 0.91074 |  0:00:30s
epoch 57 | loss: 0.21654 | val_auc: 0.90664 |  0:00:31s
epoch 58 | loss: 0.20858 | val_auc: 0.91074 |  0:00:31s
epoch 59 | loss: 0.20794 | val_auc: 0.91342 |  0:00:32s
epoch 60 | loss: 0.20853 | val_auc: 0.90759 |  0:00:32s
epoch 61 | loss: 0.22133 | val_auc: 0.91709 |  0:00:33s
epoch 62 | loss: 0.21138 | val_auc: 0.91585 |  0:00:34s
epoch 63 | loss: 0.20214 | val_auc: 0.91133 |  0:00:34s
epoch 64 | loss: 0.21568 | val_auc: 0.91387 |  0:00:35s
epoch 65 | loss: 0.20634 | val_auc: 0.91828 |  0:00:35s
epoch 66 | loss: 0.19651 | val_auc: 0.91504 |  0:00:36s
epoch 67 | loss: 0.19761 | val_auc: 0.92129 |  0:00:36s
epoch 68 | loss: 0.21319 | val_auc: 0.91522 |  0:00:37s
epoch 69 | loss: 0.21647 | val_auc: 0.90762 |  0:00:37s
epoch 70 | loss: 0.2059  | val_auc: 0.91401 |  0:00:38s
epoch 71 | loss: 0.20402 | val_auc: 0.91494 |  0:00:38s
epoch 72 | loss: 0.1917  | val_auc: 0.90904 |  0:00:39s
epoch 73 | loss: 0.18726 | val_auc: 0.91688 |  0:00:39s
epoch 74 | loss: 0.17027 | val_auc: 0.91908 |  0:00:40s
epoch 75 | loss: 0.17076 | val_auc: 0.91457 |  0:00:40s
epoch 76 | loss: 0.17502 | val_auc: 0.92233 |  0:00:41s
epoch 77 | loss: 0.16534 | val_auc: 0.92133 |  0:00:41s
epoch 78 | loss: 0.17394 | val_auc: 0.91293 |  0:00:42s
epoch 79 | loss: 0.18261 | val_auc: 0.91761 |  0:00:42s
epoch 80 | loss: 0.17708 | val_auc: 0.92108 |  0:00:43s
epoch 81 | loss: 0.1694  | val_auc: 0.91827 |  0:00:43s
epoch 82 | loss: 0.16555 | val_auc: 0.92181 |  0:00:44s
epoch 83 | loss: 0.16715 | val_auc: 0.9236  |  0:00:44s
epoch 84 | loss: 0.16963 | val_auc: 0.92308 |  0:00:45s
epoch 85 | loss: 0.1695  | val_auc: 0.92201 |  0:00:45s
epoch 86 | loss: 0.15412 | val_auc: 0.92312 |  0:00:46s
epoch 87 | loss: 0.15552 | val_auc: 0.92331 |  0:00:46s
epoch 88 | loss: 0.16062 | val_auc: 0.92095 |  0:00:47s
epoch 89 | loss: 0.14715 | val_auc: 0.91885 |  0:00:47s
epoch 90 | loss: 0.15035 | val_auc: 0.91914 |  0:00:48s
epoch 91 | loss: 0.1526  | val_auc: 0.92105 |  0:00:48s
epoch 92 | loss: 0.14862 | val_auc: 0.92087 |  0:00:49s
epoch 93 | loss: 0.14166 | val_auc: 0.92336 |  0:00:49s
epoch 94 | loss: 0.14464 | val_auc: 0.92486 |  0:00:50s
epoch 95 | loss: 0.14478 | val_auc: 0.92294 |  0:00:50s
epoch 96 | loss: 0.14524 | val_auc: 0.92299 |  0:00:51s
epoch 97 | loss: 0.14206 | val_auc: 0.92265 |  0:00:51s
epoch 98 | loss: 0.14723 | val_auc: 0.91906 |  0:00:52s
epoch 99 | loss: 0.14206 | val_auc: 0.91874 |  0:00:52s
epoch 100| loss: 0.14269 | val_auc: 0.92255 |  0:00:53s
epoch 101| loss: 0.1382  | val_auc: 0.92255 |  0:00:53s
epoch 102| loss: 0.1428  | val_auc: 0.92221 |  0:00:54s
epoch 103| loss: 0.1354  | val_auc: 0.92183 |  0:00:55s
epoch 104| loss: 0.13491 | val_auc: 0.9219  |  0:00:55s
epoch 105| loss: 0.13346 | val_auc: 0.92108 |  0:00:56s
epoch 106| loss: 0.13122 | val_auc: 0.92588 |  0:00:56s
epoch 107| loss: 0.12731 | val_auc: 0.92322 |  0:00:57s
epoch 108| loss: 0.1303  | val_auc: 0.92129 |  0:00:57s
epoch 109| loss: 0.12729 | val_auc: 0.92279 |  0:00:58s
epoch 110| loss: 0.1297  | val_auc: 0.92297 |  0:00:58s
epoch 111| loss: 0.12969 | val_auc: 0.92158 |  0:00:59s
epoch 112| loss: 0.1231  | val_auc: 0.92235 |  0:00:59s
epoch 113| loss: 0.1197  | val_auc: 0.92369 |  0:01:00s
epoch 114| loss: 0.11701 | val_auc: 0.92418 |  0:01:00s
epoch 115| loss: 0.11755 | val_auc: 0.92506 |  0:01:01s
epoch 116| loss: 0.11769 | val_auc: 0.92586 |  0:01:01s
epoch 117| loss: 0.11691 | val_auc: 0.9249  |  0:01:02s
epoch 118| loss: 0.11418 | val_auc: 0.9252  |  0:01:02s
epoch 119| loss: 0.11735 | val_auc: 0.92611 |  0:01:03s
epoch 120| loss: 0.1168  | val_auc: 0.92466 |  0:01:03s
epoch 121| loss: 0.11511 | val_auc: 0.92413 |  0:01:04s22:12:57  INFO      models.tabnet_model  TabNet trained | device=mps  best_epoch=119  elapsed=71.9s
22:12:58  INFO      models.tabnet_model  Apple MPS backend passed smoke test — using GPU acceleration.
22:12:58  INFO      models.tabnet_model  TabNet starting | device=mps  max_epochs=200  patience=15  batch_size=1024  n_train=16816
22:15:14  INFO      models.tabnet_model  TabNet trained | device=mps  best_epoch=82  elapsed=136.1s
22:15:17  INFO      models.tabnet_model  Apple MPS backend passed smoke test — using GPU acceleration.
22:15:17  INFO      models.tabnet_model  TabNet starting | device=mps  max_epochs=200  patience=15  batch_size=1024  n_train=49858

epoch 122| loss: 0.1173  | val_auc: 0.92226 |  0:01:04s
epoch 123| loss: 0.11645 | val_auc: 0.92191 |  0:01:05s
epoch 124| loss: 0.11099 | val_auc: 0.92067 |  0:01:06s
epoch 125| loss: 0.11438 | val_auc: 0.91867 |  0:01:06s
epoch 126| loss: 0.11136 | val_auc: 0.91739 |  0:01:07s
epoch 127| loss: 0.11251 | val_auc: 0.91898 |  0:01:07s
epoch 128| loss: 0.11692 | val_auc: 0.91872 |  0:01:08s
epoch 129| loss: 0.11405 | val_auc: 0.91839 |  0:01:08s
epoch 130| loss: 0.11623 | val_auc: 0.91936 |  0:01:09s
epoch 131| loss: 0.11273 | val_auc: 0.92117 |  0:01:09s
epoch 132| loss: 0.11292 | val_auc: 0.92512 |  0:01:10s
epoch 133| loss: 0.11067 | val_auc: 0.92278 |  0:01:10s
epoch 134| loss: 0.11612 | val_auc: 0.92151 |  0:01:11s

Early stopping occurred at epoch 134 with best_epoch = 119 and best_val_auc = 0.92611
epoch 0  | loss: 0.85701 | val_auc: 0.71881 |  0:00:01s
epoch 1  | loss: 0.66752 | val_auc: 0.76647 |  0:00:03s
epoch 2  | loss: 0.57358 | val_auc: 0.8015  |  0:00:04s
epoch 3  | loss: 0.5381  | val_auc: 0.81159 |  0:00:05s
epoch 4  | loss: 0.51768 | val_auc: 0.80713 |  0:00:07s
epoch 5  | loss: 0.50646 | val_auc: 0.82703 |  0:00:08s
epoch 6  | loss: 0.4888  | val_auc: 0.82907 |  0:00:09s
epoch 7  | loss: 0.47526 | val_auc: 0.83549 |  0:00:11s
epoch 8  | loss: 0.46941 | val_auc: 0.83697 |  0:00:13s
epoch 9  | loss: 0.46901 | val_auc: 0.84355 |  0:00:14s
epoch 10 | loss: 0.45585 | val_auc: 0.84245 |  0:00:16s
epoch 11 | loss: 0.45438 | val_auc: 0.85916 |  0:00:17s
epoch 12 | loss: 0.44394 | val_auc: 0.86067 |  0:00:18s
epoch 13 | loss: 0.44743 | val_auc: 0.85741 |  0:00:20s
epoch 14 | loss: 0.44102 | val_auc: 0.86719 |  0:00:21s
epoch 15 | loss: 0.43596 | val_auc: 0.86632 |  0:00:22s
epoch 16 | loss: 0.4303  | val_auc: 0.86525 |  0:00:24s
epoch 17 | loss: 0.43028 | val_auc: 0.86236 |  0:00:25s
epoch 18 | loss: 0.42567 | val_auc: 0.86953 |  0:00:26s
epoch 19 | loss: 0.42226 | val_auc: 0.87166 |  0:00:28s
epoch 20 | loss: 0.42324 | val_auc: 0.87191 |  0:00:29s
epoch 21 | loss: 0.41352 | val_auc: 0.87887 |  0:00:30s
epoch 22 | loss: 0.40602 | val_auc: 0.88158 |  0:00:32s
epoch 23 | loss: 0.4092  | val_auc: 0.8777  |  0:00:33s
epoch 24 | loss: 0.40195 | val_auc: 0.88501 |  0:00:35s
epoch 25 | loss: 0.39492 | val_auc: 0.88177 |  0:00:36s
epoch 26 | loss: 0.39475 | val_auc: 0.8804  |  0:00:37s
epoch 27 | loss: 0.4018  | val_auc: 0.87968 |  0:00:39s
epoch 28 | loss: 0.3977  | val_auc: 0.88445 |  0:00:40s
epoch 29 | loss: 0.3975  | val_auc: 0.8888  |  0:00:42s
epoch 30 | loss: 0.39541 | val_auc: 0.88969 |  0:00:43s
epoch 31 | loss: 0.37836 | val_auc: 0.89214 |  0:00:44s
epoch 32 | loss: 0.37619 | val_auc: 0.89336 |  0:00:46s
epoch 33 | loss: 0.37057 | val_auc: 0.89384 |  0:00:47s
epoch 34 | loss: 0.36481 | val_auc: 0.89266 |  0:00:48s
epoch 35 | loss: 0.36193 | val_auc: 0.88948 |  0:00:50s
epoch 36 | loss: 0.37315 | val_auc: 0.88548 |  0:00:51s
epoch 37 | loss: 0.37376 | val_auc: 0.88576 |  0:00:52s
epoch 38 | loss: 0.36776 | val_auc: 0.8895  |  0:00:54s
epoch 39 | loss: 0.35321 | val_auc: 0.89638 |  0:00:55s
epoch 40 | loss: 0.34971 | val_auc: 0.89164 |  0:00:57s
epoch 41 | loss: 0.34699 | val_auc: 0.89719 |  0:00:58s
epoch 42 | loss: 0.34634 | val_auc: 0.89037 |  0:00:59s
epoch 43 | loss: 0.33697 | val_auc: 0.88534 |  0:01:01s
epoch 44 | loss: 0.34217 | val_auc: 0.88701 |  0:01:02s
epoch 45 | loss: 0.32885 | val_auc: 0.8913  |  0:01:03s
epoch 46 | loss: 0.33254 | val_auc: 0.89443 |  0:01:05s
epoch 47 | loss: 0.32513 | val_auc: 0.89636 |  0:01:06s
epoch 48 | loss: 0.31829 | val_auc: 0.89912 |  0:01:07s
epoch 49 | loss: 0.30197 | val_auc: 0.90113 |  0:01:09s
epoch 50 | loss: 0.29933 | val_auc: 0.89734 |  0:01:10s
epoch 51 | loss: 0.28876 | val_auc: 0.89675 |  0:01:12s
epoch 52 | loss: 0.29239 | val_auc: 0.89473 |  0:01:13s
epoch 53 | loss: 0.2774  | val_auc: 0.88956 |  0:01:14s
epoch 54 | loss: 0.28284 | val_auc: 0.88825 |  0:01:16s
epoch 55 | loss: 0.27212 | val_auc: 0.89614 |  0:01:17s
epoch 56 | loss: 0.27299 | val_auc: 0.87993 |  0:01:18s
epoch 57 | loss: 0.27019 | val_auc: 0.89211 |  0:01:20s
epoch 58 | loss: 0.28539 | val_auc: 0.89944 |  0:01:21s
epoch 59 | loss: 0.2651  | val_auc: 0.90084 |  0:01:22s
epoch 60 | loss: 0.25423 | val_auc: 0.89952 |  0:01:24s
epoch 61 | loss: 0.24505 | val_auc: 0.90207 |  0:01:25s
epoch 62 | loss: 0.23756 | val_auc: 0.89852 |  0:01:27s
epoch 63 | loss: 0.24942 | val_auc: 0.89797 |  0:01:28s
epoch 64 | loss: 0.24471 | val_auc: 0.89955 |  0:01:29s
epoch 65 | loss: 0.23048 | val_auc: 0.901   |  0:01:31s
epoch 66 | loss: 0.22779 | val_auc: 0.90464 |  0:01:32s
epoch 67 | loss: 0.22051 | val_auc: 0.90356 |  0:01:33s
epoch 68 | loss: 0.21482 | val_auc: 0.90225 |  0:01:35s
epoch 69 | loss: 0.20334 | val_auc: 0.90293 |  0:01:36s
epoch 70 | loss: 0.20437 | val_auc: 0.90733 |  0:01:38s
epoch 71 | loss: 0.21324 | val_auc: 0.90316 |  0:01:39s
epoch 72 | loss: 0.20092 | val_auc: 0.90423 |  0:01:40s
epoch 73 | loss: 0.19257 | val_auc: 0.90745 |  0:01:42s
epoch 74 | loss: 0.18119 | val_auc: 0.90558 |  0:01:43s
epoch 75 | loss: 0.16856 | val_auc: 0.90579 |  0:01:44s
epoch 76 | loss: 0.18049 | val_auc: 0.90855 |  0:01:46s
epoch 77 | loss: 0.17333 | val_auc: 0.91176 |  0:01:47s
epoch 78 | loss: 0.16837 | val_auc: 0.91013 |  0:01:48s
epoch 79 | loss: 0.16061 | val_auc: 0.9094  |  0:01:50s
epoch 80 | loss: 0.15998 | val_auc: 0.90979 |  0:01:51s
epoch 81 | loss: 0.15471 | val_auc: 0.90911 |  0:01:52s
epoch 82 | loss: 0.16252 | val_auc: 0.91426 |  0:01:54s
epoch 83 | loss: 0.14959 | val_auc: 0.91408 |  0:01:55s
epoch 84 | loss: 0.14518 | val_auc: 0.91174 |  0:01:56s
epoch 85 | loss: 0.13704 | val_auc: 0.91287 |  0:01:58s
epoch 86 | loss: 0.14386 | val_auc: 0.90494 |  0:01:59s
epoch 87 | loss: 0.15281 | val_auc: 0.90805 |  0:02:00s
epoch 88 | loss: 0.14347 | val_auc: 0.91169 |  0:02:02s
epoch 89 | loss: 0.1326  | val_auc: 0.91054 |  0:02:03s
epoch 90 | loss: 0.13125 | val_auc: 0.91021 |  0:02:04s
epoch 91 | loss: 0.13145 | val_auc: 0.91323 |  0:02:06s
epoch 92 | loss: 0.12287 | val_auc: 0.91239 |  0:02:07s
epoch 93 | loss: 0.12956 | val_auc: 0.90969 |  0:02:09s
epoch 94 | loss: 0.12566 | val_auc: 0.912   |  0:02:10s
epoch 95 | loss: 0.11805 | val_auc: 0.90812 |  0:02:12s
epoch 96 | loss: 0.11412 | val_auc: 0.9097  |  0:02:13s
epoch 97 | loss: 0.12513 | val_auc: 0.912   |  0:02:15s

Early stopping occurred at epoch 97 with best_epoch = 82 and best_val_auc = 0.91426
epoch 0  | loss: 0.75111 | val_auc: 0.72644 |  0:00:04s
epoch 1  | loss: 0.59288 | val_auc: 0.75618 |  0:00:08s
epoch 2  | loss: 0.56229 | val_auc: 0.77628 |  0:00:12s
epoch 3  | loss: 0.53227 | val_auc: 0.80522 |  0:00:16s
epoch 4  | loss: 0.51317 | val_auc: 0.8204  |  0:00:20s
epoch 5  | loss: 0.49174 | val_auc: 0.82961 |  0:00:24s
epoch 6  | loss: 0.47276 | val_auc: 0.83939 |  0:00:28s
epoch 7  | loss: 0.45679 | val_auc: 0.85742 |  0:00:32s
epoch 8  | loss: 0.4424  | val_auc: 0.86497 |  0:00:36s
epoch 9  | loss: 0.42779 | val_auc: 0.87675 |  0:00:40s
epoch 10 | loss: 0.40974 | val_auc: 0.87657 |  0:00:44s
epoch 11 | loss: 0.39926 | val_auc: 0.89026 |  0:00:48s
epoch 12 | loss: 0.39264 | val_auc: 0.88331 |  0:00:53s
epoch 13 | loss: 0.38078 | val_auc: 0.89512 |  0:00:57s
epoch 14 | loss: 0.35826 | val_auc: 0.89545 |  0:01:02s
epoch 15 | loss: 0.34816 | val_auc: 0.89851 |  0:01:06s
epoch 16 | loss: 0.33791 | val_auc: 0.90762 |  0:01:10s
epoch 17 | loss: 0.32293 | val_auc: 0.90989 |  0:01:14s
epoch 18 | loss: 0.30186 | val_auc: 0.90527 |  0:01:18s
epoch 19 | loss: 0.28858 | val_auc: 0.91425 |  0:01:21s
epoch 20 | loss: 0.26679 | val_auc: 0.92315 |  0:01:26s
epoch 21 | loss: 0.25137 | val_auc: 0.9245  |  0:01:30s
epoch 22 | loss: 0.24394 | val_auc: 0.92525 |  0:01:33s
epoch 23 | loss: 0.23645 | val_auc: 0.93046 |  0:01:37s
epoch 24 | loss: 0.22365 | val_auc: 0.92164 |  0:01:41s
epoch 25 | loss: 0.21105 | val_auc: 0.92823 |  0:01:45s
epoch 26 | loss: 0.19933 | val_auc: 0.92533 |  0:01:49s
epoch 27 | loss: 0.18941 | val_auc: 0.92437 |  0:01:53s
epoch 28 | loss: 0.18564 | val_auc: 0.92792 |  0:01:57s
epoch 29 | loss: 0.17483 | val_auc: 0.92935 |  0:02:01s
epoch 30 | loss: 0.16269 | val_auc: 0.92639 |  0:02:05s
epoch 31 | loss: 0.15895 | val_auc: 0.93325 |  0:02:09s
epoch 32 | loss: 0.1503  | val_auc: 0.93074 |  0:02:13s22:19:44  INFO      models.tabnet_model  TabNet trained | device=mps  best_epoch=49  elapsed=266.3s
22:19:44  INFO      models.tabnet_model  TabNet model saved to /Users/harekrishna/Downloads/credit-default-xai-benchmark/code v1/results/outputs/prosper_temporal/runs/cutoff_2010-01_seed_42/models/tabnet.pkl
22:19:44  INFO      pipeline  ============================================================
22:19:44  INFO      pipeline  STAGE 4: Evaluation (selection on OOF; held-out test reporting)
22:19:44  INFO      pipeline  ============================================================
22:19:44  INFO      pipeline  XGBoost | OOF AUROC=0.6079  f1*=0.2584 @ t=0.47 | test AUROC=0.6773  F1=0.1609  MCC=0.1108
22:19:44  INFO      pipeline  LightGBM | OOF AUROC=0.6271  f1*=0.2639 @ t=0.12 | test AUROC=0.6844  F1=0.1773  MCC=0.1195
22:19:45  INFO      pipeline  CatBoost | OOF AUROC=0.6157  f1*=0.2629 @ t=0.10 | test AUROC=0.6835  F1=0.2022  MCC=0.1479
22:19:45  INFO      pipeline  Random Forest | OOF AUROC=0.5932  f1*=0.2511 @ t=0.24 | test AUROC=0.6831  F1=0.1835  MCC=0.1422
22:19:45  INFO      pipeline  Logistic Reg. | OOF AUROC=0.6236  f1*=0.2639 @ t=0.43 | test AUROC=0.7160  F1=0.1825  MCC=0.1459
22:19:46  INFO      pipeline  TabNet | OOF AUROC=0.5672  f1*=0.2421 @ t=0.02 | test AUROC=0.6332  F1=0.1233  MCC=0.0545
22:19:46  INFO      pipeline  LaTeX table → /Users/harekrishna/Downloads/credit-default-xai-benchmark/code v1/results/outputs/prosper_temporal/runs/cutoff_2010-01_seed_42/results/table2_test_metrics.tex
22:19:46  INFO      pipeline  
                AUROC   AUPRC      F1  Precision  Recall  Specificity  G-Mean     MCC   Brier
Model                                                                                        
XGBoost        0.6773  0.0962  0.1609     0.0965  0.4839       0.7328  0.5955  0.1108  0.2125
LightGBM       0.6844  0.1166  0.1773     0.1264  0.2968       0.8789  0.5107  0.1195  0.0517
CatBoost       0.6835  0.1364  0.2022     0.1552  0.2903       0.9067  0.5131  0.1479  0.0509
Random Forest  0.6831  0.1209  0.1835     0.1122  0.5032       0.7651  0.6205  0.1422  0.0691
Logistic Reg.  0.7160  0.1332  0.1825     0.2222  0.1548       0.9680  0.3872  0.1459  0.0835
TabNet         0.6332  0.0829  0.1233     0.0879  0.2065       0.8736  0.4247  0.0545  0.0764
22:19:46  INFO      visualization.plots  Fig 2 saved → /Users/harekrishna/Downloads/credit-default-xai-benchmark/code v1/results/outputs/prosper_temporal/runs/cutoff_2010-01_seed_42/figures/fig02_roc_curves.pdf
22:19:46  INFO      visualization.plots  Fig 3 saved → /Users/harekrishna/Downloads/credit-default-xai-benchmark/code v1/results/outputs/prosper_temporal/runs/cutoff_2010-01_seed_42/figures/fig03_pr_curves.pdf
22:19:46  INFO      visualization.plots  Fig 4 saved → /Users/harekrishna/Downloads/credit-default-xai-benchmark/code v1/results/outputs/prosper_temporal/runs/cutoff_2010-01_seed_42/figures/fig04_confusion_lightgbm.pdf
22:27:41  INFO      pipeline  ============================================================
22:27:41  INFO      pipeline  STAGE 5: SHAP Explanations
22:27:41  INFO      pipeline  ============================================================
22:27:42  INFO      explainability.shap_explainer  SHAP TreeExplainer initialised | output_space=log_odds
22:27:44  INFO      explainability.shap_explainer  SHAP values computed | shape=(2000, 63)
22:27:44  INFO      explainability.shap_explainer  SHAP additivity check | MAE=0.00000 | PASS ✓
22:27:45  INFO      explainability.shap_explainer  Saved SHAP summary → /Users/harekrishna/Downloads/credit-default-xai-benchmark/code v1/results/outputs/prosper_temporal/runs/cutoff_2010-01_seed_42/figures/fig05a_shap_summary_LightGBM.pdf
22:27:46  INFO      explainability.shap_explainer  Saved SHAP bar → /Users/harekrishna/Downloads/credit-default-xai-benchmark/code v1/results/outputs/prosper_temporal/runs/cutoff_2010-01_seed_42/figures/fig05b_shap_bar_LightGBM.pdf
22:27:46  INFO      explainability.shap_explainer  Saved SHAP dependence → /Users/harekrishna/Downloads/credit-default-xai-benchmark/code v1/results/outputs/prosper_temporal/runs/cutoff_2010-01_seed_42/figures/fig06_shap_dep_InquiriesLast6Months.pdf
22:27:46  INFO      pipeline  LaTeX table → /Users/harekrishna/Downloads/credit-default-xai-benchmark/code v1/results/outputs/prosper_temporal/runs/cutoff_2010-01_seed_42/results/table3_shap_ranking.tex
22:27:46  INFO      visualization.plots  Fig 8 saved → /Users/harekrishna/Downloads/credit-default-xai-benchmark/code v1/results/outputs/prosper_temporal/runs/cutoff_2010-01_seed_42/figures/fig08_importance_comparison.pdf
22:27:47  INFO      visualization.plots  Fig 9 saved → /Users/harekrishna/Downloads/credit-default-xai-benchmark/code v1/results/outputs/prosper_temporal/runs/cutoff_2010-01_seed_42/figures/fig09_threshold_sweep.pdf
22:27:47  INFO      pipeline  ============================================================
22:27:47  INFO      pipeline  STAGE 6: LIME Explanations
22:27:47  INFO      pipeline  ============================================================
22:27:47  INFO      explainability.lime_explainer  LIME tabular explainer initialised | features=63
22:27:47  INFO      pipeline  Local instances selected: {'TP': 1134, 'FP': 2482, 'FN': 990, 'TN': 504}
22:27:47  INFO      explainability.lime_explainer  Saved LIME explanation → /Users/harekrishna/Downloads/credit-default-xai-benchmark/code v1/results/outputs/prosper_temporal/runs/cutoff_2010-01_seed_42/figures/fig07_tp_lime.pdf
22:27:48  INFO      explainability.lime_explainer  Saved LIME explanation → /Users/harekrishna/Downloads/credit-default-xai-benchmark/code v1/results/outputs/prosper_temporal/runs/cutoff_2010-01_seed_42/figures/fig07_fp_lime.pdf
22:27:48  INFO      explainability.lime_explainer  Saved LIME explanation → /Users/harekrishna/Downloads/credit-default-xai-benchmark/code v1/results/outputs/prosper_temporal/runs/cutoff_2010-01_seed_42/figures/fig07_fn_lime.pdf
22:27:48  INFO      explainability.lime_explainer  Saved LIME explanation → /Users/harekrishna/Downloads/credit-default-xai-benchmark/code v1/results/outputs/prosper_temporal/runs/cutoff_2010-01_seed_42/figures/fig07_tn_lime.pdf
22:27:48  INFO      explainability.lime_explainer  Saved LIME multi-instance grid → /Users/harekrishna/Downloads/credit-default-xai-benchmark/code v1/results/outputs/prosper_temporal/runs/cutoff_2010-01_seed_42/figures/fig07_lime_multi_instance.pdf
22:27:55  INFO      explainability.lime_explainer  LIME batch complete | n=200
22:27:55  INFO      explainability.lime_explainer  SHAP–LIME agreement | mean ρ=0.418 ± 0.233
22:27:55  INFO      explainability.lime_explainer  LIME tabular explainer initialised | features=63
22:27:56  INFO      explainability.lime_explainer  LIME tabular explainer initialised | features=63
22:27:56  INFO      explainability.lime_explainer  LIME tabular explainer initialised | features=63
22:27:56  INFO      explainability.lime_explainer  LIME tabular explainer initialised | features=63
22:27:57  INFO      explainability.lime_explainer  LIME tabular explainer initialised | features=63
22:27:57  INFO      explainability.lime_explainer  LIME tabular explainer initialised | features=63
22:27:57  INFO      explainability.lime_explainer  LIME tabular explainer initialised | features=63
22:27:57  INFO      explainability.lime_explainer  LIME tabular explainer initialised | features=63
22:27:58  INFO      explainability.lime_explainer  LIME tabular explainer initialised | features=63
22:27:58  INFO      explainability.lime_explainer  LIME tabular explainer initialised | features=63
22:27:58  INFO      explainability.lime_explainer  LIME tabular explainer initialised | features=63
22:27:59  INFO      explainability.lime_explainer  LIME tabular explainer initialised | features=63
22:27:59  INFO      explainability.lime_explainer  LIME tabular explainer initialised | features=63
22:27:59  INFO      explainability.lime_explainer  LIME tabular explainer initialised | features=63
22:27:59  INFO      explainability.lime_explainer  LIME tabular explainer initialised | features=63
22:28:00  INFO      explainability.lime_explainer  LIME tabular explainer initialised | features=63
22:28:00  INFO      explainability.lime_explainer  LIME tabular explainer initialised | features=63
22:28:00  INFO      explainability.lime_explainer  LIME tabular explainer initialised | features=63
22:28:01  INFO      explainability.lime_explainer  LIME tabular explainer initialised | features=63
22:28:01  INFO      explainability.lime_explainer  LIME tabular explainer initialised | features=63
22:28:01  INFO      explainability.lime_explainer  LIME tabular explainer initialised | features=63
22:28:01  INFO      explainability.lime_explainer  LIME tabular explainer initialised | features=63
22:28:02  INFO      explainability.lime_explainer  LIME tabular explainer initialised | features=63
22:28:02  INFO      explainability.lime_explainer  LIME tabular explainer initialised | features=63
22:28:02  INFO      explainability.lime_explainer  LIME tabular explainer initialised | features=63
22:28:03  INFO      explainability.lime_explainer  LIME tabular explainer initialised | features=63
22:28:03  INFO      explainability.lime_explainer  LIME tabular explainer initialised | features=63
22:28:03  INFO      explainability.lime_explainer  LIME tabular explainer initialised | features=63
22:28:03  INFO      explainability.lime_explainer  LIME tabular explainer initialised | features=63
22:28:04  INFO      explainability.lime_explainer  LIME tabular explainer initialised | features=63
22:28:04  INFO      explainability.lime_explainer  LIME tabular explainer initialised | features=63
22:28:04  INFO      explainability.lime_explainer  LIME tabular explainer initialised | features=63
22:28:05  INFO      explainability.lime_explainer  LIME tabular explainer initialised | features=63
22:28:05  INFO      explainability.lime_explainer  LIME tabular explainer initialised | features=63
22:28:05  INFO      explainability.lime_explainer  LIME tabular explainer initialised | features=63
22:28:06  INFO      explainability.lime_explainer  LIME tabular explainer initialised | features=63
22:28:06  INFO      explainability.lime_explainer  LIME tabular explainer initialised | features=63
22:28:06  INFO      explainability.lime_explainer  LIME tabular explainer initialised | features=63
22:28:06  INFO      explainability.lime_explainer  LIME tabular explainer initialised | features=63
22:28:07  INFO      explainability.lime_explainer  LIME tabular explainer initialised | features=63
22:28:07  INFO      explainability.lime_explainer  LIME tabular explainer initialised | features=63
22:28:07  INFO      explainability.lime_explainer  LIME tabular explainer initialised | features=63
22:28:08  INFO      explainability.lime_explainer  LIME tabular explainer initialised | features=63
22:28:08  INFO      explainability.lime_explainer  LIME tabular explainer initialised | features=63
22:28:08  INFO      explainability.lime_explainer  LIME tabular explainer initialised | features=63
22:28:08  INFO      explainability.lime_explainer  LIME tabular explainer initialised | features=63
22:28:09  INFO      explainability.lime_explainer  LIME tabular explainer initialised | features=63
22:28:09  INFO      explainability.lime_explainer  LIME tabular explainer initialised | features=63
22:28:09  INFO      explainability.lime_explainer  LIME tabular explainer initialised | features=63
22:28:10  INFO      explainability.lime_explainer  LIME tabular explainer initialised | features=63
22:28:10  INFO      explainability.lime_explainer  LIME tabular explainer initialised | features=63
22:28:10  INFO      explainability.lime_explainer  LIME tabular explainer initialised | features=63
22:28:10  INFO      explainability.lime_explainer  LIME tabular explainer initialised | features=63
22:28:11  INFO      explainability.lime_explainer  LIME tabular explainer initialised | features=63
22:28:11  INFO      explainability.lime_explainer  LIME tabular explainer initialised | features=63
22:28:11  INFO      explainability.lime_explainer  LIME tabular explainer initialised | features=63
22:28:12  INFO      explainability.lime_explainer  LIME tabular explainer initialised | features=63
22:28:12  INFO      explainability.lime_explainer  LIME tabular explainer initialised | features=63
22:28:12  INFO      explainability.lime_explainer  LIME tabular explainer initialised | features=63
22:28:12  INFO      explainability.lime_explainer  LIME tabular explainer initialised | features=63
22:28:13  INFO      explainability.lime_explainer  LIME tabular explainer initialised | features=63
22:28:13  INFO      explainability.lime_explainer  LIME tabular explainer initialised | features=63
22:28:13  INFO      explainability.lime_explainer  LIME tabular explainer initialised | features=63
22:28:14  INFO      explainability.lime_explainer  LIME tabular explainer initialised | features=63
22:28:14  INFO      explainability.lime_explainer  LIME tabular explainer initialised | features=63
22:28:14  INFO      explainability.lime_explainer  LIME tabular explainer initialised | features=63
22:28:14  INFO      explainability.lime_explainer  LIME tabular explainer initialised | features=63
22:28:15  INFO      explainability.lime_explainer  LIME tabular explainer initialised | features=63
22:28:15  INFO      explainability.lime_explainer  LIME tabular explainer initialised | features=63
22:28:15  INFO      explainability.lime_explainer  LIME tabular explainer initialised | features=63
22:28:16  INFO      explainability.lime_explainer  LIME tabular explainer initialised | features=63
22:28:16  INFO      explainability.lime_explainer  LIME tabular explainer initialised | features=63
22:28:16  INFO      explainability.lime_explainer  LIME tabular explainer initialised | features=63
22:28:16  INFO      explainability.lime_explainer  LIME tabular explainer initialised | features=63
22:28:17  INFO      explainability.lime_explainer  LIME tabular explainer initialised | features=63
22:28:17  INFO      explainability.lime_explainer  LIME tabular explainer initialised | features=63
22:28:17  INFO      explainability.lime_explainer  LIME tabular explainer initialised | features=63
22:28:18  INFO      explainability.lime_explainer  LIME tabular explainer initialised | features=63
22:28:18  INFO      explainability.lime_explainer  LIME tabular explainer initialised | features=63
22:28:18  INFO      explainability.lime_explainer  LIME tabular explainer initialised | features=63
22:28:18  INFO      explainability.lime_explainer  LIME tabular explainer initialised | features=63
22:28:19  INFO      explainability.lime_explainer  LIME tabular explainer initialised | features=63
22:28:19  INFO      explainability.lime_explainer  LIME tabular explainer initialised | features=63
22:28:19  INFO      explainability.lime_explainer  LIME tabular explainer initialised | features=63
22:28:20  INFO      explainability.lime_explainer  LIME tabular explainer initialised | features=63
22:28:20  INFO      explainability.lime_explainer  LIME tabular explainer initialised | features=63
22:28:20  INFO      explainability.lime_explainer  LIME tabular explainer initialised | features=63
22:28:20  INFO      explainability.lime_explainer  LIME tabular explainer initialised | features=63
22:28:21  INFO      explainability.lime_explainer  LIME tabular explainer initialised | features=63
22:28:21  INFO      explainability.lime_explainer  LIME tabular explainer initialised | features=63
22:28:21  INFO      explainability.lime_explainer  LIME tabular explainer initialised | features=63
22:28:22  INFO      explainability.lime_explainer  LIME tabular explainer initialised | features=63
22:28:22  INFO      explainability.lime_explainer  LIME tabular explainer initialised | features=63
22:28:22  INFO      explainability.lime_explainer  LIME tabular explainer initialised | features=63
22:28:23  INFO      explainability.lime_explainer  LIME tabular explainer initialised | features=63
22:28:23  INFO      explainability.lime_explainer  LIME tabular explainer initialised | features=63
22:28:23  INFO      explainability.lime_explainer  LIME tabular explainer initialised | features=63
22:28:23  INFO      explainability.lime_explainer  LIME tabular explainer initialised | features=63
22:28:24  INFO      explainability.lime_explainer  LIME tabular explainer initialised | features=63
22:28:24  INFO      explainability.lime_explainer  LIME tabular explainer initialised | features=63
22:28:24  INFO      explainability.lime_explainer  LIME tabular explainer initialised | features=63
22:28:25  INFO      explainability.lime_explainer  LIME tabular explainer initialised | features=63
22:28:25  INFO      explainability.lime_explainer  LIME tabular explainer initialised | features=63
22:28:25  INFO      explainability.lime_explainer  LIME tabular explainer initialised | features=63
22:28:25  INFO      explainability.lime_explainer  LIME tabular explainer initialised | features=63
22:28:26  INFO      explainability.lime_explainer  LIME tabular explainer initialised | features=63
22:28:26  INFO      explainability.lime_explainer  LIME tabular explainer initialised | features=63
22:28:26  INFO      explainability.lime_explainer  LIME tabular explainer initialised | features=63
22:28:27  INFO      explainability.lime_explainer  LIME tabular explainer initialised | features=63
22:28:27  INFO      explainability.lime_explainer  LIME tabular explainer initialised | features=63
22:28:27  INFO      explainability.lime_explainer  LIME tabular explainer initialised | features=63
22:28:27  INFO      explainability.lime_explainer  LIME tabular explainer initialised | features=63
22:28:28  INFO      explainability.lime_explainer  LIME tabular explainer initialised | features=63
22:28:28  INFO      explainability.lime_explainer  LIME tabular explainer initialised | features=63
22:28:28  INFO      explainability.lime_explainer  LIME tabular explainer initialised | features=63
22:28:29  INFO      explainability.lime_explainer  LIME tabular explainer initialised | features=63
22:28:29  INFO      explainability.lime_explainer  LIME tabular explainer initialised | features=63
22:28:29  INFO      explainability.lime_explainer  LIME tabular explainer initialised | features=63
22:28:29  INFO      explainability.lime_explainer  LIME tabular explainer initialised | features=63
22:28:30  INFO      explainability.lime_explainer  LIME tabular explainer initialised | features=63
22:28:30  INFO      explainability.lime_explainer  LIME tabular explainer initialised | features=63
22:28:30  INFO      explainability.lime_explainer  LIME tabular explainer initialised | features=63
22:28:31  INFO      explainability.lime_explainer  LIME tabular explainer initialised | features=63
22:28:31  INFO      explainability.lime_explainer  LIME tabular explainer initialised | features=63
22:28:31  INFO      explainability.lime_explainer  LIME tabular explainer initialised | features=63
22:28:31  INFO      explainability.lime_explainer  LIME tabular explainer initialised | features=63
22:28:32  INFO      explainability.lime_explainer  LIME tabular explainer initialised | features=63
22:28:32  INFO      explainability.lime_explainer  LIME tabular explainer initialised | features=63
22:28:32  INFO      explainability.lime_explainer  LIME tabular explainer initialised | features=63
22:28:33  INFO      explainability.lime_explainer  LIME tabular explainer initialised | features=63
22:28:33  INFO      explainability.lime_explainer  LIME tabular explainer initialised | features=63
22:28:33  INFO      explainability.lime_explainer  LIME tabular explainer initialised | features=63
22:28:33  INFO      explainability.lime_explainer  LIME tabular explainer initialised | features=63
22:28:34  INFO      explainability.lime_explainer  LIME tabular explainer initialised | features=63
22:28:34  INFO      explainability.lime_explainer  LIME tabular explainer initialised | features=63
22:28:34  INFO      explainability.lime_explainer  LIME tabular explainer initialised | features=63
22:28:35  INFO      explainability.lime_explainer  LIME tabular explainer initialised | features=63
22:28:35  INFO      explainability.lime_explainer  LIME tabular explainer initialised | features=63
22:28:35  INFO      explainability.lime_explainer  LIME tabular explainer initialised | features=63
22:28:35  INFO      explainability.lime_explainer  LIME tabular explainer initialised | features=63
22:28:36  INFO      explainability.lime_explainer  LIME tabular explainer initialised | features=63
22:28:36  INFO      explainability.lime_explainer  LIME tabular explainer initialised | features=63
22:28:37  INFO      explainability.lime_explainer  LIME tabular explainer initialised | features=63
22:28:37  INFO      explainability.lime_explainer  LIME tabular explainer initialised | features=63
22:28:37  INFO      explainability.lime_explainer  LIME tabular explainer initialised | features=63
22:28:37  INFO      explainability.lime_explainer  LIME tabular explainer initialised | features=63
22:28:38  INFO      explainability.lime_explainer  LIME tabular explainer initialised | features=63
22:28:38  INFO      explainability.lime_explainer  LIME tabular explainer initialised | features=63
22:28:38  INFO      explainability.lime_explainer  LIME tabular explainer initialised | features=63
22:28:39  INFO      explainability.lime_explainer  LIME tabular explainer initialised | features=63
22:28:39  INFO      explainability.lime_explainer  LIME tabular explainer initialised | features=63
22:28:39  INFO      explainability.lime_explainer  LIME tabular explainer initialised | features=63
22:28:39  INFO      explainability.lime_explainer  LIME tabular explainer initialised | features=63
22:28:40  INFO      explainability.lime_explainer  LIME tabular explainer initialised | features=63
22:28:40  INFO      explainability.lime_explainer  LIME tabular explainer initialised | features=63
22:28:40  INFO      explainability.lime_explainer  LIME tabular explainer initialised | features=63
22:28:41  INFO      explainability.lime_explainer  LIME tabular explainer initialised | features=63
22:28:41  INFO      explainability.lime_explainer  LIME tabular explainer initialised | features=63
22:28:41  INFO      explainability.lime_explainer  LIME tabular explainer initialised | features=63
22:28:41  INFO      explainability.lime_explainer  LIME tabular explainer initialised | features=63
22:28:42  INFO      explainability.lime_explainer  LIME tabular explainer initialised | features=63
22:28:42  INFO      explainability.lime_explainer  LIME tabular explainer initialised | features=63
22:28:42  INFO      explainability.lime_explainer  LIME tabular explainer initialised | features=63
22:28:43  INFO      explainability.lime_explainer  LIME tabular explainer initialised | features=63
22:28:43  INFO      explainability.lime_explainer  LIME tabular explainer initialised | features=63
22:28:43  INFO      explainability.lime_explainer  LIME tabular explainer initialised | features=63
22:28:43  INFO      explainability.lime_explainer  LIME tabular explainer initialised | features=63
22:28:44  INFO      explainability.lime_explainer  LIME tabular explainer initialised | features=63
22:28:44  INFO      explainability.lime_explainer  LIME tabular explainer initialised | features=63
22:28:44  INFO      explainability.lime_explainer  LIME tabular explainer initialised | features=63
22:28:45  INFO      explainability.lime_explainer  LIME tabular explainer initialised | features=63
22:28:45  INFO      explainability.lime_explainer  LIME tabular explainer initialised | features=63
22:28:45  INFO      explainability.lime_explainer  LIME tabular explainer initialised | features=63
22:28:45  INFO      explainability.lime_explainer  LIME tabular explainer initialised | features=63
22:28:46  INFO      explainability.lime_explainer  LIME tabular explainer initialised | features=63
22:28:46  INFO      explainability.lime_explainer  LIME tabular explainer initialised | features=63
22:28:46  INFO      explainability.lime_explainer  LIME tabular explainer initialised | features=63
22:28:47  INFO      explainability.lime_explainer  LIME tabular explainer initialised | features=63
22:28:47  INFO      explainability.lime_explainer  LIME tabular explainer initialised | features=63
22:28:47  INFO      explainability.lime_explainer  LIME tabular explainer initialised | features=63
22:28:47  INFO      explainability.lime_explainer  LIME tabular explainer initialised | features=63
22:28:48  INFO      explainability.lime_explainer  LIME tabular explainer initialised | features=63
22:28:48  INFO      explainability.lime_explainer  LIME tabular explainer initialised | features=63
22:28:48  INFO      explainability.lime_explainer  LIME tabular explainer initialised | features=63
22:28:49  INFO      explainability.lime_explainer  LIME tabular explainer initialised | features=63
22:28:49  INFO      explainability.lime_explainer  LIME tabular explainer initialised | features=63
22:28:49  INFO      explainability.lime_explainer  LIME tabular explainer initialised | features=63
22:28:49  INFO      explainability.lime_explainer  LIME tabular explainer initialised | features=63
22:28:50  INFO      explainability.lime_explainer  LIME tabular explainer initialised | features=63
22:28:50  INFO      explainability.lime_explainer  LIME tabular explainer initialised | features=63
22:28:50  INFO      explainability.lime_explainer  LIME tabular explainer initialised | features=63
22:28:51  INFO      explainability.lime_explainer  LIME tabular explainer initialised | features=63
22:28:51  INFO      explainability.lime_explainer  LIME tabular explainer initialised | features=63
22:28:51  INFO      explainability.lime_explainer  LIME tabular explainer initialised | features=63
22:28:51  INFO      explainability.lime_explainer  LIME tabular explainer initialised | features=63
22:28:52  INFO      explainability.lime_explainer  LIME tabular explainer initialised | features=63
22:28:52  INFO      explainability.lime_explainer  LIME tabular explainer initialised | features=63
22:28:52  INFO      explainability.lime_explainer  LIME tabular explainer initialised | features=63
22:28:53  INFO      explainability.lime_explainer  LIME tabular explainer initialised | features=63
22:28:53  INFO      explainability.lime_explainer  LIME tabular explainer initialised | features=63
22:28:53  INFO      explainability.lime_explainer  LIME tabular explainer initialised | features=63
22:28:53  INFO      explainability.lime_explainer  LIME tabular explainer initialised | features=63
22:28:54  INFO      explainability.lime_explainer  LIME tabular explainer initialised | features=63
22:28:54  INFO      explainability.lime_explainer  LIME tabular explainer initialised | features=63
22:28:54  INFO      explainability.lime_explainer  LIME tabular explainer initialised | features=63
22:28:55  INFO      explainability.lime_explainer  LIME tabular explainer initialised | features=63
22:28:55  INFO      explainability.lime_explainer  LIME tabular explainer initialised | features=63
22:28:55  INFO      explainability.lime_explainer  LIME tabular explainer initialised | features=63
22:28:55  INFO      explainability.lime_explainer  LIME tabular explainer initialised | features=63
22:28:56  INFO      explainability.lime_explainer  LIME tabular explainer initialised | features=63
22:28:56  INFO      explainability.lime_explainer  LIME tabular explainer initialised | features=63
22:28:56  INFO      explainability.lime_explainer  LIME tabular explainer initialised | features=63
22:28:57  INFO      explainability.lime_explainer  LIME tabular explainer initialised | features=63
22:28:57  INFO      explainability.lime_explainer  LIME tabular explainer initialised | features=63
22:28:57  INFO      explainability.lime_explainer  LIME tabular explainer initialised | features=63
22:28:57  INFO      explainability.lime_explainer  LIME tabular explainer initialised | features=63
22:28:58  INFO      explainability.lime_explainer  LIME tabular explainer initialised | features=63
22:28:58  INFO      explainability.lime_explainer  LIME tabular explainer initialised | features=63
22:28:58  INFO      explainability.lime_explainer  LIME tabular explainer initialised | features=63
22:28:59  INFO      explainability.lime_explainer  LIME tabular explainer initialised | features=63
22:28:59  INFO      explainability.lime_explainer  LIME tabular explainer initialised | features=63
22:28:59  INFO      explainability.lime_explainer  LIME tabular explainer initialised | features=63
22:29:00  INFO      explainability.lime_explainer  LIME tabular explainer initialised | features=63
22:29:00  INFO      explainability.lime_explainer  LIME tabular explainer initialised | features=63
22:29:00  INFO      explainability.lime_explainer  LIME tabular explainer initialised | features=63
22:29:00  INFO      explainability.lime_explainer  LIME tabular explainer initialised | features=63
22:29:01  INFO      explainability.lime_explainer  LIME tabular explainer initialised | features=63
22:29:01  INFO      explainability.lime_explainer  LIME tabular explainer initialised | features=63
22:29:01  INFO      explainability.lime_explainer  LIME tabular explainer initialised | features=63
22:29:02  INFO      explainability.lime_explainer  LIME tabular explainer initialised | features=63
22:29:02  INFO      explainability.lime_explainer  LIME tabular explainer initialised | features=63
22:29:02  INFO      explainability.lime_explainer  LIME tabular explainer initialised | features=63
22:29:02  INFO      explainability.lime_explainer  LIME tabular explainer initialised | features=63
22:29:03  INFO      explainability.lime_explainer  LIME tabular explainer initialised | features=63
22:29:03  INFO      explainability.lime_explainer  LIME tabular explainer initialised | features=63
22:29:03  INFO      explainability.lime_explainer  LIME tabular explainer initialised | features=63
22:29:04  INFO      explainability.lime_explainer  LIME tabular explainer initialised | features=63
22:29:04  INFO      explainability.lime_explainer  LIME tabular explainer initialised | features=63
22:29:04  INFO      explainability.lime_explainer  LIME tabular explainer initialised | features=63
22:29:04  INFO      explainability.lime_explainer  LIME tabular explainer initialised | features=63
22:29:05  INFO      explainability.lime_explainer  LIME tabular explainer initialised | features=63
22:29:05  INFO      explainability.lime_explainer  LIME tabular explainer initialised | features=63
22:29:05  INFO      explainability.lime_explainer  LIME tabular explainer initialised | features=63
22:29:06  INFO      explainability.lime_explainer  LIME tabular explainer initialised | features=63
22:29:06  INFO      explainability.lime_explainer  LIME tabular explainer initialised | features=63
22:29:06  INFO      explainability.lime_explainer  LIME tabular explainer initialised | features=63
22:29:06  INFO      explainability.lime_explainer  LIME tabular explainer initialised | features=63
22:29:07  INFO      explainability.lime_explainer  LIME tabular explainer initialised | features=63
22:29:07  INFO      explainability.lime_explainer  LIME tabular explainer initialised | features=63
22:29:07  INFO      explainability.lime_explainer  LIME tabular explainer initialised | features=63
22:29:08  INFO      explainability.lime_explainer  LIME tabular explainer initialised | features=63
22:29:08  INFO      explainability.lime_explainer  LIME tabular explainer initialised | features=63
22:29:08  INFO      explainability.lime_explainer  LIME tabular explainer initialised | features=63
22:29:08  INFO      explainability.lime_explainer  LIME tabular explainer initialised | features=63
22:29:09  INFO      explainability.lime_explainer  LIME tabular explainer initialised | features=63
22:29:09  INFO      explainability.lime_explainer  LIME tabular explainer initialised | features=63
22:29:09  INFO      explainability.lime_explainer  LIME tabular explainer initialised | features=63
22:29:10  INFO      explainability.lime_explainer  LIME tabular explainer initialised | features=63
22:29:10  INFO      explainability.lime_explainer  LIME tabular explainer initialised | features=63
22:29:11  INFO      explainability.lime_explainer  LIME tabular explainer initialised | features=63
22:29:11  INFO      explainability.lime_explainer  LIME tabular explainer initialised | features=63
22:29:11  INFO      explainability.lime_explainer  LIME tabular explainer initialised | features=63
22:29:11  INFO      explainability.lime_explainer  LIME tabular explainer initialised | features=63
22:29:12  INFO      explainability.lime_explainer  LIME tabular explainer initialised | features=63
22:29:12  INFO      explainability.lime_explainer  LIME tabular explainer initialised | features=63
22:29:12  INFO      explainability.lime_explainer  LIME tabular explainer initialised | features=63
22:29:13  INFO      explainability.lime_explainer  LIME tabular explainer initialised | features=63
22:29:13  INFO      explainability.lime_explainer  LIME tabular explainer initialised | features=63
22:29:13  INFO      explainability.lime_explainer  LIME tabular explainer initialised | features=63
22:29:13  INFO      explainability.lime_explainer  LIME tabular explainer initialised | features=63
22:29:14  INFO      explainability.lime_explainer  LIME tabular explainer initialised | features=63
22:29:14  INFO      explainability.lime_explainer  LIME tabular explainer initialised | features=63
22:29:14  INFO      explainability.lime_explainer  LIME tabular explainer initialised | features=63
22:29:15  INFO      explainability.lime_explainer  LIME tabular explainer initialised | features=63
22:29:15  INFO      explainability.lime_explainer  LIME tabular explainer initialised | features=63
22:29:15  INFO      explainability.lime_explainer  LIME tabular explainer initialised | features=63
22:29:15  INFO      explainability.lime_explainer  LIME tabular explainer initialised | features=63
22:29:16  INFO      explainability.lime_explainer  LIME tabular explainer initialised | features=63
22:29:16  INFO      explainability.lime_explainer  LIME tabular explainer initialised | features=63
22:29:16  INFO      explainability.lime_explainer  LIME tabular explainer initialised | features=63
22:29:17  INFO      explainability.lime_explainer  LIME tabular explainer initialised | features=63
22:29:17  INFO      explainability.lime_explainer  LIME tabular explainer initialised | features=63
22:29:17  INFO      explainability.lime_explainer  LIME tabular explainer initialised | features=63
22:29:17  INFO      explainability.lime_explainer  LIME tabular explainer initialised | features=63
22:29:18  INFO      explainability.lime_explainer  LIME tabular explainer initialised | features=63
22:29:18  INFO      explainability.lime_explainer  LIME tabular explainer initialised | features=63
22:29:18  INFO      explainability.lime_explainer  LIME tabular explainer initialised | features=63
22:29:19  INFO      explainability.lime_explainer  LIME tabular explainer initialised | features=63
22:29:19  INFO      explainability.lime_explainer  LIME tabular explainer initialised | features=63
22:29:19  INFO      explainability.lime_explainer  LIME tabular explainer initialised | features=63
22:29:19  INFO      explainability.lime_explainer  LIME tabular explainer initialised | features=63
22:29:20  INFO      explainability.lime_explainer  LIME tabular explainer initialised | features=63
22:29:20  INFO      explainability.lime_explainer  LIME tabular explainer initialised | features=63
22:29:20  INFO      explainability.lime_explainer  LIME tabular explainer initialised | features=63
22:29:21  INFO      explainability.lime_explainer  LIME tabular explainer initialised | features=63
22:29:21  INFO      explainability.lime_explainer  LIME tabular explainer initialised | features=63
22:29:21  INFO      explainability.lime_explainer  LIME tabular explainer initialised | features=63
22:29:22  INFO      explainability.lime_explainer  LIME tabular explainer initialised | features=63
22:29:22  INFO      explainability.lime_explainer  LIME tabular explainer initialised | features=63
22:29:22  INFO      explainability.lime_explainer  LIME tabular explainer initialised | features=63
22:29:23  INFO      pipeline  LaTeX table → /Users/harekrishna/Downloads/credit-default-xai-benchmark/code v1/results/outputs/prosper_temporal/runs/cutoff_2010-01_seed_42/results/table5_explanation_quality.tex
22:29:23  INFO      pipeline  LaTeX table → /Users/harekrishna/Downloads/credit-default-xai-benchmark/code v1/results/outputs/prosper_temporal/runs/cutoff_2010-01_seed_42/results/table4_shap_lime_agreement.tex
22:29:23  INFO      pipeline  ============================================================
22:29:23  INFO      pipeline  STAGE 7: Revision Analyses
22:29:23  INFO      pipeline  ============================================================
22:29:53  INFO      pipeline  Reusing identical OOF pipeline fit.
22:31:37  INFO      pipeline  RUN cutoff_2010-01_seed_42 COMPLETE | champion LightGBM | OOF AUROC 0.6271 | test AUROC 0.6844
22:31:37  INFO      pipeline  ╔══════════════════════════════════════════════╗
22:31:37  INFO      pipeline  ║  Credit Default Prediction with XAI (v3)     ║
22:31:37  INFO      pipeline  ║  Dataset: prosper                            ║
22:31:37  INFO      pipeline  ║  Run: cutoff_2010-01_seed_99                 ║
22:31:37  INFO      pipeline  ╚══════════════════════════════════════════════╝
22:31:37  INFO      pipeline  ============================================================
22:31:37  INFO      pipeline  STAGE 1: Data Loading, Labelling & Partitioning
22:31:37  INFO      pipeline  ============================================================
22:31:37  INFO      data.data_loader  Loading Prosper loans from /Users/harekrishna/Downloads/credit-default-xai-benchmark/code v1/data/prosperLoanData.csv
22:31:39  INFO      data.data_loader  Prosper: 113937 rows, 113066 after LoanKey de-duplication
22:31:39  INFO      data.data_loader  Prosper horizon label (H=12 months, snapshot 2014-03-12): 72067 labelled, 40999 censored, default rate 9.70%
22:31:39  INFO      data.data_loader  Skipping UCI-specific engineered features; required columns not present.
22:31:39  INFO      data.data_loader  Skipping UCI-specific engineered features; required columns not present.
22:31:39  INFO      data.data_loader  Dataset loaded | prosper | train=28935  test=2782 | default rate train=13.84% test=5.57% | 8 nominal, 33 continuous
22:31:39  INFO      pipeline  Imbalance stats (train): {"n_total": 28935, "n_majority": 24929, "n_minority": 4006, "imbalance_ratio": 6.2229, "minority_pct": 13.84}
22:31:39  INFO      visualization.plots  Fig 1 saved → /Users/harekrishna/Downloads/credit-default-xai-benchmark/code v1/results/outputs/prosper_temporal/runs/cutoff_2010-01_seed_99/figures/fig01_class_distribution.pdf
22:31:39  INFO      pipeline  ============================================================
22:31:39  INFO      pipeline  STAGE 2: Imbalance Strategy Ablation (selected on OOF AUROC)
22:31:39  INFO      pipeline  ============================================================
22:31:51  INFO      pipeline  Ablation | SMOTE            | OOF AUROC=0.6019  test AUROC=0.6785
22:32:03  INFO      pipeline  Ablation | BorderlineSMOTE  | OOF AUROC=0.6019  test AUROC=0.6811
22:32:51  INFO      pipeline  Ablation | SVMSMOTE         | OOF AUROC=0.6066  test AUROC=0.6837
22:33:04  INFO      pipeline  Ablation | ADASYN           | OOF AUROC=0.5946  test AUROC=0.6818
22:33:07  INFO      pipeline  Ablation | None             | OOF AUROC=0.5834  test AUROC=0.6949
22:33:08  INFO      pipeline  Ablation | ClassWeight      | OOF AUROC=0.5334  test AUROC=0.6587
22:33:08  INFO      pipeline  Best imbalance strategy (OOF AUROC): SVMSMOTE → 0.6066 [probe: LightGBM]
22:33:08  INFO      pipeline  ============================================================
22:33:08  INFO      pipeline  STAGE 3: Model Training (training CV selection, OOF predictions, refit)
22:33:08  INFO      pipeline  ============================================================
22:33:08  INFO      pipeline  Training XGBoost …
22:33:28  INFO      pipeline  XGBoost | per-model strategy=SVMSMOTE | OOF AUROC by strategy={'SMOTE': 0.6087, 'BorderlineSMOTE': 0.6106, 'SVMSMOTE': 0.6212, 'ADASYN': 0.6069, 'None': 0.604, 'ClassWeight': 0.6208}
22:33:28  INFO      pipeline  RandomizedSearchCV | model=XGBoost strategy=SVMSMOTE n_iter=12
22:35:19  INFO      pipeline  Training LightGBM …
22:35:19  INFO      pipeline  Reusing identical OOF pipeline fit.
22:35:19  INFO      pipeline  Reusing identical OOF pipeline fit.
22:35:20  INFO      pipeline  Reusing identical OOF pipeline fit.
22:35:20  INFO      pipeline  Reusing identical OOF pipeline fit.
22:35:20  INFO      pipeline  Reusing identical OOF pipeline fit.
22:35:20  INFO      pipeline  Reusing identical OOF pipeline fit.
22:35:20  INFO      pipeline  LightGBM | per-model strategy=SVMSMOTE | OOF AUROC by strategy={'SMOTE': 0.6019, 'BorderlineSMOTE': 0.6019, 'SVMSMOTE': 0.6066, 'ADASYN': 0.5946, 'None': 0.5834, 'ClassWeight': 0.5334}
22:35:20  INFO      pipeline  RandomizedSearchCV | model=LightGBM strategy=SVMSMOTE n_iter=12
22:37:33  INFO      pipeline  Training CatBoost …
22:38:00  INFO      pipeline  CatBoost | per-model strategy=ClassWeight | OOF AUROC by strategy={'SMOTE': 0.6029, 'BorderlineSMOTE': 0.611, 'SVMSMOTE': 0.6083, 'ADASYN': 0.6045, 'None': 0.6109, 'ClassWeight': 0.6207}
22:38:00  INFO      pipeline  RandomizedSearchCV | model=CatBoost strategy=ClassWeight n_iter=12
22:38:20  INFO      pipeline  Training Random Forest …
22:38:43  INFO      pipeline  Random Forest | per-model strategy=ClassWeight | OOF AUROC by strategy={'SMOTE': 0.5655, 'BorderlineSMOTE': 0.567, 'SVMSMOTE': 0.5697, 'ADASYN': 0.565, 'None': 0.5707, 'ClassWeight': 0.5712}
22:38:43  INFO      pipeline  RandomizedSearchCV | model=Random Forest strategy=ClassWeight n_iter=12
/Users/harekrishna/Downloads/discover_ai_credit_experiment_v2/.venv/lib/python3.12/site-packages/imblearn/pipeline.py:62: FutureWarning: This Pipeline instance is not fitted yet. Call 'fit' with appropriate arguments before using other methods such as transform, predict, etc. This will raise an error in 0.15 instead of the current warning.
  warnings.warn(
/Users/harekrishna/Downloads/discover_ai_credit_experiment_v2/.venv/lib/python3.12/site-packages/sklearn/utils/parallel.py:144: UserWarning: `sklearn.utils.parallel.delayed` should be used with `sklearn.utils.parallel.Parallel` to make it possible to propagate the scikit-learn configuration of the current thread to the joblib workers.
  warnings.warn(
/Users/harekrishna/Downloads/discover_ai_credit_experiment_v2/.venv/lib/python3.12/site-packages/sklearn/utils/parallel.py:144: UserWarning: `sklearn.utils.parallel.delayed` should be used with `sklearn.utils.parallel.Parallel` to make it possible to propagate the scikit-learn configuration of the current thread to the joblib workers.
  warnings.warn(
/Users/harekrishna/Downloads/discover_ai_credit_experiment_v2/.venv/lib/python3.12/site-packages/sklearn/utils/parallel.py:144: UserWarning: `sklearn.utils.parallel.delayed` should be used with `sklearn.utils.parallel.Parallel` to make it possible to propagate the scikit-learn configuration of the current thread to the joblib workers.
  warnings.warn(
/Users/harekrishna/Downloads/discover_ai_credit_experiment_v2/.venv/lib/python3.12/site-packages/sklearn/utils/parallel.py:144: UserWarning: `sklearn.utils.parallel.delayed` should be used with `sklearn.utils.parallel.Parallel` to make it possible to propagate the scikit-learn configuration of the current thread to the joblib workers.
  warnings.warn(
/Users/harekrishna/Downloads/discover_ai_credit_experiment_v2/.venv/lib/python3.12/site-packages/sklearn/utils/parallel.py:144: UserWarning: `sklearn.utils.parallel.delayed` should be used with `sklearn.utils.parallel.Parallel` to make it possible to propagate the scikit-learn configuration of the current thread to the joblib workers.
  warnings.warn(
/Users/harekrishna/Downloads/discover_ai_credit_experiment_v2/.venv/lib/python3.12/site-packages/sklearn/utils/parallel.py:144: UserWarning: `sklearn.utils.parallel.delayed` should be used with `sklearn.utils.parallel.Parallel` to make it possible to propagate the scikit-learn configuration of the current thread to the joblib workers.
  warnings.warn(
/Users/harekrishna/Downloads/discover_ai_credit_experiment_v2/.venv/lib/python3.12/site-packages/sklearn/utils/parallel.py:144: UserWarning: `sklearn.utils.parallel.delayed` should be used with `sklearn.utils.parallel.Parallel` to make it possible to propagate the scikit-learn configuration of the current thread to the joblib workers.
  warnings.warn(
/Users/harekrishna/Downloads/discover_ai_credit_experiment_v2/.venv/lib/python3.12/site-packages/sklearn/utils/parallel.py:144: UserWarning: `sklearn.utils.parallel.delayed` should be used with `sklearn.utils.parallel.Parallel` to make it possible to propagate the scikit-learn configuration of the current thread to the joblib workers.
  warnings.warn(
/Users/harekrishna/Downloads/discover_ai_credit_experiment_v2/.venv/lib/python3.12/site-packages/sklearn/utils/parallel.py:144: UserWarning: `sklearn.utils.parallel.delayed` should be used with `sklearn.utils.parallel.Parallel` to make it possible to propagate the scikit-learn configuration of the current thread to the joblib workers.
  warnings.warn(
/Users/harekrishna/Downloads/discover_ai_credit_experiment_v2/.venv/lib/python3.12/site-packages/sklearn/utils/parallel.py:144: UserWarning: `sklearn.utils.parallel.delayed` should be used with `sklearn.utils.parallel.Parallel` to make it possible to propagate the scikit-learn configuration of the current thread to the joblib workers.
  warnings.warn(
/Users/harekrishna/Downloads/discover_ai_credit_experiment_v2/.venv/lib/python3.12/site-packages/sklearn/utils/parallel.py:144: UserWarning: `sklearn.utils.parallel.delayed` should be used with `sklearn.utils.parallel.Parallel` to make it possible to propagate the scikit-learn configuration of the current thread to the joblib workers.
  warnings.warn(
/Users/harekrishna/Downloads/discover_ai_credit_experiment_v2/.venv/lib/python3.12/site-packages/sklearn/utils/parallel.py:144: UserWarning: `sklearn.utils.parallel.delayed` should be used with `sklearn.utils.parallel.Parallel` to make it possible to propagate the scikit-learn configuration of the current thread to the joblib workers.
  warnings.warn(
/Users/harekrishna/Downloads/discover_ai_credit_experiment_v2/.venv/lib/python3.12/site-packages/sklearn/utils/parallel.py:144: UserWarning: `sklearn.utils.parallel.delayed` should be used with `sklearn.utils.parallel.Parallel` to make it possible to propagate the scikit-learn configuration of the current thread to the joblib workers.
  warnings.warn(
/Users/harekrishna/Downloads/discover_ai_credit_experiment_v2/.venv/lib/python3.12/site-packages/sklearn/utils/parallel.py:144: UserWarning: `sklearn.utils.parallel.delayed` should be used with `sklearn.utils.parallel.Parallel` to make it possible to propagate the scikit-learn configuration of the current thread to the joblib workers.
  warnings.warn(
/Users/harekrishna/Downloads/discover_ai_credit_experiment_v2/.venv/lib/python3.12/site-packages/sklearn/utils/parallel.py:144: UserWarning: `sklearn.utils.parallel.delayed` should be used with `sklearn.utils.parallel.Parallel` to make it possible to propagate the scikit-learn configuration of the current thread to the joblib workers.
  warnings.warn(
/Users/harekrishna/Downloads/discover_ai_credit_experiment_v2/.venv/lib/python3.12/site-packages/sklearn/utils/parallel.py:144: UserWarning: `sklearn.utils.parallel.delayed` should be used with `sklearn.utils.parallel.Parallel` to make it possible to propagate the scikit-learn configuration of the current thread to the joblib workers.
  warnings.warn(
/Users/harekrishna/Downloads/discover_ai_credit_experiment_v2/.venv/lib/python3.12/site-packages/sklearn/utils/parallel.py:144: UserWarning: `sklearn.utils.parallel.delayed` should be used with `sklearn.utils.parallel.Parallel` to make it possible to propagate the scikit-learn configuration of the current thread to the joblib workers.
  warnings.warn(
/Users/harekrishna/Downloads/discover_ai_credit_experiment_v2/.venv/lib/python3.12/site-packages/sklearn/utils/parallel.py:144: UserWarning: `sklearn.utils.parallel.delayed` should be used with `sklearn.utils.parallel.Parallel` to make it possible to propagate the scikit-learn configuration of the current thread to the joblib workers.
  warnings.warn(
/Users/harekrishna/Downloads/discover_ai_credit_experiment_v2/.venv/lib/python3.12/site-packages/sklearn/utils/parallel.py:144: UserWarning: `sklearn.utils.parallel.delayed` should be used with `sklearn.utils.parallel.Parallel` to make it possible to propagate the scikit-learn configuration of the current thread to the joblib workers.
  warnings.warn(
/Users/harekrishna/Downloads/discover_ai_credit_experiment_v2/.venv/lib/python3.12/site-packages/sklearn/utils/parallel.py:144: UserWarning: `sklearn.utils.parallel.delayed` should be used with `sklearn.utils.parallel.Parallel` to make it possible to propagate the scikit-learn configuration of the current thread to the joblib workers.
  warnings.warn(
/Users/harekrishna/Downloads/discover_ai_credit_experiment_v2/.venv/lib/python3.12/site-packages/sklearn/utils/parallel.py:144: UserWarning: `sklearn.utils.parallel.delayed` should be used with `sklearn.utils.parallel.Parallel` to make it possible to propagate the scikit-learn configuration of the current thread to the joblib workers.
  warnings.warn(
/Users/harekrishna/Downloads/discover_ai_credit_experiment_v2/.venv/lib/python3.12/site-packages/sklearn/utils/parallel.py:144: UserWarning: `sklearn.utils.parallel.delayed` should be used with `sklearn.utils.parallel.Parallel` to make it possible to propagate the scikit-learn configuration of the current thread to the joblib workers.
  warnings.warn(
/Users/harekrishna/Downloads/discover_ai_credit_experiment_v2/.venv/lib/python3.12/site-packages/sklearn/utils/parallel.py:144: UserWarning: `sklearn.utils.parallel.delayed` should be used with `sklearn.utils.parallel.Parallel` to make it possible to propagate the scikit-learn configuration of the current thread to the joblib workers.
  warnings.warn(
/Users/harekrishna/Downloads/discover_ai_credit_experiment_v2/.venv/lib/python3.12/site-packages/sklearn/utils/parallel.py:144: UserWarning: `sklearn.utils.parallel.delayed` should be used with `sklearn.utils.parallel.Parallel` to make it possible to propagate the scikit-learn configuration of the current thread to the joblib workers.
  warnings.warn(
/Users/harekrishna/Downloads/discover_ai_credit_experiment_v2/.venv/lib/python3.12/site-packages/sklearn/utils/parallel.py:144: UserWarning: `sklearn.utils.parallel.delayed` should be used with `sklearn.utils.parallel.Parallel` to make it possible to propagate the scikit-learn configuration of the current thread to the joblib workers.
  warnings.warn(
/Users/harekrishna/Downloads/discover_ai_credit_experiment_v2/.venv/lib/python3.12/site-packages/sklearn/utils/parallel.py:144: UserWarning: `sklearn.utils.parallel.delayed` should be used with `sklearn.utils.parallel.Parallel` to make it possible to propagate the scikit-learn configuration of the current thread to the joblib workers.
  warnings.warn(
/Users/harekrishna/Downloads/discover_ai_credit_experiment_v2/.venv/lib/python3.12/site-packages/sklearn/utils/parallel.py:144: UserWarning: `sklearn.utils.parallel.delayed` should be used with `sklearn.utils.parallel.Parallel` to make it possible to propagate the scikit-learn configuration of the current thread to the joblib workers.
  warnings.warn(
/Users/harekrishna/Downloads/discover_ai_credit_experiment_v2/.venv/lib/python3.12/site-packages/sklearn/utils/parallel.py:144: UserWarning: `sklearn.utils.parallel.delayed` should be used with `sklearn.utils.parallel.Parallel` to make it possible to propagate the scikit-learn configuration of the current thread to the joblib workers.
  warnings.warn(
/Users/harekrishna/Downloads/discover_ai_credit_experiment_v2/.venv/lib/python3.12/site-packages/sklearn/utils/parallel.py:144: UserWarning: `sklearn.utils.parallel.delayed` should be used with `sklearn.utils.parallel.Parallel` to make it possible to propagate the scikit-learn configuration of the current thread to the joblib workers.
  warnings.warn(
/Users/harekrishna/Downloads/discover_ai_credit_experiment_v2/.venv/lib/python3.12/site-packages/sklearn/utils/parallel.py:144: UserWarning: `sklearn.utils.parallel.delayed` should be used with `sklearn.utils.parallel.Parallel` to make it possible to propagate the scikit-learn configuration of the current thread to the joblib workers.
  warnings.warn(
/Users/harekrishna/Downloads/discover_ai_credit_experiment_v2/.venv/lib/python3.12/site-packages/sklearn/utils/parallel.py:144: UserWarning: `sklearn.utils.parallel.delayed` should be used with `sklearn.utils.parallel.Parallel` to make it possible to propagate the scikit-learn configuration of the current thread to the joblib workers.
  warnings.warn(
/Users/harekrishna/Downloads/discover_ai_credit_experiment_v2/.venv/lib/python3.12/site-packages/sklearn/utils/parallel.py:144: UserWarning: `sklearn.utils.parallel.delayed` should be used with `sklearn.utils.parallel.Parallel` to make it possible to propagate the scikit-learn configuration of the current thread to the joblib workers.
  warnings.warn(
/Users/harekrishna/Downloads/discover_ai_credit_experiment_v2/.venv/lib/python3.12/site-packages/sklearn/utils/parallel.py:144: UserWarning: `sklearn.utils.parallel.delayed` should be used with `sklearn.utils.parallel.Parallel` to make it possible to propagate the scikit-learn configuration of the current thread to the joblib workers.
  warnings.warn(
/Users/harekrishna/Downloads/discover_ai_credit_experiment_v2/.venv/lib/python3.12/site-packages/sklearn/utils/parallel.py:144: UserWarning: `sklearn.utils.parallel.delayed` should be used with `sklearn.utils.parallel.Parallel` to make it possible to propagate the scikit-learn configuration of the current thread to the joblib workers.
  warnings.warn(
/Users/harekrishna/Downloads/discover_ai_credit_experiment_v2/.venv/lib/python3.12/site-packages/sklearn/utils/parallel.py:144: UserWarning: `sklearn.utils.parallel.delayed` should be used with `sklearn.utils.parallel.Parallel` to make it possible to propagate the scikit-learn configuration of the current thread to the joblib workers.
  warnings.warn(
/Users/harekrishna/Downloads/discover_ai_credit_experiment_v2/.venv/lib/python3.12/site-packages/sklearn/utils/parallel.py:144: UserWarning: `sklearn.utils.parallel.delayed` should be used with `sklearn.utils.parallel.Parallel` to make it possible to propagate the scikit-learn configuration of the current thread to the joblib workers.
  warnings.warn(
/Users/harekrishna/Downloads/discover_ai_credit_experiment_v2/.venv/lib/python3.12/site-packages/sklearn/utils/parallel.py:144: UserWarning: `sklearn.utils.parallel.delayed` should be used with `sklearn.utils.parallel.Parallel` to make it possible to propagate the scikit-learn configuration of the current thread to the joblib workers.
  warnings.warn(
/Users/harekrishna/Downloads/discover_ai_credit_experiment_v2/.venv/lib/python3.12/site-packages/sklearn/utils/parallel.py:144: UserWarning: `sklearn.utils.parallel.delayed` should be used with `sklearn.utils.parallel.Parallel` to make it possible to propagate the scikit-learn configuration of the current thread to the joblib workers.
  warnings.warn(
/Users/harekrishna/Downloads/discover_ai_credit_experiment_v2/.venv/lib/python3.12/site-packages/sklearn/utils/parallel.py:144: UserWarning: `sklearn.utils.parallel.delayed` should be used with `sklearn.utils.parallel.Parallel` to make it possible to propagate the scikit-learn configuration of the current thread to the joblib workers.
  warnings.warn(
/Users/harekrishna/Downloads/discover_ai_credit_experiment_v2/.venv/lib/python3.12/site-packages/sklearn/utils/parallel.py:144: UserWarning: `sklearn.utils.parallel.delayed` should be used with `sklearn.utils.parallel.Parallel` to make it possible to propagate the scikit-learn configuration of the current thread to the joblib workers.
  warnings.warn(
/Users/harekrishna/Downloads/discover_ai_credit_experiment_v2/.venv/lib/python3.12/site-packages/sklearn/utils/parallel.py:144: UserWarning: `sklearn.utils.parallel.delayed` should be used with `sklearn.utils.parallel.Parallel` to make it possible to propagate the scikit-learn configuration of the current thread to the joblib workers.
  warnings.warn(
/Users/harekrishna/Downloads/discover_ai_credit_experiment_v2/.venv/lib/python3.12/site-packages/sklearn/utils/parallel.py:144: UserWarning: `sklearn.utils.parallel.delayed` should be used with `sklearn.utils.parallel.Parallel` to make it possible to propagate the scikit-learn configuration of the current thread to the joblib workers.
  warnings.warn(
/Users/harekrishna/Downloads/discover_ai_credit_experiment_v2/.venv/lib/python3.12/site-packages/sklearn/utils/parallel.py:144: UserWarning: `sklearn.utils.parallel.delayed` should be used with `sklearn.utils.parallel.Parallel` to make it possible to propagate the scikit-learn configuration of the current thread to the joblib workers.
  warnings.warn(
/Users/harekrishna/Downloads/discover_ai_credit_experiment_v2/.venv/lib/python3.12/site-packages/sklearn/utils/parallel.py:144: UserWarning: `sklearn.utils.parallel.delayed` should be used with `sklearn.utils.parallel.Parallel` to make it possible to propagate the scikit-learn configuration of the current thread to the joblib workers.
  warnings.warn(
/Users/harekrishna/Downloads/discover_ai_credit_experiment_v2/.venv/lib/python3.12/site-packages/sklearn/utils/parallel.py:144: UserWarning: `sklearn.utils.parallel.delayed` should be used with `sklearn.utils.parallel.Parallel` to make it possible to propagate the scikit-learn configuration of the current thread to the joblib workers.
  warnings.warn(
/Users/harekrishna/Downloads/discover_ai_credit_experiment_v2/.venv/lib/python3.12/site-packages/sklearn/utils/parallel.py:144: UserWarning: `sklearn.utils.parallel.delayed` should be used with `sklearn.utils.parallel.Parallel` to make it possible to propagate the scikit-learn configuration of the current thread to the joblib workers.
  warnings.warn(
/Users/harekrishna/Downloads/discover_ai_credit_experiment_v2/.venv/lib/python3.12/site-packages/sklearn/utils/parallel.py:144: UserWarning: `sklearn.utils.parallel.delayed` should be used with `sklearn.utils.parallel.Parallel` to make it possible to propagate the scikit-learn configuration of the current thread to the joblib workers.
  warnings.warn(
/Users/harekrishna/Downloads/discover_ai_credit_experiment_v2/.venv/lib/python3.12/site-packages/sklearn/utils/parallel.py:144: UserWarning: `sklearn.utils.parallel.delayed` should be used with `sklearn.utils.parallel.Parallel` to make it possible to propagate the scikit-learn configuration of the current thread to the joblib workers.
  warnings.warn(
/Users/harekrishna/Downloads/discover_ai_credit_experiment_v2/.venv/lib/python3.12/site-packages/sklearn/utils/parallel.py:144: UserWarning: `sklearn.utils.parallel.delayed` should be used with `sklearn.utils.parallel.Parallel` to make it possible to propagate the scikit-learn configuration of the current thread to the joblib workers.
  warnings.warn(
/Users/harekrishna/Downloads/discover_ai_credit_experiment_v2/.venv/lib/python3.12/site-packages/sklearn/utils/parallel.py:144: UserWarning: `sklearn.utils.parallel.delayed` should be used with `sklearn.utils.parallel.Parallel` to make it possible to propagate the scikit-learn configuration of the current thread to the joblib workers.
  warnings.warn(
/Users/harekrishna/Downloads/discover_ai_credit_experiment_v2/.venv/lib/python3.12/site-packages/sklearn/utils/parallel.py:144: UserWarning: `sklearn.utils.parallel.delayed` should be used with `sklearn.utils.parallel.Parallel` to make it possible to propagate the scikit-learn configuration of the current thread to the joblib workers.
  warnings.warn(
/Users/harekrishna/Downloads/discover_ai_credit_experiment_v2/.venv/lib/python3.12/site-packages/sklearn/utils/parallel.py:144: UserWarning: `sklearn.utils.parallel.delayed` should be used with `sklearn.utils.parallel.Parallel` to make it possible to propagate the scikit-learn configuration of the current thread to the joblib workers.
  warnings.warn(
/Users/harekrishna/Downloads/discover_ai_credit_experiment_v2/.venv/lib/python3.12/site-packages/sklearn/utils/parallel.py:144: UserWarning: `sklearn.utils.parallel.delayed` should be used with `sklearn.utils.parallel.Parallel` to make it possible to propagate the scikit-learn configuration of the current thread to the joblib workers.
  warnings.warn(
/Users/harekrishna/Downloads/discover_ai_credit_experiment_v2/.venv/lib/python3.12/site-packages/sklearn/utils/parallel.py:144: UserWarning: `sklearn.utils.parallel.delayed` should be used with `sklearn.utils.parallel.Parallel` to make it possible to propagate the scikit-learn configuration of the current thread to the joblib workers.
  warnings.warn(
/Users/harekrishna/Downloads/discover_ai_credit_experiment_v2/.venv/lib/python3.12/site-packages/sklearn/utils/parallel.py:144: UserWarning: `sklearn.utils.parallel.delayed` should be used with `sklearn.utils.parallel.Parallel` to make it possible to propagate the scikit-learn configuration of the current thread to the joblib workers.
  warnings.warn(
/Users/harekrishna/Downloads/discover_ai_credit_experiment_v2/.venv/lib/python3.12/site-packages/sklearn/utils/parallel.py:144: UserWarning: `sklearn.utils.parallel.delayed` should be used with `sklearn.utils.parallel.Parallel` to make it possible to propagate the scikit-learn configuration of the current thread to the joblib workers.
  warnings.warn(
/Users/harekrishna/Downloads/discover_ai_credit_experiment_v2/.venv/lib/python3.12/site-packages/sklearn/utils/parallel.py:144: UserWarning: `sklearn.utils.parallel.delayed` should be used with `sklearn.utils.parallel.Parallel` to make it possible to propagate the scikit-learn configuration of the current thread to the joblib workers.
  warnings.warn(
/Users/harekrishna/Downloads/discover_ai_credit_experiment_v2/.venv/lib/python3.12/site-packages/sklearn/utils/parallel.py:144: UserWarning: `sklearn.utils.parallel.delayed` should be used with `sklearn.utils.parallel.Parallel` to make it possible to propagate the scikit-learn configuration of the current thread to the joblib workers.
  warnings.warn(
/Users/harekrishna/Downloads/discover_ai_credit_experiment_v2/.venv/lib/python3.12/site-packages/sklearn/utils/parallel.py:144: UserWarning: `sklearn.utils.parallel.delayed` should be used with `sklearn.utils.parallel.Parallel` to make it possible to propagate the scikit-learn configuration of the current thread to the joblib workers.
  warnings.warn(
/Users/harekrishna/Downloads/discover_ai_credit_experiment_v2/.venv/lib/python3.12/site-packages/sklearn/utils/parallel.py:144: UserWarning: `sklearn.utils.parallel.delayed` should be used with `sklearn.utils.parallel.Parallel` to make it possible to propagate the scikit-learn configuration of the current thread to the joblib workers.
  warnings.warn(
/Users/harekrishna/Downloads/discover_ai_credit_experiment_v2/.venv/lib/python3.12/site-packages/sklearn/utils/parallel.py:144: UserWarning: `sklearn.utils.parallel.delayed` should be used with `sklearn.utils.parallel.Parallel` to make it possible to propagate the scikit-learn configuration of the current thread to the joblib workers.
  warnings.warn(
/Users/harekrishna/Downloads/discover_ai_credit_experiment_v2/.venv/lib/python3.12/site-packages/sklearn/utils/parallel.py:144: UserWarning: `sklearn.utils.parallel.delayed` should be used with `sklearn.utils.parallel.Parallel` to make it possible to propagate the scikit-learn configuration of the current thread to the joblib workers.
  warnings.warn(
/Users/harekrishna/Downloads/discover_ai_credit_experiment_v2/.venv/lib/python3.12/site-packages/sklearn/utils/parallel.py:144: UserWarning: `sklearn.utils.parallel.delayed` should be used with `sklearn.utils.parallel.Parallel` to make it possible to propagate the scikit-learn configuration of the current thread to the joblib workers.
  warnings.warn(
/Users/harekrishna/Downloads/discover_ai_credit_experiment_v2/.venv/lib/python3.12/site-packages/sklearn/utils/parallel.py:144: UserWarning: `sklearn.utils.parallel.delayed` should be used with `sklearn.utils.parallel.Parallel` to make it possible to propagate the scikit-learn configuration of the current thread to the joblib workers.
  warnings.warn(
/Users/harekrishna/Downloads/discover_ai_credit_experiment_v2/.venv/lib/python3.12/site-packages/sklearn/utils/parallel.py:144: UserWarning: `sklearn.utils.parallel.delayed` should be used with `sklearn.utils.parallel.Parallel` to make it possible to propagate the scikit-learn configuration of the current thread to the joblib workers.
  warnings.warn(
/Users/harekrishna/Downloads/discover_ai_credit_experiment_v2/.venv/lib/python3.12/site-packages/sklearn/utils/parallel.py:144: UserWarning: `sklearn.utils.parallel.delayed` should be used with `sklearn.utils.parallel.Parallel` to make it possible to propagate the scikit-learn configuration of the current thread to the joblib workers.
  warnings.warn(
/Users/harekrishna/Downloads/discover_ai_credit_experiment_v2/.venv/lib/python3.12/site-packages/sklearn/utils/parallel.py:144: UserWarning: `sklearn.utils.parallel.delayed` should be used with `sklearn.utils.parallel.Parallel` to make it possible to propagate the scikit-learn configuration of the current thread to the joblib workers.
  warnings.warn(
/Users/harekrishna/Downloads/discover_ai_credit_experiment_v2/.venv/lib/python3.12/site-packages/sklearn/utils/parallel.py:144: UserWarning: `sklearn.utils.parallel.delayed` should be used with `sklearn.utils.parallel.Parallel` to make it possible to propagate the scikit-learn configuration of the current thread to the joblib workers.
  warnings.warn(
/Users/harekrishna/Downloads/discover_ai_credit_experiment_v2/.venv/lib/python3.12/site-packages/sklearn/utils/parallel.py:144: UserWarning: `sklearn.utils.parallel.delayed` should be used with `sklearn.utils.parallel.Parallel` to make it possible to propagate the scikit-learn configuration of the current thread to the joblib workers.
  warnings.warn(
/Users/harekrishna/Downloads/discover_ai_credit_experiment_v2/.venv/lib/python3.12/site-packages/sklearn/utils/parallel.py:144: UserWarning: `sklearn.utils.parallel.delayed` should be used with `sklearn.utils.parallel.Parallel` to make it possible to propagate the scikit-learn configuration of the current thread to the joblib workers.
  warnings.warn(
/Users/harekrishna/Downloads/discover_ai_credit_experiment_v2/.venv/lib/python3.12/site-packages/sklearn/utils/parallel.py:144: UserWarning: `sklearn.utils.parallel.delayed` should be used with `sklearn.utils.parallel.Parallel` to make it possible to propagate the scikit-learn configuration of the current thread to the joblib workers.
  warnings.warn(
/Users/harekrishna/Downloads/discover_ai_credit_experiment_v2/.venv/lib/python3.12/site-packages/sklearn/utils/parallel.py:144: UserWarning: `sklearn.utils.parallel.delayed` should be used with `sklearn.utils.parallel.Parallel` to make it possible to propagate the scikit-learn configuration of the current thread to the joblib workers.
  warnings.warn(
/Users/harekrishna/Downloads/discover_ai_credit_experiment_v2/.venv/lib/python3.12/site-packages/sklearn/utils/parallel.py:144: UserWarning: `sklearn.utils.parallel.delayed` should be used with `sklearn.utils.parallel.Parallel` to make it possible to propagate the scikit-learn configuration of the current thread to the joblib workers.
  warnings.warn(
/Users/harekrishna/Downloads/discover_ai_credit_experiment_v2/.venv/lib/python3.12/site-packages/sklearn/utils/parallel.py:144: UserWarning: `sklearn.utils.parallel.delayed` should be used with `sklearn.utils.parallel.Parallel` to make it possible to propagate the scikit-learn configuration of the current thread to the joblib workers.
  warnings.warn(
/Users/harekrishna/Downloads/discover_ai_credit_experiment_v2/.venv/lib/python3.12/site-packages/sklearn/utils/parallel.py:144: UserWarning: `sklearn.utils.parallel.delayed` should be used with `sklearn.utils.parallel.Parallel` to make it possible to propagate the scikit-learn configuration of the current thread to the joblib workers.
  warnings.warn(
/Users/harekrishna/Downloads/discover_ai_credit_experiment_v2/.venv/lib/python3.12/site-packages/sklearn/utils/parallel.py:144: UserWarning: `sklearn.utils.parallel.delayed` should be used with `sklearn.utils.parallel.Parallel` to make it possible to propagate the scikit-learn configuration of the current thread to the joblib workers.
  warnings.warn(
/Users/harekrishna/Downloads/discover_ai_credit_experiment_v2/.venv/lib/python3.12/site-packages/sklearn/utils/parallel.py:144: UserWarning: `sklearn.utils.parallel.delayed` should be used with `sklearn.utils.parallel.Parallel` to make it possible to propagate the scikit-learn configuration of the current thread to the joblib workers.
  warnings.warn(
/Users/harekrishna/Downloads/discover_ai_credit_experiment_v2/.venv/lib/python3.12/site-packages/sklearn/utils/parallel.py:144: UserWarning: `sklearn.utils.parallel.delayed` should be used with `sklearn.utils.parallel.Parallel` to make it possible to propagate the scikit-learn configuration of the current thread to the joblib workers.
  warnings.warn(
/Users/harekrishna/Downloads/discover_ai_credit_experiment_v2/.venv/lib/python3.12/site-packages/sklearn/utils/parallel.py:144: UserWarning: `sklearn.utils.parallel.delayed` should be used with `sklearn.utils.parallel.Parallel` to make it possible to propagate the scikit-learn configuration of the current thread to the joblib workers.
  warnings.warn(
/Users/harekrishna/Downloads/discover_ai_credit_experiment_v2/.venv/lib/python3.12/site-packages/sklearn/utils/parallel.py:144: UserWarning: `sklearn.utils.parallel.delayed` should be used with `sklearn.utils.parallel.Parallel` to make it possible to propagate the scikit-learn configuration of the current thread to the joblib workers.
  warnings.warn(
/Users/harekrishna/Downloads/discover_ai_credit_experiment_v2/.venv/lib/python3.12/site-packages/sklearn/utils/parallel.py:144: UserWarning: `sklearn.utils.parallel.delayed` should be used with `sklearn.utils.parallel.Parallel` to make it possible to propagate the scikit-learn configuration of the current thread to the joblib workers.
  warnings.warn(
/Users/harekrishna/Downloads/discover_ai_credit_experiment_v2/.venv/lib/python3.12/site-packages/sklearn/utils/parallel.py:144: UserWarning: `sklearn.utils.parallel.delayed` should be used with `sklearn.utils.parallel.Parallel` to make it possible to propagate the scikit-learn configuration of the current thread to the joblib workers.
  warnings.warn(
/Users/harekrishna/Downloads/discover_ai_credit_experiment_v2/.venv/lib/python3.12/site-packages/sklearn/utils/parallel.py:144: UserWarning: `sklearn.utils.parallel.delayed` should be used with `sklearn.utils.parallel.Parallel` to make it possible to propagate the scikit-learn configuration of the current thread to the joblib workers.
  warnings.warn(
/Users/harekrishna/Downloads/discover_ai_credit_experiment_v2/.venv/lib/python3.12/site-packages/sklearn/utils/parallel.py:144: UserWarning: `sklearn.utils.parallel.delayed` should be used with `sklearn.utils.parallel.Parallel` to make it possible to propagate the scikit-learn configuration of the current thread to the joblib workers.
  warnings.warn(
/Users/harekrishna/Downloads/discover_ai_credit_experiment_v2/.venv/lib/python3.12/site-packages/sklearn/utils/parallel.py:144: UserWarning: `sklearn.utils.parallel.delayed` should be used with `sklearn.utils.parallel.Parallel` to make it possible to propagate the scikit-learn configuration of the current thread to the joblib workers.
  warnings.warn(
/Users/harekrishna/Downloads/discover_ai_credit_experiment_v2/.venv/lib/python3.12/site-packages/sklearn/utils/parallel.py:144: UserWarning: `sklearn.utils.parallel.delayed` should be used with `sklearn.utils.parallel.Parallel` to make it possible to propagate the scikit-learn configuration of the current thread to the joblib workers.
  warnings.warn(
/Users/harekrishna/Downloads/discover_ai_credit_experiment_v2/.venv/lib/python3.12/site-packages/sklearn/utils/parallel.py:144: UserWarning: `sklearn.utils.parallel.delayed` should be used with `sklearn.utils.parallel.Parallel` to make it possible to propagate the scikit-learn configuration of the current thread to the joblib workers.
  warnings.warn(
/Users/harekrishna/Downloads/discover_ai_credit_experiment_v2/.venv/lib/python3.12/site-packages/sklearn/utils/parallel.py:144: UserWarning: `sklearn.utils.parallel.delayed` should be used with `sklearn.utils.parallel.Parallel` to make it possible to propagate the scikit-learn configuration of the current thread to the joblib workers.
  warnings.warn(
/Users/harekrishna/Downloads/discover_ai_credit_experiment_v2/.venv/lib/python3.12/site-packages/sklearn/utils/parallel.py:144: UserWarning: `sklearn.utils.parallel.delayed` should be used with `sklearn.utils.parallel.Parallel` to make it possible to propagate the scikit-learn configuration of the current thread to the joblib workers.
  warnings.warn(
/Users/harekrishna/Downloads/discover_ai_credit_experiment_v2/.venv/lib/python3.12/site-packages/sklearn/utils/parallel.py:144: UserWarning: `sklearn.utils.parallel.delayed` should be used with `sklearn.utils.parallel.Parallel` to make it possible to propagate the scikit-learn configuration of the current thread to the joblib workers.
  warnings.warn(
/Users/harekrishna/Downloads/discover_ai_credit_experiment_v2/.venv/lib/python3.12/site-packages/sklearn/utils/parallel.py:144: UserWarning: `sklearn.utils.parallel.delayed` should be used with `sklearn.utils.parallel.Parallel` to make it possible to propagate the scikit-learn configuration of the current thread to the joblib workers.
  warnings.warn(
/Users/harekrishna/Downloads/discover_ai_credit_experiment_v2/.venv/lib/python3.12/site-packages/sklearn/utils/parallel.py:144: UserWarning: `sklearn.utils.parallel.delayed` should be used with `sklearn.utils.parallel.Parallel` to make it possible to propagate the scikit-learn configuration of the current thread to the joblib workers.
  warnings.warn(
/Users/harekrishna/Downloads/discover_ai_credit_experiment_v2/.venv/lib/python3.12/site-packages/sklearn/utils/parallel.py:144: UserWarning: `sklearn.utils.parallel.delayed` should be used with `sklearn.utils.parallel.Parallel` to make it possible to propagate the scikit-learn configuration of the current thread to the joblib workers.
  warnings.warn(
/Users/harekrishna/Downloads/discover_ai_credit_experiment_v2/.venv/lib/python3.12/site-packages/sklearn/utils/parallel.py:144: UserWarning: `sklearn.utils.parallel.delayed` should be used with `sklearn.utils.parallel.Parallel` to make it possible to propagate the scikit-learn configuration of the current thread to the joblib workers.
  warnings.warn(
/Users/harekrishna/Downloads/discover_ai_credit_experiment_v2/.venv/lib/python3.12/site-packages/sklearn/utils/parallel.py:144: UserWarning: `sklearn.utils.parallel.delayed` should be used with `sklearn.utils.parallel.Parallel` to make it possible to propagate the scikit-learn configuration of the current thread to the joblib workers.
  warnings.warn(
/Users/harekrishna/Downloads/discover_ai_credit_experiment_v2/.venv/lib/python3.12/site-packages/sklearn/utils/parallel.py:144: UserWarning: `sklearn.utils.parallel.delayed` should be used with `sklearn.utils.parallel.Parallel` to make it possible to propagate the scikit-learn configuration of the current thread to the joblib workers.
  warnings.warn(
/Users/harekrishna/Downloads/discover_ai_credit_experiment_v2/.venv/lib/python3.12/site-packages/sklearn/utils/parallel.py:144: UserWarning: `sklearn.utils.parallel.delayed` should be used with `sklearn.utils.parallel.Parallel` to make it possible to propagate the scikit-learn configuration of the current thread to the joblib workers.
  warnings.warn(
/Users/harekrishna/Downloads/discover_ai_credit_experiment_v2/.venv/lib/python3.12/site-packages/sklearn/utils/parallel.py:144: UserWarning: `sklearn.utils.parallel.delayed` should be used with `sklearn.utils.parallel.Parallel` to make it possible to propagate the scikit-learn configuration of the current thread to the joblib workers.
  warnings.warn(
/Users/harekrishna/Downloads/discover_ai_credit_experiment_v2/.venv/lib/python3.12/site-packages/sklearn/utils/parallel.py:144: UserWarning: `sklearn.utils.parallel.delayed` should be used with `sklearn.utils.parallel.Parallel` to make it possible to propagate the scikit-learn configuration of the current thread to the joblib workers.
  warnings.warn(
/Users/harekrishna/Downloads/discover_ai_credit_experiment_v2/.venv/lib/python3.12/site-packages/sklearn/utils/parallel.py:144: UserWarning: `sklearn.utils.parallel.delayed` should be used with `sklearn.utils.parallel.Parallel` to make it possible to propagate the scikit-learn configuration of the current thread to the joblib workers.
  warnings.warn(
/Users/harekrishna/Downloads/discover_ai_credit_experiment_v2/.venv/lib/python3.12/site-packages/sklearn/utils/parallel.py:144: UserWarning: `sklearn.utils.parallel.delayed` should be used with `sklearn.utils.parallel.Parallel` to make it possible to propagate the scikit-learn configuration of the current thread to the joblib workers.
  warnings.warn(
/Users/harekrishna/Downloads/discover_ai_credit_experiment_v2/.venv/lib/python3.12/site-packages/sklearn/utils/parallel.py:144: UserWarning: `sklearn.utils.parallel.delayed` should be used with `sklearn.utils.parallel.Parallel` to make it possible to propagate the scikit-learn configuration of the current thread to the joblib workers.
  warnings.warn(
/Users/harekrishna/Downloads/discover_ai_credit_experiment_v2/.venv/lib/python3.12/site-packages/sklearn/utils/parallel.py:144: UserWarning: `sklearn.utils.parallel.delayed` should be used with `sklearn.utils.parallel.Parallel` to make it possible to propagate the scikit-learn configuration of the current thread to the joblib workers.
  warnings.warn(
/Users/harekrishna/Downloads/discover_ai_credit_experiment_v2/.venv/lib/python3.12/site-packages/sklearn/utils/parallel.py:144: UserWarning: `sklearn.utils.parallel.delayed` should be used with `sklearn.utils.parallel.Parallel` to make it possible to propagate the scikit-learn configuration of the current thread to the joblib workers.
  warnings.warn(
/Users/harekrishna/Downloads/discover_ai_credit_experiment_v2/.venv/lib/python3.12/site-packages/sklearn/utils/parallel.py:144: UserWarning: `sklearn.utils.parallel.delayed` should be used with `sklearn.utils.parallel.Parallel` to make it possible to propagate the scikit-learn configuration of the current thread to the joblib workers.
  warnings.warn(
/Users/harekrishna/Downloads/discover_ai_credit_experiment_v2/.venv/lib/python3.12/site-packages/sklearn/utils/parallel.py:144: UserWarning: `sklearn.utils.parallel.delayed` should be used with `sklearn.utils.parallel.Parallel` to make it possible to propagate the scikit-learn configuration of the current thread to the joblib workers.
  warnings.warn(
/Users/harekrishna/Downloads/discover_ai_credit_experiment_v2/.venv/lib/python3.12/site-packages/sklearn/utils/parallel.py:144: UserWarning: `sklearn.utils.parallel.delayed` should be used with `sklearn.utils.parallel.Parallel` to make it possible to propagate the scikit-learn configuration of the current thread to the joblib workers.
  warnings.warn(
/Users/harekrishna/Downloads/discover_ai_credit_experiment_v2/.venv/lib/python3.12/site-packages/sklearn/utils/parallel.py:144: UserWarning: `sklearn.utils.parallel.delayed` should be used with `sklearn.utils.parallel.Parallel` to make it possible to propagate the scikit-learn configuration of the current thread to the joblib workers.
  warnings.warn(
/Users/harekrishna/Downloads/discover_ai_credit_experiment_v2/.venv/lib/python3.12/site-packages/sklearn/utils/parallel.py:144: UserWarning: `sklearn.utils.parallel.delayed` should be used with `sklearn.utils.parallel.Parallel` to make it possible to propagate the scikit-learn configuration of the current thread to the joblib workers.
  warnings.warn(
/Users/harekrishna/Downloads/discover_ai_credit_experiment_v2/.venv/lib/python3.12/site-packages/sklearn/utils/parallel.py:144: UserWarning: `sklearn.utils.parallel.delayed` should be used with `sklearn.utils.parallel.Parallel` to make it possible to propagate the scikit-learn configuration of the current thread to the joblib workers.
  warnings.warn(
/Users/harekrishna/Downloads/discover_ai_credit_experiment_v2/.venv/lib/python3.12/site-packages/sklearn/utils/parallel.py:144: UserWarning: `sklearn.utils.parallel.delayed` should be used with `sklearn.utils.parallel.Parallel` to make it possible to propagate the scikit-learn configuration of the current thread to the joblib workers.
  warnings.warn(
/Users/harekrishna/Downloads/discover_ai_credit_experiment_v2/.venv/lib/python3.12/site-packages/sklearn/utils/parallel.py:144: UserWarning: `sklearn.utils.parallel.delayed` should be used with `sklearn.utils.parallel.Parallel` to make it possible to propagate the scikit-learn configuration of the current thread to the joblib workers.
  warnings.warn(
/Users/harekrishna/Downloads/discover_ai_credit_experiment_v2/.venv/lib/python3.12/site-packages/sklearn/utils/parallel.py:144: UserWarning: `sklearn.utils.parallel.delayed` should be used with `sklearn.utils.parallel.Parallel` to make it possible to propagate the scikit-learn configuration of the current thread to the joblib workers.
  warnings.warn(
/Users/harekrishna/Downloads/discover_ai_credit_experiment_v2/.venv/lib/python3.12/site-packages/sklearn/utils/parallel.py:144: UserWarning: `sklearn.utils.parallel.delayed` should be used with `sklearn.utils.parallel.Parallel` to make it possible to propagate the scikit-learn configuration of the current thread to the joblib workers.
  warnings.warn(
/Users/harekrishna/Downloads/discover_ai_credit_experiment_v2/.venv/lib/python3.12/site-packages/sklearn/utils/parallel.py:144: UserWarning: `sklearn.utils.parallel.delayed` should be used with `sklearn.utils.parallel.Parallel` to make it possible to propagate the scikit-learn configuration of the current thread to the joblib workers.
  warnings.warn(
/Users/harekrishna/Downloads/discover_ai_credit_experiment_v2/.venv/lib/python3.12/site-packages/sklearn/utils/parallel.py:144: UserWarning: `sklearn.utils.parallel.delayed` should be used with `sklearn.utils.parallel.Parallel` to make it possible to propagate the scikit-learn configuration of the current thread to the joblib workers.
  warnings.warn(
/Users/harekrishna/Downloads/discover_ai_credit_experiment_v2/.venv/lib/python3.12/site-packages/sklearn/utils/parallel.py:144: UserWarning: `sklearn.utils.parallel.delayed` should be used with `sklearn.utils.parallel.Parallel` to make it possible to propagate the scikit-learn configuration of the current thread to the joblib workers.
  warnings.warn(
/Users/harekrishna/Downloads/discover_ai_credit_experiment_v2/.venv/lib/python3.12/site-packages/sklearn/utils/parallel.py:144: UserWarning: `sklearn.utils.parallel.delayed` should be used with `sklearn.utils.parallel.Parallel` to make it possible to propagate the scikit-learn configuration of the current thread to the joblib workers.
  warnings.warn(
/Users/harekrishna/Downloads/discover_ai_credit_experiment_v2/.venv/lib/python3.12/site-packages/sklearn/utils/parallel.py:144: UserWarning: `sklearn.utils.parallel.delayed` should be used with `sklearn.utils.parallel.Parallel` to make it possible to propagate the scikit-learn configuration of the current thread to the joblib workers.
  warnings.warn(
/Users/harekrishna/Downloads/discover_ai_credit_experiment_v2/.venv/lib/python3.12/site-packages/sklearn/utils/parallel.py:144: UserWarning: `sklearn.utils.parallel.delayed` should be used with `sklearn.utils.parallel.Parallel` to make it possible to propagate the scikit-learn configuration of the current thread to the joblib workers.
  warnings.warn(
/Users/harekrishna/Downloads/discover_ai_credit_experiment_v2/.venv/lib/python3.12/site-packages/sklearn/utils/parallel.py:144: UserWarning: `sklearn.utils.parallel.delayed` should be used with `sklearn.utils.parallel.Parallel` to make it possible to propagate the scikit-learn configuration of the current thread to the joblib workers.
  warnings.warn(
/Users/harekrishna/Downloads/discover_ai_credit_experiment_v2/.venv/lib/python3.12/site-packages/sklearn/utils/parallel.py:144: UserWarning: `sklearn.utils.parallel.delayed` should be used with `sklearn.utils.parallel.Parallel` to make it possible to propagate the scikit-learn configuration of the current thread to the joblib workers.
  warnings.warn(
/Users/harekrishna/Downloads/discover_ai_credit_experiment_v2/.venv/lib/python3.12/site-packages/sklearn/utils/parallel.py:144: UserWarning: `sklearn.utils.parallel.delayed` should be used with `sklearn.utils.parallel.Parallel` to make it possible to propagate the scikit-learn configuration of the current thread to the joblib workers.
  warnings.warn(
/Users/harekrishna/Downloads/discover_ai_credit_experiment_v2/.venv/lib/python3.12/site-packages/sklearn/utils/parallel.py:144: UserWarning: `sklearn.utils.parallel.delayed` should be used with `sklearn.utils.parallel.Parallel` to make it possible to propagate the scikit-learn configuration of the current thread to the joblib workers.
  warnings.warn(
/Users/harekrishna/Downloads/discover_ai_credit_experiment_v2/.venv/lib/python3.12/site-packages/sklearn/utils/parallel.py:144: UserWarning: `sklearn.utils.parallel.delayed` should be used with `sklearn.utils.parallel.Parallel` to make it possible to propagate the scikit-learn configuration of the current thread to the joblib workers.
  warnings.warn(
/Users/harekrishna/Downloads/discover_ai_credit_experiment_v2/.venv/lib/python3.12/site-packages/sklearn/utils/parallel.py:144: UserWarning: `sklearn.utils.parallel.delayed` should be used with `sklearn.utils.parallel.Parallel` to make it possible to propagate the scikit-learn configuration of the current thread to the joblib workers.
  warnings.warn(
/Users/harekrishna/Downloads/discover_ai_credit_experiment_v2/.venv/lib/python3.12/site-packages/sklearn/utils/parallel.py:144: UserWarning: `sklearn.utils.parallel.delayed` should be used with `sklearn.utils.parallel.Parallel` to make it possible to propagate the scikit-learn configuration of the current thread to the joblib workers.
  warnings.warn(
/Users/harekrishna/Downloads/discover_ai_credit_experiment_v2/.venv/lib/python3.12/site-packages/sklearn/utils/parallel.py:144: UserWarning: `sklearn.utils.parallel.delayed` should be used with `sklearn.utils.parallel.Parallel` to make it possible to propagate the scikit-learn configuration of the current thread to the joblib workers.
  warnings.warn(
/Users/harekrishna/Downloads/discover_ai_credit_experiment_v2/.venv/lib/python3.12/site-packages/sklearn/utils/parallel.py:144: UserWarning: `sklearn.utils.parallel.delayed` should be used with `sklearn.utils.parallel.Parallel` to make it possible to propagate the scikit-learn configuration of the current thread to the joblib workers.
  warnings.warn(
/Users/harekrishna/Downloads/discover_ai_credit_experiment_v2/.venv/lib/python3.12/site-packages/sklearn/utils/parallel.py:144: UserWarning: `sklearn.utils.parallel.delayed` should be used with `sklearn.utils.parallel.Parallel` to make it possible to propagate the scikit-learn configuration of the current thread to the joblib workers.
  warnings.warn(
/Users/harekrishna/Downloads/discover_ai_credit_experiment_v2/.venv/lib/python3.12/site-packages/sklearn/utils/parallel.py:144: UserWarning: `sklearn.utils.parallel.delayed` should be used with `sklearn.utils.parallel.Parallel` to make it possible to propagate the scikit-learn configuration of the current thread to the joblib workers.
  warnings.warn(
/Users/harekrishna/Downloads/discover_ai_credit_experiment_v2/.venv/lib/python3.12/site-packages/sklearn/utils/parallel.py:144: UserWarning: `sklearn.utils.parallel.delayed` should be used with `sklearn.utils.parallel.Parallel` to make it possible to propagate the scikit-learn configuration of the current thread to the joblib workers.
  warnings.warn(
/Users/harekrishna/Downloads/discover_ai_credit_experiment_v2/.venv/lib/python3.12/site-packages/sklearn/utils/parallel.py:144: UserWarning: `sklearn.utils.parallel.delayed` should be used with `sklearn.utils.parallel.Parallel` to make it possible to propagate the scikit-learn configuration of the current thread to the joblib workers.
  warnings.warn(
/Users/harekrishna/Downloads/discover_ai_credit_experiment_v2/.venv/lib/python3.12/site-packages/sklearn/utils/parallel.py:144: UserWarning: `sklearn.utils.parallel.delayed` should be used with `sklearn.utils.parallel.Parallel` to make it possible to propagate the scikit-learn configuration of the current thread to the joblib workers.
  warnings.warn(
/Users/harekrishna/Downloads/discover_ai_credit_experiment_v2/.venv/lib/python3.12/site-packages/sklearn/utils/parallel.py:144: UserWarning: `sklearn.utils.parallel.delayed` should be used with `sklearn.utils.parallel.Parallel` to make it possible to propagate the scikit-learn configuration of the current thread to the joblib workers.
  warnings.warn(
/Users/harekrishna/Downloads/discover_ai_credit_experiment_v2/.venv/lib/python3.12/site-packages/sklearn/utils/parallel.py:144: UserWarning: `sklearn.utils.parallel.delayed` should be used with `sklearn.utils.parallel.Parallel` to make it possible to propagate the scikit-learn configuration of the current thread to the joblib workers.
  warnings.warn(
/Users/harekrishna/Downloads/discover_ai_credit_experiment_v2/.venv/lib/python3.12/site-packages/sklearn/utils/parallel.py:144: UserWarning: `sklearn.utils.parallel.delayed` should be used with `sklearn.utils.parallel.Parallel` to make it possible to propagate the scikit-learn configuration of the current thread to the joblib workers.
  warnings.warn(
/Users/harekrishna/Downloads/discover_ai_credit_experiment_v2/.venv/lib/python3.12/site-packages/sklearn/utils/parallel.py:144: UserWarning: `sklearn.utils.parallel.delayed` should be used with `sklearn.utils.parallel.Parallel` to make it possible to propagate the scikit-learn configuration of the current thread to the joblib workers.
  warnings.warn(
/Users/harekrishna/Downloads/discover_ai_credit_experiment_v2/.venv/lib/python3.12/site-packages/sklearn/utils/parallel.py:144: UserWarning: `sklearn.utils.parallel.delayed` should be used with `sklearn.utils.parallel.Parallel` to make it possible to propagate the scikit-learn configuration of the current thread to the joblib workers.
  warnings.warn(
/Users/harekrishna/Downloads/discover_ai_credit_experiment_v2/.venv/lib/python3.12/site-packages/sklearn/utils/parallel.py:144: UserWarning: `sklearn.utils.parallel.delayed` should be used with `sklearn.utils.parallel.Parallel` to make it possible to propagate the scikit-learn configuration of the current thread to the joblib workers.
  warnings.warn(
/Users/harekrishna/Downloads/discover_ai_credit_experiment_v2/.venv/lib/python3.12/site-packages/sklearn/utils/parallel.py:144: UserWarning: `sklearn.utils.parallel.delayed` should be used with `sklearn.utils.parallel.Parallel` to make it possible to propagate the scikit-learn configuration of the current thread to the joblib workers.
  warnings.warn(
/Users/harekrishna/Downloads/discover_ai_credit_experiment_v2/.venv/lib/python3.12/site-packages/sklearn/utils/parallel.py:144: UserWarning: `sklearn.utils.parallel.delayed` should be used with `sklearn.utils.parallel.Parallel` to make it possible to propagate the scikit-learn configuration of the current thread to the joblib workers.
  warnings.warn(
/Users/harekrishna/Downloads/discover_ai_credit_experiment_v2/.venv/lib/python3.12/site-packages/sklearn/utils/parallel.py:144: UserWarning: `sklearn.utils.parallel.delayed` should be used with `sklearn.utils.parallel.Parallel` to make it possible to propagate the scikit-learn configuration of the current thread to the joblib workers.
  warnings.warn(
/Users/harekrishna/Downloads/discover_ai_credit_experiment_v2/.venv/lib/python3.12/site-packages/sklearn/utils/parallel.py:144: UserWarning: `sklearn.utils.parallel.delayed` should be used with `sklearn.utils.parallel.Parallel` to make it possible to propagate the scikit-learn configuration of the current thread to the joblib workers.
  warnings.warn(
/Users/harekrishna/Downloads/discover_ai_credit_experiment_v2/.venv/lib/python3.12/site-packages/sklearn/utils/parallel.py:144: UserWarning: `sklearn.utils.parallel.delayed` should be used with `sklearn.utils.parallel.Parallel` to make it possible to propagate the scikit-learn configuration of the current thread to the joblib workers.
  warnings.warn(
/Users/harekrishna/Downloads/discover_ai_credit_experiment_v2/.venv/lib/python3.12/site-packages/sklearn/utils/parallel.py:144: UserWarning: `sklearn.utils.parallel.delayed` should be used with `sklearn.utils.parallel.Parallel` to make it possible to propagate the scikit-learn configuration of the current thread to the joblib workers.
  warnings.warn(
/Users/harekrishna/Downloads/discover_ai_credit_experiment_v2/.venv/lib/python3.12/site-packages/sklearn/utils/parallel.py:144: UserWarning: `sklearn.utils.parallel.delayed` should be used with `sklearn.utils.parallel.Parallel` to make it possible to propagate the scikit-learn configuration of the current thread to the joblib workers.
  warnings.warn(
/Users/harekrishna/Downloads/discover_ai_credit_experiment_v2/.venv/lib/python3.12/site-packages/sklearn/utils/parallel.py:144: UserWarning: `sklearn.utils.parallel.delayed` should be used with `sklearn.utils.parallel.Parallel` to make it possible to propagate the scikit-learn configuration of the current thread to the joblib workers.
  warnings.warn(
/Users/harekrishna/Downloads/discover_ai_credit_experiment_v2/.venv/lib/python3.12/site-packages/sklearn/utils/parallel.py:144: UserWarning: `sklearn.utils.parallel.delayed` should be used with `sklearn.utils.parallel.Parallel` to make it possible to propagate the scikit-learn configuration of the current thread to the joblib workers.
  warnings.warn(
/Users/harekrishna/Downloads/discover_ai_credit_experiment_v2/.venv/lib/python3.12/site-packages/sklearn/utils/parallel.py:144: UserWarning: `sklearn.utils.parallel.delayed` should be used with `sklearn.utils.parallel.Parallel` to make it possible to propagate the scikit-learn configuration of the current thread to the joblib workers.
  warnings.warn(
/Users/harekrishna/Downloads/discover_ai_credit_experiment_v2/.venv/lib/python3.12/site-packages/sklearn/utils/parallel.py:144: UserWarning: `sklearn.utils.parallel.delayed` should be used with `sklearn.utils.parallel.Parallel` to make it possible to propagate the scikit-learn configuration of the current thread to the joblib workers.
  warnings.warn(
/Users/harekrishna/Downloads/discover_ai_credit_experiment_v2/.venv/lib/python3.12/site-packages/sklearn/utils/parallel.py:144: UserWarning: `sklearn.utils.parallel.delayed` should be used with `sklearn.utils.parallel.Parallel` to make it possible to propagate the scikit-learn configuration of the current thread to the joblib workers.
  warnings.warn(
/Users/harekrishna/Downloads/discover_ai_credit_experiment_v2/.venv/lib/python3.12/site-packages/sklearn/utils/parallel.py:144: UserWarning: `sklearn.utils.parallel.delayed` should be used with `sklearn.utils.parallel.Parallel` to make it possible to propagate the scikit-learn configuration of the current thread to the joblib workers.
  warnings.warn(
/Users/harekrishna/Downloads/discover_ai_credit_experiment_v2/.venv/lib/python3.12/site-packages/sklearn/utils/parallel.py:144: UserWarning: `sklearn.utils.parallel.delayed` should be used with `sklearn.utils.parallel.Parallel` to make it possible to propagate the scikit-learn configuration of the current thread to the joblib workers.
  warnings.warn(
/Users/harekrishna/Downloads/discover_ai_credit_experiment_v2/.venv/lib/python3.12/site-packages/sklearn/utils/parallel.py:144: UserWarning: `sklearn.utils.parallel.delayed` should be used with `sklearn.utils.parallel.Parallel` to make it possible to propagate the scikit-learn configuration of the current thread to the joblib workers.
  warnings.warn(
/Users/harekrishna/Downloads/discover_ai_credit_experiment_v2/.venv/lib/python3.12/site-packages/sklearn/utils/parallel.py:144: UserWarning: `sklearn.utils.parallel.delayed` should be used with `sklearn.utils.parallel.Parallel` to make it possible to propagate the scikit-learn configuration of the current thread to the joblib workers.
  warnings.warn(
/Users/harekrishna/Downloads/discover_ai_credit_experiment_v2/.venv/lib/python3.12/site-packages/sklearn/utils/parallel.py:144: UserWarning: `sklearn.utils.parallel.delayed` should be used with `sklearn.utils.parallel.Parallel` to make it possible to propagate the scikit-learn configuration of the current thread to the joblib workers.
  warnings.warn(
/Users/harekrishna/Downloads/discover_ai_credit_experiment_v2/.venv/lib/python3.12/site-packages/sklearn/utils/parallel.py:144: UserWarning: `sklearn.utils.parallel.delayed` should be used with `sklearn.utils.parallel.Parallel` to make it possible to propagate the scikit-learn configuration of the current thread to the joblib workers.
  warnings.warn(
/Users/harekrishna/Downloads/discover_ai_credit_experiment_v2/.venv/lib/python3.12/site-packages/sklearn/utils/parallel.py:144: UserWarning: `sklearn.utils.parallel.delayed` should be used with `sklearn.utils.parallel.Parallel` to make it possible to propagate the scikit-learn configuration of the current thread to the joblib workers.
  warnings.warn(
/Users/harekrishna/Downloads/discover_ai_credit_experiment_v2/.venv/lib/python3.12/site-packages/sklearn/utils/parallel.py:144: UserWarning: `sklearn.utils.parallel.delayed` should be used with `sklearn.utils.parallel.Parallel` to make it possible to propagate the scikit-learn configuration of the current thread to the joblib workers.
  warnings.warn(
/Users/harekrishna/Downloads/discover_ai_credit_experiment_v2/.venv/lib/python3.12/site-packages/sklearn/utils/parallel.py:144: UserWarning: `sklearn.utils.parallel.delayed` should be used with `sklearn.utils.parallel.Parallel` to make it possible to propagate the scikit-learn configuration of the current thread to the joblib workers.
  warnings.warn(
/Users/harekrishna/Downloads/discover_ai_credit_experiment_v2/.venv/lib/python3.12/site-packages/sklearn/utils/parallel.py:144: UserWarning: `sklearn.utils.parallel.delayed` should be used with `sklearn.utils.parallel.Parallel` to make it possible to propagate the scikit-learn configuration of the current thread to the joblib workers.
  warnings.warn(
/Users/harekrishna/Downloads/discover_ai_credit_experiment_v2/.venv/lib/python3.12/site-packages/sklearn/utils/parallel.py:144: UserWarning: `sklearn.utils.parallel.delayed` should be used with `sklearn.utils.parallel.Parallel` to make it possible to propagate the scikit-learn configuration of the current thread to the joblib workers.
  warnings.warn(
/Users/harekrishna/Downloads/discover_ai_credit_experiment_v2/.venv/lib/python3.12/site-packages/sklearn/utils/parallel.py:144: UserWarning: `sklearn.utils.parallel.delayed` should be used with `sklearn.utils.parallel.Parallel` to make it possible to propagate the scikit-learn configuration of the current thread to the joblib workers.
  warnings.warn(
/Users/harekrishna/Downloads/discover_ai_credit_experiment_v2/.venv/lib/python3.12/site-packages/sklearn/utils/parallel.py:144: UserWarning: `sklearn.utils.parallel.delayed` should be used with `sklearn.utils.parallel.Parallel` to make it possible to propagate the scikit-learn configuration of the current thread to the joblib workers.
  warnings.warn(
/Users/harekrishna/Downloads/discover_ai_credit_experiment_v2/.venv/lib/python3.12/site-packages/sklearn/utils/parallel.py:144: UserWarning: `sklearn.utils.parallel.delayed` should be used with `sklearn.utils.parallel.Parallel` to make it possible to propagate the scikit-learn configuration of the current thread to the joblib workers.
  warnings.warn(
/Users/harekrishna/Downloads/discover_ai_credit_experiment_v2/.venv/lib/python3.12/site-packages/sklearn/utils/parallel.py:144: UserWarning: `sklearn.utils.parallel.delayed` should be used with `sklearn.utils.parallel.Parallel` to make it possible to propagate the scikit-learn configuration of the current thread to the joblib workers.
  warnings.warn(
/Users/harekrishna/Downloads/discover_ai_credit_experiment_v2/.venv/lib/python3.12/site-packages/sklearn/utils/parallel.py:144: UserWarning: `sklearn.utils.parallel.delayed` should be used with `sklearn.utils.parallel.Parallel` to make it possible to propagate the scikit-learn configuration of the current thread to the joblib workers.
  warnings.warn(
/Users/harekrishna/Downloads/discover_ai_credit_experiment_v2/.venv/lib/python3.12/site-packages/sklearn/utils/parallel.py:144: UserWarning: `sklearn.utils.parallel.delayed` should be used with `sklearn.utils.parallel.Parallel` to make it possible to propagate the scikit-learn configuration of the current thread to the joblib workers.
  warnings.warn(
/Users/harekrishna/Downloads/discover_ai_credit_experiment_v2/.venv/lib/python3.12/site-packages/sklearn/utils/parallel.py:144: UserWarning: `sklearn.utils.parallel.delayed` should be used with `sklearn.utils.parallel.Parallel` to make it possible to propagate the scikit-learn configuration of the current thread to the joblib workers.
  warnings.warn(
/Users/harekrishna/Downloads/discover_ai_credit_experiment_v2/.venv/lib/python3.12/site-packages/sklearn/utils/parallel.py:144: UserWarning: `sklearn.utils.parallel.delayed` should be used with `sklearn.utils.parallel.Parallel` to make it possible to propagate the scikit-learn configuration of the current thread to the joblib workers.
  warnings.warn(
/Users/harekrishna/Downloads/discover_ai_credit_experiment_v2/.venv/lib/python3.12/site-packages/sklearn/utils/parallel.py:144: UserWarning: `sklearn.utils.parallel.delayed` should be used with `sklearn.utils.parallel.Parallel` to make it possible to propagate the scikit-learn configuration of the current thread to the joblib workers.
  warnings.warn(
/Users/harekrishna/Downloads/discover_ai_credit_experiment_v2/.venv/lib/python3.12/site-packages/sklearn/utils/parallel.py:144: UserWarning: `sklearn.utils.parallel.delayed` should be used with `sklearn.utils.parallel.Parallel` to make it possible to propagate the scikit-learn configuration of the current thread to the joblib workers.
  warnings.warn(
/Users/harekrishna/Downloads/discover_ai_credit_experiment_v2/.venv/lib/python3.12/site-packages/sklearn/utils/parallel.py:144: UserWarning: `sklearn.utils.parallel.delayed` should be used with `sklearn.utils.parallel.Parallel` to make it possible to propagate the scikit-learn configuration of the current thread to the joblib workers.
  warnings.warn(
/Users/harekrishna/Downloads/discover_ai_credit_experiment_v2/.venv/lib/python3.12/site-packages/sklearn/utils/parallel.py:144: UserWarning: `sklearn.utils.parallel.delayed` should be used with `sklearn.utils.parallel.Parallel` to make it possible to propagate the scikit-learn configuration of the current thread to the joblib workers.
  warnings.warn(
/Users/harekrishna/Downloads/discover_ai_credit_experiment_v2/.venv/lib/python3.12/site-packages/sklearn/utils/parallel.py:144: UserWarning: `sklearn.utils.parallel.delayed` should be used with `sklearn.utils.parallel.Parallel` to make it possible to propagate the scikit-learn configuration of the current thread to the joblib workers.
  warnings.warn(
/Users/harekrishna/Downloads/discover_ai_credit_experiment_v2/.venv/lib/python3.12/site-packages/sklearn/utils/parallel.py:144: UserWarning: `sklearn.utils.parallel.delayed` should be used with `sklearn.utils.parallel.Parallel` to make it possible to propagate the scikit-learn configuration of the current thread to the joblib workers.
  warnings.warn(
/Users/harekrishna/Downloads/discover_ai_credit_experiment_v2/.venv/lib/python3.12/site-packages/sklearn/utils/parallel.py:144: UserWarning: `sklearn.utils.parallel.delayed` should be used with `sklearn.utils.parallel.Parallel` to make it possible to propagate the scikit-learn configuration of the current thread to the joblib workers.
  warnings.warn(
/Users/harekrishna/Downloads/discover_ai_credit_experiment_v2/.venv/lib/python3.12/site-packages/sklearn/utils/parallel.py:144: UserWarning: `sklearn.utils.parallel.delayed` should be used with `sklearn.utils.parallel.Parallel` to make it possible to propagate the scikit-learn configuration of the current thread to the joblib workers.
  warnings.warn(
/Users/harekrishna/Downloads/discover_ai_credit_experiment_v2/.venv/lib/python3.12/site-packages/sklearn/utils/parallel.py:144: UserWarning: `sklearn.utils.parallel.delayed` should be used with `sklearn.utils.parallel.Parallel` to make it possible to propagate the scikit-learn configuration of the current thread to the joblib workers.
  warnings.warn(
/Users/harekrishna/Downloads/discover_ai_credit_experiment_v2/.venv/lib/python3.12/site-packages/sklearn/utils/parallel.py:144: UserWarning: `sklearn.utils.parallel.delayed` should be used with `sklearn.utils.parallel.Parallel` to make it possible to propagate the scikit-learn configuration of the current thread to the joblib workers.
  warnings.warn(
/Users/harekrishna/Downloads/discover_ai_credit_experiment_v2/.venv/lib/python3.12/site-packages/sklearn/utils/parallel.py:144: UserWarning: `sklearn.utils.parallel.delayed` should be used with `sklearn.utils.parallel.Parallel` to make it possible to propagate the scikit-learn configuration of the current thread to the joblib workers.
  warnings.warn(
/Users/harekrishna/Downloads/discover_ai_credit_experiment_v2/.venv/lib/python3.12/site-packages/sklearn/utils/parallel.py:144: UserWarning: `sklearn.utils.parallel.delayed` should be used with `sklearn.utils.parallel.Parallel` to make it possible to propagate the scikit-learn configuration of the current thread to the joblib workers.
  warnings.warn(
/Users/harekrishna/Downloads/discover_ai_credit_experiment_v2/.venv/lib/python3.12/site-packages/sklearn/utils/parallel.py:144: UserWarning: `sklearn.utils.parallel.delayed` should be used with `sklearn.utils.parallel.Parallel` to make it possible to propagate the scikit-learn configuration of the current thread to the joblib workers.
  warnings.warn(
/Users/harekrishna/Downloads/discover_ai_credit_experiment_v2/.venv/lib/python3.12/site-packages/sklearn/utils/parallel.py:144: UserWarning: `sklearn.utils.parallel.delayed` should be used with `sklearn.utils.parallel.Parallel` to make it possible to propagate the scikit-learn configuration of the current thread to the joblib workers.
  warnings.warn(
/Users/harekrishna/Downloads/discover_ai_credit_experiment_v2/.venv/lib/python3.12/site-packages/sklearn/utils/parallel.py:144: UserWarning: `sklearn.utils.parallel.delayed` should be used with `sklearn.utils.parallel.Parallel` to make it possible to propagate the scikit-learn configuration of the current thread to the joblib workers.
  warnings.warn(
/Users/harekrishna/Downloads/discover_ai_credit_experiment_v2/.venv/lib/python3.12/site-packages/sklearn/utils/parallel.py:144: UserWarning: `sklearn.utils.parallel.delayed` should be used with `sklearn.utils.parallel.Parallel` to make it possible to propagate the scikit-learn configuration of the current thread to the joblib workers.
  warnings.warn(
/Users/harekrishna/Downloads/discover_ai_credit_experiment_v2/.venv/lib/python3.12/site-packages/sklearn/utils/parallel.py:144: UserWarning: `sklearn.utils.parallel.delayed` should be used with `sklearn.utils.parallel.Parallel` to make it possible to propagate the scikit-learn configuration of the current thread to the joblib workers.
  warnings.warn(
/Users/harekrishna/Downloads/discover_ai_credit_experiment_v2/.venv/lib/python3.12/site-packages/sklearn/utils/parallel.py:144: UserWarning: `sklearn.utils.parallel.delayed` should be used with `sklearn.utils.parallel.Parallel` to make it possible to propagate the scikit-learn configuration of the current thread to the joblib workers.
  warnings.warn(
/Users/harekrishna/Downloads/discover_ai_credit_experiment_v2/.venv/lib/python3.12/site-packages/sklearn/utils/parallel.py:144: UserWarning: `sklearn.utils.parallel.delayed` should be used with `sklearn.utils.parallel.Parallel` to make it possible to propagate the scikit-learn configuration of the current thread to the joblib workers.
  warnings.warn(
/Users/harekrishna/Downloads/discover_ai_credit_experiment_v2/.venv/lib/python3.12/site-packages/sklearn/utils/parallel.py:144: UserWarning: `sklearn.utils.parallel.delayed` should be used with `sklearn.utils.parallel.Parallel` to make it possible to propagate the scikit-learn configuration of the current thread to the joblib workers.
  warnings.warn(
/Users/harekrishna/Downloads/discover_ai_credit_experiment_v2/.venv/lib/python3.12/site-packages/sklearn/utils/parallel.py:144: UserWarning: `sklearn.utils.parallel.delayed` should be used with `sklearn.utils.parallel.Parallel` to make it possible to propagate the scikit-learn configuration of the current thread to the joblib workers.
  warnings.warn(
/Users/harekrishna/Downloads/discover_ai_credit_experiment_v2/.venv/lib/python3.12/site-packages/sklearn/utils/parallel.py:144: UserWarning: `sklearn.utils.parallel.delayed` should be used with `sklearn.utils.parallel.Parallel` to make it possible to propagate the scikit-learn configuration of the current thread to the joblib workers.
  warnings.warn(
/Users/harekrishna/Downloads/discover_ai_credit_experiment_v2/.venv/lib/python3.12/site-packages/sklearn/utils/parallel.py:144: UserWarning: `sklearn.utils.parallel.delayed` should be used with `sklearn.utils.parallel.Parallel` to make it possible to propagate the scikit-learn configuration of the current thread to the joblib workers.
  warnings.warn(
/Users/harekrishna/Downloads/discover_ai_credit_experiment_v2/.venv/lib/python3.12/site-packages/sklearn/utils/parallel.py:144: UserWarning: `sklearn.utils.parallel.delayed` should be used with `sklearn.utils.parallel.Parallel` to make it possible to propagate the scikit-learn configuration of the current thread to the joblib workers.
  warnings.warn(
/Users/harekrishna/Downloads/discover_ai_credit_experiment_v2/.venv/lib/python3.12/site-packages/sklearn/utils/parallel.py:144: UserWarning: `sklearn.utils.parallel.delayed` should be used with `sklearn.utils.parallel.Parallel` to make it possible to propagate the scikit-learn configuration of the current thread to the joblib workers.
  warnings.warn(
/Users/harekrishna/Downloads/discover_ai_credit_experiment_v2/.venv/lib/python3.12/site-packages/imblearn/pipeline.py:62: FutureWarning: This Pipeline instance is not fitted yet. Call 'fit' with appropriate arguments before using other methods such as transform, predict, etc. This will raise an error in 0.15 instead of the current warning.
  warnings.warn(
22:39:21  INFO      pipeline  Training Logistic Reg. …
22:39:31  INFO      pipeline  Logistic Reg. | per-model strategy=ClassWeight | OOF AUROC by strategy={'SMOTE': 0.558, 'BorderlineSMOTE': 0.5477, 'SVMSMOTE': 0.5479, 'ADASYN': 0.5561, 'None': 0.5303, 'ClassWeight': 0.5901}
22:39:31  INFO      pipeline  RandomizedSearchCV | model=Logistic Reg. strategy=ClassWeight n_iter=12
22:39:34  INFO      pipeline  Reusing verified legacy final model: Logistic Reg.
22:39:34  INFO      pipeline  Training TabNet …
22:39:35  INFO      models.tabnet_model  Apple MPS backend passed smoke test — using GPU acceleration.
22:39:35  INFO      models.tabnet_model  TabNet starting | device=mps  max_epochs=200  patience=15  batch_size=1024  n_train=140
22:39:37  INFO      models.tabnet_model  TabNet trained | device=mps  best_epoch=2  elapsed=2.2s
22:39:38  INFO      models.tabnet_model  Apple MPS backend passed smoke test — using GPU acceleration.
22:39:38  INFO      models.tabnet_model  TabNet starting | device=mps  max_epochs=200  patience=15  batch_size=1024  n_train=6040
22:40:09  INFO      models.tabnet_model  TabNet trained | device=mps  best_epoch=42  elapsed=31.2s
22:40:12  INFO      models.tabnet_model  Apple MPS backend passed smoke test — using GPU acceleration.
22:40:12  INFO      models.tabnet_model  TabNet starting | device=mps  max_epochs=200  patience=15  batch_size=1024  n_train=16816

epoch 33 | loss: 0.1474  | val_auc: 0.92769 |  0:02:17s
epoch 34 | loss: 0.14079 | val_auc: 0.934   |  0:02:21s
epoch 35 | loss: 0.13777 | val_auc: 0.93607 |  0:02:25s
epoch 36 | loss: 0.13378 | val_auc: 0.93388 |  0:02:29s
epoch 37 | loss: 0.12533 | val_auc: 0.93703 |  0:02:33s
epoch 38 | loss: 0.13953 | val_auc: 0.93864 |  0:02:37s
epoch 39 | loss: 0.11615 | val_auc: 0.93899 |  0:02:41s
epoch 40 | loss: 0.11124 | val_auc: 0.93611 |  0:02:45s
epoch 41 | loss: 0.10747 | val_auc: 0.93911 |  0:02:49s
epoch 42 | loss: 0.11364 | val_auc: 0.93767 |  0:02:54s
epoch 43 | loss: 0.10671 | val_auc: 0.93796 |  0:02:58s
epoch 44 | loss: 0.09949 | val_auc: 0.93869 |  0:03:02s
epoch 45 | loss: 0.12185 | val_auc: 0.9381  |  0:03:06s
epoch 46 | loss: 0.13916 | val_auc: 0.93531 |  0:03:10s
epoch 47 | loss: 0.1054  | val_auc: 0.93967 |  0:03:14s
epoch 48 | loss: 0.11609 | val_auc: 0.94206 |  0:03:18s
epoch 49 | loss: 0.09729 | val_auc: 0.94624 |  0:03:22s
epoch 50 | loss: 0.08535 | val_auc: 0.94476 |  0:03:26s
epoch 51 | loss: 0.09129 | val_auc: 0.94229 |  0:03:30s
epoch 52 | loss: 0.08226 | val_auc: 0.94259 |  0:03:34s
epoch 53 | loss: 0.07501 | val_auc: 0.94271 |  0:03:38s
epoch 54 | loss: 0.06806 | val_auc: 0.9411  |  0:03:42s
epoch 55 | loss: 0.08004 | val_auc: 0.93718 |  0:03:46s
epoch 56 | loss: 0.0743  | val_auc: 0.93634 |  0:03:50s
epoch 57 | loss: 0.07861 | val_auc: 0.94361 |  0:03:55s
epoch 58 | loss: 0.06587 | val_auc: 0.93107 |  0:03:59s
epoch 59 | loss: 0.0627  | val_auc: 0.94384 |  0:04:03s
epoch 60 | loss: 0.06437 | val_auc: 0.9417  |  0:04:07s
epoch 61 | loss: 0.05959 | val_auc: 0.94569 |  0:04:11s
epoch 62 | loss: 0.0544  | val_auc: 0.94401 |  0:04:15s
epoch 63 | loss: 0.05376 | val_auc: 0.9449  |  0:04:19s
epoch 64 | loss: 0.05519 | val_auc: 0.94579 |  0:04:23s

Early stopping occurred at epoch 64 with best_epoch = 49 and best_val_auc = 0.94624
Successfully saved model at /Users/harekrishna/Downloads/credit-default-xai-benchmark/code v1/results/outputs/prosper_temporal/runs/cutoff_2010-01_seed_42/models/tabnet.pkl.zip
epoch 0  | loss: 0.93526 | val_auc: 0.6     |  0:00:00s
epoch 1  | loss: 0.76622 | val_auc: 0.3     |  0:00:00s
epoch 2  | loss: 0.58104 | val_auc: 0.775   |  0:00:00s
epoch 3  | loss: 0.62329 | val_auc: 0.6     |  0:00:01s
epoch 4  | loss: 0.5455  | val_auc: 0.65    |  0:00:01s
epoch 5  | loss: 0.40038 | val_auc: 0.3     |  0:00:01s
epoch 6  | loss: 0.68867 | val_auc: 0.1     |  0:00:01s
epoch 7  | loss: 0.49969 | val_auc: 0.225   |  0:00:01s
epoch 8  | loss: 0.50138 | val_auc: 0.0     |  0:00:01s
epoch 9  | loss: 0.43501 | val_auc: 0.0     |  0:00:01s
epoch 10 | loss: 0.67413 | val_auc: 0.125   |  0:00:01s
epoch 11 | loss: 0.35735 | val_auc: 0.575   |  0:00:01s
epoch 12 | loss: 0.35454 | val_auc: 0.2     |  0:00:01s
epoch 13 | loss: 0.31087 | val_auc: 0.375   |  0:00:01s
epoch 14 | loss: 0.32741 | val_auc: 0.525   |  0:00:01s
epoch 15 | loss: 0.19735 | val_auc: 0.65    |  0:00:01s
epoch 16 | loss: 0.23405 | val_auc: 0.675   |  0:00:01s
epoch 17 | loss: 0.26024 | val_auc: 0.725   |  0:00:01s

Early stopping occurred at epoch 17 with best_epoch = 2 and best_val_auc = 0.775
epoch 0  | loss: 0.84259 | val_auc: 0.817   |  0:00:00s
epoch 1  | loss: 0.56232 | val_auc: 0.82364 |  0:00:01s
epoch 2  | loss: 0.49398 | val_auc: 0.84679 |  0:00:01s
epoch 3  | loss: 0.48195 | val_auc: 0.8676  |  0:00:02s
epoch 4  | loss: 0.40865 | val_auc: 0.89451 |  0:00:02s
epoch 5  | loss: 0.38307 | val_auc: 0.91328 |  0:00:03s
epoch 6  | loss: 0.36464 | val_auc: 0.90958 |  0:00:03s
epoch 7  | loss: 0.34698 | val_auc: 0.90903 |  0:00:04s
epoch 8  | loss: 0.34196 | val_auc: 0.92243 |  0:00:04s
epoch 9  | loss: 0.33027 | val_auc: 0.92321 |  0:00:05s
epoch 10 | loss: 0.32293 | val_auc: 0.92029 |  0:00:06s
epoch 11 | loss: 0.32228 | val_auc: 0.92233 |  0:00:06s
epoch 12 | loss: 0.31099 | val_auc: 0.92948 |  0:00:07s
epoch 13 | loss: 0.30274 | val_auc: 0.92323 |  0:00:07s
epoch 14 | loss: 0.30748 | val_auc: 0.9237  |  0:00:08s
epoch 15 | loss: 0.30784 | val_auc: 0.92215 |  0:00:08s
epoch 16 | loss: 0.30302 | val_auc: 0.93042 |  0:00:09s
epoch 17 | loss: 0.30139 | val_auc: 0.93518 |  0:00:09s
epoch 18 | loss: 0.2833  | val_auc: 0.93303 |  0:00:10s
epoch 19 | loss: 0.281   | val_auc: 0.93036 |  0:00:10s
epoch 20 | loss: 0.27513 | val_auc: 0.92962 |  0:00:11s
epoch 21 | loss: 0.26177 | val_auc: 0.93304 |  0:00:11s
epoch 22 | loss: 0.25888 | val_auc: 0.93268 |  0:00:12s
epoch 23 | loss: 0.2535  | val_auc: 0.92985 |  0:00:12s
epoch 24 | loss: 0.2559  | val_auc: 0.93005 |  0:00:13s
epoch 25 | loss: 0.25222 | val_auc: 0.92624 |  0:00:13s
epoch 26 | loss: 0.24029 | val_auc: 0.92769 |  0:00:14s
epoch 27 | loss: 0.2406  | val_auc: 0.93417 |  0:00:14s
epoch 28 | loss: 0.23182 | val_auc: 0.93643 |  0:00:15s
epoch 29 | loss: 0.22777 | val_auc: 0.9368  |  0:00:16s
epoch 30 | loss: 0.21872 | val_auc: 0.93115 |  0:00:16s
epoch 31 | loss: 0.22345 | val_auc: 0.93479 |  0:00:17s
epoch 32 | loss: 0.21995 | val_auc: 0.933   |  0:00:17s
epoch 33 | loss: 0.2241  | val_auc: 0.94197 |  0:00:18s
epoch 34 | loss: 0.20765 | val_auc: 0.93904 |  0:00:18s
epoch 35 | loss: 0.19875 | val_auc: 0.93982 |  0:00:19s
epoch 36 | loss: 0.19387 | val_auc: 0.94945 |  0:00:19s
epoch 37 | loss: 0.19604 | val_auc: 0.95062 |  0:00:20s
epoch 38 | loss: 0.19175 | val_auc: 0.95    |  0:00:20s
epoch 39 | loss: 0.18621 | val_auc: 0.95025 |  0:00:21s
epoch 40 | loss: 0.18796 | val_auc: 0.94943 |  0:00:21s
epoch 41 | loss: 0.21018 | val_auc: 0.94906 |  0:00:22s
epoch 42 | loss: 0.19098 | val_auc: 0.95427 |  0:00:22s
epoch 43 | loss: 0.18538 | val_auc: 0.94785 |  0:00:23s
epoch 44 | loss: 0.17959 | val_auc: 0.94073 |  0:00:23s
epoch 45 | loss: 0.17468 | val_auc: 0.9495  |  0:00:24s
epoch 46 | loss: 0.16053 | val_auc: 0.95085 |  0:00:24s
epoch 47 | loss: 0.16056 | val_auc: 0.94933 |  0:00:25s
epoch 48 | loss: 0.14756 | val_auc: 0.95137 |  0:00:26s
epoch 49 | loss: 0.1513  | val_auc: 0.94888 |  0:00:26s
epoch 50 | loss: 0.1485  | val_auc: 0.95408 |  0:00:27s
epoch 51 | loss: 0.14698 | val_auc: 0.95157 |  0:00:27s
epoch 52 | loss: 0.14379 | val_auc: 0.94592 |  0:00:28s
epoch 53 | loss: 0.14875 | val_auc: 0.94357 |  0:00:28s
epoch 54 | loss: 0.13956 | val_auc: 0.948   |  0:00:29s
epoch 55 | loss: 0.12862 | val_auc: 0.94812 |  0:00:29s
epoch 56 | loss: 0.12867 | val_auc: 0.95078 |  0:00:30s
epoch 57 | loss: 0.12893 | val_auc: 0.95075 |  0:00:30s

Early stopping occurred at epoch 57 with best_epoch = 42 and best_val_auc = 0.95427
epoch 0  | loss: 0.74554 | val_auc: 0.84269 |  0:00:01s
epoch 1  | loss: 0.55041 | val_auc: 0.87191 |  0:00:03s
epoch 2  | loss: 0.48987 | val_auc: 0.88934 |  0:00:05s
epoch 3  | loss: 0.45097 | val_auc: 0.89616 |  0:00:06s
epoch 4  | loss: 0.42727 | val_auc: 0.88649 |  0:00:07s
epoch 5  | loss: 0.41306 | val_auc: 0.90063 |  0:00:09s
epoch 6  | loss: 0.40461 | val_auc: 0.89811 |  0:00:10s
epoch 7  | loss: 0.39554 | val_auc: 0.91377 |  0:00:12s
epoch 8  | loss: 0.38493 | val_auc: 0.91481 |  0:00:13s
epoch 9  | loss: 0.37151 | val_auc: 0.91738 |  0:00:15s
epoch 10 | loss: 0.36854 | val_auc: 0.91478 |  0:00:16s
epoch 11 | loss: 0.3674  | val_auc: 0.91673 |  0:00:18s
epoch 12 | loss: 0.3608  | val_auc: 0.92234 |  0:00:19s
epoch 13 | loss: 0.3494  | val_auc: 0.93047 |  0:00:20s
epoch 14 | loss: 0.34746 | val_auc: 0.9246  |  0:00:22s
epoch 15 | loss: 0.35012 | val_auc: 0.92931 |  0:00:23s
epoch 16 | loss: 0.34117 | val_auc: 0.92825 |  0:00:24s
epoch 17 | loss: 0.3418  | val_auc: 0.93089 |  0:00:26s
epoch 18 | loss: 0.34271 | val_auc: 0.93408 |  0:00:27s
epoch 19 | loss: 0.33552 | val_auc: 0.9362  |  0:00:28s
epoch 20 | loss: 0.3298  | val_auc: 0.93624 |  0:00:30s
epoch 21 | loss: 0.32546 | val_auc: 0.93676 |  0:00:31s
epoch 22 | loss: 0.32228 | val_auc: 0.93636 |  0:00:33s
epoch 23 | loss: 0.328   | val_auc: 0.93705 |  0:00:34s
epoch 24 | loss: 0.31979 | val_auc: 0.93954 |  0:00:35s
epoch 25 | loss: 0.31855 | val_auc: 0.93852 |  0:00:37s
epoch 26 | loss: 0.31315 | val_auc: 0.94105 |  0:00:38s
epoch 27 | loss: 0.30806 | val_auc: 0.94176 |  0:00:39s
epoch 28 | loss: 0.30499 | val_auc: 0.939   |  0:00:41s
epoch 29 | loss: 0.31014 | val_auc: 0.93761 |  0:00:42s
epoch 30 | loss: 0.30471 | val_auc: 0.93911 |  0:00:44s22:41:40  INFO      models.tabnet_model  TabNet trained | device=mps  best_epoch=46  elapsed=87.6s
22:42:16  INFO      models.tabnet_model  Apple MPS backend passed smoke test — using GPU acceleration.
22:42:16  INFO      models.tabnet_model  TabNet starting | device=mps  max_epochs=200  patience=15  batch_size=1024  n_train=49858
22:48:29  INFO      models.tabnet_model  TabNet trained | device=mps  best_epoch=75  elapsed=373.1s
22:48:30  INFO      models.tabnet_model  TabNet model saved to /Users/harekrishna/Downloads/credit-default-xai-benchmark/code v1/results/outputs/prosper_temporal/runs/cutoff_2010-01_seed_99/models/tabnet.pkl
22:48:30  INFO      pipeline  ============================================================
22:48:30  INFO      pipeline  STAGE 4: Evaluation (selection on OOF; held-out test reporting)
22:48:30  INFO      pipeline  ============================================================
22:48:30  INFO      pipeline  XGBoost | OOF AUROC=0.6322  f1*=0.2687 @ t=0.18 | test AUROC=0.6635  F1=0.1473  MCC=0.0862
22:48:30  INFO      pipeline  LightGBM | OOF AUROC=0.6161  f1*=0.2566 @ t=0.11 | test AUROC=0.6760  F1=0.1653  MCC=0.1052
22:48:30  INFO      pipeline  CatBoost | OOF AUROC=0.6317  f1*=0.2679 @ t=0.45 | test AUROC=0.6972  F1=0.1469  MCC=0.1150
22:48:31  INFO      pipeline  Random Forest | OOF AUROC=0.5846  f1*=0.2473 @ t=0.22 | test AUROC=0.6889  F1=0.1664  MCC=0.1100
22:48:31  INFO      pipeline  Logistic Reg. | OOF AUROC=0.6236  f1*=0.2639 @ t=0.43 | test AUROC=0.7160  F1=0.1825  MCC=0.1459
22:48:31  INFO      pipeline  TabNet | OOF AUROC=0.5976  f1*=0.2525 @ t=0.06 | test AUROC=0.6475  F1=0.1273  MCC=0.0726
22:48:31  INFO      pipeline  LaTeX table → /Users/harekrishna/Downloads/credit-default-xai-benchmark/code v1/results/outputs/prosper_temporal/runs/cutoff_2010-01_seed_99/results/table2_test_metrics.tex
22:48:31  INFO      pipeline  
                AUROC   AUPRC      F1  Precision  Recall  Specificity  G-Mean     MCC   Brier
Model                                                                                        
XGBoost        0.6635  0.0967  0.1473     0.1165  0.2000       0.9105  0.4267  0.0862  0.0545
LightGBM       0.6760  0.1117  0.1653     0.1216  0.2581       0.8900  0.4792  0.1052  0.0517
CatBoost       0.6972  0.1299  0.1469     0.2000  0.1161       0.9726  0.3361  0.1150  0.0793
Random Forest  0.6889  0.1123  0.1664     0.1070  0.3742       0.8158  0.5525  0.1100  0.0613
Logistic Reg.  0.7160  0.1332  0.1825     0.2222  0.1548       0.9680  0.3872  0.1459  0.0835
TabNet         0.6475  0.1146  0.1273     0.1200  0.1355       0.9414  0.3571  0.0726  0.0688
22:48:32  INFO      visualization.plots  Fig 2 saved → /Users/harekrishna/Downloads/credit-default-xai-benchmark/code v1/results/outputs/prosper_temporal/runs/cutoff_2010-01_seed_99/figures/fig02_roc_curves.pdf
22:48:32  INFO      visualization.plots  Fig 3 saved → /Users/harekrishna/Downloads/credit-default-xai-benchmark/code v1/results/outputs/prosper_temporal/runs/cutoff_2010-01_seed_99/figures/fig03_pr_curves.pdf
22:48:32  INFO      visualization.plots  Fig 4 saved → /Users/harekrishna/Downloads/credit-default-xai-benchmark/code v1/results/outputs/prosper_temporal/runs/cutoff_2010-01_seed_99/figures/fig04_confusion_xgboost.pdf
22:56:21  INFO      pipeline  ============================================================
22:56:21  INFO      pipeline  STAGE 5: SHAP Explanations
22:56:21  INFO      pipeline  ============================================================
22:56:21  INFO      explainability.shap_explainer  SHAP TreeExplainer initialised | output_space=log_odds
22:56:21  INFO      explainability.shap_explainer  SHAP values computed | shape=(2000, 63)
22:56:21  INFO      explainability.shap_explainer  SHAP additivity check | MAE=0.00000 | PASS ✓
22:56:22  INFO      explainability.shap_explainer  Saved SHAP summary → /Users/harekrishna/Downloads/credit-default-xai-benchmark/code v1/results/outputs/prosper_temporal/runs/cutoff_2010-01_seed_99/figures/fig05a_shap_summary_XGBoost.pdf
22:56:22  INFO      explainability.shap_explainer  Saved SHAP bar → /Users/harekrishna/Downloads/credit-default-xai-benchmark/code v1/results/outputs/prosper_temporal/runs/cutoff_2010-01_seed_99/figures/fig05b_shap_bar_XGBoost.pdf
22:56:23  INFO      explainability.shap_explainer  Saved SHAP dependence → /Users/harekrishna/Downloads/credit-default-xai-benchmark/code v1/results/outputs/prosper_temporal/runs/cutoff_2010-01_seed_99/figures/fig06_shap_dep_CreditScoreRangeLower.pdf
22:56:23  INFO      pipeline  LaTeX table → /Users/harekrishna/Downloads/credit-default-xai-benchmark/code v1/results/outputs/prosper_temporal/runs/cutoff_2010-01_seed_99/results/table3_shap_ranking.tex
22:56:23  INFO      visualization.plots  Fig 8 saved → /Users/harekrishna/Downloads/credit-default-xai-benchmark/code v1/results/outputs/prosper_temporal/runs/cutoff_2010-01_seed_99/figures/fig08_importance_comparison.pdf
22:56:24  INFO      visualization.plots  Fig 9 saved → /Users/harekrishna/Downloads/credit-default-xai-benchmark/code v1/results/outputs/prosper_temporal/runs/cutoff_2010-01_seed_99/figures/fig09_threshold_sweep.pdf
22:56:24  INFO      pipeline  ============================================================
22:56:24  INFO      pipeline  STAGE 6: LIME Explanations
22:56:24  INFO      pipeline  ============================================================
22:56:24  INFO      explainability.lime_explainer  LIME tabular explainer initialised | features=63
22:56:24  INFO      pipeline  Local instances selected: {'TP': 1831, 'FP': 809, 'FN': 823, 'TN': 2359}
22:56:24  INFO      explainability.lime_explainer  Saved LIME explanation → /Users/harekrishna/Downloads/credit-default-xai-benchmark/code v1/results/outputs/prosper_temporal/runs/cutoff_2010-01_seed_99/figures/fig07_tp_lime.pdf
22:56:24  INFO      explainability.lime_explainer  Saved LIME explanation → /Users/harekrishna/Downloads/credit-default-xai-benchmark/code v1/results/outputs/prosper_temporal/runs/cutoff_2010-01_seed_99/figures/fig07_fp_lime.pdf
22:56:24  INFO      explainability.lime_explainer  Saved LIME explanation → /Users/harekrishna/Downloads/credit-default-xai-benchmark/code v1/results/outputs/prosper_temporal/runs/cutoff_2010-01_seed_99/figures/fig07_fn_lime.pdf
22:56:25  INFO      explainability.lime_explainer  Saved LIME explanation → /Users/harekrishna/Downloads/credit-default-xai-benchmark/code v1/results/outputs/prosper_temporal/runs/cutoff_2010-01_seed_99/figures/fig07_tn_lime.pdf
22:56:25  INFO      explainability.lime_explainer  Saved LIME multi-instance grid → /Users/harekrishna/Downloads/credit-default-xai-benchmark/code v1/results/outputs/prosper_temporal/runs/cutoff_2010-01_seed_99/figures/fig07_lime_multi_instance.pdf
22:56:29  INFO      explainability.lime_explainer  LIME batch complete | n=200
22:56:29  INFO      explainability.lime_explainer  SHAP–LIME agreement | mean ρ=0.398 ± 0.228
22:56:30  INFO      explainability.lime_explainer  LIME tabular explainer initialised | features=63
22:56:30  INFO      explainability.lime_explainer  LIME tabular explainer initialised | features=63
22:56:30  INFO      explainability.lime_explainer  LIME tabular explainer initialised | features=63
22:56:30  INFO      explainability.lime_explainer  LIME tabular explainer initialised | features=63
22:56:31  INFO      explainability.lime_explainer  LIME tabular explainer initialised | features=63
22:56:31  INFO      explainability.lime_explainer  LIME tabular explainer initialised | features=63
22:56:31  INFO      explainability.lime_explainer  LIME tabular explainer initialised | features=63
22:56:31  INFO      explainability.lime_explainer  LIME tabular explainer initialised | features=63
22:56:32  INFO      explainability.lime_explainer  LIME tabular explainer initialised | features=63
22:56:32  INFO      explainability.lime_explainer  LIME tabular explainer initialised | features=63
22:56:32  INFO      explainability.lime_explainer  LIME tabular explainer initialised | features=63
22:56:32  INFO      explainability.lime_explainer  LIME tabular explainer initialised | features=63
22:56:33  INFO      explainability.lime_explainer  LIME tabular explainer initialised | features=63
22:56:33  INFO      explainability.lime_explainer  LIME tabular explainer initialised | features=63
22:56:33  INFO      explainability.lime_explainer  LIME tabular explainer initialised | features=63
22:56:34  INFO      explainability.lime_explainer  LIME tabular explainer initialised | features=63
22:56:34  INFO      explainability.lime_explainer  LIME tabular explainer initialised | features=63
22:56:34  INFO      explainability.lime_explainer  LIME tabular explainer initialised | features=63
22:56:34  INFO      explainability.lime_explainer  LIME tabular explainer initialised | features=63
22:56:35  INFO      explainability.lime_explainer  LIME tabular explainer initialised | features=63
22:56:35  INFO      explainability.lime_explainer  LIME tabular explainer initialised | features=63
22:56:35  INFO      explainability.lime_explainer  LIME tabular explainer initialised | features=63
22:56:35  INFO      explainability.lime_explainer  LIME tabular explainer initialised | features=63
22:56:36  INFO      explainability.lime_explainer  LIME tabular explainer initialised | features=63
22:56:36  INFO      explainability.lime_explainer  LIME tabular explainer initialised | features=63
22:56:36  INFO      explainability.lime_explainer  LIME tabular explainer initialised | features=63
22:56:37  INFO      explainability.lime_explainer  LIME tabular explainer initialised | features=63
22:56:37  INFO      explainability.lime_explainer  LIME tabular explainer initialised | features=63
22:56:37  INFO      explainability.lime_explainer  LIME tabular explainer initialised | features=63
22:56:37  INFO      explainability.lime_explainer  LIME tabular explainer initialised | features=63
22:56:38  INFO      explainability.lime_explainer  LIME tabular explainer initialised | features=63
22:56:38  INFO      explainability.lime_explainer  LIME tabular explainer initialised | features=63
22:56:38  INFO      explainability.lime_explainer  LIME tabular explainer initialised | features=63
22:56:39  INFO      explainability.lime_explainer  LIME tabular explainer initialised | features=63
22:56:39  INFO      explainability.lime_explainer  LIME tabular explainer initialised | features=63
22:56:39  INFO      explainability.lime_explainer  LIME tabular explainer initialised | features=63
22:56:39  INFO      explainability.lime_explainer  LIME tabular explainer initialised | features=63
22:56:40  INFO      explainability.lime_explainer  LIME tabular explainer initialised | features=63
22:56:40  INFO      explainability.lime_explainer  LIME tabular explainer initialised | features=63
22:56:40  INFO      explainability.lime_explainer  LIME tabular explainer initialised | features=63
22:56:40  INFO      explainability.lime_explainer  LIME tabular explainer initialised | features=63
22:56:41  INFO      explainability.lime_explainer  LIME tabular explainer initialised | features=63
22:56:41  INFO      explainability.lime_explainer  LIME tabular explainer initialised | features=63
22:56:41  INFO      explainability.lime_explainer  LIME tabular explainer initialised | features=63
22:56:42  INFO      explainability.lime_explainer  LIME tabular explainer initialised | features=63
22:56:42  INFO      explainability.lime_explainer  LIME tabular explainer initialised | features=63
22:56:42  INFO      explainability.lime_explainer  LIME tabular explainer initialised | features=63
22:56:42  INFO      explainability.lime_explainer  LIME tabular explainer initialised | features=63
22:56:43  INFO      explainability.lime_explainer  LIME tabular explainer initialised | features=63
22:56:43  INFO      explainability.lime_explainer  LIME tabular explainer initialised | features=63
22:56:43  INFO      explainability.lime_explainer  LIME tabular explainer initialised | features=63
22:56:43  INFO      explainability.lime_explainer  LIME tabular explainer initialised | features=63
22:56:44  INFO      explainability.lime_explainer  LIME tabular explainer initialised | features=63
22:56:44  INFO      explainability.lime_explainer  LIME tabular explainer initialised | features=63
22:56:44  INFO      explainability.lime_explainer  LIME tabular explainer initialised | features=63
22:56:45  INFO      explainability.lime_explainer  LIME tabular explainer initialised | features=63
22:56:45  INFO      explainability.lime_explainer  LIME tabular explainer initialised | features=63
22:56:45  INFO      explainability.lime_explainer  LIME tabular explainer initialised | features=63
22:56:45  INFO      explainability.lime_explainer  LIME tabular explainer initialised | features=63
22:56:46  INFO      explainability.lime_explainer  LIME tabular explainer initialised | features=63
22:56:46  INFO      explainability.lime_explainer  LIME tabular explainer initialised | features=63
22:56:46  INFO      explainability.lime_explainer  LIME tabular explainer initialised | features=63
22:56:46  INFO      explainability.lime_explainer  LIME tabular explainer initialised | features=63
22:56:47  INFO      explainability.lime_explainer  LIME tabular explainer initialised | features=63
22:56:47  INFO      explainability.lime_explainer  LIME tabular explainer initialised | features=63
22:56:47  INFO      explainability.lime_explainer  LIME tabular explainer initialised | features=63
22:56:48  INFO      explainability.lime_explainer  LIME tabular explainer initialised | features=63
22:56:48  INFO      explainability.lime_explainer  LIME tabular explainer initialised | features=63
22:56:48  INFO      explainability.lime_explainer  LIME tabular explainer initialised | features=63
22:56:48  INFO      explainability.lime_explainer  LIME tabular explainer initialised | features=63
22:56:49  INFO      explainability.lime_explainer  LIME tabular explainer initialised | features=63
22:56:49  INFO      explainability.lime_explainer  LIME tabular explainer initialised | features=63
22:56:49  INFO      explainability.lime_explainer  LIME tabular explainer initialised | features=63
22:56:50  INFO      explainability.lime_explainer  LIME tabular explainer initialised | features=63
22:56:50  INFO      explainability.lime_explainer  LIME tabular explainer initialised | features=63
22:56:50  INFO      explainability.lime_explainer  LIME tabular explainer initialised | features=63
22:56:50  INFO      explainability.lime_explainer  LIME tabular explainer initialised | features=63
22:56:51  INFO      explainability.lime_explainer  LIME tabular explainer initialised | features=63
22:56:51  INFO      explainability.lime_explainer  LIME tabular explainer initialised | features=63
22:56:51  INFO      explainability.lime_explainer  LIME tabular explainer initialised | features=63
22:56:51  INFO      explainability.lime_explainer  LIME tabular explainer initialised | features=63
22:56:52  INFO      explainability.lime_explainer  LIME tabular explainer initialised | features=63
22:56:52  INFO      explainability.lime_explainer  LIME tabular explainer initialised | features=63
22:56:52  INFO      explainability.lime_explainer  LIME tabular explainer initialised | features=63
22:56:53  INFO      explainability.lime_explainer  LIME tabular explainer initialised | features=63
22:56:53  INFO      explainability.lime_explainer  LIME tabular explainer initialised | features=63
22:56:53  INFO      explainability.lime_explainer  LIME tabular explainer initialised | features=63
22:56:53  INFO      explainability.lime_explainer  LIME tabular explainer initialised | features=63
22:56:54  INFO      explainability.lime_explainer  LIME tabular explainer initialised | features=63
22:56:54  INFO      explainability.lime_explainer  LIME tabular explainer initialised | features=63
22:56:54  INFO      explainability.lime_explainer  LIME tabular explainer initialised | features=63
22:56:54  INFO      explainability.lime_explainer  LIME tabular explainer initialised | features=63
22:56:55  INFO      explainability.lime_explainer  LIME tabular explainer initialised | features=63
22:56:55  INFO      explainability.lime_explainer  LIME tabular explainer initialised | features=63
22:56:55  INFO      explainability.lime_explainer  LIME tabular explainer initialised | features=63
22:56:56  INFO      explainability.lime_explainer  LIME tabular explainer initialised | features=63
22:56:56  INFO      explainability.lime_explainer  LIME tabular explainer initialised | features=63
22:56:56  INFO      explainability.lime_explainer  LIME tabular explainer initialised | features=63
22:56:56  INFO      explainability.lime_explainer  LIME tabular explainer initialised | features=63
22:56:57  INFO      explainability.lime_explainer  LIME tabular explainer initialised | features=63
22:56:57  INFO      explainability.lime_explainer  LIME tabular explainer initialised | features=63
22:56:57  INFO      explainability.lime_explainer  LIME tabular explainer initialised | features=63
22:56:57  INFO      explainability.lime_explainer  LIME tabular explainer initialised | features=63
22:56:58  INFO      explainability.lime_explainer  LIME tabular explainer initialised | features=63
22:56:58  INFO      explainability.lime_explainer  LIME tabular explainer initialised | features=63
22:56:58  INFO      explainability.lime_explainer  LIME tabular explainer initialised | features=63
22:56:59  INFO      explainability.lime_explainer  LIME tabular explainer initialised | features=63
22:56:59  INFO      explainability.lime_explainer  LIME tabular explainer initialised | features=63
22:56:59  INFO      explainability.lime_explainer  LIME tabular explainer initialised | features=63
22:56:59  INFO      explainability.lime_explainer  LIME tabular explainer initialised | features=63
22:57:00  INFO      explainability.lime_explainer  LIME tabular explainer initialised | features=63
22:57:00  INFO      explainability.lime_explainer  LIME tabular explainer initialised | features=63
22:57:00  INFO      explainability.lime_explainer  LIME tabular explainer initialised | features=63
22:57:00  INFO      explainability.lime_explainer  LIME tabular explainer initialised | features=63
22:57:01  INFO      explainability.lime_explainer  LIME tabular explainer initialised | features=63
22:57:01  INFO      explainability.lime_explainer  LIME tabular explainer initialised | features=63
22:57:01  INFO      explainability.lime_explainer  LIME tabular explainer initialised | features=63
22:57:02  INFO      explainability.lime_explainer  LIME tabular explainer initialised | features=63
22:57:02  INFO      explainability.lime_explainer  LIME tabular explainer initialised | features=63
22:57:02  INFO      explainability.lime_explainer  LIME tabular explainer initialised | features=63
22:57:02  INFO      explainability.lime_explainer  LIME tabular explainer initialised | features=63
22:57:03  INFO      explainability.lime_explainer  LIME tabular explainer initialised | features=63
22:57:03  INFO      explainability.lime_explainer  LIME tabular explainer initialised | features=63
22:57:03  INFO      explainability.lime_explainer  LIME tabular explainer initialised | features=63
22:57:03  INFO      explainability.lime_explainer  LIME tabular explainer initialised | features=63
22:57:04  INFO      explainability.lime_explainer  LIME tabular explainer initialised | features=63
22:57:04  INFO      explainability.lime_explainer  LIME tabular explainer initialised | features=63
22:57:04  INFO      explainability.lime_explainer  LIME tabular explainer initialised | features=63
22:57:05  INFO      explainability.lime_explainer  LIME tabular explainer initialised | features=63
22:57:05  INFO      explainability.lime_explainer  LIME tabular explainer initialised | features=63
22:57:05  INFO      explainability.lime_explainer  LIME tabular explainer initialised | features=63
22:57:05  INFO      explainability.lime_explainer  LIME tabular explainer initialised | features=63
22:57:06  INFO      explainability.lime_explainer  LIME tabular explainer initialised | features=63
22:57:06  INFO      explainability.lime_explainer  LIME tabular explainer initialised | features=63
22:57:06  INFO      explainability.lime_explainer  LIME tabular explainer initialised | features=63
22:57:06  INFO      explainability.lime_explainer  LIME tabular explainer initialised | features=63
22:57:07  INFO      explainability.lime_explainer  LIME tabular explainer initialised | features=63
22:57:07  INFO      explainability.lime_explainer  LIME tabular explainer initialised | features=63
22:57:07  INFO      explainability.lime_explainer  LIME tabular explainer initialised | features=63
22:57:08  INFO      explainability.lime_explainer  LIME tabular explainer initialised | features=63
22:57:08  INFO      explainability.lime_explainer  LIME tabular explainer initialised | features=63
22:57:08  INFO      explainability.lime_explainer  LIME tabular explainer initialised | features=63
22:57:08  INFO      explainability.lime_explainer  LIME tabular explainer initialised | features=63
22:57:09  INFO      explainability.lime_explainer  LIME tabular explainer initialised | features=63
22:57:09  INFO      explainability.lime_explainer  LIME tabular explainer initialised | features=63
22:57:09  INFO      explainability.lime_explainer  LIME tabular explainer initialised | features=63
22:57:10  INFO      explainability.lime_explainer  LIME tabular explainer initialised | features=63
22:57:10  INFO      explainability.lime_explainer  LIME tabular explainer initialised | features=63
22:57:10  INFO      explainability.lime_explainer  LIME tabular explainer initialised | features=63
22:57:11  INFO      explainability.lime_explainer  LIME tabular explainer initialised | features=63
22:57:11  INFO      explainability.lime_explainer  LIME tabular explainer initialised | features=63
22:57:11  INFO      explainability.lime_explainer  LIME tabular explainer initialised | features=63
22:57:11  INFO      explainability.lime_explainer  LIME tabular explainer initialised | features=63
22:57:12  INFO      explainability.lime_explainer  LIME tabular explainer initialised | features=63
22:57:12  INFO      explainability.lime_explainer  LIME tabular explainer initialised | features=63
22:57:12  INFO      explainability.lime_explainer  LIME tabular explainer initialised | features=63
22:57:12  INFO      explainability.lime_explainer  LIME tabular explainer initialised | features=63
22:57:13  INFO      explainability.lime_explainer  LIME tabular explainer initialised | features=63
22:57:13  INFO      explainability.lime_explainer  LIME tabular explainer initialised | features=63
22:57:13  INFO      explainability.lime_explainer  LIME tabular explainer initialised | features=63
22:57:14  INFO      explainability.lime_explainer  LIME tabular explainer initialised | features=63
22:57:14  INFO      explainability.lime_explainer  LIME tabular explainer initialised | features=63
22:57:14  INFO      explainability.lime_explainer  LIME tabular explainer initialised | features=63
22:57:14  INFO      explainability.lime_explainer  LIME tabular explainer initialised | features=63
22:57:15  INFO      explainability.lime_explainer  LIME tabular explainer initialised | features=63
22:57:15  INFO      explainability.lime_explainer  LIME tabular explainer initialised | features=63
22:57:15  INFO      explainability.lime_explainer  LIME tabular explainer initialised | features=63
22:57:15  INFO      explainability.lime_explainer  LIME tabular explainer initialised | features=63
22:57:16  INFO      explainability.lime_explainer  LIME tabular explainer initialised | features=63
22:57:16  INFO      explainability.lime_explainer  LIME tabular explainer initialised | features=63
22:57:16  INFO      explainability.lime_explainer  LIME tabular explainer initialised | features=63
22:57:17  INFO      explainability.lime_explainer  LIME tabular explainer initialised | features=63
22:57:17  INFO      explainability.lime_explainer  LIME tabular explainer initialised | features=63
22:57:17  INFO      explainability.lime_explainer  LIME tabular explainer initialised | features=63
22:57:17  INFO      explainability.lime_explainer  LIME tabular explainer initialised | features=63
22:57:18  INFO      explainability.lime_explainer  LIME tabular explainer initialised | features=63
22:57:18  INFO      explainability.lime_explainer  LIME tabular explainer initialised | features=63
22:57:18  INFO      explainability.lime_explainer  LIME tabular explainer initialised | features=63
22:57:18  INFO      explainability.lime_explainer  LIME tabular explainer initialised | features=63
22:57:19  INFO      explainability.lime_explainer  LIME tabular explainer initialised | features=63
22:57:19  INFO      explainability.lime_explainer  LIME tabular explainer initialised | features=63
22:57:19  INFO      explainability.lime_explainer  LIME tabular explainer initialised | features=63
22:57:20  INFO      explainability.lime_explainer  LIME tabular explainer initialised | features=63
22:57:20  INFO      explainability.lime_explainer  LIME tabular explainer initialised | features=63
22:57:20  INFO      explainability.lime_explainer  LIME tabular explainer initialised | features=63
22:57:20  INFO      explainability.lime_explainer  LIME tabular explainer initialised | features=63
22:57:21  INFO      explainability.lime_explainer  LIME tabular explainer initialised | features=63
22:57:21  INFO      explainability.lime_explainer  LIME tabular explainer initialised | features=63
22:57:21  INFO      explainability.lime_explainer  LIME tabular explainer initialised | features=63
22:57:21  INFO      explainability.lime_explainer  LIME tabular explainer initialised | features=63
22:57:22  INFO      explainability.lime_explainer  LIME tabular explainer initialised | features=63
22:57:22  INFO      explainability.lime_explainer  LIME tabular explainer initialised | features=63
22:57:22  INFO      explainability.lime_explainer  LIME tabular explainer initialised | features=63
22:57:23  INFO      explainability.lime_explainer  LIME tabular explainer initialised | features=63
22:57:23  INFO      explainability.lime_explainer  LIME tabular explainer initialised | features=63
22:57:23  INFO      explainability.lime_explainer  LIME tabular explainer initialised | features=63
22:57:23  INFO      explainability.lime_explainer  LIME tabular explainer initialised | features=63
22:57:24  INFO      explainability.lime_explainer  LIME tabular explainer initialised | features=63
22:57:24  INFO      explainability.lime_explainer  LIME tabular explainer initialised | features=63
22:57:24  INFO      explainability.lime_explainer  LIME tabular explainer initialised | features=63
22:57:24  INFO      explainability.lime_explainer  LIME tabular explainer initialised | features=63
22:57:25  INFO      explainability.lime_explainer  LIME tabular explainer initialised | features=63
22:57:25  INFO      explainability.lime_explainer  LIME tabular explainer initialised | features=63
22:57:25  INFO      explainability.lime_explainer  LIME tabular explainer initialised | features=63
22:57:26  INFO      explainability.lime_explainer  LIME tabular explainer initialised | features=63
22:57:26  INFO      explainability.lime_explainer  LIME tabular explainer initialised | features=63
22:57:26  INFO      explainability.lime_explainer  LIME tabular explainer initialised | features=63
22:57:26  INFO      explainability.lime_explainer  LIME tabular explainer initialised | features=63
22:57:27  INFO      explainability.lime_explainer  LIME tabular explainer initialised | features=63
22:57:27  INFO      explainability.lime_explainer  LIME tabular explainer initialised | features=63
22:57:27  INFO      explainability.lime_explainer  LIME tabular explainer initialised | features=63
22:57:27  INFO      explainability.lime_explainer  LIME tabular explainer initialised | features=63
22:57:28  INFO      explainability.lime_explainer  LIME tabular explainer initialised | features=63
22:57:28  INFO      explainability.lime_explainer  LIME tabular explainer initialised | features=63
22:57:28  INFO      explainability.lime_explainer  LIME tabular explainer initialised | features=63
22:57:29  INFO      explainability.lime_explainer  LIME tabular explainer initialised | features=63
22:57:29  INFO      explainability.lime_explainer  LIME tabular explainer initialised | features=63
22:57:29  INFO      explainability.lime_explainer  LIME tabular explainer initialised | features=63
22:57:29  INFO      explainability.lime_explainer  LIME tabular explainer initialised | features=63
22:57:30  INFO      explainability.lime_explainer  LIME tabular explainer initialised | features=63
22:57:30  INFO      explainability.lime_explainer  LIME tabular explainer initialised | features=63
22:57:30  INFO      explainability.lime_explainer  LIME tabular explainer initialised | features=63
22:57:31  INFO      explainability.lime_explainer  LIME tabular explainer initialised | features=63
22:57:31  INFO      explainability.lime_explainer  LIME tabular explainer initialised | features=63
22:57:31  INFO      explainability.lime_explainer  LIME tabular explainer initialised | features=63
22:57:31  INFO      explainability.lime_explainer  LIME tabular explainer initialised | features=63
22:57:32  INFO      explainability.lime_explainer  LIME tabular explainer initialised | features=63
22:57:32  INFO      explainability.lime_explainer  LIME tabular explainer initialised | features=63
22:57:32  INFO      explainability.lime_explainer  LIME tabular explainer initialised | features=63
22:57:32  INFO      explainability.lime_explainer  LIME tabular explainer initialised | features=63
22:57:33  INFO      explainability.lime_explainer  LIME tabular explainer initialised | features=63
22:57:33  INFO      explainability.lime_explainer  LIME tabular explainer initialised | features=63
22:57:33  INFO      explainability.lime_explainer  LIME tabular explainer initialised | features=63
22:57:34  INFO      explainability.lime_explainer  LIME tabular explainer initialised | features=63
22:57:34  INFO      explainability.lime_explainer  LIME tabular explainer initialised | features=63
22:57:34  INFO      explainability.lime_explainer  LIME tabular explainer initialised | features=63
22:57:34  INFO      explainability.lime_explainer  LIME tabular explainer initialised | features=63
22:57:35  INFO      explainability.lime_explainer  LIME tabular explainer initialised | features=63
22:57:35  INFO      explainability.lime_explainer  LIME tabular explainer initialised | features=63
22:57:35  INFO      explainability.lime_explainer  LIME tabular explainer initialised | features=63
22:57:35  INFO      explainability.lime_explainer  LIME tabular explainer initialised | features=63
22:57:36  INFO      explainability.lime_explainer  LIME tabular explainer initialised | features=63
22:57:36  INFO      explainability.lime_explainer  LIME tabular explainer initialised | features=63
22:57:36  INFO      explainability.lime_explainer  LIME tabular explainer initialised | features=63
22:57:37  INFO      explainability.lime_explainer  LIME tabular explainer initialised | features=63
22:57:37  INFO      explainability.lime_explainer  LIME tabular explainer initialised | features=63
22:57:37  INFO      explainability.lime_explainer  LIME tabular explainer initialised | features=63
22:57:37  INFO      explainability.lime_explainer  LIME tabular explainer initialised | features=63
22:57:38  INFO      explainability.lime_explainer  LIME tabular explainer initialised | features=63
22:57:38  INFO      explainability.lime_explainer  LIME tabular explainer initialised | features=63
22:57:38  INFO      explainability.lime_explainer  LIME tabular explainer initialised | features=63
22:57:38  INFO      explainability.lime_explainer  LIME tabular explainer initialised | features=63
22:57:39  INFO      explainability.lime_explainer  LIME tabular explainer initialised | features=63
22:57:39  INFO      explainability.lime_explainer  LIME tabular explainer initialised | features=63
22:57:39  INFO      explainability.lime_explainer  LIME tabular explainer initialised | features=63
22:57:40  INFO      explainability.lime_explainer  LIME tabular explainer initialised | features=63
22:57:40  INFO      explainability.lime_explainer  LIME tabular explainer initialised | features=63
22:57:40  INFO      explainability.lime_explainer  LIME tabular explainer initialised | features=63
22:57:40  INFO      explainability.lime_explainer  LIME tabular explainer initialised | features=63
22:57:41  INFO      explainability.lime_explainer  LIME tabular explainer initialised | features=63
22:57:41  INFO      explainability.lime_explainer  LIME tabular explainer initialised | features=63
22:57:41  INFO      explainability.lime_explainer  LIME tabular explainer initialised | features=63
22:57:41  INFO      explainability.lime_explainer  LIME tabular explainer initialised | features=63
22:57:42  INFO      explainability.lime_explainer  LIME tabular explainer initialised | features=63
22:57:42  INFO      explainability.lime_explainer  LIME tabular explainer initialised | features=63
22:57:42  INFO      explainability.lime_explainer  LIME tabular explainer initialised | features=63
22:57:43  INFO      explainability.lime_explainer  LIME tabular explainer initialised | features=63
22:57:43  INFO      explainability.lime_explainer  LIME tabular explainer initialised | features=63
22:57:43  INFO      explainability.lime_explainer  LIME tabular explainer initialised | features=63
22:57:43  INFO      explainability.lime_explainer  LIME tabular explainer initialised | features=63
22:57:44  INFO      explainability.lime_explainer  LIME tabular explainer initialised | features=63
22:57:44  INFO      explainability.lime_explainer  LIME tabular explainer initialised | features=63
22:57:44  INFO      explainability.lime_explainer  LIME tabular explainer initialised | features=63
22:57:45  INFO      explainability.lime_explainer  LIME tabular explainer initialised | features=63
22:57:45  INFO      explainability.lime_explainer  LIME tabular explainer initialised | features=63
22:57:45  INFO      explainability.lime_explainer  LIME tabular explainer initialised | features=63
22:57:45  INFO      explainability.lime_explainer  LIME tabular explainer initialised | features=63
22:57:46  INFO      explainability.lime_explainer  LIME tabular explainer initialised | features=63
22:57:46  INFO      explainability.lime_explainer  LIME tabular explainer initialised | features=63
22:57:46  INFO      explainability.lime_explainer  LIME tabular explainer initialised | features=63
22:57:46  INFO      explainability.lime_explainer  LIME tabular explainer initialised | features=63
22:57:47  INFO      explainability.lime_explainer  LIME tabular explainer initialised | features=63
22:57:47  INFO      explainability.lime_explainer  LIME tabular explainer initialised | features=63
22:57:47  INFO      explainability.lime_explainer  LIME tabular explainer initialised | features=63
22:57:48  INFO      explainability.lime_explainer  LIME tabular explainer initialised | features=63
22:57:48  INFO      explainability.lime_explainer  LIME tabular explainer initialised | features=63
22:57:48  INFO      explainability.lime_explainer  LIME tabular explainer initialised | features=63
22:57:48  INFO      explainability.lime_explainer  LIME tabular explainer initialised | features=63
22:57:49  INFO      explainability.lime_explainer  LIME tabular explainer initialised | features=63
22:57:49  INFO      explainability.lime_explainer  LIME tabular explainer initialised | features=63
22:57:49  INFO      explainability.lime_explainer  LIME tabular explainer initialised | features=63
22:57:49  INFO      explainability.lime_explainer  LIME tabular explainer initialised | features=63
22:57:50  INFO      explainability.lime_explainer  LIME tabular explainer initialised | features=63
22:57:50  INFO      explainability.lime_explainer  LIME tabular explainer initialised | features=63
22:57:50  INFO      explainability.lime_explainer  LIME tabular explainer initialised | features=63
22:57:51  INFO      explainability.lime_explainer  LIME tabular explainer initialised | features=63
22:57:51  INFO      explainability.lime_explainer  LIME tabular explainer initialised | features=63
22:57:51  INFO      explainability.lime_explainer  LIME tabular explainer initialised | features=63
22:57:51  INFO      explainability.lime_explainer  LIME tabular explainer initialised | features=63
22:57:52  INFO      explainability.lime_explainer  LIME tabular explainer initialised | features=63
22:57:52  INFO      pipeline  LaTeX table → /Users/harekrishna/Downloads/credit-default-xai-benchmark/code v1/results/outputs/prosper_temporal/runs/cutoff_2010-01_seed_99/results/table5_explanation_quality.tex
22:57:52  INFO      pipeline  LaTeX table → /Users/harekrishna/Downloads/credit-default-xai-benchmark/code v1/results/outputs/prosper_temporal/runs/cutoff_2010-01_seed_99/results/table4_shap_lime_agreement.tex
22:57:52  INFO      pipeline  ============================================================
22:57:52  INFO      pipeline  STAGE 7: Revision Analyses
22:57:52  INFO      pipeline  ============================================================
22:58:13  INFO      pipeline  Reusing identical OOF pipeline fit.
22:59:01  INFO      pipeline  RUN cutoff_2010-01_seed_99 COMPLETE | champion XGBoost | OOF AUROC 0.6322 | test AUROC 0.6635
22:59:01  INFO      pipeline  ╔══════════════════════════════════════════════╗
22:59:01  INFO      pipeline  ║  Credit Default Prediction with XAI (v3)     ║
22:59:01  INFO      pipeline  ║  Dataset: prosper                            ║
22:59:01  INFO      pipeline  ║  Run: cutoff_2010-07_seed_42                 ║
22:59:01  INFO      pipeline  ╚══════════════════════════════════════════════╝
22:59:01  INFO      pipeline  ============================================================
22:59:01  INFO      pipeline  STAGE 1: Data Loading, Labelling & Partitioning
22:59:01  INFO      pipeline  ============================================================
22:59:01  INFO      data.data_loader  Loading Prosper loans from /Users/harekrishna/Downloads/credit-default-xai-benchmark/code v1/data/prosperLoanData.csv
22:59:03  INFO      data.data_loader  Prosper: 113937 rows, 113066 after LoanKey de-duplication
22:59:03  INFO      data.data_loader  Prosper horizon label (H=12 months, snapshot 2014-03-12): 72067 labelled, 40999 censored, default rate 9.70%
22:59:03  INFO      data.data_loader  Skipping UCI-specific engineered features; required columns not present.
22:59:03  INFO      data.data_loader  Skipping UCI-specific engineered features; required columns not present.
22:59:03  INFO      data.data_loader  Dataset loaded | prosper | train=28948  test=2870 | default rate train=13.84% test=5.82% | 8 nominal, 33 continuous
22:59:03  INFO      pipeline  Imbalance stats (train): {"n_total": 28948, "n_majority": 24941, "n_minority": 4007, "imbalance_ratio": 6.2244, "minority_pct": 13.84}
22:59:03  INFO      visualization.plots  Fig 1 saved → /Users/harekrishna/Downloads/credit-default-xai-benchmark/code v1/results/outputs/prosper_temporal/runs/cutoff_2010-07_seed_42/figures/fig01_class_distribution.pdf
22:59:03  INFO      pipeline  ============================================================
22:59:03  INFO      pipeline  STAGE 2: Imbalance Strategy Ablation (selected on OOF AUROC)
22:59:03  INFO      pipeline  ============================================================
22:59:15  INFO      pipeline  Ablation | SMOTE            | OOF AUROC=0.6006  test AUROC=0.6771
22:59:27  INFO      pipeline  Ablation | BorderlineSMOTE  | OOF AUROC=0.6148  test AUROC=0.6700
23:00:16  INFO      pipeline  Ablation | SVMSMOTE         | OOF AUROC=0.6076  test AUROC=0.6876
23:00:27  INFO      pipeline  Ablation | ADASYN           | OOF AUROC=0.5907  test AUROC=0.6719
23:00:31  INFO      pipeline  Ablation | None             | OOF AUROC=0.5975  test AUROC=0.6704
23:00:32  INFO      pipeline  Ablation | ClassWeight      | OOF AUROC=0.5260  test AUROC=0.6055
23:00:32  INFO      pipeline  Best imbalance strategy (OOF AUROC): BorderlineSMOTE → 0.6148 [probe: LightGBM]
23:00:32  INFO      pipeline  ============================================================
23:00:32  INFO      pipeline  STAGE 3: Model Training (training CV selection, OOF predictions, refit)
23:00:32  INFO      pipeline  ============================================================
23:00:32  INFO      pipeline  Training XGBoost …
23:00:52  INFO      pipeline  XGBoost | per-model strategy=ClassWeight | OOF AUROC by strategy={'SMOTE': 0.6065, 'BorderlineSMOTE': 0.6149, 'SVMSMOTE': 0.6135, 'ADASYN': 0.6072, 'None': 0.6028, 'ClassWeight': 0.6222}
23:00:52  INFO      pipeline  RandomizedSearchCV | model=XGBoost strategy=ClassWeight n_iter=12
23:01:09  INFO      pipeline  Training LightGBM …
23:01:09  INFO      pipeline  Reusing identical OOF pipeline fit.
23:01:09  INFO      pipeline  Reusing identical OOF pipeline fit.
23:01:09  INFO      pipeline  Reusing identical OOF pipeline fit.
23:01:09  INFO      pipeline  Reusing identical OOF pipeline fit.
23:01:09  INFO      pipeline  Reusing identical OOF pipeline fit.
23:01:09  INFO      pipeline  Reusing identical OOF pipeline fit.
23:01:09  INFO      pipeline  LightGBM | per-model strategy=BorderlineSMOTE | OOF AUROC by strategy={'SMOTE': 0.6006, 'BorderlineSMOTE': 0.6148, 'SVMSMOTE': 0.6076, 'ADASYN': 0.5907, 'None': 0.5975, 'ClassWeight': 0.526}
23:01:09  INFO      pipeline  RandomizedSearchCV | model=LightGBM strategy=BorderlineSMOTE n_iter=12
23:02:39  INFO      pipeline  Training CatBoost …
23:03:08  INFO      pipeline  CatBoost | per-model strategy=BorderlineSMOTE | OOF AUROC by strategy={'SMOTE': 0.609, 'BorderlineSMOTE': 0.6168, 'SVMSMOTE': 0.6134, 'ADASYN': 0.6054, 'None': 0.6053, 'ClassWeight': 0.6056}
23:03:08  INFO      pipeline  RandomizedSearchCV | model=CatBoost strategy=BorderlineSMOTE n_iter=12
23:04:26  INFO      pipeline  Training Random Forest …
23:04:49  INFO      pipeline  Random Forest | per-model strategy=ClassWeight | OOF AUROC by strategy={'SMOTE': 0.5666, 'BorderlineSMOTE': 0.5623, 'SVMSMOTE': 0.5679, 'ADASYN': 0.5606, 'None': 0.564, 'ClassWeight': 0.5757}
23:04:49  INFO      pipeline  RandomizedSearchCV | model=Random Forest strategy=ClassWeight n_iter=12
23:05:45  INFO      pipeline  Training Logistic Reg. …
23:05:55  INFO      pipeline  Logistic Reg. | per-model strategy=ClassWeight | OOF AUROC by strategy={'SMOTE': 0.5609, 'BorderlineSMOTE': 0.5396, 'SVMSMOTE': 0.5501, 'ADASYN': 0.5569, 'None': 0.5304, 'ClassWeight': 0.5903}
23:05:55  INFO      pipeline  RandomizedSearchCV | model=Logistic Reg. strategy=ClassWeight n_iter=12
23:05:59  INFO      pipeline  Reusing verified legacy final model: Logistic Reg.
23:05:59  INFO      pipeline  Training TabNet …
23:05:59  INFO      models.tabnet_model  Apple MPS backend passed smoke test — using GPU acceleration.
23:05:59  INFO      models.tabnet_model  TabNet starting | device=mps  max_epochs=200  patience=15  batch_size=1024  n_train=202

epoch 31 | loss: 0.29484 | val_auc: 0.94139 |  0:00:45s
epoch 32 | loss: 0.29001 | val_auc: 0.94155 |  0:00:46s
epoch 33 | loss: 0.29073 | val_auc: 0.94485 |  0:00:48s
epoch 34 | loss: 0.28484 | val_auc: 0.94119 |  0:00:49s
epoch 35 | loss: 0.28393 | val_auc: 0.9409  |  0:00:50s
epoch 36 | loss: 0.28459 | val_auc: 0.93391 |  0:00:52s
epoch 37 | loss: 0.27997 | val_auc: 0.93803 |  0:00:53s
epoch 38 | loss: 0.27779 | val_auc: 0.93809 |  0:00:55s
epoch 39 | loss: 0.28649 | val_auc: 0.94036 |  0:00:56s
epoch 40 | loss: 0.27951 | val_auc: 0.9437  |  0:00:57s
epoch 41 | loss: 0.27669 | val_auc: 0.944   |  0:00:59s
epoch 42 | loss: 0.27281 | val_auc: 0.94406 |  0:01:00s
epoch 43 | loss: 0.26951 | val_auc: 0.94293 |  0:01:01s
epoch 44 | loss: 0.26263 | val_auc: 0.94163 |  0:01:03s
epoch 45 | loss: 0.25905 | val_auc: 0.94216 |  0:01:04s
epoch 46 | loss: 0.2516  | val_auc: 0.94595 |  0:01:06s
epoch 47 | loss: 0.24797 | val_auc: 0.94391 |  0:01:07s
epoch 48 | loss: 0.2426  | val_auc: 0.94439 |  0:01:08s
epoch 49 | loss: 0.23811 | val_auc: 0.94356 |  0:01:10s
epoch 50 | loss: 0.2406  | val_auc: 0.94592 |  0:01:11s
epoch 51 | loss: 0.24172 | val_auc: 0.94585 |  0:01:13s
epoch 52 | loss: 0.22906 | val_auc: 0.94438 |  0:01:14s
epoch 53 | loss: 0.22441 | val_auc: 0.94204 |  0:01:15s
epoch 54 | loss: 0.22563 | val_auc: 0.94545 |  0:01:17s
epoch 55 | loss: 0.21525 | val_auc: 0.94483 |  0:01:18s
epoch 56 | loss: 0.21172 | val_auc: 0.94524 |  0:01:19s
epoch 57 | loss: 0.21227 | val_auc: 0.9448  |  0:01:21s
epoch 58 | loss: 0.21043 | val_auc: 0.94442 |  0:01:22s
epoch 59 | loss: 0.20936 | val_auc: 0.94575 |  0:01:23s
epoch 60 | loss: 0.20744 | val_auc: 0.94285 |  0:01:25s
epoch 61 | loss: 0.1976  | val_auc: 0.94547 |  0:01:26s

Early stopping occurred at epoch 61 with best_epoch = 46 and best_val_auc = 0.94595
epoch 0  | loss: 0.60904 | val_auc: 0.85892 |  0:00:04s
epoch 1  | loss: 0.45495 | val_auc: 0.8779  |  0:00:08s
epoch 2  | loss: 0.43822 | val_auc: 0.88204 |  0:00:12s
epoch 3  | loss: 0.43082 | val_auc: 0.88965 |  0:00:16s
epoch 4  | loss: 0.41581 | val_auc: 0.89333 |  0:00:20s
epoch 5  | loss: 0.40981 | val_auc: 0.8987  |  0:00:24s
epoch 6  | loss: 0.39889 | val_auc: 0.89739 |  0:00:28s
epoch 7  | loss: 0.39177 | val_auc: 0.90472 |  0:00:32s
epoch 8  | loss: 0.38681 | val_auc: 0.91142 |  0:00:36s
epoch 9  | loss: 0.37402 | val_auc: 0.91111 |  0:00:40s
epoch 10 | loss: 0.37651 | val_auc: 0.91063 |  0:00:44s
epoch 11 | loss: 0.37805 | val_auc: 0.91702 |  0:00:48s
epoch 12 | loss: 0.36539 | val_auc: 0.91361 |  0:00:52s
epoch 13 | loss: 0.36114 | val_auc: 0.90742 |  0:00:56s
epoch 14 | loss: 0.3597  | val_auc: 0.91867 |  0:01:00s
epoch 15 | loss: 0.35201 | val_auc: 0.92345 |  0:01:04s
epoch 16 | loss: 0.34659 | val_auc: 0.92825 |  0:01:08s
epoch 17 | loss: 0.33711 | val_auc: 0.92748 |  0:01:12s
epoch 18 | loss: 0.34433 | val_auc: 0.92448 |  0:01:16s
epoch 19 | loss: 0.34518 | val_auc: 0.92399 |  0:01:21s
epoch 20 | loss: 0.33614 | val_auc: 0.93005 |  0:01:25s
epoch 21 | loss: 0.33145 | val_auc: 0.92955 |  0:01:29s
epoch 22 | loss: 0.32478 | val_auc: 0.9305  |  0:01:33s
epoch 23 | loss: 0.32469 | val_auc: 0.92746 |  0:01:37s
epoch 24 | loss: 0.3291  | val_auc: 0.93177 |  0:01:41s
epoch 25 | loss: 0.31212 | val_auc: 0.93218 |  0:01:45s
epoch 26 | loss: 0.3075  | val_auc: 0.92392 |  0:01:49s
epoch 27 | loss: 0.32365 | val_auc: 0.93466 |  0:01:53s
epoch 28 | loss: 0.30509 | val_auc: 0.93271 |  0:01:57s
epoch 29 | loss: 0.29731 | val_auc: 0.93977 |  0:02:01s
epoch 30 | loss: 0.28763 | val_auc: 0.93707 |  0:02:05s
epoch 31 | loss: 0.27627 | val_auc: 0.94038 |  0:02:09s
epoch 32 | loss: 0.26723 | val_auc: 0.93969 |  0:02:14s
epoch 33 | loss: 0.25961 | val_auc: 0.94105 |  0:02:18s
epoch 34 | loss: 0.26588 | val_auc: 0.93159 |  0:02:22s
epoch 35 | loss: 0.25362 | val_auc: 0.93902 |  0:02:26s
epoch 36 | loss: 0.24031 | val_auc: 0.94074 |  0:02:30s
epoch 37 | loss: 0.24138 | val_auc: 0.94056 |  0:02:34s
epoch 38 | loss: 0.22985 | val_auc: 0.9447  |  0:02:38s
epoch 39 | loss: 0.21967 | val_auc: 0.94274 |  0:02:42s
epoch 40 | loss: 0.21159 | val_auc: 0.94549 |  0:02:46s
epoch 41 | loss: 0.20497 | val_auc: 0.94457 |  0:02:50s
epoch 42 | loss: 0.19687 | val_auc: 0.94721 |  0:02:54s
epoch 43 | loss: 0.1926  | val_auc: 0.94081 |  0:02:59s
epoch 44 | loss: 0.18794 | val_auc: 0.93849 |  0:03:03s
epoch 45 | loss: 0.18043 | val_auc: 0.9456  |  0:03:08s
epoch 46 | loss: 0.1688  | val_auc: 0.94469 |  0:03:12s
epoch 47 | loss: 0.15931 | val_auc: 0.94528 |  0:03:16s
epoch 48 | loss: 0.15665 | val_auc: 0.94549 |  0:03:20s
epoch 49 | loss: 0.1427  | val_auc: 0.9457  |  0:03:24s
epoch 50 | loss: 0.1409  | val_auc: 0.94448 |  0:03:29s
epoch 51 | loss: 0.13451 | val_auc: 0.94336 |  0:03:33s
epoch 52 | loss: 0.12982 | val_auc: 0.94506 |  0:03:37s
epoch 53 | loss: 0.12378 | val_auc: 0.94512 |  0:03:41s
epoch 54 | loss: 0.1224  | val_auc: 0.94301 |  0:03:45s
epoch 55 | loss: 0.11375 | val_auc: 0.94403 |  0:03:49s
epoch 56 | loss: 0.11112 | val_auc: 0.94878 |  0:03:53s
epoch 57 | loss: 0.10466 | val_auc: 0.9482  |  0:03:57s
epoch 58 | loss: 0.09971 | val_auc: 0.94525 |  0:04:01s
epoch 59 | loss: 0.09618 | val_auc: 0.94623 |  0:04:05s
epoch 60 | loss: 0.09707 | val_auc: 0.94341 |  0:04:10s
epoch 61 | loss: 0.09757 | val_auc: 0.94838 |  0:04:13s
epoch 62 | loss: 0.08424 | val_auc: 0.94569 |  0:04:18s
epoch 63 | loss: 0.08515 | val_auc: 0.94665 |  0:04:21s
epoch 64 | loss: 0.08056 | val_auc: 0.94606 |  0:04:25s
epoch 65 | loss: 0.08145 | val_auc: 0.94697 |  0:04:30s
epoch 66 | loss: 0.07529 | val_auc: 0.94905 |  0:04:34s
epoch 67 | loss: 0.06986 | val_auc: 0.94686 |  0:04:38s
epoch 68 | loss: 0.07082 | val_auc: 0.9454  |  0:04:42s
epoch 69 | loss: 0.06305 | val_auc: 0.94527 |  0:04:46s
epoch 70 | loss: 0.06108 | val_auc: 0.94703 |  0:04:50s
epoch 71 | loss: 0.06294 | val_auc: 0.94682 |  0:04:54s
epoch 72 | loss: 0.06281 | val_auc: 0.94804 |  0:04:58s
epoch 73 | loss: 0.0549  | val_auc: 0.94743 |  0:05:02s
epoch 74 | loss: 0.05554 | val_auc: 0.94783 |  0:05:06s
epoch 75 | loss: 0.05668 | val_auc: 0.94921 |  0:05:10s
epoch 76 | loss: 0.05278 | val_auc: 0.94724 |  0:05:14s
epoch 77 | loss: 0.04897 | val_auc: 0.94842 |  0:05:18s
epoch 78 | loss: 0.05044 | val_auc: 0.94692 |  0:05:22s
epoch 79 | loss: 0.04846 | val_auc: 0.9452  |  0:05:26s
epoch 80 | loss: 0.04896 | val_auc: 0.94772 |  0:05:30s
epoch 81 | loss: 0.04759 | val_auc: 0.94663 |  0:05:34s
epoch 82 | loss: 0.04243 | val_auc: 0.9475  |  0:05:38s
epoch 83 | loss: 0.04602 | val_auc: 0.94464 |  0:05:42s
epoch 84 | loss: 0.06304 | val_auc: 0.94744 |  0:05:46s
epoch 85 | loss: 0.04474 | val_auc: 0.94668 |  0:05:50s
epoch 86 | loss: 0.04044 | val_auc: 0.94782 |  0:05:54s
epoch 87 | loss: 0.03851 | val_auc: 0.94869 |  0:05:58s
epoch 88 | loss: 0.04002 | val_auc: 0.94683 |  0:06:02s
epoch 89 | loss: 0.03893 | val_auc: 0.94754 |  0:06:06s
epoch 90 | loss: 0.03782 | val_auc: 0.94825 |  0:06:10s

Early stopping occurred at epoch 90 with best_epoch = 75 and best_val_auc = 0.94921
Successfully saved model at /Users/harekrishna/Downloads/credit-default-xai-benchmark/code v1/results/outputs/prosper_temporal/runs/cutoff_2010-01_seed_99/models/tabnet.pkl.zip
epoch 0  | loss: 1.4166  | val_auc: 0.7     |  0:00:00s
epoch 1  | loss: 1.09078 | val_auc: 0.56364 |  0:00:00s
epoch 2  | loss: 0.83803 | val_auc: 0.71818 |  0:00:00s
epoch 3  | loss: 0.66458 | val_auc: 0.8     |  0:00:00s
epoch 4  | loss: 0.56687 | val_auc: 0.6     |  0:00:00s
epoch 5  | loss: 0.53399 | val_auc: 0.94545 |  0:00:00s
epoch 6  | loss: 0.72656 | val_auc: 0.94545 |  0:00:00s
epoch 7  | loss: 0.59231 | val_auc: 0.98182 |  0:00:00s
epoch 8  | loss: 0.48108 | val_auc: 0.96364 |  0:00:00s
epoch 9  | loss: 0.37845 | val_auc: 0.94545 |  0:00:00s
epoch 10 | loss: 0.36983 | val_auc: 0.96364 |  0:00:00s
epoch 11 | loss: 0.49387 | val_auc: 0.95455 |  0:00:00s
epoch 12 | loss: 0.5021  | val_auc: 0.92727 |  0:00:01s
epoch 13 | loss: 0.35415 | val_auc: 0.90909 |  0:00:01s
epoch 14 | loss: 0.52266 | val_auc: 0.9     |  0:00:01s
epoch 15 | loss: 0.33394 | val_auc: 0.89091 |  0:00:01s
epoch 16 | loss: 0.35943 | val_auc: 0.9     |  0:00:01s
epoch 17 | loss: 0.33572 | val_auc: 0.93636 |  0:00:01s
epoch 18 | loss: 0.43154 | val_auc: 0.9     |  0:00:01s23:06:01  INFO      models.tabnet_model  TabNet trained | device=mps  best_epoch=7  elapsed=2.0s
23:06:01  INFO      models.tabnet_model  Apple MPS backend passed smoke test — using GPU acceleration.
23:06:01  INFO      models.tabnet_model  TabNet starting | device=mps  max_epochs=200  patience=15  batch_size=1024  n_train=6040
23:06:58  INFO      models.tabnet_model  TabNet trained | device=mps  best_epoch=89  elapsed=56.4s
23:06:59  INFO      models.tabnet_model  Apple MPS backend passed smoke test — using GPU acceleration.
23:06:59  INFO      models.tabnet_model  TabNet starting | device=mps  max_epochs=200  patience=15  batch_size=1024  n_train=16816

epoch 19 | loss: 0.37436 | val_auc: 0.90909 |  0:00:01s
epoch 20 | loss: 0.27426 | val_auc: 0.90909 |  0:00:01s
epoch 21 | loss: 0.39159 | val_auc: 0.91818 |  0:00:01s
epoch 22 | loss: 0.321   | val_auc: 0.91818 |  0:00:01s

Early stopping occurred at epoch 22 with best_epoch = 7 and best_val_auc = 0.98182
epoch 0  | loss: 1.08221 | val_auc: 0.6519  |  0:00:00s
epoch 1  | loss: 0.84357 | val_auc: 0.74512 |  0:00:01s
epoch 2  | loss: 0.71999 | val_auc: 0.74259 |  0:00:01s
epoch 3  | loss: 0.62313 | val_auc: 0.75276 |  0:00:02s
epoch 4  | loss: 0.58535 | val_auc: 0.78227 |  0:00:02s
epoch 5  | loss: 0.56677 | val_auc: 0.78305 |  0:00:03s
epoch 6  | loss: 0.52082 | val_auc: 0.80764 |  0:00:03s
epoch 7  | loss: 0.49984 | val_auc: 0.81318 |  0:00:04s
epoch 8  | loss: 0.4804  | val_auc: 0.81272 |  0:00:04s
epoch 9  | loss: 0.4694  | val_auc: 0.81239 |  0:00:05s
epoch 10 | loss: 0.45794 | val_auc: 0.83255 |  0:00:05s
epoch 11 | loss: 0.43722 | val_auc: 0.82424 |  0:00:06s
epoch 12 | loss: 0.432   | val_auc: 0.8358  |  0:00:06s
epoch 13 | loss: 0.42252 | val_auc: 0.85005 |  0:00:07s
epoch 14 | loss: 0.41951 | val_auc: 0.85517 |  0:00:07s
epoch 15 | loss: 0.40989 | val_auc: 0.84076 |  0:00:08s
epoch 16 | loss: 0.39901 | val_auc: 0.84561 |  0:00:08s
epoch 17 | loss: 0.38894 | val_auc: 0.85689 |  0:00:09s
epoch 18 | loss: 0.38352 | val_auc: 0.85324 |  0:00:09s
epoch 19 | loss: 0.37422 | val_auc: 0.85845 |  0:00:10s
epoch 20 | loss: 0.36866 | val_auc: 0.86535 |  0:00:11s
epoch 21 | loss: 0.3611  | val_auc: 0.84833 |  0:00:11s
epoch 22 | loss: 0.35064 | val_auc: 0.85369 |  0:00:12s
epoch 23 | loss: 0.35222 | val_auc: 0.85521 |  0:00:12s
epoch 24 | loss: 0.35528 | val_auc: 0.85243 |  0:00:13s
epoch 25 | loss: 0.34895 | val_auc: 0.84604 |  0:00:13s
epoch 26 | loss: 0.3438  | val_auc: 0.85801 |  0:00:14s
epoch 27 | loss: 0.33347 | val_auc: 0.86199 |  0:00:15s
epoch 28 | loss: 0.3313  | val_auc: 0.85247 |  0:00:15s
epoch 29 | loss: 0.32247 | val_auc: 0.86208 |  0:00:16s
epoch 30 | loss: 0.346   | val_auc: 0.866   |  0:00:16s
epoch 31 | loss: 0.33613 | val_auc: 0.83816 |  0:00:17s
epoch 32 | loss: 0.32162 | val_auc: 0.83279 |  0:00:17s
epoch 33 | loss: 0.31852 | val_auc: 0.84675 |  0:00:18s
epoch 34 | loss: 0.31925 | val_auc: 0.8539  |  0:00:18s
epoch 35 | loss: 0.30426 | val_auc: 0.85116 |  0:00:19s
epoch 36 | loss: 0.29696 | val_auc: 0.85837 |  0:00:19s
epoch 37 | loss: 0.29103 | val_auc: 0.86149 |  0:00:20s
epoch 38 | loss: 0.28722 | val_auc: 0.85644 |  0:00:21s
epoch 39 | loss: 0.27388 | val_auc: 0.86628 |  0:00:21s
epoch 40 | loss: 0.26956 | val_auc: 0.85951 |  0:00:22s
epoch 41 | loss: 0.28243 | val_auc: 0.87326 |  0:00:23s
epoch 42 | loss: 0.28234 | val_auc: 0.88081 |  0:00:23s
epoch 43 | loss: 0.27972 | val_auc: 0.88897 |  0:00:24s
epoch 44 | loss: 0.27527 | val_auc: 0.88443 |  0:00:24s
epoch 45 | loss: 0.2614  | val_auc: 0.89029 |  0:00:25s
epoch 46 | loss: 0.2652  | val_auc: 0.88377 |  0:00:25s
epoch 47 | loss: 0.2601  | val_auc: 0.89204 |  0:00:26s
epoch 48 | loss: 0.24391 | val_auc: 0.89817 |  0:00:26s
epoch 49 | loss: 0.2358  | val_auc: 0.90607 |  0:00:27s
epoch 50 | loss: 0.22705 | val_auc: 0.90715 |  0:00:28s
epoch 51 | loss: 0.21896 | val_auc: 0.90248 |  0:00:28s
epoch 52 | loss: 0.21877 | val_auc: 0.90762 |  0:00:29s
epoch 53 | loss: 0.21485 | val_auc: 0.90866 |  0:00:29s
epoch 54 | loss: 0.21448 | val_auc: 0.90184 |  0:00:30s
epoch 55 | loss: 0.21049 | val_auc: 0.9032  |  0:00:30s
epoch 56 | loss: 0.22395 | val_auc: 0.90027 |  0:00:31s
epoch 57 | loss: 0.21567 | val_auc: 0.90072 |  0:00:31s
epoch 58 | loss: 0.22444 | val_auc: 0.89941 |  0:00:32s
epoch 59 | loss: 0.21902 | val_auc: 0.90185 |  0:00:32s
epoch 60 | loss: 0.22656 | val_auc: 0.89608 |  0:00:33s
epoch 61 | loss: 0.21728 | val_auc: 0.90288 |  0:00:33s
epoch 62 | loss: 0.21067 | val_auc: 0.90591 |  0:00:34s
epoch 63 | loss: 0.20164 | val_auc: 0.90809 |  0:00:34s
epoch 64 | loss: 0.19756 | val_auc: 0.91499 |  0:00:35s
epoch 65 | loss: 0.18809 | val_auc: 0.91254 |  0:00:35s
epoch 66 | loss: 0.19071 | val_auc: 0.91826 |  0:00:36s
epoch 67 | loss: 0.18716 | val_auc: 0.91121 |  0:00:36s
epoch 68 | loss: 0.18736 | val_auc: 0.91494 |  0:00:37s
epoch 69 | loss: 0.18159 | val_auc: 0.90447 |  0:00:37s
epoch 70 | loss: 0.18393 | val_auc: 0.90712 |  0:00:38s
epoch 71 | loss: 0.18188 | val_auc: 0.91032 |  0:00:38s
epoch 72 | loss: 0.1844  | val_auc: 0.90887 |  0:00:39s
epoch 73 | loss: 0.17335 | val_auc: 0.91414 |  0:00:39s
epoch 74 | loss: 0.17507 | val_auc: 0.92078 |  0:00:40s
epoch 75 | loss: 0.18131 | val_auc: 0.90355 |  0:00:40s
epoch 76 | loss: 0.17989 | val_auc: 0.91096 |  0:00:41s
epoch 77 | loss: 0.19014 | val_auc: 0.91486 |  0:00:41s
epoch 78 | loss: 0.17846 | val_auc: 0.91639 |  0:00:42s
epoch 79 | loss: 0.17141 | val_auc: 0.91827 |  0:00:42s
epoch 80 | loss: 0.16824 | val_auc: 0.92929 |  0:00:43s
epoch 81 | loss: 0.1693  | val_auc: 0.92823 |  0:00:44s
epoch 82 | loss: 0.15709 | val_auc: 0.92635 |  0:00:44s
epoch 83 | loss: 0.16129 | val_auc: 0.9275  |  0:00:45s
epoch 84 | loss: 0.16835 | val_auc: 0.92323 |  0:00:45s
epoch 85 | loss: 0.1539  | val_auc: 0.92628 |  0:00:46s
epoch 86 | loss: 0.14972 | val_auc: 0.92682 |  0:00:46s
epoch 87 | loss: 0.14803 | val_auc: 0.92106 |  0:00:47s
epoch 88 | loss: 0.15136 | val_auc: 0.92287 |  0:00:47s
epoch 89 | loss: 0.14468 | val_auc: 0.9293  |  0:00:48s
epoch 90 | loss: 0.13669 | val_auc: 0.92549 |  0:00:48s
epoch 91 | loss: 0.1459  | val_auc: 0.9282  |  0:00:49s
epoch 92 | loss: 0.14165 | val_auc: 0.92643 |  0:00:49s
epoch 93 | loss: 0.14175 | val_auc: 0.92764 |  0:00:50s
epoch 94 | loss: 0.14134 | val_auc: 0.92588 |  0:00:50s
epoch 95 | loss: 0.14196 | val_auc: 0.92584 |  0:00:51s
epoch 96 | loss: 0.13706 | val_auc: 0.92596 |  0:00:51s
epoch 97 | loss: 0.13414 | val_auc: 0.92772 |  0:00:52s
epoch 98 | loss: 0.13867 | val_auc: 0.92568 |  0:00:52s
epoch 99 | loss: 0.13248 | val_auc: 0.92383 |  0:00:53s
epoch 100| loss: 0.12956 | val_auc: 0.92172 |  0:00:53s
epoch 101| loss: 0.13346 | val_auc: 0.92533 |  0:00:54s
epoch 102| loss: 0.13277 | val_auc: 0.92203 |  0:00:54s
epoch 103| loss: 0.12557 | val_auc: 0.92108 |  0:00:55s
epoch 104| loss: 0.12432 | val_auc: 0.92188 |  0:00:55s

Early stopping occurred at epoch 104 with best_epoch = 89 and best_val_auc = 0.9293
epoch 0  | loss: 0.85201 | val_auc: 0.72465 |  0:00:01s
epoch 1  | loss: 0.70976 | val_auc: 0.77133 |  0:00:02s
epoch 2  | loss: 0.58305 | val_auc: 0.79158 |  0:00:04s
epoch 3  | loss: 0.54067 | val_auc: 0.8138  |  0:00:05s
epoch 4  | loss: 0.5205  | val_auc: 0.81683 |  0:00:06s
epoch 5  | loss: 0.51179 | val_auc: 0.82215 |  0:00:08s
epoch 6  | loss: 0.5091  | val_auc: 0.82367 |  0:00:09s
epoch 7  | loss: 0.48806 | val_auc: 0.83076 |  0:00:11s
epoch 8  | loss: 0.47521 | val_auc: 0.83937 |  0:00:12s
epoch 9  | loss: 0.4689  | val_auc: 0.8476  |  0:00:13s
epoch 10 | loss: 0.46435 | val_auc: 0.852   |  0:00:15s
epoch 11 | loss: 0.45416 | val_auc: 0.84998 |  0:00:16s
epoch 12 | loss: 0.44777 | val_auc: 0.85627 |  0:00:17s
epoch 13 | loss: 0.44824 | val_auc: 0.85398 |  0:00:19s
epoch 14 | loss: 0.43891 | val_auc: 0.86236 |  0:00:20s
epoch 15 | loss: 0.43655 | val_auc: 0.85878 |  0:00:21s
epoch 16 | loss: 0.43307 | val_auc: 0.86288 |  0:00:23s
epoch 17 | loss: 0.42894 | val_auc: 0.85838 |  0:00:24s
epoch 18 | loss: 0.42933 | val_auc: 0.86058 |  0:00:25s
epoch 19 | loss: 0.43082 | val_auc: 0.86372 |  0:00:27s
epoch 20 | loss: 0.42088 | val_auc: 0.87473 |  0:00:28s
epoch 21 | loss: 0.41134 | val_auc: 0.87276 |  0:00:29s
epoch 22 | loss: 0.41428 | val_auc: 0.87544 |  0:00:31s
epoch 23 | loss: 0.41463 | val_auc: 0.87377 |  0:00:32s
epoch 24 | loss: 0.40634 | val_auc: 0.87669 |  0:00:33s
epoch 25 | loss: 0.39933 | val_auc: 0.87943 |  0:00:35s
epoch 26 | loss: 0.39302 | val_auc: 0.87738 |  0:00:36s
epoch 27 | loss: 0.39349 | val_auc: 0.88241 |  0:00:37s
epoch 28 | loss: 0.38957 | val_auc: 0.88283 |  0:00:39s
epoch 29 | loss: 0.38322 | val_auc: 0.88292 |  0:00:40s
epoch 30 | loss: 0.37735 | val_auc: 0.88233 |  0:00:42s
epoch 31 | loss: 0.36783 | val_auc: 0.88547 |  0:00:43s
epoch 32 | loss: 0.35734 | val_auc: 0.88822 |  0:00:44s
epoch 33 | loss: 0.35527 | val_auc: 0.89376 |  0:00:45s
epoch 34 | loss: 0.35161 | val_auc: 0.89136 |  0:00:47s23:09:39  INFO      models.tabnet_model  TabNet trained | device=mps  best_epoch=101  elapsed=160.7s
23:09:42  INFO      models.tabnet_model  Apple MPS backend passed smoke test — using GPU acceleration.
23:09:42  INFO      models.tabnet_model  TabNet starting | device=mps  max_epochs=200  patience=15  batch_size=1024  n_train=49882

epoch 35 | loss: 0.36565 | val_auc: 0.88392 |  0:00:48s
epoch 36 | loss: 0.36469 | val_auc: 0.89065 |  0:00:49s
epoch 37 | loss: 0.34764 | val_auc: 0.89319 |  0:00:51s
epoch 38 | loss: 0.34551 | val_auc: 0.89301 |  0:00:52s
epoch 39 | loss: 0.33566 | val_auc: 0.89574 |  0:00:53s
epoch 40 | loss: 0.3305  | val_auc: 0.89343 |  0:00:55s
epoch 41 | loss: 0.33222 | val_auc: 0.89806 |  0:00:56s
epoch 42 | loss: 0.32315 | val_auc: 0.90048 |  0:00:57s
epoch 43 | loss: 0.31717 | val_auc: 0.9063  |  0:00:59s
epoch 44 | loss: 0.30766 | val_auc: 0.90369 |  0:01:00s
epoch 45 | loss: 0.30494 | val_auc: 0.90358 |  0:01:02s
epoch 46 | loss: 0.30171 | val_auc: 0.90153 |  0:01:03s
epoch 47 | loss: 0.29906 | val_auc: 0.89969 |  0:01:04s
epoch 48 | loss: 0.29691 | val_auc: 0.90121 |  0:01:06s
epoch 49 | loss: 0.28513 | val_auc: 0.90207 |  0:01:07s
epoch 50 | loss: 0.28844 | val_auc: 0.90055 |  0:01:09s
epoch 51 | loss: 0.28371 | val_auc: 0.90257 |  0:01:10s
epoch 52 | loss: 0.28845 | val_auc: 0.90361 |  0:01:11s
epoch 53 | loss: 0.28211 | val_auc: 0.90422 |  0:01:13s
epoch 54 | loss: 0.2733  | val_auc: 0.8992  |  0:01:14s
epoch 55 | loss: 0.26549 | val_auc: 0.9018  |  0:01:16s
epoch 56 | loss: 0.26333 | val_auc: 0.90884 |  0:01:17s
epoch 57 | loss: 0.25752 | val_auc: 0.90792 |  0:01:18s
epoch 58 | loss: 0.26467 | val_auc: 0.90221 |  0:01:20s
epoch 59 | loss: 0.25441 | val_auc: 0.90833 |  0:01:21s
epoch 60 | loss: 0.25611 | val_auc: 0.90979 |  0:01:22s
epoch 61 | loss: 0.242   | val_auc: 0.9093  |  0:01:24s
epoch 62 | loss: 0.23393 | val_auc: 0.91174 |  0:01:25s
epoch 63 | loss: 0.22515 | val_auc: 0.91069 |  0:01:27s
epoch 64 | loss: 0.2121  | val_auc: 0.91538 |  0:01:28s
epoch 65 | loss: 0.21787 | val_auc: 0.90701 |  0:01:29s
epoch 66 | loss: 0.2166  | val_auc: 0.90995 |  0:01:31s
epoch 67 | loss: 0.20572 | val_auc: 0.9152  |  0:01:32s
epoch 68 | loss: 0.20084 | val_auc: 0.91658 |  0:01:33s
epoch 69 | loss: 0.20223 | val_auc: 0.9132  |  0:01:35s
epoch 70 | loss: 0.19547 | val_auc: 0.9146  |  0:01:36s
epoch 71 | loss: 0.18636 | val_auc: 0.9136  |  0:01:37s
epoch 72 | loss: 0.1849  | val_auc: 0.916   |  0:01:39s
epoch 73 | loss: 0.17857 | val_auc: 0.91652 |  0:01:40s
epoch 74 | loss: 0.17373 | val_auc: 0.91449 |  0:01:42s
epoch 75 | loss: 0.16541 | val_auc: 0.912   |  0:01:43s
epoch 76 | loss: 0.1602  | val_auc: 0.91289 |  0:01:45s
epoch 77 | loss: 0.15383 | val_auc: 0.91734 |  0:01:46s
epoch 78 | loss: 0.14978 | val_auc: 0.91188 |  0:01:47s
epoch 79 | loss: 0.14314 | val_auc: 0.91651 |  0:01:49s
epoch 80 | loss: 0.14131 | val_auc: 0.91875 |  0:01:50s
epoch 81 | loss: 0.1457  | val_auc: 0.91503 |  0:01:51s
epoch 82 | loss: 0.15065 | val_auc: 0.91247 |  0:01:53s
epoch 83 | loss: 0.154   | val_auc: 0.91568 |  0:01:54s
epoch 84 | loss: 0.14574 | val_auc: 0.9172  |  0:01:56s
epoch 85 | loss: 0.13496 | val_auc: 0.91478 |  0:01:57s
epoch 86 | loss: 0.1333  | val_auc: 0.91661 |  0:01:58s
epoch 87 | loss: 0.1278  | val_auc: 0.91513 |  0:02:00s
epoch 88 | loss: 0.12005 | val_auc: 0.91332 |  0:02:01s
epoch 89 | loss: 0.12418 | val_auc: 0.9181  |  0:02:02s
epoch 90 | loss: 0.12654 | val_auc: 0.91569 |  0:02:04s
epoch 91 | loss: 0.12089 | val_auc: 0.91865 |  0:02:05s
epoch 92 | loss: 0.11557 | val_auc: 0.91985 |  0:02:06s
epoch 93 | loss: 0.11643 | val_auc: 0.92089 |  0:02:08s
epoch 94 | loss: 0.10896 | val_auc: 0.91828 |  0:02:09s
epoch 95 | loss: 0.1058  | val_auc: 0.9108  |  0:02:11s
epoch 96 | loss: 0.10828 | val_auc: 0.91651 |  0:02:12s
epoch 97 | loss: 0.10084 | val_auc: 0.92294 |  0:02:13s
epoch 98 | loss: 0.09513 | val_auc: 0.92175 |  0:02:15s
epoch 99 | loss: 0.09309 | val_auc: 0.92321 |  0:02:16s
epoch 100| loss: 0.08884 | val_auc: 0.92255 |  0:02:18s
epoch 101| loss: 0.08602 | val_auc: 0.92469 |  0:02:19s
epoch 102| loss: 0.08967 | val_auc: 0.92031 |  0:02:20s
epoch 103| loss: 0.08746 | val_auc: 0.9208  |  0:02:22s
epoch 104| loss: 0.08908 | val_auc: 0.92049 |  0:02:23s
epoch 105| loss: 0.08495 | val_auc: 0.92052 |  0:02:24s
epoch 106| loss: 0.08555 | val_auc: 0.92026 |  0:02:26s
epoch 107| loss: 0.07982 | val_auc: 0.92164 |  0:02:27s
epoch 108| loss: 0.08867 | val_auc: 0.91743 |  0:02:28s
epoch 109| loss: 0.08749 | val_auc: 0.91934 |  0:02:30s
epoch 110| loss: 0.08024 | val_auc: 0.9243  |  0:02:31s
epoch 111| loss: 0.07592 | val_auc: 0.92123 |  0:02:32s
epoch 112| loss: 0.07725 | val_auc: 0.92189 |  0:02:34s
epoch 113| loss: 0.07457 | val_auc: 0.91938 |  0:02:35s
epoch 114| loss: 0.06872 | val_auc: 0.9229  |  0:02:37s
epoch 115| loss: 0.07371 | val_auc: 0.92163 |  0:02:38s
epoch 116| loss: 0.07162 | val_auc: 0.91899 |  0:02:39s

Early stopping occurred at epoch 116 with best_epoch = 101 and best_val_auc = 0.92469
epoch 0  | loss: 0.74995 | val_auc: 0.70419 |  0:00:06s
epoch 1  | loss: 0.59744 | val_auc: 0.76679 |  0:00:10s
epoch 2  | loss: 0.55945 | val_auc: 0.78763 |  0:00:15s
epoch 3  | loss: 0.52944 | val_auc: 0.80992 |  0:00:22s
epoch 4  | loss: 0.51291 | val_auc: 0.81778 |  0:00:33s
epoch 5  | loss: 0.49473 | val_auc: 0.83533 |  0:00:42s
epoch 6  | loss: 0.48214 | val_auc: 0.84098 |  0:00:48s
epoch 7  | loss: 0.46252 | val_auc: 0.86066 |  0:00:52s
epoch 8  | loss: 0.44844 | val_auc: 0.8616  |  0:00:56s
epoch 9  | loss: 0.44303 | val_auc: 0.8737  |  0:01:01s
epoch 10 | loss: 0.43473 | val_auc: 0.85952 |  0:01:06s
epoch 11 | loss: 0.4337  | val_auc: 0.86323 |  0:01:10s
epoch 12 | loss: 0.43945 | val_auc: 0.8774  |  0:01:14s
epoch 13 | loss: 0.41334 | val_auc: 0.88642 |  0:01:17s
epoch 14 | loss: 0.39555 | val_auc: 0.88934 |  0:01:21s
epoch 15 | loss: 0.38465 | val_auc: 0.89097 |  0:01:25s
epoch 16 | loss: 0.40188 | val_auc: 0.87524 |  0:01:30s
epoch 17 | loss: 0.39027 | val_auc: 0.88615 |  0:01:34s
epoch 18 | loss: 0.37503 | val_auc: 0.90046 |  0:01:38s
epoch 19 | loss: 0.35983 | val_auc: 0.89328 |  0:01:42s
epoch 20 | loss: 0.3598  | val_auc: 0.90389 |  0:01:46s
epoch 21 | loss: 0.33654 | val_auc: 0.90664 |  0:01:50s
epoch 22 | loss: 0.31617 | val_auc: 0.91224 |  0:01:54s
epoch 23 | loss: 0.30772 | val_auc: 0.91695 |  0:01:58s
epoch 24 | loss: 0.30476 | val_auc: 0.91169 |  0:02:02s
epoch 25 | loss: 0.29727 | val_auc: 0.91068 |  0:02:06s
epoch 26 | loss: 0.28384 | val_auc: 0.91674 |  0:02:10s
epoch 27 | loss: 0.34164 | val_auc: 0.8882  |  0:02:14s
epoch 28 | loss: 0.34908 | val_auc: 0.89883 |  0:02:18s
epoch 29 | loss: 0.30279 | val_auc: 0.77911 |  0:02:22s
epoch 30 | loss: 0.3182  | val_auc: 0.92014 |  0:02:26s
epoch 31 | loss: 0.28696 | val_auc: 0.88818 |  0:02:30s
epoch 32 | loss: 0.31074 | val_auc: 0.82857 |  0:02:34s
epoch 33 | loss: 0.25756 | val_auc: 0.79888 |  0:02:38s
epoch 34 | loss: 0.2367  | val_auc: 0.929   |  0:02:42s
epoch 35 | loss: 0.21602 | val_auc: 0.79093 |  0:02:46s
epoch 36 | loss: 0.20651 | val_auc: 0.90403 |  0:02:50s
epoch 37 | loss: 0.19272 | val_auc: 0.92434 |  0:02:54s
epoch 38 | loss: 0.18464 | val_auc: 0.91014 |  0:02:58s
epoch 39 | loss: 0.17374 | val_auc: 0.8866  |  0:03:02s
epoch 40 | loss: 0.16414 | val_auc: 0.93453 |  0:03:06s
epoch 41 | loss: 0.16187 | val_auc: 0.90684 |  0:03:10s
epoch 42 | loss: 0.15957 | val_auc: 0.88637 |  0:03:14s
epoch 43 | loss: 0.17683 | val_auc: 0.93148 |  0:03:18s
epoch 44 | loss: 0.22071 | val_auc: 0.91659 |  0:03:22s
epoch 45 | loss: 0.19097 | val_auc: 0.91296 |  0:03:26s
epoch 46 | loss: 0.17354 | val_auc: 0.92908 |  0:03:30s
epoch 47 | loss: 0.15407 | val_auc: 0.93437 |  0:03:34s
epoch 48 | loss: 0.172   | val_auc: 0.91441 |  0:03:38s
epoch 49 | loss: 0.14342 | val_auc: 0.92555 |  0:03:42s
epoch 50 | loss: 0.14107 | val_auc: 0.93045 |  0:03:46s
epoch 51 | loss: 0.14675 | val_auc: 0.9284  |  0:03:50s
epoch 52 | loss: 0.1186  | val_auc: 0.94238 |  0:03:54s
epoch 53 | loss: 0.1087  | val_auc: 0.90702 |  0:03:58s
epoch 54 | loss: 0.101   | val_auc: 0.91273 |  0:04:02s
epoch 55 | loss: 0.09201 | val_auc: 0.88191 |  0:04:06s
epoch 56 | loss: 0.09003 | val_auc: 0.94222 |  0:04:10s
epoch 57 | loss: 0.08848 | val_auc: 0.92484 |  0:04:14s
epoch 58 | loss: 0.08518 | val_auc: 0.9345  |  0:04:18s
epoch 59 | loss: 0.08357 | val_auc: 0.86464 |  0:04:22s
epoch 60 | loss: 0.08286 | val_auc: 0.94417 |  0:04:26s
epoch 61 | loss: 0.07315 | val_auc: 0.94154 |  0:04:30s
epoch 62 | loss: 0.07411 | val_auc: 0.93535 |  0:04:34s23:17:43  INFO      models.tabnet_model  TabNet trained | device=mps  best_epoch=98  elapsed=480.9s
23:17:43  INFO      models.tabnet_model  TabNet model saved to /Users/harekrishna/Downloads/credit-default-xai-benchmark/code v1/results/outputs/prosper_temporal/runs/cutoff_2010-07_seed_42/models/tabnet.pkl
23:17:43  INFO      pipeline  ============================================================
23:17:43  INFO      pipeline  STAGE 4: Evaluation (selection on OOF; held-out test reporting)
23:17:43  INFO      pipeline  ============================================================
23:17:44  INFO      pipeline  XGBoost | OOF AUROC=0.6079  f1*=0.2583 @ t=0.47 | test AUROC=0.6644  F1=0.0282  MCC=0.0038
23:17:44  INFO      pipeline  LightGBM | OOF AUROC=0.6271  f1*=0.2638 @ t=0.12 | test AUROC=0.6618  F1=0.1663  MCC=0.1036
23:17:44  INFO      pipeline  CatBoost | OOF AUROC=0.6158  f1*=0.2629 @ t=0.10 | test AUROC=0.6654  F1=0.1545  MCC=0.0919
23:17:45  INFO      pipeline  Random Forest | OOF AUROC=0.5932  f1*=0.2510 @ t=0.24 | test AUROC=0.6612  F1=0.1603  MCC=0.1038
23:17:45  INFO      pipeline  Logistic Reg. | OOF AUROC=0.6236  f1*=0.2639 @ t=0.43 | test AUROC=0.7112  F1=0.1401  MCC=0.0908
23:17:45  INFO      pipeline  TabNet | OOF AUROC=0.5657  f1*=0.2397 @ t=0.02 | test AUROC=0.6014  F1=0.1091  MCC=0.0412
23:17:45  INFO      pipeline  LaTeX table → /Users/harekrishna/Downloads/credit-default-xai-benchmark/code v1/results/outputs/prosper_temporal/runs/cutoff_2010-07_seed_42/results/table2_test_metrics.tex
23:17:45  INFO      pipeline  
                AUROC   AUPRC      F1  Precision  Recall  Specificity  G-Mean     MCC   Brier
Model                                                                                        
XGBoost        0.6644  0.0985  0.0282     0.0652  0.0180       0.9841  0.1330  0.0038  0.0858
LightGBM       0.6618  0.0984  0.1663     0.1274  0.2395       0.8986  0.4639  0.1036  0.0543
CatBoost       0.6654  0.1009  0.1545     0.1245  0.2036       0.9116  0.4308  0.0919  0.0541
Random Forest  0.6612  0.0997  0.1603     0.0963  0.4790       0.7222  0.5882  0.1038  0.0745
Logistic Reg.  0.7112  0.1266  0.1401     0.1497  0.1317       0.9538  0.3545  0.0908  0.0916
TabNet         0.6014  0.0815  0.1091     0.0879  0.1437       0.9079  0.3612  0.0412  0.0876
23:17:45  INFO      visualization.plots  Fig 2 saved → /Users/harekrishna/Downloads/credit-default-xai-benchmark/code v1/results/outputs/prosper_temporal/runs/cutoff_2010-07_seed_42/figures/fig02_roc_curves.pdf
23:17:46  INFO      visualization.plots  Fig 3 saved → /Users/harekrishna/Downloads/credit-default-xai-benchmark/code v1/results/outputs/prosper_temporal/runs/cutoff_2010-07_seed_42/figures/fig03_pr_curves.pdf
23:17:46  INFO      visualization.plots  Fig 4 saved → /Users/harekrishna/Downloads/credit-default-xai-benchmark/code v1/results/outputs/prosper_temporal/runs/cutoff_2010-07_seed_42/figures/fig04_confusion_lightgbm.pdf
23:25:40  INFO      pipeline  ============================================================
23:25:40  INFO      pipeline  STAGE 5: SHAP Explanations
23:25:40  INFO      pipeline  ============================================================
23:25:40  INFO      explainability.shap_explainer  SHAP TreeExplainer initialised | output_space=log_odds
23:25:42  INFO      explainability.shap_explainer  SHAP values computed | shape=(2000, 63)
23:25:42  INFO      explainability.shap_explainer  SHAP additivity check | MAE=0.00000 | PASS ✓
23:25:43  INFO      explainability.shap_explainer  Saved SHAP summary → /Users/harekrishna/Downloads/credit-default-xai-benchmark/code v1/results/outputs/prosper_temporal/runs/cutoff_2010-07_seed_42/figures/fig05a_shap_summary_LightGBM.pdf
23:25:43  INFO      explainability.shap_explainer  Saved SHAP bar → /Users/harekrishna/Downloads/credit-default-xai-benchmark/code v1/results/outputs/prosper_temporal/runs/cutoff_2010-07_seed_42/figures/fig05b_shap_bar_LightGBM.pdf
23:25:44  INFO      explainability.shap_explainer  Saved SHAP dependence → /Users/harekrishna/Downloads/credit-default-xai-benchmark/code v1/results/outputs/prosper_temporal/runs/cutoff_2010-07_seed_42/figures/fig06_shap_dep_InquiriesLast6Months.pdf
23:25:44  INFO      pipeline  LaTeX table → /Users/harekrishna/Downloads/credit-default-xai-benchmark/code v1/results/outputs/prosper_temporal/runs/cutoff_2010-07_seed_42/results/table3_shap_ranking.tex
23:25:44  INFO      visualization.plots  Fig 8 saved → /Users/harekrishna/Downloads/credit-default-xai-benchmark/code v1/results/outputs/prosper_temporal/runs/cutoff_2010-07_seed_42/figures/fig08_importance_comparison.pdf
23:25:45  INFO      visualization.plots  Fig 9 saved → /Users/harekrishna/Downloads/credit-default-xai-benchmark/code v1/results/outputs/prosper_temporal/runs/cutoff_2010-07_seed_42/figures/fig09_threshold_sweep.pdf
23:25:45  INFO      pipeline  ============================================================
23:25:45  INFO      pipeline  STAGE 6: LIME Explanations
23:25:45  INFO      pipeline  ============================================================
23:25:45  INFO      explainability.lime_explainer  LIME tabular explainer initialised | features=63
23:25:45  INFO      pipeline  Local instances selected: {'TP': 87, 'FP': 119, 'FN': 1714, 'TN': 455}
23:25:45  INFO      explainability.lime_explainer  Saved LIME explanation → /Users/harekrishna/Downloads/credit-default-xai-benchmark/code v1/results/outputs/prosper_temporal/runs/cutoff_2010-07_seed_42/figures/fig07_tp_lime.pdf
23:25:45  INFO      explainability.lime_explainer  Saved LIME explanation → /Users/harekrishna/Downloads/credit-default-xai-benchmark/code v1/results/outputs/prosper_temporal/runs/cutoff_2010-07_seed_42/figures/fig07_fp_lime.pdf
23:25:46  INFO      explainability.lime_explainer  Saved LIME explanation → /Users/harekrishna/Downloads/credit-default-xai-benchmark/code v1/results/outputs/prosper_temporal/runs/cutoff_2010-07_seed_42/figures/fig07_fn_lime.pdf
23:25:46  INFO      explainability.lime_explainer  Saved LIME explanation → /Users/harekrishna/Downloads/credit-default-xai-benchmark/code v1/results/outputs/prosper_temporal/runs/cutoff_2010-07_seed_42/figures/fig07_tn_lime.pdf
23:25:46  INFO      explainability.lime_explainer  Saved LIME multi-instance grid → /Users/harekrishna/Downloads/credit-default-xai-benchmark/code v1/results/outputs/prosper_temporal/runs/cutoff_2010-07_seed_42/figures/fig07_lime_multi_instance.pdf
23:25:53  INFO      explainability.lime_explainer  LIME batch complete | n=200
23:25:53  INFO      explainability.lime_explainer  SHAP–LIME agreement | mean ρ=0.396 ± 0.199
23:25:53  INFO      explainability.lime_explainer  LIME tabular explainer initialised | features=63
23:25:53  INFO      explainability.lime_explainer  LIME tabular explainer initialised | features=63
23:25:54  INFO      explainability.lime_explainer  LIME tabular explainer initialised | features=63
23:25:54  INFO      explainability.lime_explainer  LIME tabular explainer initialised | features=63
23:25:54  INFO      explainability.lime_explainer  LIME tabular explainer initialised | features=63
23:25:55  INFO      explainability.lime_explainer  LIME tabular explainer initialised | features=63
23:25:55  INFO      explainability.lime_explainer  LIME tabular explainer initialised | features=63
23:25:55  INFO      explainability.lime_explainer  LIME tabular explainer initialised | features=63
23:25:55  INFO      explainability.lime_explainer  LIME tabular explainer initialised | features=63
23:25:56  INFO      explainability.lime_explainer  LIME tabular explainer initialised | features=63
23:25:56  INFO      explainability.lime_explainer  LIME tabular explainer initialised | features=63
23:25:56  INFO      explainability.lime_explainer  LIME tabular explainer initialised | features=63
23:25:57  INFO      explainability.lime_explainer  LIME tabular explainer initialised | features=63
23:25:57  INFO      explainability.lime_explainer  LIME tabular explainer initialised | features=63
23:25:57  INFO      explainability.lime_explainer  LIME tabular explainer initialised | features=63
23:25:57  INFO      explainability.lime_explainer  LIME tabular explainer initialised | features=63
23:25:58  INFO      explainability.lime_explainer  LIME tabular explainer initialised | features=63
23:25:58  INFO      explainability.lime_explainer  LIME tabular explainer initialised | features=63
23:25:58  INFO      explainability.lime_explainer  LIME tabular explainer initialised | features=63
23:25:59  INFO      explainability.lime_explainer  LIME tabular explainer initialised | features=63
23:25:59  INFO      explainability.lime_explainer  LIME tabular explainer initialised | features=63
23:25:59  INFO      explainability.lime_explainer  LIME tabular explainer initialised | features=63
23:25:59  INFO      explainability.lime_explainer  LIME tabular explainer initialised | features=63
23:26:00  INFO      explainability.lime_explainer  LIME tabular explainer initialised | features=63
23:26:00  INFO      explainability.lime_explainer  LIME tabular explainer initialised | features=63
23:26:00  INFO      explainability.lime_explainer  LIME tabular explainer initialised | features=63
23:26:01  INFO      explainability.lime_explainer  LIME tabular explainer initialised | features=63
23:26:01  INFO      explainability.lime_explainer  LIME tabular explainer initialised | features=63
23:26:01  INFO      explainability.lime_explainer  LIME tabular explainer initialised | features=63
23:26:01  INFO      explainability.lime_explainer  LIME tabular explainer initialised | features=63
23:26:02  INFO      explainability.lime_explainer  LIME tabular explainer initialised | features=63
23:26:02  INFO      explainability.lime_explainer  LIME tabular explainer initialised | features=63
23:26:02  INFO      explainability.lime_explainer  LIME tabular explainer initialised | features=63
23:26:03  INFO      explainability.lime_explainer  LIME tabular explainer initialised | features=63
23:26:03  INFO      explainability.lime_explainer  LIME tabular explainer initialised | features=63
23:26:03  INFO      explainability.lime_explainer  LIME tabular explainer initialised | features=63
23:26:03  INFO      explainability.lime_explainer  LIME tabular explainer initialised | features=63
23:26:04  INFO      explainability.lime_explainer  LIME tabular explainer initialised | features=63
23:26:04  INFO      explainability.lime_explainer  LIME tabular explainer initialised | features=63
23:26:04  INFO      explainability.lime_explainer  LIME tabular explainer initialised | features=63
23:26:05  INFO      explainability.lime_explainer  LIME tabular explainer initialised | features=63
23:26:05  INFO      explainability.lime_explainer  LIME tabular explainer initialised | features=63
23:26:05  INFO      explainability.lime_explainer  LIME tabular explainer initialised | features=63
23:26:05  INFO      explainability.lime_explainer  LIME tabular explainer initialised | features=63
23:26:06  INFO      explainability.lime_explainer  LIME tabular explainer initialised | features=63
23:26:06  INFO      explainability.lime_explainer  LIME tabular explainer initialised | features=63
23:26:06  INFO      explainability.lime_explainer  LIME tabular explainer initialised | features=63
23:26:07  INFO      explainability.lime_explainer  LIME tabular explainer initialised | features=63
23:26:07  INFO      explainability.lime_explainer  LIME tabular explainer initialised | features=63
23:26:07  INFO      explainability.lime_explainer  LIME tabular explainer initialised | features=63
23:26:07  INFO      explainability.lime_explainer  LIME tabular explainer initialised | features=63
23:26:08  INFO      explainability.lime_explainer  LIME tabular explainer initialised | features=63
23:26:08  INFO      explainability.lime_explainer  LIME tabular explainer initialised | features=63
23:26:08  INFO      explainability.lime_explainer  LIME tabular explainer initialised | features=63
23:26:09  INFO      explainability.lime_explainer  LIME tabular explainer initialised | features=63
23:26:09  INFO      explainability.lime_explainer  LIME tabular explainer initialised | features=63
23:26:09  INFO      explainability.lime_explainer  LIME tabular explainer initialised | features=63
23:26:09  INFO      explainability.lime_explainer  LIME tabular explainer initialised | features=63
23:26:10  INFO      explainability.lime_explainer  LIME tabular explainer initialised | features=63
23:26:10  INFO      explainability.lime_explainer  LIME tabular explainer initialised | features=63
23:26:10  INFO      explainability.lime_explainer  LIME tabular explainer initialised | features=63
23:26:11  INFO      explainability.lime_explainer  LIME tabular explainer initialised | features=63
23:26:11  INFO      explainability.lime_explainer  LIME tabular explainer initialised | features=63
23:26:11  INFO      explainability.lime_explainer  LIME tabular explainer initialised | features=63
23:26:11  INFO      explainability.lime_explainer  LIME tabular explainer initialised | features=63
23:26:12  INFO      explainability.lime_explainer  LIME tabular explainer initialised | features=63
23:26:12  INFO      explainability.lime_explainer  LIME tabular explainer initialised | features=63
23:26:12  INFO      explainability.lime_explainer  LIME tabular explainer initialised | features=63
23:26:13  INFO      explainability.lime_explainer  LIME tabular explainer initialised | features=63
23:26:13  INFO      explainability.lime_explainer  LIME tabular explainer initialised | features=63
23:26:13  INFO      explainability.lime_explainer  LIME tabular explainer initialised | features=63
23:26:13  INFO      explainability.lime_explainer  LIME tabular explainer initialised | features=63
23:26:14  INFO      explainability.lime_explainer  LIME tabular explainer initialised | features=63
23:26:14  INFO      explainability.lime_explainer  LIME tabular explainer initialised | features=63
23:26:14  INFO      explainability.lime_explainer  LIME tabular explainer initialised | features=63
23:26:15  INFO      explainability.lime_explainer  LIME tabular explainer initialised | features=63
23:26:15  INFO      explainability.lime_explainer  LIME tabular explainer initialised | features=63
23:26:15  INFO      explainability.lime_explainer  LIME tabular explainer initialised | features=63
23:26:15  INFO      explainability.lime_explainer  LIME tabular explainer initialised | features=63
23:26:16  INFO      explainability.lime_explainer  LIME tabular explainer initialised | features=63
23:26:16  INFO      explainability.lime_explainer  LIME tabular explainer initialised | features=63
23:26:16  INFO      explainability.lime_explainer  LIME tabular explainer initialised | features=63
23:26:17  INFO      explainability.lime_explainer  LIME tabular explainer initialised | features=63
23:26:17  INFO      explainability.lime_explainer  LIME tabular explainer initialised | features=63
23:26:17  INFO      explainability.lime_explainer  LIME tabular explainer initialised | features=63
23:26:17  INFO      explainability.lime_explainer  LIME tabular explainer initialised | features=63
23:26:18  INFO      explainability.lime_explainer  LIME tabular explainer initialised | features=63
23:26:18  INFO      explainability.lime_explainer  LIME tabular explainer initialised | features=63
23:26:18  INFO      explainability.lime_explainer  LIME tabular explainer initialised | features=63
23:26:19  INFO      explainability.lime_explainer  LIME tabular explainer initialised | features=63
23:26:19  INFO      explainability.lime_explainer  LIME tabular explainer initialised | features=63
23:26:19  INFO      explainability.lime_explainer  LIME tabular explainer initialised | features=63
23:26:19  INFO      explainability.lime_explainer  LIME tabular explainer initialised | features=63
23:26:20  INFO      explainability.lime_explainer  LIME tabular explainer initialised | features=63
23:26:20  INFO      explainability.lime_explainer  LIME tabular explainer initialised | features=63
23:26:20  INFO      explainability.lime_explainer  LIME tabular explainer initialised | features=63
23:26:21  INFO      explainability.lime_explainer  LIME tabular explainer initialised | features=63
23:26:21  INFO      explainability.lime_explainer  LIME tabular explainer initialised | features=63
23:26:21  INFO      explainability.lime_explainer  LIME tabular explainer initialised | features=63
23:26:21  INFO      explainability.lime_explainer  LIME tabular explainer initialised | features=63
23:26:22  INFO      explainability.lime_explainer  LIME tabular explainer initialised | features=63
23:26:22  INFO      explainability.lime_explainer  LIME tabular explainer initialised | features=63
23:26:22  INFO      explainability.lime_explainer  LIME tabular explainer initialised | features=63
23:26:23  INFO      explainability.lime_explainer  LIME tabular explainer initialised | features=63
23:26:23  INFO      explainability.lime_explainer  LIME tabular explainer initialised | features=63
23:26:23  INFO      explainability.lime_explainer  LIME tabular explainer initialised | features=63
23:26:23  INFO      explainability.lime_explainer  LIME tabular explainer initialised | features=63
23:26:24  INFO      explainability.lime_explainer  LIME tabular explainer initialised | features=63
23:26:24  INFO      explainability.lime_explainer  LIME tabular explainer initialised | features=63
23:26:24  INFO      explainability.lime_explainer  LIME tabular explainer initialised | features=63
23:26:25  INFO      explainability.lime_explainer  LIME tabular explainer initialised | features=63
23:26:25  INFO      explainability.lime_explainer  LIME tabular explainer initialised | features=63
23:26:25  INFO      explainability.lime_explainer  LIME tabular explainer initialised | features=63
23:26:25  INFO      explainability.lime_explainer  LIME tabular explainer initialised | features=63
23:26:26  INFO      explainability.lime_explainer  LIME tabular explainer initialised | features=63
23:26:26  INFO      explainability.lime_explainer  LIME tabular explainer initialised | features=63
23:26:26  INFO      explainability.lime_explainer  LIME tabular explainer initialised | features=63
23:26:27  INFO      explainability.lime_explainer  LIME tabular explainer initialised | features=63
23:26:27  INFO      explainability.lime_explainer  LIME tabular explainer initialised | features=63
23:26:27  INFO      explainability.lime_explainer  LIME tabular explainer initialised | features=63
23:26:27  INFO      explainability.lime_explainer  LIME tabular explainer initialised | features=63
23:26:28  INFO      explainability.lime_explainer  LIME tabular explainer initialised | features=63
23:26:28  INFO      explainability.lime_explainer  LIME tabular explainer initialised | features=63
23:26:28  INFO      explainability.lime_explainer  LIME tabular explainer initialised | features=63
23:26:29  INFO      explainability.lime_explainer  LIME tabular explainer initialised | features=63
23:26:29  INFO      explainability.lime_explainer  LIME tabular explainer initialised | features=63
23:26:29  INFO      explainability.lime_explainer  LIME tabular explainer initialised | features=63
23:26:29  INFO      explainability.lime_explainer  LIME tabular explainer initialised | features=63
23:26:30  INFO      explainability.lime_explainer  LIME tabular explainer initialised | features=63
23:26:30  INFO      explainability.lime_explainer  LIME tabular explainer initialised | features=63
23:26:30  INFO      explainability.lime_explainer  LIME tabular explainer initialised | features=63
23:26:31  INFO      explainability.lime_explainer  LIME tabular explainer initialised | features=63
23:26:31  INFO      explainability.lime_explainer  LIME tabular explainer initialised | features=63
23:26:31  INFO      explainability.lime_explainer  LIME tabular explainer initialised | features=63
23:26:31  INFO      explainability.lime_explainer  LIME tabular explainer initialised | features=63
23:26:32  INFO      explainability.lime_explainer  LIME tabular explainer initialised | features=63
23:26:32  INFO      explainability.lime_explainer  LIME tabular explainer initialised | features=63
23:26:32  INFO      explainability.lime_explainer  LIME tabular explainer initialised | features=63
23:26:33  INFO      explainability.lime_explainer  LIME tabular explainer initialised | features=63
23:26:33  INFO      explainability.lime_explainer  LIME tabular explainer initialised | features=63
23:26:33  INFO      explainability.lime_explainer  LIME tabular explainer initialised | features=63
23:26:33  INFO      explainability.lime_explainer  LIME tabular explainer initialised | features=63
23:26:34  INFO      explainability.lime_explainer  LIME tabular explainer initialised | features=63
23:26:34  INFO      explainability.lime_explainer  LIME tabular explainer initialised | features=63
23:26:34  INFO      explainability.lime_explainer  LIME tabular explainer initialised | features=63
23:26:35  INFO      explainability.lime_explainer  LIME tabular explainer initialised | features=63
23:26:35  INFO      explainability.lime_explainer  LIME tabular explainer initialised | features=63
23:26:35  INFO      explainability.lime_explainer  LIME tabular explainer initialised | features=63
23:26:35  INFO      explainability.lime_explainer  LIME tabular explainer initialised | features=63
23:26:36  INFO      explainability.lime_explainer  LIME tabular explainer initialised | features=63
23:26:36  INFO      explainability.lime_explainer  LIME tabular explainer initialised | features=63
23:26:36  INFO      explainability.lime_explainer  LIME tabular explainer initialised | features=63
23:26:37  INFO      explainability.lime_explainer  LIME tabular explainer initialised | features=63
23:26:37  INFO      explainability.lime_explainer  LIME tabular explainer initialised | features=63
23:26:37  INFO      explainability.lime_explainer  LIME tabular explainer initialised | features=63
23:26:37  INFO      explainability.lime_explainer  LIME tabular explainer initialised | features=63
23:26:38  INFO      explainability.lime_explainer  LIME tabular explainer initialised | features=63
23:26:38  INFO      explainability.lime_explainer  LIME tabular explainer initialised | features=63
23:26:38  INFO      explainability.lime_explainer  LIME tabular explainer initialised | features=63
23:26:39  INFO      explainability.lime_explainer  LIME tabular explainer initialised | features=63
23:26:39  INFO      explainability.lime_explainer  LIME tabular explainer initialised | features=63
23:26:39  INFO      explainability.lime_explainer  LIME tabular explainer initialised | features=63
23:26:39  INFO      explainability.lime_explainer  LIME tabular explainer initialised | features=63
23:26:40  INFO      explainability.lime_explainer  LIME tabular explainer initialised | features=63
23:26:40  INFO      explainability.lime_explainer  LIME tabular explainer initialised | features=63
23:26:40  INFO      explainability.lime_explainer  LIME tabular explainer initialised | features=63
23:26:41  INFO      explainability.lime_explainer  LIME tabular explainer initialised | features=63
23:26:41  INFO      explainability.lime_explainer  LIME tabular explainer initialised | features=63
23:26:41  INFO      explainability.lime_explainer  LIME tabular explainer initialised | features=63
23:26:41  INFO      explainability.lime_explainer  LIME tabular explainer initialised | features=63
23:26:42  INFO      explainability.lime_explainer  LIME tabular explainer initialised | features=63
23:26:42  INFO      explainability.lime_explainer  LIME tabular explainer initialised | features=63
23:26:42  INFO      explainability.lime_explainer  LIME tabular explainer initialised | features=63
23:26:43  INFO      explainability.lime_explainer  LIME tabular explainer initialised | features=63
23:26:43  INFO      explainability.lime_explainer  LIME tabular explainer initialised | features=63
23:26:43  INFO      explainability.lime_explainer  LIME tabular explainer initialised | features=63
23:26:43  INFO      explainability.lime_explainer  LIME tabular explainer initialised | features=63
23:26:44  INFO      explainability.lime_explainer  LIME tabular explainer initialised | features=63
23:26:44  INFO      explainability.lime_explainer  LIME tabular explainer initialised | features=63
23:26:44  INFO      explainability.lime_explainer  LIME tabular explainer initialised | features=63
23:26:45  INFO      explainability.lime_explainer  LIME tabular explainer initialised | features=63
23:26:45  INFO      explainability.lime_explainer  LIME tabular explainer initialised | features=63
23:26:45  INFO      explainability.lime_explainer  LIME tabular explainer initialised | features=63
23:26:45  INFO      explainability.lime_explainer  LIME tabular explainer initialised | features=63
23:26:46  INFO      explainability.lime_explainer  LIME tabular explainer initialised | features=63
23:26:46  INFO      explainability.lime_explainer  LIME tabular explainer initialised | features=63
23:26:46  INFO      explainability.lime_explainer  LIME tabular explainer initialised | features=63
23:26:47  INFO      explainability.lime_explainer  LIME tabular explainer initialised | features=63
23:26:47  INFO      explainability.lime_explainer  LIME tabular explainer initialised | features=63
23:26:47  INFO      explainability.lime_explainer  LIME tabular explainer initialised | features=63
23:26:47  INFO      explainability.lime_explainer  LIME tabular explainer initialised | features=63
23:26:48  INFO      explainability.lime_explainer  LIME tabular explainer initialised | features=63
23:26:48  INFO      explainability.lime_explainer  LIME tabular explainer initialised | features=63
23:26:48  INFO      explainability.lime_explainer  LIME tabular explainer initialised | features=63
23:26:49  INFO      explainability.lime_explainer  LIME tabular explainer initialised | features=63
23:26:49  INFO      explainability.lime_explainer  LIME tabular explainer initialised | features=63
23:26:49  INFO      explainability.lime_explainer  LIME tabular explainer initialised | features=63
23:26:49  INFO      explainability.lime_explainer  LIME tabular explainer initialised | features=63
23:26:50  INFO      explainability.lime_explainer  LIME tabular explainer initialised | features=63
23:26:50  INFO      explainability.lime_explainer  LIME tabular explainer initialised | features=63
23:26:50  INFO      explainability.lime_explainer  LIME tabular explainer initialised | features=63
23:26:51  INFO      explainability.lime_explainer  LIME tabular explainer initialised | features=63
23:26:51  INFO      explainability.lime_explainer  LIME tabular explainer initialised | features=63
23:26:51  INFO      explainability.lime_explainer  LIME tabular explainer initialised | features=63
23:26:51  INFO      explainability.lime_explainer  LIME tabular explainer initialised | features=63
23:26:52  INFO      explainability.lime_explainer  LIME tabular explainer initialised | features=63
23:26:52  INFO      explainability.lime_explainer  LIME tabular explainer initialised | features=63
23:26:52  INFO      explainability.lime_explainer  LIME tabular explainer initialised | features=63
23:26:53  INFO      explainability.lime_explainer  LIME tabular explainer initialised | features=63
23:26:53  INFO      explainability.lime_explainer  LIME tabular explainer initialised | features=63
23:26:53  INFO      explainability.lime_explainer  LIME tabular explainer initialised | features=63
23:26:53  INFO      explainability.lime_explainer  LIME tabular explainer initialised | features=63
23:26:54  INFO      explainability.lime_explainer  LIME tabular explainer initialised | features=63
23:26:54  INFO      explainability.lime_explainer  LIME tabular explainer initialised | features=63
23:26:54  INFO      explainability.lime_explainer  LIME tabular explainer initialised | features=63
23:26:55  INFO      explainability.lime_explainer  LIME tabular explainer initialised | features=63
23:26:55  INFO      explainability.lime_explainer  LIME tabular explainer initialised | features=63
23:26:55  INFO      explainability.lime_explainer  LIME tabular explainer initialised | features=63
23:26:55  INFO      explainability.lime_explainer  LIME tabular explainer initialised | features=63
23:26:56  INFO      explainability.lime_explainer  LIME tabular explainer initialised | features=63
23:26:56  INFO      explainability.lime_explainer  LIME tabular explainer initialised | features=63
23:26:56  INFO      explainability.lime_explainer  LIME tabular explainer initialised | features=63
23:26:57  INFO      explainability.lime_explainer  LIME tabular explainer initialised | features=63
23:26:57  INFO      explainability.lime_explainer  LIME tabular explainer initialised | features=63
23:26:57  INFO      explainability.lime_explainer  LIME tabular explainer initialised | features=63
23:26:57  INFO      explainability.lime_explainer  LIME tabular explainer initialised | features=63
23:26:58  INFO      explainability.lime_explainer  LIME tabular explainer initialised | features=63
23:26:58  INFO      explainability.lime_explainer  LIME tabular explainer initialised | features=63
23:26:58  INFO      explainability.lime_explainer  LIME tabular explainer initialised | features=63
23:26:59  INFO      explainability.lime_explainer  LIME tabular explainer initialised | features=63
23:26:59  INFO      explainability.lime_explainer  LIME tabular explainer initialised | features=63
23:26:59  INFO      explainability.lime_explainer  LIME tabular explainer initialised | features=63
23:26:59  INFO      explainability.lime_explainer  LIME tabular explainer initialised | features=63
23:27:00  INFO      explainability.lime_explainer  LIME tabular explainer initialised | features=63
23:27:00  INFO      explainability.lime_explainer  LIME tabular explainer initialised | features=63
23:27:00  INFO      explainability.lime_explainer  LIME tabular explainer initialised | features=63
23:27:01  INFO      explainability.lime_explainer  LIME tabular explainer initialised | features=63
23:27:01  INFO      explainability.lime_explainer  LIME tabular explainer initialised | features=63
23:27:01  INFO      explainability.lime_explainer  LIME tabular explainer initialised | features=63
23:27:01  INFO      explainability.lime_explainer  LIME tabular explainer initialised | features=63
23:27:02  INFO      explainability.lime_explainer  LIME tabular explainer initialised | features=63
23:27:02  INFO      explainability.lime_explainer  LIME tabular explainer initialised | features=63
23:27:02  INFO      explainability.lime_explainer  LIME tabular explainer initialised | features=63
23:27:03  INFO      explainability.lime_explainer  LIME tabular explainer initialised | features=63
23:27:03  INFO      explainability.lime_explainer  LIME tabular explainer initialised | features=63
23:27:03  INFO      explainability.lime_explainer  LIME tabular explainer initialised | features=63
23:27:03  INFO      explainability.lime_explainer  LIME tabular explainer initialised | features=63
23:27:04  INFO      explainability.lime_explainer  LIME tabular explainer initialised | features=63
23:27:04  INFO      explainability.lime_explainer  LIME tabular explainer initialised | features=63
23:27:04  INFO      explainability.lime_explainer  LIME tabular explainer initialised | features=63
23:27:05  INFO      explainability.lime_explainer  LIME tabular explainer initialised | features=63
23:27:05  INFO      explainability.lime_explainer  LIME tabular explainer initialised | features=63
23:27:05  INFO      explainability.lime_explainer  LIME tabular explainer initialised | features=63
23:27:05  INFO      explainability.lime_explainer  LIME tabular explainer initialised | features=63
23:27:06  INFO      explainability.lime_explainer  LIME tabular explainer initialised | features=63
23:27:06  INFO      explainability.lime_explainer  LIME tabular explainer initialised | features=63
23:27:06  INFO      explainability.lime_explainer  LIME tabular explainer initialised | features=63
23:27:07  INFO      explainability.lime_explainer  LIME tabular explainer initialised | features=63
23:27:07  INFO      explainability.lime_explainer  LIME tabular explainer initialised | features=63
23:27:07  INFO      explainability.lime_explainer  LIME tabular explainer initialised | features=63
23:27:07  INFO      explainability.lime_explainer  LIME tabular explainer initialised | features=63
23:27:08  INFO      explainability.lime_explainer  LIME tabular explainer initialised | features=63
23:27:08  INFO      explainability.lime_explainer  LIME tabular explainer initialised | features=63
23:27:08  INFO      explainability.lime_explainer  LIME tabular explainer initialised | features=63
23:27:09  INFO      explainability.lime_explainer  LIME tabular explainer initialised | features=63
23:27:09  INFO      explainability.lime_explainer  LIME tabular explainer initialised | features=63
23:27:09  INFO      explainability.lime_explainer  LIME tabular explainer initialised | features=63
23:27:09  INFO      explainability.lime_explainer  LIME tabular explainer initialised | features=63
23:27:10  INFO      explainability.lime_explainer  LIME tabular explainer initialised | features=63
23:27:10  INFO      explainability.lime_explainer  LIME tabular explainer initialised | features=63
23:27:11  INFO      explainability.lime_explainer  LIME tabular explainer initialised | features=63
23:27:11  INFO      explainability.lime_explainer  LIME tabular explainer initialised | features=63
23:27:11  INFO      explainability.lime_explainer  LIME tabular explainer initialised | features=63
23:27:11  INFO      explainability.lime_explainer  LIME tabular explainer initialised | features=63
23:27:12  INFO      explainability.lime_explainer  LIME tabular explainer initialised | features=63
23:27:12  INFO      explainability.lime_explainer  LIME tabular explainer initialised | features=63
23:27:12  INFO      explainability.lime_explainer  LIME tabular explainer initialised | features=63
23:27:13  INFO      explainability.lime_explainer  LIME tabular explainer initialised | features=63
23:27:13  INFO      explainability.lime_explainer  LIME tabular explainer initialised | features=63
23:27:13  INFO      explainability.lime_explainer  LIME tabular explainer initialised | features=63
23:27:13  INFO      explainability.lime_explainer  LIME tabular explainer initialised | features=63
23:27:14  INFO      explainability.lime_explainer  LIME tabular explainer initialised | features=63
23:27:14  INFO      explainability.lime_explainer  LIME tabular explainer initialised | features=63
23:27:14  INFO      explainability.lime_explainer  LIME tabular explainer initialised | features=63
23:27:15  INFO      explainability.lime_explainer  LIME tabular explainer initialised | features=63
23:27:15  INFO      explainability.lime_explainer  LIME tabular explainer initialised | features=63
23:27:15  INFO      explainability.lime_explainer  LIME tabular explainer initialised | features=63
23:27:15  INFO      explainability.lime_explainer  LIME tabular explainer initialised | features=63
23:27:16  INFO      explainability.lime_explainer  LIME tabular explainer initialised | features=63
23:27:16  INFO      explainability.lime_explainer  LIME tabular explainer initialised | features=63
23:27:16  INFO      explainability.lime_explainer  LIME tabular explainer initialised | features=63
23:27:17  INFO      explainability.lime_explainer  LIME tabular explainer initialised | features=63
23:27:17  INFO      explainability.lime_explainer  LIME tabular explainer initialised | features=63
23:27:17  INFO      explainability.lime_explainer  LIME tabular explainer initialised | features=63
23:27:17  INFO      explainability.lime_explainer  LIME tabular explainer initialised | features=63
23:27:18  INFO      explainability.lime_explainer  LIME tabular explainer initialised | features=63
23:27:18  INFO      explainability.lime_explainer  LIME tabular explainer initialised | features=63
23:27:18  INFO      explainability.lime_explainer  LIME tabular explainer initialised | features=63
23:27:19  INFO      explainability.lime_explainer  LIME tabular explainer initialised | features=63
23:27:19  INFO      explainability.lime_explainer  LIME tabular explainer initialised | features=63
23:27:19  INFO      pipeline  LaTeX table → /Users/harekrishna/Downloads/credit-default-xai-benchmark/code v1/results/outputs/prosper_temporal/runs/cutoff_2010-07_seed_42/results/table5_explanation_quality.tex
23:27:19  INFO      pipeline  LaTeX table → /Users/harekrishna/Downloads/credit-default-xai-benchmark/code v1/results/outputs/prosper_temporal/runs/cutoff_2010-07_seed_42/results/table4_shap_lime_agreement.tex
23:27:19  INFO      pipeline  ============================================================
23:27:19  INFO      pipeline  STAGE 7: Revision Analyses
23:27:19  INFO      pipeline  ============================================================
23:27:50  INFO      pipeline  Reusing identical OOF pipeline fit.
23:29:35  INFO      pipeline  RUN cutoff_2010-07_seed_42 COMPLETE | champion LightGBM | OOF AUROC 0.6271 | test AUROC 0.6618
23:29:35  INFO      pipeline  ╔══════════════════════════════════════════════╗
23:29:35  INFO      pipeline  ║  Credit Default Prediction with XAI (v3)     ║
23:29:35  INFO      pipeline  ║  Dataset: prosper                            ║
23:29:35  INFO      pipeline  ║  Run: cutoff_2010-07_seed_99                 ║
23:29:35  INFO      pipeline  ╚══════════════════════════════════════════════╝
23:29:35  INFO      pipeline  ============================================================
23:29:35  INFO      pipeline  STAGE 1: Data Loading, Labelling & Partitioning
23:29:35  INFO      pipeline  ============================================================
23:29:35  INFO      data.data_loader  Loading Prosper loans from /Users/harekrishna/Downloads/credit-default-xai-benchmark/code v1/data/prosperLoanData.csv
23:29:37  INFO      data.data_loader  Prosper: 113937 rows, 113066 after LoanKey de-duplication
23:29:37  INFO      data.data_loader  Prosper horizon label (H=12 months, snapshot 2014-03-12): 72067 labelled, 40999 censored, default rate 9.70%
23:29:37  INFO      data.data_loader  Skipping UCI-specific engineered features; required columns not present.
23:29:37  INFO      data.data_loader  Skipping UCI-specific engineered features; required columns not present.
23:29:37  INFO      data.data_loader  Dataset loaded | prosper | train=28948  test=2870 | default rate train=13.84% test=5.82% | 8 nominal, 33 continuous
23:29:37  INFO      pipeline  Imbalance stats (train): {"n_total": 28948, "n_majority": 24941, "n_minority": 4007, "imbalance_ratio": 6.2244, "minority_pct": 13.84}
23:29:37  INFO      visualization.plots  Fig 1 saved → /Users/harekrishna/Downloads/credit-default-xai-benchmark/code v1/results/outputs/prosper_temporal/runs/cutoff_2010-07_seed_99/figures/fig01_class_distribution.pdf
23:29:37  INFO      pipeline  ============================================================
23:29:37  INFO      pipeline  STAGE 2: Imbalance Strategy Ablation (selected on OOF AUROC)
23:29:37  INFO      pipeline  ============================================================
23:29:49  INFO      pipeline  Ablation | SMOTE            | OOF AUROC=0.6019  test AUROC=0.6803
23:30:01  INFO      pipeline  Ablation | BorderlineSMOTE  | OOF AUROC=0.6020  test AUROC=0.6777
23:30:49  INFO      pipeline  Ablation | SVMSMOTE         | OOF AUROC=0.6066  test AUROC=0.6855
23:31:01  INFO      pipeline  Ablation | ADASYN           | OOF AUROC=0.5946  test AUROC=0.6718
23:31:04  INFO      pipeline  Ablation | None             | OOF AUROC=0.5835  test AUROC=0.6811
23:31:05  INFO      pipeline  Ablation | ClassWeight      | OOF AUROC=0.5335  test AUROC=0.6134
23:31:05  INFO      pipeline  Best imbalance strategy (OOF AUROC): SVMSMOTE → 0.6066 [probe: LightGBM]
23:31:05  INFO      pipeline  ============================================================
23:31:05  INFO      pipeline  STAGE 3: Model Training (training CV selection, OOF predictions, refit)
23:31:05  INFO      pipeline  ============================================================
23:31:05  INFO      pipeline  Training XGBoost …
23:31:24  INFO      pipeline  XGBoost | per-model strategy=SVMSMOTE | OOF AUROC by strategy={'SMOTE': 0.6088, 'BorderlineSMOTE': 0.6106, 'SVMSMOTE': 0.6212, 'ADASYN': 0.6069, 'None': 0.6041, 'ClassWeight': 0.6209}
23:31:24  INFO      pipeline  RandomizedSearchCV | model=XGBoost strategy=SVMSMOTE n_iter=12
23:33:13  INFO      pipeline  Training LightGBM …
23:33:13  INFO      pipeline  Reusing identical OOF pipeline fit.
23:33:13  INFO      pipeline  Reusing identical OOF pipeline fit.
23:33:13  INFO      pipeline  Reusing identical OOF pipeline fit.
23:33:13  INFO      pipeline  Reusing identical OOF pipeline fit.
23:33:13  INFO      pipeline  Reusing identical OOF pipeline fit.
23:33:13  INFO      pipeline  Reusing identical OOF pipeline fit.
23:33:13  INFO      pipeline  LightGBM | per-model strategy=SVMSMOTE | OOF AUROC by strategy={'SMOTE': 0.6019, 'BorderlineSMOTE': 0.602, 'SVMSMOTE': 0.6066, 'ADASYN': 0.5946, 'None': 0.5835, 'ClassWeight': 0.5335}
23:33:13  INFO      pipeline  RandomizedSearchCV | model=LightGBM strategy=SVMSMOTE n_iter=12
23:35:31  INFO      pipeline  Training CatBoost …
23:35:59  INFO      pipeline  CatBoost | per-model strategy=ClassWeight | OOF AUROC by strategy={'SMOTE': 0.603, 'BorderlineSMOTE': 0.6111, 'SVMSMOTE': 0.6083, 'ADASYN': 0.6045, 'None': 0.611, 'ClassWeight': 0.6208}
23:35:59  INFO      pipeline  RandomizedSearchCV | model=CatBoost strategy=ClassWeight n_iter=12
23:36:18  INFO      pipeline  Training Random Forest …
23:36:39  INFO      pipeline  Random Forest | per-model strategy=ClassWeight | OOF AUROC by strategy={'SMOTE': 0.5655, 'BorderlineSMOTE': 0.567, 'SVMSMOTE': 0.5696, 'ADASYN': 0.565, 'None': 0.5707, 'ClassWeight': 0.5712}
23:36:39  INFO      pipeline  RandomizedSearchCV | model=Random Forest strategy=ClassWeight n_iter=12
23:37:17  INFO      pipeline  Training Logistic Reg. …
23:37:27  INFO      pipeline  Logistic Reg. | per-model strategy=ClassWeight | OOF AUROC by strategy={'SMOTE': 0.5581, 'BorderlineSMOTE': 0.5478, 'SVMSMOTE': 0.548, 'ADASYN': 0.5562, 'None': 0.5304, 'ClassWeight': 0.5903}
23:37:27  INFO      pipeline  RandomizedSearchCV | model=Logistic Reg. strategy=ClassWeight n_iter=12
23:37:30  INFO      pipeline  Reusing verified legacy final model: Logistic Reg.
23:37:30  INFO      pipeline  Training TabNet …
23:37:30  INFO      models.tabnet_model  Apple MPS backend passed smoke test — using GPU acceleration.
23:37:30  INFO      models.tabnet_model  TabNet starting | device=mps  max_epochs=200  patience=15  batch_size=1024  n_train=140
23:37:32  INFO      models.tabnet_model  TabNet trained | device=mps  best_epoch=8  elapsed=1.9s
23:37:33  INFO      models.tabnet_model  Apple MPS backend passed smoke test — using GPU acceleration.
23:37:33  INFO      models.tabnet_model  TabNet starting | device=mps  max_epochs=200  patience=15  batch_size=1024  n_train=6040

epoch 63 | loss: 0.08024 | val_auc: 0.9383  |  0:04:38s
epoch 64 | loss: 0.07738 | val_auc: 0.94101 |  0:04:42s
epoch 65 | loss: 0.07327 | val_auc: 0.9391  |  0:04:46s
epoch 66 | loss: 0.06884 | val_auc: 0.94005 |  0:04:49s
epoch 67 | loss: 0.06735 | val_auc: 0.94269 |  0:04:54s
epoch 68 | loss: 0.0646  | val_auc: 0.94511 |  0:04:58s
epoch 69 | loss: 0.06171 | val_auc: 0.93859 |  0:05:01s
epoch 70 | loss: 0.06267 | val_auc: 0.94096 |  0:05:05s
epoch 71 | loss: 0.06203 | val_auc: 0.94046 |  0:05:09s
epoch 72 | loss: 0.05921 | val_auc: 0.94157 |  0:05:13s
epoch 73 | loss: 0.05558 | val_auc: 0.94387 |  0:05:17s
epoch 74 | loss: 0.05515 | val_auc: 0.94403 |  0:05:21s
epoch 75 | loss: 0.05237 | val_auc: 0.94506 |  0:05:25s
epoch 76 | loss: 0.05614 | val_auc: 0.94283 |  0:05:30s
epoch 77 | loss: 0.05351 | val_auc: 0.9414  |  0:05:34s
epoch 78 | loss: 0.0486  | val_auc: 0.94475 |  0:05:38s
epoch 79 | loss: 0.04886 | val_auc: 0.94381 |  0:05:42s
epoch 80 | loss: 0.05036 | val_auc: 0.94212 |  0:05:46s
epoch 81 | loss: 0.0483  | val_auc: 0.94517 |  0:05:50s
epoch 82 | loss: 0.04638 | val_auc: 0.94369 |  0:05:54s
epoch 83 | loss: 0.05007 | val_auc: 0.94254 |  0:05:58s
epoch 84 | loss: 0.04462 | val_auc: 0.94462 |  0:06:02s
epoch 85 | loss: 0.04373 | val_auc: 0.94476 |  0:06:06s
epoch 86 | loss: 0.04012 | val_auc: 0.94447 |  0:06:10s
epoch 87 | loss: 0.04098 | val_auc: 0.94801 |  0:06:14s
epoch 88 | loss: 0.03905 | val_auc: 0.9462  |  0:06:18s
epoch 89 | loss: 0.04162 | val_auc: 0.9451  |  0:06:22s
epoch 90 | loss: 0.03906 | val_auc: 0.94649 |  0:06:26s
epoch 91 | loss: 0.04061 | val_auc: 0.94682 |  0:06:30s
epoch 92 | loss: 0.035   | val_auc: 0.94478 |  0:06:34s
epoch 93 | loss: 0.03443 | val_auc: 0.947   |  0:06:38s
epoch 94 | loss: 0.03789 | val_auc: 0.94524 |  0:06:42s
epoch 95 | loss: 0.03532 | val_auc: 0.94754 |  0:06:46s
epoch 96 | loss: 0.03704 | val_auc: 0.94476 |  0:06:50s
epoch 97 | loss: 0.03693 | val_auc: 0.94609 |  0:06:54s
epoch 98 | loss: 0.03451 | val_auc: 0.94876 |  0:06:58s
epoch 99 | loss: 0.03216 | val_auc: 0.94698 |  0:07:02s
epoch 100| loss: 0.03118 | val_auc: 0.94859 |  0:07:06s
epoch 101| loss: 0.0314  | val_auc: 0.94702 |  0:07:10s
epoch 102| loss: 0.03397 | val_auc: 0.94497 |  0:07:14s
epoch 103| loss: 0.03357 | val_auc: 0.94551 |  0:07:18s
epoch 104| loss: 0.03092 | val_auc: 0.9483  |  0:07:22s
epoch 105| loss: 0.0308  | val_auc: 0.94644 |  0:07:25s
epoch 106| loss: 0.03013 | val_auc: 0.94364 |  0:07:29s
epoch 107| loss: 0.03165 | val_auc: 0.94498 |  0:07:34s
epoch 108| loss: 0.03026 | val_auc: 0.94449 |  0:07:38s
epoch 109| loss: 0.0292  | val_auc: 0.94716 |  0:07:42s
epoch 110| loss: 0.02753 | val_auc: 0.94615 |  0:07:46s
epoch 111| loss: 0.02729 | val_auc: 0.9477  |  0:07:50s
epoch 112| loss: 0.02897 | val_auc: 0.94679 |  0:07:54s
epoch 113| loss: 0.02796 | val_auc: 0.94871 |  0:07:58s

Early stopping occurred at epoch 113 with best_epoch = 98 and best_val_auc = 0.94876
Successfully saved model at /Users/harekrishna/Downloads/credit-default-xai-benchmark/code v1/results/outputs/prosper_temporal/runs/cutoff_2010-07_seed_42/models/tabnet.pkl.zip
epoch 0  | loss: 0.93526 | val_auc: 0.275   |  0:00:00s
epoch 1  | loss: 0.76655 | val_auc: 0.4     |  0:00:00s
epoch 2  | loss: 0.48189 | val_auc: 0.6     |  0:00:00s
epoch 3  | loss: 0.78575 | val_auc: 0.475   |  0:00:00s
epoch 4  | loss: 0.50944 | val_auc: 0.775   |  0:00:00s
epoch 5  | loss: 0.52841 | val_auc: 0.35    |  0:00:00s
epoch 6  | loss: 0.53933 | val_auc: 0.15    |  0:00:00s
epoch 7  | loss: 0.57643 | val_auc: 0.1     |  0:00:00s
epoch 8  | loss: 0.49097 | val_auc: 0.825   |  0:00:00s
epoch 9  | loss: 0.61039 | val_auc: 0.825   |  0:00:00s
epoch 10 | loss: 0.54209 | val_auc: 0.825   |  0:00:00s
epoch 11 | loss: 0.53321 | val_auc: 0.775   |  0:00:00s
epoch 12 | loss: 0.4863  | val_auc: 0.775   |  0:00:00s
epoch 13 | loss: 0.26853 | val_auc: 0.8     |  0:00:00s
epoch 14 | loss: 0.35855 | val_auc: 0.8     |  0:00:01s
epoch 15 | loss: 0.30195 | val_auc: 0.7     |  0:00:01s
epoch 16 | loss: 0.24163 | val_auc: 0.675   |  0:00:01s
epoch 17 | loss: 0.41491 | val_auc: 0.675   |  0:00:01s
epoch 18 | loss: 0.32597 | val_auc: 0.525   |  0:00:01s
epoch 19 | loss: 0.30928 | val_auc: 0.75    |  0:00:01s
epoch 20 | loss: 0.26396 | val_auc: 0.775   |  0:00:01s
epoch 21 | loss: 0.26763 | val_auc: 0.775   |  0:00:01s
epoch 22 | loss: 0.30329 | val_auc: 0.75    |  0:00:01s
epoch 23 | loss: 0.22935 | val_auc: 0.7     |  0:00:01s

Early stopping occurred at epoch 23 with best_epoch = 8 and best_val_auc = 0.825
epoch 0  | loss: 0.8501  | val_auc: 0.81727 |  0:00:00s
epoch 1  | loss: 0.70176 | val_auc: 0.78899 |  0:00:01s
epoch 2  | loss: 0.55274 | val_auc: 0.85108 |  0:00:01s
epoch 3  | loss: 0.47331 | val_auc: 0.82445 |  0:00:02s
epoch 4  | loss: 0.44653 | val_auc: 0.87253 |  0:00:02s
epoch 5  | loss: 0.4336  | val_auc: 0.87672 |  0:00:03s
epoch 6  | loss: 0.41827 | val_auc: 0.88943 |  0:00:03s
epoch 7  | loss: 0.39144 | val_auc: 0.87609 |  0:00:04s
epoch 8  | loss: 0.38697 | val_auc: 0.86822 |  0:00:04s
epoch 9  | loss: 0.3785  | val_auc: 0.86543 |  0:00:05s
epoch 10 | loss: 0.3677  | val_auc: 0.86673 |  0:00:05s
epoch 11 | loss: 0.36126 | val_auc: 0.87264 |  0:00:06s
epoch 12 | loss: 0.35299 | val_auc: 0.87935 |  0:00:06s
epoch 13 | loss: 0.3379  | val_auc: 0.8834  |  0:00:07s
epoch 14 | loss: 0.33672 | val_auc: 0.89531 |  0:00:07s
epoch 15 | loss: 0.32593 | val_auc: 0.9018  |  0:00:08s
epoch 16 | loss: 0.32369 | val_auc: 0.90367 |  0:00:08s
epoch 17 | loss: 0.3159  | val_auc: 0.90593 |  0:00:09s
epoch 18 | loss: 0.31537 | val_auc: 0.90828 |  0:00:09s
epoch 19 | loss: 0.30887 | val_auc: 0.90937 |  0:00:10s
epoch 20 | loss: 0.29546 | val_auc: 0.91189 |  0:00:10s
epoch 21 | loss: 0.29027 | val_auc: 0.9154  |  0:00:11s
epoch 22 | loss: 0.2876  | val_auc: 0.91748 |  0:00:11s
epoch 23 | loss: 0.28595 | val_auc: 0.91654 |  0:00:12s
epoch 24 | loss: 0.2782  | val_auc: 0.91193 |  0:00:13s
epoch 25 | loss: 0.27321 | val_auc: 0.90761 |  0:00:13s
epoch 26 | loss: 0.27204 | val_auc: 0.9108  |  0:00:14s
epoch 27 | loss: 0.26686 | val_auc: 0.91316 |  0:00:14s
epoch 28 | loss: 0.26843 | val_auc: 0.90768 |  0:00:15s
epoch 29 | loss: 0.26412 | val_auc: 0.91878 |  0:00:15s
epoch 30 | loss: 0.25813 | val_auc: 0.9229  |  0:00:15s
epoch 31 | loss: 0.2576  | val_auc: 0.92232 |  0:00:16s
epoch 32 | loss: 0.25339 | val_auc: 0.925   |  0:00:16s
epoch 33 | loss: 0.243   | val_auc: 0.92112 |  0:00:17s
epoch 34 | loss: 0.24491 | val_auc: 0.92255 |  0:00:17s
epoch 35 | loss: 0.23804 | val_auc: 0.9228  |  0:00:18s
epoch 36 | loss: 0.22958 | val_auc: 0.92053 |  0:00:18s
epoch 37 | loss: 0.22848 | val_auc: 0.92429 |  0:00:19s
epoch 38 | loss: 0.22024 | val_auc: 0.92029 |  0:00:19s
epoch 39 | loss: 0.21577 | val_auc: 0.89916 |  0:00:20s
epoch 40 | loss: 0.22263 | val_auc: 0.91128 |  0:00:21s
epoch 41 | loss: 0.22691 | val_auc: 0.92651 |  0:00:21s
epoch 42 | loss: 0.20792 | val_auc: 0.92944 |  0:00:22s
epoch 43 | loss: 0.20009 | val_auc: 0.9294  |  0:00:22s
epoch 44 | loss: 0.19601 | val_auc: 0.9307  |  0:00:23s
epoch 45 | loss: 0.19266 | val_auc: 0.92997 |  0:00:23s
epoch 46 | loss: 0.18392 | val_auc: 0.92902 |  0:00:24s
epoch 47 | loss: 0.18325 | val_auc: 0.93023 |  0:00:24s
epoch 48 | loss: 0.18282 | val_auc: 0.93485 |  0:00:25s
epoch 49 | loss: 0.18212 | val_auc: 0.9401  |  0:00:25s
epoch 50 | loss: 0.17854 | val_auc: 0.9426  |  0:00:26s
epoch 51 | loss: 0.17103 | val_auc: 0.94062 |  0:00:26s
epoch 52 | loss: 0.16795 | val_auc: 0.93857 |  0:00:27s
epoch 53 | loss: 0.1623  | val_auc: 0.93813 |  0:00:27s
epoch 54 | loss: 0.15991 | val_auc: 0.92963 |  0:00:28s
epoch 55 | loss: 0.17134 | val_auc: 0.93511 |  0:00:28s
epoch 56 | loss: 0.16967 | val_auc: 0.94005 |  0:00:28s
epoch 57 | loss: 0.16474 | val_auc: 0.93389 |  0:00:29s
epoch 58 | loss: 0.1663  | val_auc: 0.94062 |  0:00:30s
epoch 59 | loss: 0.15876 | val_auc: 0.94234 |  0:00:30s
epoch 60 | loss: 0.1532  | val_auc: 0.94038 |  0:00:31s
epoch 61 | loss: 0.15461 | val_auc: 0.9421  |  0:00:31s
epoch 62 | loss: 0.14197 | val_auc: 0.94394 |  0:00:32s
epoch 63 | loss: 0.13711 | val_auc: 0.94317 |  0:00:32s
epoch 64 | loss: 0.13198 | val_auc: 0.94082 |  0:00:33s
epoch 65 | loss: 0.13061 | val_auc: 0.94198 |  0:00:33s23:38:17  INFO      models.tabnet_model  TabNet trained | device=mps  best_epoch=69  elapsed=44.1s
23:38:20  INFO      models.tabnet_model  Apple MPS backend passed smoke test — using GPU acceleration.
23:38:20  INFO      models.tabnet_model  TabNet starting | device=mps  max_epochs=200  patience=15  batch_size=1024  n_train=16816
23:40:20  INFO      models.tabnet_model  TabNet trained | device=mps  best_epoch=71  elapsed=120.4s
23:40:57  INFO      models.tabnet_model  Apple MPS backend passed smoke test — using GPU acceleration.
23:40:57  INFO      models.tabnet_model  TabNet starting | device=mps  max_epochs=200  patience=15  batch_size=1024  n_train=49882

epoch 66 | loss: 0.12695 | val_auc: 0.94155 |  0:00:34s
epoch 67 | loss: 0.12573 | val_auc: 0.94011 |  0:00:34s
epoch 68 | loss: 0.12133 | val_auc: 0.94194 |  0:00:35s
epoch 69 | loss: 0.12626 | val_auc: 0.94473 |  0:00:35s
epoch 70 | loss: 0.1282  | val_auc: 0.94039 |  0:00:36s
epoch 71 | loss: 0.12525 | val_auc: 0.93898 |  0:00:36s
epoch 72 | loss: 0.13122 | val_auc: 0.93925 |  0:00:37s
epoch 73 | loss: 0.12729 | val_auc: 0.93841 |  0:00:37s
epoch 74 | loss: 0.12095 | val_auc: 0.93195 |  0:00:38s
epoch 75 | loss: 0.1216  | val_auc: 0.93467 |  0:00:38s
epoch 76 | loss: 0.11737 | val_auc: 0.93986 |  0:00:39s
epoch 77 | loss: 0.1131  | val_auc: 0.93635 |  0:00:39s
epoch 78 | loss: 0.10745 | val_auc: 0.93788 |  0:00:40s
epoch 79 | loss: 0.10564 | val_auc: 0.93881 |  0:00:40s
epoch 80 | loss: 0.09892 | val_auc: 0.94032 |  0:00:41s
epoch 81 | loss: 0.10192 | val_auc: 0.93903 |  0:00:41s
epoch 82 | loss: 0.09514 | val_auc: 0.93841 |  0:00:42s
epoch 83 | loss: 0.09346 | val_auc: 0.93933 |  0:00:42s
epoch 84 | loss: 0.09691 | val_auc: 0.94108 |  0:00:43s

Early stopping occurred at epoch 84 with best_epoch = 69 and best_val_auc = 0.94473
epoch 0  | loss: 0.75054 | val_auc: 0.86084 |  0:00:01s
epoch 1  | loss: 0.53219 | val_auc: 0.86762 |  0:00:02s
epoch 2  | loss: 0.48962 | val_auc: 0.89371 |  0:00:04s
epoch 3  | loss: 0.4362  | val_auc: 0.90181 |  0:00:05s
epoch 4  | loss: 0.41359 | val_auc: 0.90606 |  0:00:07s
epoch 5  | loss: 0.41554 | val_auc: 0.90868 |  0:00:08s
epoch 6  | loss: 0.39724 | val_auc: 0.91149 |  0:00:09s
epoch 7  | loss: 0.3946  | val_auc: 0.91763 |  0:00:11s
epoch 8  | loss: 0.38481 | val_auc: 0.91437 |  0:00:12s
epoch 9  | loss: 0.37839 | val_auc: 0.9164  |  0:00:13s
epoch 10 | loss: 0.37872 | val_auc: 0.91554 |  0:00:15s
epoch 11 | loss: 0.36805 | val_auc: 0.91685 |  0:00:16s
epoch 12 | loss: 0.36389 | val_auc: 0.92687 |  0:00:17s
epoch 13 | loss: 0.35525 | val_auc: 0.9166  |  0:00:19s
epoch 14 | loss: 0.35992 | val_auc: 0.92188 |  0:00:20s
epoch 15 | loss: 0.35864 | val_auc: 0.92081 |  0:00:22s
epoch 16 | loss: 0.34631 | val_auc: 0.9257  |  0:00:23s
epoch 17 | loss: 0.34555 | val_auc: 0.92382 |  0:00:24s
epoch 18 | loss: 0.34928 | val_auc: 0.92699 |  0:00:26s
epoch 19 | loss: 0.34248 | val_auc: 0.92761 |  0:00:27s
epoch 20 | loss: 0.34324 | val_auc: 0.92862 |  0:00:28s
epoch 21 | loss: 0.33557 | val_auc: 0.93044 |  0:00:30s
epoch 22 | loss: 0.33054 | val_auc: 0.92502 |  0:00:31s
epoch 23 | loss: 0.32919 | val_auc: 0.93302 |  0:00:32s
epoch 24 | loss: 0.32779 | val_auc: 0.93632 |  0:00:34s
epoch 25 | loss: 0.33267 | val_auc: 0.93478 |  0:00:35s
epoch 26 | loss: 0.32611 | val_auc: 0.9336  |  0:00:36s
epoch 27 | loss: 0.31862 | val_auc: 0.93271 |  0:00:38s
epoch 28 | loss: 0.31946 | val_auc: 0.93392 |  0:00:39s
epoch 29 | loss: 0.322   | val_auc: 0.93177 |  0:00:40s
epoch 30 | loss: 0.32182 | val_auc: 0.93756 |  0:00:42s
epoch 31 | loss: 0.31797 | val_auc: 0.93632 |  0:00:43s
epoch 32 | loss: 0.31243 | val_auc: 0.93779 |  0:00:44s
epoch 33 | loss: 0.30897 | val_auc: 0.9379  |  0:00:46s
epoch 34 | loss: 0.30227 | val_auc: 0.93618 |  0:00:47s
epoch 35 | loss: 0.29802 | val_auc: 0.93419 |  0:00:49s
epoch 36 | loss: 0.30075 | val_auc: 0.93453 |  0:00:51s
epoch 37 | loss: 0.29174 | val_auc: 0.93782 |  0:00:52s
epoch 38 | loss: 0.29588 | val_auc: 0.93748 |  0:00:53s
epoch 39 | loss: 0.2884  | val_auc: 0.93866 |  0:00:55s
epoch 40 | loss: 0.28836 | val_auc: 0.93661 |  0:00:56s
epoch 41 | loss: 0.30273 | val_auc: 0.93141 |  0:00:57s
epoch 42 | loss: 0.30822 | val_auc: 0.94121 |  0:00:59s
epoch 43 | loss: 0.29711 | val_auc: 0.93897 |  0:01:00s
epoch 44 | loss: 0.2884  | val_auc: 0.93639 |  0:01:01s
epoch 45 | loss: 0.28891 | val_auc: 0.93813 |  0:01:03s
epoch 46 | loss: 0.28394 | val_auc: 0.93654 |  0:01:04s
epoch 47 | loss: 0.28051 | val_auc: 0.93738 |  0:01:05s
epoch 48 | loss: 0.27509 | val_auc: 0.93994 |  0:01:07s
epoch 49 | loss: 0.27156 | val_auc: 0.9384  |  0:01:08s
epoch 50 | loss: 0.26661 | val_auc: 0.93221 |  0:01:10s
epoch 51 | loss: 0.26508 | val_auc: 0.93904 |  0:01:11s
epoch 52 | loss: 0.26277 | val_auc: 0.9429  |  0:01:12s
epoch 53 | loss: 0.25922 | val_auc: 0.93564 |  0:01:14s
epoch 54 | loss: 0.26002 | val_auc: 0.93939 |  0:01:15s
epoch 55 | loss: 0.26492 | val_auc: 0.94122 |  0:01:16s
epoch 56 | loss: 0.25761 | val_auc: 0.94235 |  0:01:18s
epoch 57 | loss: 0.25116 | val_auc: 0.94277 |  0:01:19s
epoch 58 | loss: 0.24419 | val_auc: 0.94091 |  0:01:21s
epoch 59 | loss: 0.23763 | val_auc: 0.94138 |  0:01:22s
epoch 60 | loss: 0.23678 | val_auc: 0.94089 |  0:01:23s
epoch 61 | loss: 0.2338  | val_auc: 0.94043 |  0:01:25s
epoch 62 | loss: 0.23148 | val_auc: 0.94051 |  0:01:26s
epoch 63 | loss: 0.22979 | val_auc: 0.9419  |  0:01:27s
epoch 64 | loss: 0.23697 | val_auc: 0.94344 |  0:01:29s
epoch 65 | loss: 0.22903 | val_auc: 0.94099 |  0:01:30s
epoch 66 | loss: 0.22139 | val_auc: 0.94095 |  0:01:31s
epoch 67 | loss: 0.21755 | val_auc: 0.94222 |  0:01:33s
epoch 68 | loss: 0.20963 | val_auc: 0.94141 |  0:01:34s
epoch 69 | loss: 0.20591 | val_auc: 0.94079 |  0:01:36s
epoch 70 | loss: 0.19801 | val_auc: 0.94087 |  0:01:37s
epoch 71 | loss: 0.19695 | val_auc: 0.94559 |  0:01:38s
epoch 72 | loss: 0.1893  | val_auc: 0.9424  |  0:01:40s
epoch 73 | loss: 0.18515 | val_auc: 0.94242 |  0:01:41s
epoch 74 | loss: 0.18558 | val_auc: 0.944   |  0:01:42s
epoch 75 | loss: 0.17961 | val_auc: 0.9446  |  0:01:44s
epoch 76 | loss: 0.17394 | val_auc: 0.94368 |  0:01:45s
epoch 77 | loss: 0.17952 | val_auc: 0.94058 |  0:01:46s
epoch 78 | loss: 0.17404 | val_auc: 0.94252 |  0:01:48s
epoch 79 | loss: 0.16712 | val_auc: 0.94276 |  0:01:49s
epoch 80 | loss: 0.16595 | val_auc: 0.94449 |  0:01:50s
epoch 81 | loss: 0.16271 | val_auc: 0.93871 |  0:01:52s
epoch 82 | loss: 0.16115 | val_auc: 0.94328 |  0:01:53s
epoch 83 | loss: 0.1544  | val_auc: 0.94038 |  0:01:55s
epoch 84 | loss: 0.15435 | val_auc: 0.93936 |  0:01:56s
epoch 85 | loss: 0.15361 | val_auc: 0.94009 |  0:01:58s
epoch 86 | loss: 0.14979 | val_auc: 0.93915 |  0:01:59s

Early stopping occurred at epoch 86 with best_epoch = 71 and best_val_auc = 0.94559
epoch 0  | loss: 0.59604 | val_auc: 0.85766 |  0:00:04s
epoch 1  | loss: 0.44864 | val_auc: 0.87806 |  0:00:08s
epoch 2  | loss: 0.4307  | val_auc: 0.88127 |  0:00:12s
epoch 3  | loss: 0.41147 | val_auc: 0.8944  |  0:00:15s
epoch 4  | loss: 0.39568 | val_auc: 0.90145 |  0:00:19s
epoch 5  | loss: 0.3843  | val_auc: 0.91379 |  0:00:23s
epoch 6  | loss: 0.36912 | val_auc: 0.91677 |  0:00:27s
epoch 7  | loss: 0.36296 | val_auc: 0.91699 |  0:00:31s
epoch 8  | loss: 0.35589 | val_auc: 0.91966 |  0:00:35s
epoch 9  | loss: 0.34553 | val_auc: 0.92797 |  0:00:39s
epoch 10 | loss: 0.34521 | val_auc: 0.92434 |  0:00:43s
epoch 11 | loss: 0.33472 | val_auc: 0.92618 |  0:00:47s
epoch 12 | loss: 0.32666 | val_auc: 0.93041 |  0:00:51s
epoch 13 | loss: 0.31172 | val_auc: 0.93297 |  0:00:55s
epoch 14 | loss: 0.30316 | val_auc: 0.9343  |  0:00:59s
epoch 15 | loss: 0.29077 | val_auc: 0.93672 |  0:01:03s
epoch 16 | loss: 0.28139 | val_auc: 0.9348  |  0:01:07s
epoch 17 | loss: 0.27969 | val_auc: 0.94055 |  0:01:12s
epoch 18 | loss: 0.26446 | val_auc: 0.93756 |  0:01:16s
epoch 19 | loss: 0.25837 | val_auc: 0.94214 |  0:01:20s
epoch 20 | loss: 0.24707 | val_auc: 0.94147 |  0:01:24s
epoch 21 | loss: 0.24815 | val_auc: 0.93871 |  0:01:28s
epoch 22 | loss: 0.24751 | val_auc: 0.93776 |  0:01:32s
epoch 23 | loss: 0.22842 | val_auc: 0.94366 |  0:01:36s
epoch 24 | loss: 0.23143 | val_auc: 0.93142 |  0:01:40s
epoch 25 | loss: 0.23373 | val_auc: 0.9405  |  0:01:44s
epoch 26 | loss: 0.20736 | val_auc: 0.94319 |  0:01:48s
epoch 27 | loss: 0.19335 | val_auc: 0.94321 |  0:01:52s
epoch 28 | loss: 0.19503 | val_auc: 0.93801 |  0:01:56s
epoch 29 | loss: 0.18301 | val_auc: 0.94505 |  0:01:59s
epoch 30 | loss: 0.17012 | val_auc: 0.94425 |  0:02:03s
epoch 31 | loss: 0.15697 | val_auc: 0.94408 |  0:02:08s
epoch 32 | loss: 0.15756 | val_auc: 0.94628 |  0:02:11s
epoch 33 | loss: 0.15051 | val_auc: 0.94333 |  0:02:16s
epoch 34 | loss: 0.14766 | val_auc: 0.94566 |  0:02:19s
epoch 35 | loss: 0.13788 | val_auc: 0.94564 |  0:02:24s
epoch 36 | loss: 0.13148 | val_auc: 0.94835 |  0:02:28s
epoch 37 | loss: 0.12055 | val_auc: 0.94692 |  0:02:32s23:45:00  INFO      models.tabnet_model  TabNet trained | device=mps  best_epoch=44  elapsed=242.8s
23:45:00  INFO      models.tabnet_model  TabNet model saved to /Users/harekrishna/Downloads/credit-default-xai-benchmark/code v1/results/outputs/prosper_temporal/runs/cutoff_2010-07_seed_99/models/tabnet.pkl
23:45:00  INFO      pipeline  ============================================================
23:45:00  INFO      pipeline  STAGE 4: Evaluation (selection on OOF; held-out test reporting)
23:45:00  INFO      pipeline  ============================================================
23:45:01  INFO      pipeline  XGBoost | OOF AUROC=0.6322  f1*=0.2687 @ t=0.18 | test AUROC=0.6487  F1=0.1215  MCC=0.0560
23:45:01  INFO      pipeline  LightGBM | OOF AUROC=0.6161  f1*=0.2566 @ t=0.11 | test AUROC=0.6759  F1=0.1797  MCC=0.1187
23:45:01  INFO      pipeline  CatBoost | OOF AUROC=0.6317  f1*=0.2678 @ t=0.45 | test AUROC=0.6861  F1=0.1102  MCC=0.0776
23:45:01  INFO      pipeline  Random Forest | OOF AUROC=0.5846  f1*=0.2472 @ t=0.22 | test AUROC=0.6701  F1=0.1480  MCC=0.0798
23:45:02  INFO      pipeline  Logistic Reg. | OOF AUROC=0.6236  f1*=0.2639 @ t=0.43 | test AUROC=0.7112  F1=0.1401  MCC=0.0908
23:45:02  INFO      pipeline  TabNet | OOF AUROC=0.5725  f1*=0.2420 @ t=0.08 | test AUROC=0.6428  F1=0.1120  MCC=0.0535
23:45:02  INFO      pipeline  LaTeX table → /Users/harekrishna/Downloads/credit-default-xai-benchmark/code v1/results/outputs/prosper_temporal/runs/cutoff_2010-07_seed_99/results/table2_test_metrics.tex
23:45:02  INFO      pipeline  
                AUROC   AUPRC      F1  Precision  Recall  Specificity  G-Mean     MCC   Brier
Model                                                                                        
XGBoost        0.6487  0.0953  0.1215     0.0996  0.1557       0.9131  0.3770  0.0560  0.0566
LightGBM       0.6759  0.1118  0.1797     0.1320  0.2814       0.8857  0.4993  0.1187  0.0537
CatBoost       0.6861  0.1122  0.1102     0.1609  0.0838       0.9730  0.2856  0.0776  0.0878
Random Forest  0.6701  0.1028  0.1480     0.0955  0.3293       0.8073  0.5156  0.0798  0.0651
Logistic Reg.  0.7112  0.1266  0.1401     0.1497  0.1317       0.9538  0.3545  0.0908  0.0916
TabNet         0.6428  0.0865  0.1120     0.1053  0.1198       0.9371  0.3350  0.0535  0.0750
23:45:02  INFO      visualization.plots  Fig 2 saved → /Users/harekrishna/Downloads/credit-default-xai-benchmark/code v1/results/outputs/prosper_temporal/runs/cutoff_2010-07_seed_99/figures/fig02_roc_curves.pdf
23:45:02  INFO      visualization.plots  Fig 3 saved → /Users/harekrishna/Downloads/credit-default-xai-benchmark/code v1/results/outputs/prosper_temporal/runs/cutoff_2010-07_seed_99/figures/fig03_pr_curves.pdf
23:45:02  INFO      visualization.plots  Fig 4 saved → /Users/harekrishna/Downloads/credit-default-xai-benchmark/code v1/results/outputs/prosper_temporal/runs/cutoff_2010-07_seed_99/figures/fig04_confusion_xgboost.pdf
23:52:59  INFO      pipeline  ============================================================
23:52:59  INFO      pipeline  STAGE 5: SHAP Explanations
23:52:59  INFO      pipeline  ============================================================
23:53:00  INFO      explainability.shap_explainer  SHAP TreeExplainer initialised | output_space=log_odds
23:53:00  INFO      explainability.shap_explainer  SHAP values computed | shape=(2000, 63)
23:53:00  INFO      explainability.shap_explainer  SHAP additivity check | MAE=0.00000 | PASS ✓
23:53:01  INFO      explainability.shap_explainer  Saved SHAP summary → /Users/harekrishna/Downloads/credit-default-xai-benchmark/code v1/results/outputs/prosper_temporal/runs/cutoff_2010-07_seed_99/figures/fig05a_shap_summary_XGBoost.pdf
23:53:01  INFO      explainability.shap_explainer  Saved SHAP bar → /Users/harekrishna/Downloads/credit-default-xai-benchmark/code v1/results/outputs/prosper_temporal/runs/cutoff_2010-07_seed_99/figures/fig05b_shap_bar_XGBoost.pdf
23:53:01  INFO      explainability.shap_explainer  Saved SHAP dependence → /Users/harekrishna/Downloads/credit-default-xai-benchmark/code v1/results/outputs/prosper_temporal/runs/cutoff_2010-07_seed_99/figures/fig06_shap_dep_CreditScoreRangeLower.pdf
23:53:01  INFO      pipeline  LaTeX table → /Users/harekrishna/Downloads/credit-default-xai-benchmark/code v1/results/outputs/prosper_temporal/runs/cutoff_2010-07_seed_99/results/table3_shap_ranking.tex
23:53:01  INFO      visualization.plots  Fig 8 saved → /Users/harekrishna/Downloads/credit-default-xai-benchmark/code v1/results/outputs/prosper_temporal/runs/cutoff_2010-07_seed_99/figures/fig08_importance_comparison.pdf
23:53:02  INFO      visualization.plots  Fig 9 saved → /Users/harekrishna/Downloads/credit-default-xai-benchmark/code v1/results/outputs/prosper_temporal/runs/cutoff_2010-07_seed_99/figures/fig09_threshold_sweep.pdf
23:53:02  INFO      pipeline  ============================================================
23:53:02  INFO      pipeline  STAGE 6: LIME Explanations
23:53:02  INFO      pipeline  ============================================================
23:53:02  INFO      explainability.lime_explainer  LIME tabular explainer initialised | features=63
23:53:02  INFO      pipeline  Local instances selected: {'TP': 87, 'FP': 119, 'FN': 271, 'TN': 124}
23:53:02  INFO      explainability.lime_explainer  Saved LIME explanation → /Users/harekrishna/Downloads/credit-default-xai-benchmark/code v1/results/outputs/prosper_temporal/runs/cutoff_2010-07_seed_99/figures/fig07_tp_lime.pdf
23:53:03  INFO      explainability.lime_explainer  Saved LIME explanation → /Users/harekrishna/Downloads/credit-default-xai-benchmark/code v1/results/outputs/prosper_temporal/runs/cutoff_2010-07_seed_99/figures/fig07_fp_lime.pdf
23:53:03  INFO      explainability.lime_explainer  Saved LIME explanation → /Users/harekrishna/Downloads/credit-default-xai-benchmark/code v1/results/outputs/prosper_temporal/runs/cutoff_2010-07_seed_99/figures/fig07_fn_lime.pdf
23:53:03  INFO      explainability.lime_explainer  Saved LIME explanation → /Users/harekrishna/Downloads/credit-default-xai-benchmark/code v1/results/outputs/prosper_temporal/runs/cutoff_2010-07_seed_99/figures/fig07_tn_lime.pdf
23:53:04  INFO      explainability.lime_explainer  Saved LIME multi-instance grid → /Users/harekrishna/Downloads/credit-default-xai-benchmark/code v1/results/outputs/prosper_temporal/runs/cutoff_2010-07_seed_99/figures/fig07_lime_multi_instance.pdf
23:53:08  INFO      explainability.lime_explainer  LIME batch complete | n=200
23:53:08  INFO      explainability.lime_explainer  SHAP–LIME agreement | mean ρ=0.439 ± 0.210
23:53:08  INFO      explainability.lime_explainer  LIME tabular explainer initialised | features=63
23:53:09  INFO      explainability.lime_explainer  LIME tabular explainer initialised | features=63
23:53:09  INFO      explainability.lime_explainer  LIME tabular explainer initialised | features=63
23:53:09  INFO      explainability.lime_explainer  LIME tabular explainer initialised | features=63
23:53:09  INFO      explainability.lime_explainer  LIME tabular explainer initialised | features=63
23:53:10  INFO      explainability.lime_explainer  LIME tabular explainer initialised | features=63
23:53:10  INFO      explainability.lime_explainer  LIME tabular explainer initialised | features=63
23:53:10  INFO      explainability.lime_explainer  LIME tabular explainer initialised | features=63
23:53:11  INFO      explainability.lime_explainer  LIME tabular explainer initialised | features=63
23:53:11  INFO      explainability.lime_explainer  LIME tabular explainer initialised | features=63
23:53:11  INFO      explainability.lime_explainer  LIME tabular explainer initialised | features=63
23:53:11  INFO      explainability.lime_explainer  LIME tabular explainer initialised | features=63
23:53:12  INFO      explainability.lime_explainer  LIME tabular explainer initialised | features=63
23:53:12  INFO      explainability.lime_explainer  LIME tabular explainer initialised | features=63
23:53:12  INFO      explainability.lime_explainer  LIME tabular explainer initialised | features=63
23:53:13  INFO      explainability.lime_explainer  LIME tabular explainer initialised | features=63
23:53:13  INFO      explainability.lime_explainer  LIME tabular explainer initialised | features=63
23:53:13  INFO      explainability.lime_explainer  LIME tabular explainer initialised | features=63
23:53:13  INFO      explainability.lime_explainer  LIME tabular explainer initialised | features=63
23:53:14  INFO      explainability.lime_explainer  LIME tabular explainer initialised | features=63
23:53:14  INFO      explainability.lime_explainer  LIME tabular explainer initialised | features=63
23:53:14  INFO      explainability.lime_explainer  LIME tabular explainer initialised | features=63
23:53:15  INFO      explainability.lime_explainer  LIME tabular explainer initialised | features=63
23:53:15  INFO      explainability.lime_explainer  LIME tabular explainer initialised | features=63
23:53:15  INFO      explainability.lime_explainer  LIME tabular explainer initialised | features=63
23:53:15  INFO      explainability.lime_explainer  LIME tabular explainer initialised | features=63
23:53:16  INFO      explainability.lime_explainer  LIME tabular explainer initialised | features=63
23:53:16  INFO      explainability.lime_explainer  LIME tabular explainer initialised | features=63
23:53:16  INFO      explainability.lime_explainer  LIME tabular explainer initialised | features=63
23:53:16  INFO      explainability.lime_explainer  LIME tabular explainer initialised | features=63
23:53:17  INFO      explainability.lime_explainer  LIME tabular explainer initialised | features=63
23:53:17  INFO      explainability.lime_explainer  LIME tabular explainer initialised | features=63
23:53:17  INFO      explainability.lime_explainer  LIME tabular explainer initialised | features=63
23:53:18  INFO      explainability.lime_explainer  LIME tabular explainer initialised | features=63
23:53:18  INFO      explainability.lime_explainer  LIME tabular explainer initialised | features=63
23:53:18  INFO      explainability.lime_explainer  LIME tabular explainer initialised | features=63
23:53:18  INFO      explainability.lime_explainer  LIME tabular explainer initialised | features=63
23:53:19  INFO      explainability.lime_explainer  LIME tabular explainer initialised | features=63
23:53:19  INFO      explainability.lime_explainer  LIME tabular explainer initialised | features=63
23:53:19  INFO      explainability.lime_explainer  LIME tabular explainer initialised | features=63
23:53:19  INFO      explainability.lime_explainer  LIME tabular explainer initialised | features=63
23:53:20  INFO      explainability.lime_explainer  LIME tabular explainer initialised | features=63
23:53:20  INFO      explainability.lime_explainer  LIME tabular explainer initialised | features=63
23:53:20  INFO      explainability.lime_explainer  LIME tabular explainer initialised | features=63
23:53:21  INFO      explainability.lime_explainer  LIME tabular explainer initialised | features=63
23:53:21  INFO      explainability.lime_explainer  LIME tabular explainer initialised | features=63
23:53:21  INFO      explainability.lime_explainer  LIME tabular explainer initialised | features=63
23:53:21  INFO      explainability.lime_explainer  LIME tabular explainer initialised | features=63
23:53:22  INFO      explainability.lime_explainer  LIME tabular explainer initialised | features=63
23:53:22  INFO      explainability.lime_explainer  LIME tabular explainer initialised | features=63
23:53:22  INFO      explainability.lime_explainer  LIME tabular explainer initialised | features=63
23:53:22  INFO      explainability.lime_explainer  LIME tabular explainer initialised | features=63
23:53:23  INFO      explainability.lime_explainer  LIME tabular explainer initialised | features=63
23:53:23  INFO      explainability.lime_explainer  LIME tabular explainer initialised | features=63
23:53:23  INFO      explainability.lime_explainer  LIME tabular explainer initialised | features=63
23:53:24  INFO      explainability.lime_explainer  LIME tabular explainer initialised | features=63
23:53:24  INFO      explainability.lime_explainer  LIME tabular explainer initialised | features=63
23:53:24  INFO      explainability.lime_explainer  LIME tabular explainer initialised | features=63
23:53:24  INFO      explainability.lime_explainer  LIME tabular explainer initialised | features=63
23:53:25  INFO      explainability.lime_explainer  LIME tabular explainer initialised | features=63
23:53:25  INFO      explainability.lime_explainer  LIME tabular explainer initialised | features=63
23:53:25  INFO      explainability.lime_explainer  LIME tabular explainer initialised | features=63
23:53:25  INFO      explainability.lime_explainer  LIME tabular explainer initialised | features=63
23:53:26  INFO      explainability.lime_explainer  LIME tabular explainer initialised | features=63
23:53:26  INFO      explainability.lime_explainer  LIME tabular explainer initialised | features=63
23:53:26  INFO      explainability.lime_explainer  LIME tabular explainer initialised | features=63
23:53:27  INFO      explainability.lime_explainer  LIME tabular explainer initialised | features=63
23:53:27  INFO      explainability.lime_explainer  LIME tabular explainer initialised | features=63
23:53:27  INFO      explainability.lime_explainer  LIME tabular explainer initialised | features=63
23:53:27  INFO      explainability.lime_explainer  LIME tabular explainer initialised | features=63
23:53:28  INFO      explainability.lime_explainer  LIME tabular explainer initialised | features=63
23:53:28  INFO      explainability.lime_explainer  LIME tabular explainer initialised | features=63
23:53:28  INFO      explainability.lime_explainer  LIME tabular explainer initialised | features=63
23:53:28  INFO      explainability.lime_explainer  LIME tabular explainer initialised | features=63
23:53:29  INFO      explainability.lime_explainer  LIME tabular explainer initialised | features=63
23:53:29  INFO      explainability.lime_explainer  LIME tabular explainer initialised | features=63
23:53:29  INFO      explainability.lime_explainer  LIME tabular explainer initialised | features=63
23:53:30  INFO      explainability.lime_explainer  LIME tabular explainer initialised | features=63
23:53:30  INFO      explainability.lime_explainer  LIME tabular explainer initialised | features=63
23:53:30  INFO      explainability.lime_explainer  LIME tabular explainer initialised | features=63
23:53:30  INFO      explainability.lime_explainer  LIME tabular explainer initialised | features=63
23:53:31  INFO      explainability.lime_explainer  LIME tabular explainer initialised | features=63
23:53:31  INFO      explainability.lime_explainer  LIME tabular explainer initialised | features=63
23:53:31  INFO      explainability.lime_explainer  LIME tabular explainer initialised | features=63
23:53:32  INFO      explainability.lime_explainer  LIME tabular explainer initialised | features=63
23:53:32  INFO      explainability.lime_explainer  LIME tabular explainer initialised | features=63
23:53:32  INFO      explainability.lime_explainer  LIME tabular explainer initialised | features=63
23:53:32  INFO      explainability.lime_explainer  LIME tabular explainer initialised | features=63
23:53:33  INFO      explainability.lime_explainer  LIME tabular explainer initialised | features=63
23:53:33  INFO      explainability.lime_explainer  LIME tabular explainer initialised | features=63
23:53:33  INFO      explainability.lime_explainer  LIME tabular explainer initialised | features=63
23:53:34  INFO      explainability.lime_explainer  LIME tabular explainer initialised | features=63
23:53:34  INFO      explainability.lime_explainer  LIME tabular explainer initialised | features=63
23:53:34  INFO      explainability.lime_explainer  LIME tabular explainer initialised | features=63
23:53:34  INFO      explainability.lime_explainer  LIME tabular explainer initialised | features=63
23:53:35  INFO      explainability.lime_explainer  LIME tabular explainer initialised | features=63
23:53:35  INFO      explainability.lime_explainer  LIME tabular explainer initialised | features=63
23:53:35  INFO      explainability.lime_explainer  LIME tabular explainer initialised | features=63
23:53:36  INFO      explainability.lime_explainer  LIME tabular explainer initialised | features=63
23:53:36  INFO      explainability.lime_explainer  LIME tabular explainer initialised | features=63
23:53:36  INFO      explainability.lime_explainer  LIME tabular explainer initialised | features=63
23:53:36  INFO      explainability.lime_explainer  LIME tabular explainer initialised | features=63
23:53:37  INFO      explainability.lime_explainer  LIME tabular explainer initialised | features=63
23:53:37  INFO      explainability.lime_explainer  LIME tabular explainer initialised | features=63
23:53:37  INFO      explainability.lime_explainer  LIME tabular explainer initialised | features=63
23:53:37  INFO      explainability.lime_explainer  LIME tabular explainer initialised | features=63
23:53:38  INFO      explainability.lime_explainer  LIME tabular explainer initialised | features=63
23:53:38  INFO      explainability.lime_explainer  LIME tabular explainer initialised | features=63
23:53:38  INFO      explainability.lime_explainer  LIME tabular explainer initialised | features=63
23:53:39  INFO      explainability.lime_explainer  LIME tabular explainer initialised | features=63
23:53:39  INFO      explainability.lime_explainer  LIME tabular explainer initialised | features=63
23:53:39  INFO      explainability.lime_explainer  LIME tabular explainer initialised | features=63
23:53:39  INFO      explainability.lime_explainer  LIME tabular explainer initialised | features=63
23:53:40  INFO      explainability.lime_explainer  LIME tabular explainer initialised | features=63
23:53:40  INFO      explainability.lime_explainer  LIME tabular explainer initialised | features=63
23:53:40  INFO      explainability.lime_explainer  LIME tabular explainer initialised | features=63
23:53:41  INFO      explainability.lime_explainer  LIME tabular explainer initialised | features=63
23:53:41  INFO      explainability.lime_explainer  LIME tabular explainer initialised | features=63
23:53:41  INFO      explainability.lime_explainer  LIME tabular explainer initialised | features=63
23:53:41  INFO      explainability.lime_explainer  LIME tabular explainer initialised | features=63
23:53:42  INFO      explainability.lime_explainer  LIME tabular explainer initialised | features=63
23:53:42  INFO      explainability.lime_explainer  LIME tabular explainer initialised | features=63
23:53:42  INFO      explainability.lime_explainer  LIME tabular explainer initialised | features=63
23:53:43  INFO      explainability.lime_explainer  LIME tabular explainer initialised | features=63
23:53:43  INFO      explainability.lime_explainer  LIME tabular explainer initialised | features=63
23:53:43  INFO      explainability.lime_explainer  LIME tabular explainer initialised | features=63
23:53:43  INFO      explainability.lime_explainer  LIME tabular explainer initialised | features=63
23:53:44  INFO      explainability.lime_explainer  LIME tabular explainer initialised | features=63
23:53:44  INFO      explainability.lime_explainer  LIME tabular explainer initialised | features=63
23:53:44  INFO      explainability.lime_explainer  LIME tabular explainer initialised | features=63
23:53:45  INFO      explainability.lime_explainer  LIME tabular explainer initialised | features=63
23:53:45  INFO      explainability.lime_explainer  LIME tabular explainer initialised | features=63
23:53:45  INFO      explainability.lime_explainer  LIME tabular explainer initialised | features=63
23:53:45  INFO      explainability.lime_explainer  LIME tabular explainer initialised | features=63
23:53:46  INFO      explainability.lime_explainer  LIME tabular explainer initialised | features=63
23:53:46  INFO      explainability.lime_explainer  LIME tabular explainer initialised | features=63
23:53:46  INFO      explainability.lime_explainer  LIME tabular explainer initialised | features=63
23:53:46  INFO      explainability.lime_explainer  LIME tabular explainer initialised | features=63
23:53:47  INFO      explainability.lime_explainer  LIME tabular explainer initialised | features=63
23:53:47  INFO      explainability.lime_explainer  LIME tabular explainer initialised | features=63
23:53:47  INFO      explainability.lime_explainer  LIME tabular explainer initialised | features=63
23:53:48  INFO      explainability.lime_explainer  LIME tabular explainer initialised | features=63
23:53:48  INFO      explainability.lime_explainer  LIME tabular explainer initialised | features=63
23:53:48  INFO      explainability.lime_explainer  LIME tabular explainer initialised | features=63
23:53:48  INFO      explainability.lime_explainer  LIME tabular explainer initialised | features=63
23:53:49  INFO      explainability.lime_explainer  LIME tabular explainer initialised | features=63
23:53:49  INFO      explainability.lime_explainer  LIME tabular explainer initialised | features=63
23:53:49  INFO      explainability.lime_explainer  LIME tabular explainer initialised | features=63
23:53:49  INFO      explainability.lime_explainer  LIME tabular explainer initialised | features=63
23:53:50  INFO      explainability.lime_explainer  LIME tabular explainer initialised | features=63
23:53:50  INFO      explainability.lime_explainer  LIME tabular explainer initialised | features=63
23:53:50  INFO      explainability.lime_explainer  LIME tabular explainer initialised | features=63
23:53:51  INFO      explainability.lime_explainer  LIME tabular explainer initialised | features=63
23:53:51  INFO      explainability.lime_explainer  LIME tabular explainer initialised | features=63
23:53:51  INFO      explainability.lime_explainer  LIME tabular explainer initialised | features=63
23:53:51  INFO      explainability.lime_explainer  LIME tabular explainer initialised | features=63
23:53:52  INFO      explainability.lime_explainer  LIME tabular explainer initialised | features=63
23:53:52  INFO      explainability.lime_explainer  LIME tabular explainer initialised | features=63
23:53:52  INFO      explainability.lime_explainer  LIME tabular explainer initialised | features=63
23:53:53  INFO      explainability.lime_explainer  LIME tabular explainer initialised | features=63
23:53:53  INFO      explainability.lime_explainer  LIME tabular explainer initialised | features=63
23:53:53  INFO      explainability.lime_explainer  LIME tabular explainer initialised | features=63
23:53:53  INFO      explainability.lime_explainer  LIME tabular explainer initialised | features=63
23:53:54  INFO      explainability.lime_explainer  LIME tabular explainer initialised | features=63
23:53:54  INFO      explainability.lime_explainer  LIME tabular explainer initialised | features=63
23:53:54  INFO      explainability.lime_explainer  LIME tabular explainer initialised | features=63
23:53:54  INFO      explainability.lime_explainer  LIME tabular explainer initialised | features=63
23:53:55  INFO      explainability.lime_explainer  LIME tabular explainer initialised | features=63
23:53:55  INFO      explainability.lime_explainer  LIME tabular explainer initialised | features=63
23:53:55  INFO      explainability.lime_explainer  LIME tabular explainer initialised | features=63
23:53:56  INFO      explainability.lime_explainer  LIME tabular explainer initialised | features=63
23:53:56  INFO      explainability.lime_explainer  LIME tabular explainer initialised | features=63
23:53:56  INFO      explainability.lime_explainer  LIME tabular explainer initialised | features=63
23:53:56  INFO      explainability.lime_explainer  LIME tabular explainer initialised | features=63
23:53:57  INFO      explainability.lime_explainer  LIME tabular explainer initialised | features=63
23:53:57  INFO      explainability.lime_explainer  LIME tabular explainer initialised | features=63
23:53:57  INFO      explainability.lime_explainer  LIME tabular explainer initialised | features=63
23:53:57  INFO      explainability.lime_explainer  LIME tabular explainer initialised | features=63
23:53:58  INFO      explainability.lime_explainer  LIME tabular explainer initialised | features=63
23:53:58  INFO      explainability.lime_explainer  LIME tabular explainer initialised | features=63
23:53:58  INFO      explainability.lime_explainer  LIME tabular explainer initialised | features=63
23:53:59  INFO      explainability.lime_explainer  LIME tabular explainer initialised | features=63
23:53:59  INFO      explainability.lime_explainer  LIME tabular explainer initialised | features=63
23:53:59  INFO      explainability.lime_explainer  LIME tabular explainer initialised | features=63
23:53:59  INFO      explainability.lime_explainer  LIME tabular explainer initialised | features=63
23:54:00  INFO      explainability.lime_explainer  LIME tabular explainer initialised | features=63
23:54:00  INFO      explainability.lime_explainer  LIME tabular explainer initialised | features=63
23:54:00  INFO      explainability.lime_explainer  LIME tabular explainer initialised | features=63
23:54:00  INFO      explainability.lime_explainer  LIME tabular explainer initialised | features=63
23:54:01  INFO      explainability.lime_explainer  LIME tabular explainer initialised | features=63
23:54:01  INFO      explainability.lime_explainer  LIME tabular explainer initialised | features=63
23:54:01  INFO      explainability.lime_explainer  LIME tabular explainer initialised | features=63
23:54:02  INFO      explainability.lime_explainer  LIME tabular explainer initialised | features=63
23:54:02  INFO      explainability.lime_explainer  LIME tabular explainer initialised | features=63
23:54:02  INFO      explainability.lime_explainer  LIME tabular explainer initialised | features=63
23:54:02  INFO      explainability.lime_explainer  LIME tabular explainer initialised | features=63
23:54:03  INFO      explainability.lime_explainer  LIME tabular explainer initialised | features=63
23:54:03  INFO      explainability.lime_explainer  LIME tabular explainer initialised | features=63
23:54:03  INFO      explainability.lime_explainer  LIME tabular explainer initialised | features=63
23:54:03  INFO      explainability.lime_explainer  LIME tabular explainer initialised | features=63
23:54:04  INFO      explainability.lime_explainer  LIME tabular explainer initialised | features=63
23:54:04  INFO      explainability.lime_explainer  LIME tabular explainer initialised | features=63
23:54:04  INFO      explainability.lime_explainer  LIME tabular explainer initialised | features=63
23:54:05  INFO      explainability.lime_explainer  LIME tabular explainer initialised | features=63
23:54:05  INFO      explainability.lime_explainer  LIME tabular explainer initialised | features=63
23:54:05  INFO      explainability.lime_explainer  LIME tabular explainer initialised | features=63
23:54:05  INFO      explainability.lime_explainer  LIME tabular explainer initialised | features=63
23:54:06  INFO      explainability.lime_explainer  LIME tabular explainer initialised | features=63
23:54:06  INFO      explainability.lime_explainer  LIME tabular explainer initialised | features=63
23:54:06  INFO      explainability.lime_explainer  LIME tabular explainer initialised | features=63
23:54:06  INFO      explainability.lime_explainer  LIME tabular explainer initialised | features=63
23:54:07  INFO      explainability.lime_explainer  LIME tabular explainer initialised | features=63
23:54:07  INFO      explainability.lime_explainer  LIME tabular explainer initialised | features=63
23:54:07  INFO      explainability.lime_explainer  LIME tabular explainer initialised | features=63
23:54:08  INFO      explainability.lime_explainer  LIME tabular explainer initialised | features=63
23:54:08  INFO      explainability.lime_explainer  LIME tabular explainer initialised | features=63
23:54:08  INFO      explainability.lime_explainer  LIME tabular explainer initialised | features=63
23:54:08  INFO      explainability.lime_explainer  LIME tabular explainer initialised | features=63
23:54:09  INFO      explainability.lime_explainer  LIME tabular explainer initialised | features=63
23:54:09  INFO      explainability.lime_explainer  LIME tabular explainer initialised | features=63
23:54:09  INFO      explainability.lime_explainer  LIME tabular explainer initialised | features=63
23:54:10  INFO      explainability.lime_explainer  LIME tabular explainer initialised | features=63
23:54:10  INFO      explainability.lime_explainer  LIME tabular explainer initialised | features=63
23:54:10  INFO      explainability.lime_explainer  LIME tabular explainer initialised | features=63
23:54:11  INFO      explainability.lime_explainer  LIME tabular explainer initialised | features=63
23:54:11  INFO      explainability.lime_explainer  LIME tabular explainer initialised | features=63
23:54:11  INFO      explainability.lime_explainer  LIME tabular explainer initialised | features=63
23:54:11  INFO      explainability.lime_explainer  LIME tabular explainer initialised | features=63
23:54:12  INFO      explainability.lime_explainer  LIME tabular explainer initialised | features=63
23:54:12  INFO      explainability.lime_explainer  LIME tabular explainer initialised | features=63
23:54:12  INFO      explainability.lime_explainer  LIME tabular explainer initialised | features=63
23:54:13  INFO      explainability.lime_explainer  LIME tabular explainer initialised | features=63
23:54:13  INFO      explainability.lime_explainer  LIME tabular explainer initialised | features=63
23:54:13  INFO      explainability.lime_explainer  LIME tabular explainer initialised | features=63
23:54:13  INFO      explainability.lime_explainer  LIME tabular explainer initialised | features=63
23:54:14  INFO      explainability.lime_explainer  LIME tabular explainer initialised | features=63
23:54:14  INFO      explainability.lime_explainer  LIME tabular explainer initialised | features=63
23:54:14  INFO      explainability.lime_explainer  LIME tabular explainer initialised | features=63
23:54:14  INFO      explainability.lime_explainer  LIME tabular explainer initialised | features=63
23:54:15  INFO      explainability.lime_explainer  LIME tabular explainer initialised | features=63
23:54:15  INFO      explainability.lime_explainer  LIME tabular explainer initialised | features=63
23:54:15  INFO      explainability.lime_explainer  LIME tabular explainer initialised | features=63
23:54:16  INFO      explainability.lime_explainer  LIME tabular explainer initialised | features=63
23:54:16  INFO      explainability.lime_explainer  LIME tabular explainer initialised | features=63
23:54:16  INFO      explainability.lime_explainer  LIME tabular explainer initialised | features=63
23:54:16  INFO      explainability.lime_explainer  LIME tabular explainer initialised | features=63
23:54:17  INFO      explainability.lime_explainer  LIME tabular explainer initialised | features=63
23:54:17  INFO      explainability.lime_explainer  LIME tabular explainer initialised | features=63
23:54:17  INFO      explainability.lime_explainer  LIME tabular explainer initialised | features=63
23:54:17  INFO      explainability.lime_explainer  LIME tabular explainer initialised | features=63
23:54:18  INFO      explainability.lime_explainer  LIME tabular explainer initialised | features=63
23:54:18  INFO      explainability.lime_explainer  LIME tabular explainer initialised | features=63
23:54:18  INFO      explainability.lime_explainer  LIME tabular explainer initialised | features=63
23:54:19  INFO      explainability.lime_explainer  LIME tabular explainer initialised | features=63
23:54:19  INFO      explainability.lime_explainer  LIME tabular explainer initialised | features=63
23:54:19  INFO      explainability.lime_explainer  LIME tabular explainer initialised | features=63
23:54:19  INFO      explainability.lime_explainer  LIME tabular explainer initialised | features=63
23:54:20  INFO      explainability.lime_explainer  LIME tabular explainer initialised | features=63
23:54:20  INFO      explainability.lime_explainer  LIME tabular explainer initialised | features=63
23:54:20  INFO      explainability.lime_explainer  LIME tabular explainer initialised | features=63
23:54:20  INFO      explainability.lime_explainer  LIME tabular explainer initialised | features=63
23:54:21  INFO      explainability.lime_explainer  LIME tabular explainer initialised | features=63
23:54:21  INFO      explainability.lime_explainer  LIME tabular explainer initialised | features=63
23:54:21  INFO      explainability.lime_explainer  LIME tabular explainer initialised | features=63
23:54:22  INFO      explainability.lime_explainer  LIME tabular explainer initialised | features=63
23:54:22  INFO      explainability.lime_explainer  LIME tabular explainer initialised | features=63
23:54:22  INFO      explainability.lime_explainer  LIME tabular explainer initialised | features=63
23:54:22  INFO      explainability.lime_explainer  LIME tabular explainer initialised | features=63
23:54:23  INFO      explainability.lime_explainer  LIME tabular explainer initialised | features=63
23:54:23  INFO      explainability.lime_explainer  LIME tabular explainer initialised | features=63
23:54:23  INFO      explainability.lime_explainer  LIME tabular explainer initialised | features=63
23:54:24  INFO      explainability.lime_explainer  LIME tabular explainer initialised | features=63
23:54:24  INFO      explainability.lime_explainer  LIME tabular explainer initialised | features=63
23:54:24  INFO      explainability.lime_explainer  LIME tabular explainer initialised | features=63
23:54:24  INFO      explainability.lime_explainer  LIME tabular explainer initialised | features=63
23:54:25  INFO      explainability.lime_explainer  LIME tabular explainer initialised | features=63
23:54:25  INFO      explainability.lime_explainer  LIME tabular explainer initialised | features=63
23:54:25  INFO      explainability.lime_explainer  LIME tabular explainer initialised | features=63
23:54:25  INFO      explainability.lime_explainer  LIME tabular explainer initialised | features=63
23:54:26  INFO      explainability.lime_explainer  LIME tabular explainer initialised | features=63
23:54:26  INFO      explainability.lime_explainer  LIME tabular explainer initialised | features=63
23:54:26  INFO      explainability.lime_explainer  LIME tabular explainer initialised | features=63
23:54:27  INFO      explainability.lime_explainer  LIME tabular explainer initialised | features=63
23:54:27  INFO      explainability.lime_explainer  LIME tabular explainer initialised | features=63
23:54:27  INFO      explainability.lime_explainer  LIME tabular explainer initialised | features=63
23:54:27  INFO      explainability.lime_explainer  LIME tabular explainer initialised | features=63
23:54:28  INFO      explainability.lime_explainer  LIME tabular explainer initialised | features=63
23:54:28  INFO      explainability.lime_explainer  LIME tabular explainer initialised | features=63
23:54:28  INFO      explainability.lime_explainer  LIME tabular explainer initialised | features=63
23:54:28  INFO      explainability.lime_explainer  LIME tabular explainer initialised | features=63
23:54:29  INFO      explainability.lime_explainer  LIME tabular explainer initialised | features=63
23:54:29  INFO      explainability.lime_explainer  LIME tabular explainer initialised | features=63
23:54:29  INFO      explainability.lime_explainer  LIME tabular explainer initialised | features=63
23:54:30  INFO      explainability.lime_explainer  LIME tabular explainer initialised | features=63
23:54:30  INFO      explainability.lime_explainer  LIME tabular explainer initialised | features=63
23:54:30  INFO      explainability.lime_explainer  LIME tabular explainer initialised | features=63
23:54:30  INFO      explainability.lime_explainer  LIME tabular explainer initialised | features=63
23:54:31  INFO      explainability.lime_explainer  LIME tabular explainer initialised | features=63
23:54:31  INFO      explainability.lime_explainer  LIME tabular explainer initialised | features=63
23:54:31  INFO      explainability.lime_explainer  LIME tabular explainer initialised | features=63
23:54:32  INFO      pipeline  LaTeX table → /Users/harekrishna/Downloads/credit-default-xai-benchmark/code v1/results/outputs/prosper_temporal/runs/cutoff_2010-07_seed_99/results/table5_explanation_quality.tex
23:54:32  INFO      pipeline  LaTeX table → /Users/harekrishna/Downloads/credit-default-xai-benchmark/code v1/results/outputs/prosper_temporal/runs/cutoff_2010-07_seed_99/results/table4_shap_lime_agreement.tex
23:54:32  INFO      pipeline  ============================================================
23:54:32  INFO      pipeline  STAGE 7: Revision Analyses
23:54:32  INFO      pipeline  ============================================================
23:54:53  INFO      pipeline  Reusing identical OOF pipeline fit.
23:55:41  INFO      pipeline  RUN cutoff_2010-07_seed_99 COMPLETE | champion XGBoost | OOF AUROC 0.6322 | test AUROC 0.6487
23:55:41  INFO      pipeline  ╔══════════════════════════════════════════════╗
23:55:41  INFO      pipeline  ║  Credit Default Prediction with XAI (v3)     ║
23:55:41  INFO      pipeline  ║  Dataset: prosper                            ║
23:55:41  INFO      pipeline  ║  Run: cutoff_2011-01_seed_42                 ║
23:55:41  INFO      pipeline  ╚══════════════════════════════════════════════╝
23:55:41  INFO      pipeline  ============================================================
23:55:41  INFO      pipeline  STAGE 1: Data Loading, Labelling & Partitioning
23:55:41  INFO      pipeline  ============================================================
23:55:41  INFO      data.data_loader  Loading Prosper loans from /Users/harekrishna/Downloads/credit-default-xai-benchmark/code v1/data/prosperLoanData.csv
23:55:43  INFO      data.data_loader  Prosper: 113937 rows, 113066 after LoanKey de-duplication
23:55:43  INFO      data.data_loader  Prosper horizon label (H=12 months, snapshot 2014-03-12): 72067 labelled, 40999 censored, default rate 9.70%
23:55:44  INFO      data.data_loader  Skipping UCI-specific engineered features; required columns not present.
23:55:44  INFO      data.data_loader  Skipping UCI-specific engineered features; required columns not present.
23:55:44  INFO      data.data_loader  Dataset loaded | prosper | train=30982  test=4222 | default rate train=13.29% test=7.79% | 8 nominal, 33 continuous
23:55:44  INFO      pipeline  Imbalance stats (train): {"n_total": 30982, "n_majority": 26863, "n_minority": 4119, "imbalance_ratio": 6.5217, "minority_pct": 13.29}
23:55:44  INFO      visualization.plots  Fig 1 saved → /Users/harekrishna/Downloads/credit-default-xai-benchmark/code v1/results/outputs/prosper_temporal/runs/cutoff_2011-01_seed_42/figures/fig01_class_distribution.pdf
23:55:44  INFO      pipeline  ============================================================
23:55:44  INFO      pipeline  STAGE 2: Imbalance Strategy Ablation (selected on OOF AUROC)
23:55:44  INFO      pipeline  ============================================================
23:55:56  INFO      pipeline  Ablation | SMOTE            | OOF AUROC=0.5955  test AUROC=0.6667
23:56:09  INFO      pipeline  Ablation | BorderlineSMOTE  | OOF AUROC=0.6114  test AUROC=0.6747
23:57:06  INFO      pipeline  Ablation | SVMSMOTE         | OOF AUROC=0.5995  test AUROC=0.6775
23:57:19  INFO      pipeline  Ablation | ADASYN           | OOF AUROC=0.5869  test AUROC=0.6670
23:57:22  INFO      pipeline  Ablation | None             | OOF AUROC=0.5894  test AUROC=0.6800
23:57:24  INFO      pipeline  Ablation | ClassWeight      | OOF AUROC=0.5170  test AUROC=0.6392
23:57:24  INFO      pipeline  Best imbalance strategy (OOF AUROC): BorderlineSMOTE → 0.6114 [probe: LightGBM]
23:57:24  INFO      pipeline  ============================================================
23:57:24  INFO      pipeline  STAGE 3: Model Training (training CV selection, OOF predictions, refit)
23:57:24  INFO      pipeline  ============================================================
23:57:24  INFO      pipeline  Training XGBoost …
23:57:48  INFO      pipeline  XGBoost | per-model strategy=ClassWeight | OOF AUROC by strategy={'SMOTE': 0.605, 'BorderlineSMOTE': 0.6144, 'SVMSMOTE': 0.6122, 'ADASYN': 0.6029, 'None': 0.5953, 'ClassWeight': 0.6168}
23:57:48  INFO      pipeline  RandomizedSearchCV | model=XGBoost strategy=ClassWeight n_iter=12
23:58:01  INFO      pipeline  Training LightGBM …
23:58:01  INFO      pipeline  Reusing identical OOF pipeline fit.
23:58:01  INFO      pipeline  Reusing identical OOF pipeline fit.
23:58:01  INFO      pipeline  Reusing identical OOF pipeline fit.
23:58:01  INFO      pipeline  Reusing identical OOF pipeline fit.
23:58:01  INFO      pipeline  Reusing identical OOF pipeline fit.
23:58:01  INFO      pipeline  Reusing identical OOF pipeline fit.
23:58:01  INFO      pipeline  LightGBM | per-model strategy=BorderlineSMOTE | OOF AUROC by strategy={'SMOTE': 0.5955, 'BorderlineSMOTE': 0.6114, 'SVMSMOTE': 0.5995, 'ADASYN': 0.5869, 'None': 0.5894, 'ClassWeight': 0.517}
23:58:01  INFO      pipeline  RandomizedSearchCV | model=LightGBM strategy=BorderlineSMOTE n_iter=12
23:59:29  INFO      pipeline  Training CatBoost …
00:00:06  INFO      pipeline  CatBoost | per-model strategy=BorderlineSMOTE | OOF AUROC by strategy={'SMOTE': 0.6091, 'BorderlineSMOTE': 0.6162, 'SVMSMOTE': 0.6123, 'ADASYN': 0.6072, 'None': 0.5874, 'ClassWeight': 0.6068}
00:00:06  INFO      pipeline  RandomizedSearchCV | model=CatBoost strategy=BorderlineSMOTE n_iter=12
00:01:35  INFO      pipeline  Training Random Forest …
00:02:06  INFO      pipeline  Random Forest | per-model strategy=ClassWeight | OOF AUROC by strategy={'SMOTE': 0.5541, 'BorderlineSMOTE': 0.5473, 'SVMSMOTE': 0.5523, 'ADASYN': 0.5472, 'None': 0.5527, 'ClassWeight': 0.5656}
00:02:06  INFO      pipeline  RandomizedSearchCV | model=Random Forest strategy=ClassWeight n_iter=12
00:03:18  INFO      pipeline  Training Logistic Reg. …
00:03:33  INFO      pipeline  Logistic Reg. | per-model strategy=ClassWeight | OOF AUROC by strategy={'SMOTE': 0.5469, 'BorderlineSMOTE': 0.5217, 'SVMSMOTE': 0.5316, 'ADASYN': 0.5401, 'None': 0.5181, 'ClassWeight': 0.584}
00:03:33  INFO      pipeline  RandomizedSearchCV | model=Logistic Reg. strategy=ClassWeight n_iter=12
00:03:37  INFO      pipeline  Reusing verified legacy final model: Logistic Reg.
00:03:37  INFO      pipeline  Training TabNet …
00:03:38  INFO      models.tabnet_model  Apple MPS backend passed smoke test — using GPU acceleration.
00:03:38  INFO      models.tabnet_model  TabNet starting | device=mps  max_epochs=200  patience=15  batch_size=1024  n_train=202
00:03:41  INFO      models.tabnet_model  TabNet trained | device=mps  best_epoch=35  elapsed=3.7s
00:03:42  INFO      models.tabnet_model  Apple MPS backend passed smoke test — using GPU acceleration.
00:03:42  INFO      models.tabnet_model  TabNet starting | device=mps  max_epochs=200  patience=15  batch_size=1024  n_train=8390

epoch 38 | loss: 0.1205  | val_auc: 0.94546 |  0:02:36s
epoch 39 | loss: 0.11992 | val_auc: 0.94545 |  0:02:40s
epoch 40 | loss: 0.11397 | val_auc: 0.94692 |  0:02:44s
epoch 41 | loss: 0.10436 | val_auc: 0.94893 |  0:02:47s
epoch 42 | loss: 0.09865 | val_auc: 0.94852 |  0:02:51s
epoch 43 | loss: 0.09293 | val_auc: 0.94714 |  0:02:55s
epoch 44 | loss: 0.09037 | val_auc: 0.95023 |  0:02:59s
epoch 45 | loss: 0.08777 | val_auc: 0.94496 |  0:03:03s
epoch 46 | loss: 0.0856  | val_auc: 0.94915 |  0:03:07s
epoch 47 | loss: 0.09149 | val_auc: 0.94954 |  0:03:11s
epoch 48 | loss: 0.08448 | val_auc: 0.94957 |  0:03:15s
epoch 49 | loss: 0.07787 | val_auc: 0.94551 |  0:03:19s
epoch 50 | loss: 0.08261 | val_auc: 0.94421 |  0:03:23s
epoch 51 | loss: 0.07638 | val_auc: 0.94966 |  0:03:27s
epoch 52 | loss: 0.06995 | val_auc: 0.94566 |  0:03:31s
epoch 53 | loss: 0.07011 | val_auc: 0.94704 |  0:03:35s
epoch 54 | loss: 0.08104 | val_auc: 0.9399  |  0:03:39s
epoch 55 | loss: 0.08396 | val_auc: 0.9482  |  0:03:43s
epoch 56 | loss: 0.06456 | val_auc: 0.9493  |  0:03:47s
epoch 57 | loss: 0.06013 | val_auc: 0.94842 |  0:03:51s
epoch 58 | loss: 0.05697 | val_auc: 0.95005 |  0:03:56s
epoch 59 | loss: 0.05648 | val_auc: 0.9501  |  0:03:59s

Early stopping occurred at epoch 59 with best_epoch = 44 and best_val_auc = 0.95023
Successfully saved model at /Users/harekrishna/Downloads/credit-default-xai-benchmark/code v1/results/outputs/prosper_temporal/runs/cutoff_2010-07_seed_99/models/tabnet.pkl.zip
epoch 0  | loss: 1.25128 | val_auc: 0.68182 |  0:00:00s
epoch 1  | loss: 1.04506 | val_auc: 0.51818 |  0:00:00s
epoch 2  | loss: 1.26103 | val_auc: 0.78182 |  0:00:00s
epoch 3  | loss: 0.69967 | val_auc: 0.69091 |  0:00:00s
epoch 4  | loss: 0.74531 | val_auc: 0.46364 |  0:00:00s
epoch 5  | loss: 0.6528  | val_auc: 0.53636 |  0:00:00s
epoch 6  | loss: 0.71277 | val_auc: 0.66364 |  0:00:00s
epoch 7  | loss: 0.52621 | val_auc: 0.76364 |  0:00:00s
epoch 8  | loss: 0.42175 | val_auc: 0.76364 |  0:00:00s
epoch 9  | loss: 0.46925 | val_auc: 0.79091 |  0:00:00s
epoch 10 | loss: 0.56695 | val_auc: 0.5     |  0:00:00s
epoch 11 | loss: 0.46869 | val_auc: 0.56364 |  0:00:00s
epoch 12 | loss: 0.38142 | val_auc: 0.67273 |  0:00:01s
epoch 13 | loss: 0.53384 | val_auc: 0.60909 |  0:00:01s
epoch 14 | loss: 0.37868 | val_auc: 0.76364 |  0:00:01s
epoch 15 | loss: 0.29483 | val_auc: 0.75455 |  0:00:01s
epoch 16 | loss: 0.30144 | val_auc: 0.72727 |  0:00:01s
epoch 17 | loss: 0.44223 | val_auc: 0.74545 |  0:00:01s
epoch 18 | loss: 0.39767 | val_auc: 0.79091 |  0:00:01s
epoch 19 | loss: 0.45552 | val_auc: 0.80909 |  0:00:01s
epoch 20 | loss: 0.26518 | val_auc: 0.8     |  0:00:01s
epoch 21 | loss: 0.3876  | val_auc: 0.81818 |  0:00:01s
epoch 22 | loss: 0.23327 | val_auc: 0.83636 |  0:00:01s
epoch 23 | loss: 0.28083 | val_auc: 0.9     |  0:00:01s
epoch 24 | loss: 0.2405  | val_auc: 0.91818 |  0:00:01s
epoch 25 | loss: 0.34206 | val_auc: 0.90909 |  0:00:01s
epoch 26 | loss: 0.22139 | val_auc: 0.87273 |  0:00:01s
epoch 27 | loss: 0.24567 | val_auc: 0.87273 |  0:00:02s
epoch 28 | loss: 0.2652  | val_auc: 0.9     |  0:00:02s
epoch 29 | loss: 0.2732  | val_auc: 0.92727 |  0:00:02s
epoch 30 | loss: 0.20241 | val_auc: 0.94545 |  0:00:02s
epoch 31 | loss: 0.26669 | val_auc: 0.95455 |  0:00:02s
epoch 32 | loss: 0.27003 | val_auc: 0.95455 |  0:00:02s
epoch 33 | loss: 0.24876 | val_auc: 0.95455 |  0:00:02s
epoch 34 | loss: 0.17812 | val_auc: 0.95455 |  0:00:02s
epoch 35 | loss: 0.22418 | val_auc: 0.96364 |  0:00:02s
epoch 36 | loss: 0.16387 | val_auc: 0.96364 |  0:00:02s
epoch 37 | loss: 0.20843 | val_auc: 0.96364 |  0:00:02s
epoch 38 | loss: 0.11254 | val_auc: 0.96364 |  0:00:02s
epoch 39 | loss: 0.18549 | val_auc: 0.96364 |  0:00:02s
epoch 40 | loss: 0.14787 | val_auc: 0.96364 |  0:00:02s
epoch 41 | loss: 0.10888 | val_auc: 0.95455 |  0:00:02s
epoch 42 | loss: 0.11541 | val_auc: 0.95455 |  0:00:02s
epoch 43 | loss: 0.16016 | val_auc: 0.96364 |  0:00:02s
epoch 44 | loss: 0.14376 | val_auc: 0.96364 |  0:00:03s
epoch 45 | loss: 0.15693 | val_auc: 0.92727 |  0:00:03s
epoch 46 | loss: 0.16137 | val_auc: 0.91818 |  0:00:03s
epoch 47 | loss: 0.25531 | val_auc: 0.91818 |  0:00:03s
epoch 48 | loss: 0.17982 | val_auc: 0.91818 |  0:00:03s
epoch 49 | loss: 0.12902 | val_auc: 0.91818 |  0:00:03s
epoch 50 | loss: 0.14243 | val_auc: 0.91818 |  0:00:03s

Early stopping occurred at epoch 50 with best_epoch = 35 and best_val_auc = 0.96364
epoch 0  | loss: 1.06292 | val_auc: 0.54817 |  0:00:01s
epoch 1  | loss: 0.75746 | val_auc: 0.68294 |  0:00:02s
epoch 2  | loss: 0.64578 | val_auc: 0.72184 |  0:00:03s
epoch 3  | loss: 0.61742 | val_auc: 0.76201 |  0:00:03s
epoch 4  | loss: 0.57822 | val_auc: 0.785   |  0:00:04s
epoch 5  | loss: 0.53077 | val_auc: 0.79648 |  0:00:05s
epoch 6  | loss: 0.51929 | val_auc: 0.77853 |  0:00:05s
epoch 7  | loss: 0.51271 | val_auc: 0.79855 |  0:00:06s
epoch 8  | loss: 0.50166 | val_auc: 0.80912 |  0:00:07s
epoch 9  | loss: 0.47637 | val_auc: 0.81777 |  0:00:08s
epoch 10 | loss: 0.46364 | val_auc: 0.82072 |  0:00:08s
epoch 11 | loss: 0.46617 | val_auc: 0.82376 |  0:00:09s
epoch 12 | loss: 0.45138 | val_auc: 0.84168 |  0:00:10s
epoch 13 | loss: 0.44334 | val_auc: 0.84039 |  0:00:10s
epoch 14 | loss: 0.43663 | val_auc: 0.8433  |  0:00:11s
epoch 15 | loss: 0.42664 | val_auc: 0.83831 |  0:00:12s
epoch 16 | loss: 0.41993 | val_auc: 0.84072 |  0:00:12s
epoch 17 | loss: 0.41105 | val_auc: 0.83269 |  0:00:13s
epoch 18 | loss: 0.39996 | val_auc: 0.83517 |  0:00:14s
epoch 19 | loss: 0.3992  | val_auc: 0.83679 |  0:00:14s
epoch 20 | loss: 0.3901  | val_auc: 0.83266 |  0:00:15s
epoch 21 | loss: 0.37831 | val_auc: 0.82509 |  0:00:16s
epoch 22 | loss: 0.37127 | val_auc: 0.82144 |  0:00:17s
epoch 23 | loss: 0.37078 | val_auc: 0.83068 |  0:00:17s
epoch 24 | loss: 0.37037 | val_auc: 0.81935 |  0:00:18s
epoch 25 | loss: 0.36749 | val_auc: 0.84011 |  0:00:19s
epoch 26 | loss: 0.35609 | val_auc: 0.84881 |  0:00:19s
epoch 27 | loss: 0.35287 | val_auc: 0.86558 |  0:00:20s
epoch 28 | loss: 0.34436 | val_auc: 0.85128 |  0:00:21s
epoch 29 | loss: 0.3465  | val_auc: 0.85334 |  0:00:21s
epoch 30 | loss: 0.34987 | val_auc: 0.87089 |  0:00:22s
epoch 31 | loss: 0.34637 | val_auc: 0.87085 |  0:00:23s
epoch 32 | loss: 0.34435 | val_auc: 0.87307 |  0:00:23s
epoch 33 | loss: 0.32718 | val_auc: 0.87705 |  0:00:24s
epoch 34 | loss: 0.32265 | val_auc: 0.87796 |  0:00:25s
epoch 35 | loss: 0.31436 | val_auc: 0.89547 |  0:00:25s
epoch 36 | loss: 0.30677 | val_auc: 0.89414 |  0:00:26s
epoch 37 | loss: 0.29812 | val_auc: 0.90647 |  0:00:27s
epoch 38 | loss: 0.28507 | val_auc: 0.89005 |  0:00:28s
epoch 39 | loss: 0.28836 | val_auc: 0.90564 |  0:00:29s
epoch 40 | loss: 0.28572 | val_auc: 0.89298 |  0:00:29s
epoch 41 | loss: 0.27319 | val_auc: 0.9008  |  0:00:30s
epoch 42 | loss: 0.26846 | val_auc: 0.90298 |  0:00:31s
epoch 43 | loss: 0.26262 | val_auc: 0.90745 |  0:00:32s
epoch 44 | loss: 0.26162 | val_auc: 0.90792 |  0:00:32s
epoch 45 | loss: 0.25762 | val_auc: 0.90434 |  0:00:33s
epoch 46 | loss: 0.2594  | val_auc: 0.90945 |  0:00:34s
epoch 47 | loss: 0.26112 | val_auc: 0.91189 |  0:00:34s
epoch 48 | loss: 0.25835 | val_auc: 0.91324 |  0:00:35s
epoch 49 | loss: 0.25181 | val_auc: 0.90563 |  0:00:36s
epoch 50 | loss: 0.23903 | val_auc: 0.91951 |  0:00:36s
epoch 51 | loss: 0.23183 | val_auc: 0.91658 |  0:00:37s
epoch 52 | loss: 0.22673 | val_auc: 0.91196 |  0:00:38s
epoch 53 | loss: 0.22898 | val_auc: 0.9162  |  0:00:38s
epoch 54 | loss: 0.2189  | val_auc: 0.90436 |  0:00:39s
epoch 55 | loss: 0.2102  | val_auc: 0.91408 |  0:00:40s
epoch 56 | loss: 0.20293 | val_auc: 0.91467 |  0:00:40s
epoch 57 | loss: 0.20037 | val_auc: 0.92436 |  0:00:41s
epoch 58 | loss: 0.19879 | val_auc: 0.91796 |  0:00:42s
epoch 59 | loss: 0.19616 | val_auc: 0.91975 |  0:00:42s
epoch 60 | loss: 0.18811 | val_auc: 0.92325 |  0:00:43s
epoch 61 | loss: 0.17827 | val_auc: 0.91702 |  0:00:44s
epoch 62 | loss: 0.17612 | val_auc: 0.91622 |  0:00:45s
epoch 63 | loss: 0.17875 | val_auc: 0.9218  |  0:00:45s
epoch 64 | loss: 0.17025 | val_auc: 0.92116 |  0:00:46s
epoch 65 | loss: 0.16677 | val_auc: 0.92129 |  0:00:47s
epoch 66 | loss: 0.16433 | val_auc: 0.92393 |  0:00:47s
epoch 67 | loss: 0.15587 | val_auc: 0.91871 |  0:00:48s00:04:44  INFO      models.tabnet_model  TabNet trained | device=mps  best_epoch=69  elapsed=62.1s
00:04:46  INFO      models.tabnet_model  Apple MPS backend passed smoke test — using GPU acceleration.
00:04:46  INFO      models.tabnet_model  TabNet starting | device=mps  max_epochs=200  patience=15  batch_size=1024  n_train=23460
00:07:53  INFO      models.tabnet_model  TabNet trained | device=mps  best_epoch=80  elapsed=187.9s
00:07:56  INFO      models.tabnet_model  Apple MPS backend passed smoke test — using GPU acceleration.
00:07:56  INFO      models.tabnet_model  TabNet starting | device=mps  max_epochs=200  patience=15  batch_size=1024  n_train=53726

epoch 68 | loss: 0.14749 | val_auc: 0.9253  |  0:00:49s
epoch 69 | loss: 0.14966 | val_auc: 0.92725 |  0:00:50s
epoch 70 | loss: 0.14733 | val_auc: 0.92571 |  0:00:51s
epoch 71 | loss: 0.14838 | val_auc: 0.92479 |  0:00:52s
epoch 72 | loss: 0.15181 | val_auc: 0.91932 |  0:00:52s
epoch 73 | loss: 0.16103 | val_auc: 0.92166 |  0:00:53s
epoch 74 | loss: 0.15016 | val_auc: 0.92387 |  0:00:54s
epoch 75 | loss: 0.1424  | val_auc: 0.92088 |  0:00:54s
epoch 76 | loss: 0.13731 | val_auc: 0.92357 |  0:00:55s
epoch 77 | loss: 0.12733 | val_auc: 0.92608 |  0:00:56s
epoch 78 | loss: 0.12719 | val_auc: 0.926   |  0:00:56s
epoch 79 | loss: 0.12859 | val_auc: 0.92585 |  0:00:57s
epoch 80 | loss: 0.1217  | val_auc: 0.92074 |  0:00:58s
epoch 81 | loss: 0.11546 | val_auc: 0.91821 |  0:00:59s
epoch 82 | loss: 0.12023 | val_auc: 0.92008 |  0:00:59s
epoch 83 | loss: 0.11767 | val_auc: 0.92516 |  0:01:00s
epoch 84 | loss: 0.11281 | val_auc: 0.92149 |  0:01:01s

Early stopping occurred at epoch 84 with best_epoch = 69 and best_val_auc = 0.92725
epoch 0  | loss: 0.8641  | val_auc: 0.72707 |  0:00:02s
epoch 1  | loss: 0.62127 | val_auc: 0.79983 |  0:00:04s
epoch 2  | loss: 0.55625 | val_auc: 0.80053 |  0:00:06s
epoch 3  | loss: 0.52992 | val_auc: 0.81086 |  0:00:08s
epoch 4  | loss: 0.51243 | val_auc: 0.82251 |  0:00:10s
epoch 5  | loss: 0.50998 | val_auc: 0.83897 |  0:00:12s
epoch 6  | loss: 0.49176 | val_auc: 0.84006 |  0:00:14s
epoch 7  | loss: 0.47721 | val_auc: 0.84965 |  0:00:16s
epoch 8  | loss: 0.47671 | val_auc: 0.8495  |  0:00:18s
epoch 9  | loss: 0.47779 | val_auc: 0.85762 |  0:00:20s
epoch 10 | loss: 0.46631 | val_auc: 0.86278 |  0:00:22s
epoch 11 | loss: 0.46195 | val_auc: 0.85725 |  0:00:25s
epoch 12 | loss: 0.44762 | val_auc: 0.86398 |  0:00:27s
epoch 13 | loss: 0.43481 | val_auc: 0.86706 |  0:00:29s
epoch 14 | loss: 0.43566 | val_auc: 0.87295 |  0:00:31s
epoch 15 | loss: 0.43723 | val_auc: 0.86725 |  0:00:33s
epoch 16 | loss: 0.43119 | val_auc: 0.87402 |  0:00:35s
epoch 17 | loss: 0.42315 | val_auc: 0.87305 |  0:00:37s
epoch 18 | loss: 0.41776 | val_auc: 0.87194 |  0:00:39s
epoch 19 | loss: 0.41549 | val_auc: 0.87573 |  0:00:41s
epoch 20 | loss: 0.40728 | val_auc: 0.88315 |  0:00:43s
epoch 21 | loss: 0.39937 | val_auc: 0.87937 |  0:00:44s
epoch 22 | loss: 0.39983 | val_auc: 0.88493 |  0:00:46s
epoch 23 | loss: 0.37896 | val_auc: 0.88477 |  0:00:48s
epoch 24 | loss: 0.36932 | val_auc: 0.88862 |  0:00:50s
epoch 25 | loss: 0.35928 | val_auc: 0.89667 |  0:00:52s
epoch 26 | loss: 0.34444 | val_auc: 0.9001  |  0:00:54s
epoch 27 | loss: 0.33954 | val_auc: 0.89676 |  0:00:56s
epoch 28 | loss: 0.32742 | val_auc: 0.89095 |  0:00:58s
epoch 29 | loss: 0.32789 | val_auc: 0.90471 |  0:01:00s
epoch 30 | loss: 0.32269 | val_auc: 0.90514 |  0:01:02s
epoch 31 | loss: 0.30999 | val_auc: 0.91012 |  0:01:03s
epoch 32 | loss: 0.29274 | val_auc: 0.91276 |  0:01:05s
epoch 33 | loss: 0.284   | val_auc: 0.9175  |  0:01:07s
epoch 34 | loss: 0.27685 | val_auc: 0.90421 |  0:01:09s
epoch 35 | loss: 0.27436 | val_auc: 0.91009 |  0:01:11s
epoch 36 | loss: 0.28226 | val_auc: 0.91026 |  0:01:13s
epoch 37 | loss: 0.26264 | val_auc: 0.91334 |  0:01:15s
epoch 38 | loss: 0.24697 | val_auc: 0.90789 |  0:01:17s
epoch 39 | loss: 0.27578 | val_auc: 0.91345 |  0:01:19s
epoch 40 | loss: 0.24949 | val_auc: 0.91618 |  0:01:21s
epoch 41 | loss: 0.2279  | val_auc: 0.9175  |  0:01:22s
epoch 42 | loss: 0.21646 | val_auc: 0.91827 |  0:01:24s
epoch 43 | loss: 0.20016 | val_auc: 0.92268 |  0:01:26s
epoch 44 | loss: 0.1849  | val_auc: 0.92468 |  0:01:28s
epoch 45 | loss: 0.18011 | val_auc: 0.9216  |  0:01:31s
epoch 46 | loss: 0.17908 | val_auc: 0.92089 |  0:01:33s
epoch 47 | loss: 0.16537 | val_auc: 0.91979 |  0:01:35s
epoch 48 | loss: 0.16914 | val_auc: 0.90721 |  0:01:37s
epoch 49 | loss: 0.20045 | val_auc: 0.91739 |  0:01:39s
epoch 50 | loss: 0.16576 | val_auc: 0.91886 |  0:01:41s
epoch 51 | loss: 0.1494  | val_auc: 0.92469 |  0:01:43s
epoch 52 | loss: 0.13708 | val_auc: 0.92538 |  0:01:45s
epoch 53 | loss: 0.12978 | val_auc: 0.92619 |  0:01:47s
epoch 54 | loss: 0.12506 | val_auc: 0.92527 |  0:01:49s
epoch 55 | loss: 0.11914 | val_auc: 0.92632 |  0:01:51s
epoch 56 | loss: 0.12278 | val_auc: 0.92334 |  0:01:52s
epoch 57 | loss: 0.10896 | val_auc: 0.92987 |  0:01:54s
epoch 58 | loss: 0.10895 | val_auc: 0.92716 |  0:01:56s
epoch 59 | loss: 0.1123  | val_auc: 0.92734 |  0:01:58s
epoch 60 | loss: 0.11646 | val_auc: 0.92696 |  0:02:00s
epoch 61 | loss: 0.09965 | val_auc: 0.93009 |  0:02:02s
epoch 62 | loss: 0.09259 | val_auc: 0.9284  |  0:02:04s
epoch 63 | loss: 0.09685 | val_auc: 0.92746 |  0:02:06s
epoch 64 | loss: 0.09503 | val_auc: 0.9269  |  0:02:07s
epoch 65 | loss: 0.09708 | val_auc: 0.92902 |  0:02:09s
epoch 66 | loss: 0.08922 | val_auc: 0.92343 |  0:02:11s
epoch 67 | loss: 0.08792 | val_auc: 0.93142 |  0:02:13s
epoch 68 | loss: 0.08093 | val_auc: 0.93074 |  0:02:15s
epoch 69 | loss: 0.07594 | val_auc: 0.93172 |  0:02:17s
epoch 70 | loss: 0.07397 | val_auc: 0.93021 |  0:02:19s
epoch 71 | loss: 0.07549 | val_auc: 0.92657 |  0:02:20s
epoch 72 | loss: 0.07525 | val_auc: 0.92801 |  0:02:22s
epoch 73 | loss: 0.07748 | val_auc: 0.9295  |  0:02:24s
epoch 74 | loss: 0.07259 | val_auc: 0.92917 |  0:02:27s
epoch 75 | loss: 0.06881 | val_auc: 0.93045 |  0:02:29s
epoch 76 | loss: 0.06417 | val_auc: 0.93184 |  0:02:30s
epoch 77 | loss: 0.06462 | val_auc: 0.93266 |  0:02:32s
epoch 78 | loss: 0.06472 | val_auc: 0.93225 |  0:02:34s
epoch 79 | loss: 0.06606 | val_auc: 0.93541 |  0:02:36s
epoch 80 | loss: 0.06006 | val_auc: 0.93737 |  0:02:38s
epoch 81 | loss: 0.06427 | val_auc: 0.93603 |  0:02:40s
epoch 82 | loss: 0.06366 | val_auc: 0.93493 |  0:02:42s
epoch 83 | loss: 0.05807 | val_auc: 0.9345  |  0:02:44s
epoch 84 | loss: 0.06219 | val_auc: 0.93343 |  0:02:45s
epoch 85 | loss: 0.06275 | val_auc: 0.93579 |  0:02:47s
epoch 86 | loss: 0.05693 | val_auc: 0.93399 |  0:02:49s
epoch 87 | loss: 0.0542  | val_auc: 0.93524 |  0:02:51s
epoch 88 | loss: 0.05479 | val_auc: 0.93479 |  0:02:53s
epoch 89 | loss: 0.05083 | val_auc: 0.93347 |  0:02:55s
epoch 90 | loss: 0.05185 | val_auc: 0.93311 |  0:02:57s
epoch 91 | loss: 0.05045 | val_auc: 0.9365  |  0:02:59s
epoch 92 | loss: 0.0479  | val_auc: 0.93441 |  0:03:00s
epoch 93 | loss: 0.04653 | val_auc: 0.93569 |  0:03:02s
epoch 94 | loss: 0.04835 | val_auc: 0.93386 |  0:03:04s
epoch 95 | loss: 0.04715 | val_auc: 0.9332  |  0:03:06s

Early stopping occurred at epoch 95 with best_epoch = 80 and best_val_auc = 0.93737
epoch 0  | loss: 0.73416 | val_auc: 0.73196 |  0:00:05s
epoch 1  | loss: 0.5785  | val_auc: 0.7802  |  0:00:09s
epoch 2  | loss: 0.54556 | val_auc: 0.80439 |  0:00:14s
epoch 3  | loss: 0.51762 | val_auc: 0.81953 |  0:00:18s
epoch 4  | loss: 0.50685 | val_auc: 0.82644 |  0:00:22s
epoch 5  | loss: 0.49425 | val_auc: 0.82883 |  0:00:27s
epoch 6  | loss: 0.47995 | val_auc: 0.84787 |  0:00:31s
epoch 7  | loss: 0.46172 | val_auc: 0.86048 |  0:00:35s
epoch 8  | loss: 0.44358 | val_auc: 0.87035 |  0:00:40s
epoch 9  | loss: 0.42927 | val_auc: 0.87011 |  0:00:44s
epoch 10 | loss: 0.41637 | val_auc: 0.87761 |  0:00:48s
epoch 11 | loss: 0.40492 | val_auc: 0.88316 |  0:00:53s
epoch 12 | loss: 0.38571 | val_auc: 0.89452 |  0:00:57s
epoch 13 | loss: 0.37047 | val_auc: 0.89512 |  0:01:02s
epoch 14 | loss: 0.35791 | val_auc: 0.89266 |  0:01:06s
epoch 15 | loss: 0.35117 | val_auc: 0.90283 |  0:01:11s
epoch 16 | loss: 0.34424 | val_auc: 0.90263 |  0:01:15s
epoch 17 | loss: 0.3315  | val_auc: 0.91133 |  0:01:19s
epoch 18 | loss: 0.31137 | val_auc: 0.91325 |  0:01:24s
epoch 19 | loss: 0.29722 | val_auc: 0.92073 |  0:01:28s
epoch 20 | loss: 0.2837  | val_auc: 0.9244  |  0:01:33s
epoch 21 | loss: 0.27275 | val_auc: 0.9283  |  0:01:37s
epoch 22 | loss: 0.26443 | val_auc: 0.92805 |  0:01:41s
epoch 23 | loss: 0.25096 | val_auc: 0.92398 |  0:01:46s
epoch 24 | loss: 0.25189 | val_auc: 0.92612 |  0:01:50s
epoch 25 | loss: 0.23394 | val_auc: 0.93037 |  0:01:54s
epoch 26 | loss: 0.21683 | val_auc: 0.9332  |  0:01:59s
epoch 27 | loss: 0.20193 | val_auc: 0.93061 |  0:02:03s
epoch 28 | loss: 0.21146 | val_auc: 0.92557 |  0:02:07s
epoch 29 | loss: 0.24667 | val_auc: 0.9317  |  0:02:11s
epoch 30 | loss: 0.21157 | val_auc: 0.936   |  0:02:17s00:17:25  INFO      models.tabnet_model  TabNet trained | device=mps  best_epoch=113  elapsed=569.1s
00:17:25  INFO      models.tabnet_model  TabNet model saved to /Users/harekrishna/Downloads/credit-default-xai-benchmark/code v1/results/outputs/prosper_temporal/runs/cutoff_2011-01_seed_42/models/tabnet.pkl
00:17:25  INFO      pipeline  ============================================================
00:17:25  INFO      pipeline  STAGE 4: Evaluation (selection on OOF; held-out test reporting)
00:17:25  INFO      pipeline  ============================================================
00:17:26  INFO      pipeline  XGBoost | OOF AUROC=0.6281  f1*=0.2559 @ t=0.48 | test AUROC=0.6909  F1=0.1922  MCC=0.1255
00:17:26  INFO      pipeline  LightGBM | OOF AUROC=0.6137  f1*=0.2488 @ t=0.09 | test AUROC=0.6825  F1=0.2177  MCC=0.1419
00:17:26  INFO      pipeline  CatBoost | OOF AUROC=0.6216  f1*=0.2528 @ t=0.14 | test AUROC=0.6758  F1=0.1715  MCC=0.1067
00:17:27  INFO      pipeline  Random Forest | OOF AUROC=0.5856  f1*=0.2391 @ t=0.25 | test AUROC=0.6624  F1=0.2030  MCC=0.1249
00:17:27  INFO      pipeline  Logistic Reg. | OOF AUROC=0.6166  f1*=0.2531 @ t=0.41 | test AUROC=0.6777  F1=0.2024  MCC=0.1172
00:17:27  INFO      pipeline  TabNet | OOF AUROC=0.5745  f1*=0.2400 @ t=0.01 | test AUROC=0.5840  F1=0.1424  MCC=0.0514
00:17:27  INFO      pipeline  LaTeX table → /Users/harekrishna/Downloads/credit-default-xai-benchmark/code v1/results/outputs/prosper_temporal/runs/cutoff_2011-01_seed_42/results/table2_test_metrics.tex
00:17:27  INFO      pipeline  
                AUROC   AUPRC      F1  Precision  Recall  Specificity  G-Mean     MCC   Brier
Model                                                                                        
XGBoost        0.6909  0.1493  0.1922     0.1962  0.1884       0.9348  0.4197  0.1255  0.1154
LightGBM       0.6825  0.1442  0.2177     0.1398  0.4924       0.7439  0.6052  0.1419  0.0700
CatBoost       0.6758  0.1390  0.1715     0.1834  0.1611       0.9394  0.3890  0.1067  0.0701
Random Forest  0.6624  0.1465  0.2030     0.1251  0.5380       0.6820  0.6057  0.1249  0.0904
Logistic Reg.  0.6777  0.1328  0.2024     0.1445  0.3374       0.8312  0.5296  0.1172  0.1241
TabNet         0.5840  0.1066  0.1424     0.1133  0.1915       0.8734  0.4089  0.0514  0.1110
00:17:28  INFO      visualization.plots  Fig 2 saved → /Users/harekrishna/Downloads/credit-default-xai-benchmark/code v1/results/outputs/prosper_temporal/runs/cutoff_2011-01_seed_42/figures/fig02_roc_curves.pdf
00:17:28  INFO      visualization.plots  Fig 3 saved → /Users/harekrishna/Downloads/credit-default-xai-benchmark/code v1/results/outputs/prosper_temporal/runs/cutoff_2011-01_seed_42/figures/fig03_pr_curves.pdf
00:17:28  INFO      visualization.plots  Fig 4 saved → /Users/harekrishna/Downloads/credit-default-xai-benchmark/code v1/results/outputs/prosper_temporal/runs/cutoff_2011-01_seed_42/figures/fig04_confusion_xgboost.pdf
00:26:31  INFO      pipeline  ============================================================
00:26:31  INFO      pipeline  STAGE 5: SHAP Explanations
00:26:31  INFO      pipeline  ============================================================
00:26:31  INFO      explainability.shap_explainer  SHAP TreeExplainer initialised | output_space=log_odds
00:26:31  INFO      explainability.shap_explainer  SHAP values computed | shape=(2000, 63)
00:26:31  INFO      explainability.shap_explainer  SHAP additivity check | MAE=0.00000 | PASS ✓
00:26:32  INFO      explainability.shap_explainer  Saved SHAP summary → /Users/harekrishna/Downloads/credit-default-xai-benchmark/code v1/results/outputs/prosper_temporal/runs/cutoff_2011-01_seed_42/figures/fig05a_shap_summary_XGBoost.pdf
00:26:32  INFO      explainability.shap_explainer  Saved SHAP bar → /Users/harekrishna/Downloads/credit-default-xai-benchmark/code v1/results/outputs/prosper_temporal/runs/cutoff_2011-01_seed_42/figures/fig05b_shap_bar_XGBoost.pdf
00:26:33  INFO      explainability.shap_explainer  Saved SHAP dependence → /Users/harekrishna/Downloads/credit-default-xai-benchmark/code v1/results/outputs/prosper_temporal/runs/cutoff_2011-01_seed_42/figures/fig06_shap_dep_CreditScoreRangeLower.pdf
00:26:33  INFO      pipeline  LaTeX table → /Users/harekrishna/Downloads/credit-default-xai-benchmark/code v1/results/outputs/prosper_temporal/runs/cutoff_2011-01_seed_42/results/table3_shap_ranking.tex
00:26:33  INFO      visualization.plots  Fig 8 saved → /Users/harekrishna/Downloads/credit-default-xai-benchmark/code v1/results/outputs/prosper_temporal/runs/cutoff_2011-01_seed_42/figures/fig08_importance_comparison.pdf
00:26:34  INFO      visualization.plots  Fig 9 saved → /Users/harekrishna/Downloads/credit-default-xai-benchmark/code v1/results/outputs/prosper_temporal/runs/cutoff_2011-01_seed_42/figures/fig09_threshold_sweep.pdf
00:26:34  INFO      pipeline  ============================================================
00:26:34  INFO      pipeline  STAGE 6: LIME Explanations
00:26:34  INFO      pipeline  ============================================================
00:26:34  INFO      explainability.lime_explainer  LIME tabular explainer initialised | features=63
00:26:34  INFO      pipeline  Local instances selected: {'TP': 3317, 'FP': 4066, 'FN': 1549, 'TN': 449}
00:26:34  INFO      explainability.lime_explainer  Saved LIME explanation → /Users/harekrishna/Downloads/credit-default-xai-benchmark/code v1/results/outputs/prosper_temporal/runs/cutoff_2011-01_seed_42/figures/fig07_tp_lime.pdf
00:26:34  INFO      explainability.lime_explainer  Saved LIME explanation → /Users/harekrishna/Downloads/credit-default-xai-benchmark/code v1/results/outputs/prosper_temporal/runs/cutoff_2011-01_seed_42/figures/fig07_fp_lime.pdf
00:26:34  INFO      explainability.lime_explainer  Saved LIME explanation → /Users/harekrishna/Downloads/credit-default-xai-benchmark/code v1/results/outputs/prosper_temporal/runs/cutoff_2011-01_seed_42/figures/fig07_fn_lime.pdf
00:26:35  INFO      explainability.lime_explainer  Saved LIME explanation → /Users/harekrishna/Downloads/credit-default-xai-benchmark/code v1/results/outputs/prosper_temporal/runs/cutoff_2011-01_seed_42/figures/fig07_tn_lime.pdf
00:26:35  INFO      explainability.lime_explainer  Saved LIME multi-instance grid → /Users/harekrishna/Downloads/credit-default-xai-benchmark/code v1/results/outputs/prosper_temporal/runs/cutoff_2011-01_seed_42/figures/fig07_lime_multi_instance.pdf
00:26:39  INFO      explainability.lime_explainer  LIME batch complete | n=200
00:26:39  INFO      explainability.lime_explainer  SHAP–LIME agreement | mean ρ=0.429 ± 0.249
00:26:39  INFO      explainability.lime_explainer  LIME tabular explainer initialised | features=63
00:26:40  INFO      explainability.lime_explainer  LIME tabular explainer initialised | features=63
00:26:40  INFO      explainability.lime_explainer  LIME tabular explainer initialised | features=63
00:26:40  INFO      explainability.lime_explainer  LIME tabular explainer initialised | features=63
00:26:41  INFO      explainability.lime_explainer  LIME tabular explainer initialised | features=63
00:26:41  INFO      explainability.lime_explainer  LIME tabular explainer initialised | features=63
00:26:41  INFO      explainability.lime_explainer  LIME tabular explainer initialised | features=63
00:26:41  INFO      explainability.lime_explainer  LIME tabular explainer initialised | features=63
00:26:42  INFO      explainability.lime_explainer  LIME tabular explainer initialised | features=63
00:26:42  INFO      explainability.lime_explainer  LIME tabular explainer initialised | features=63
00:26:42  INFO      explainability.lime_explainer  LIME tabular explainer initialised | features=63
00:26:43  INFO      explainability.lime_explainer  LIME tabular explainer initialised | features=63
00:26:43  INFO      explainability.lime_explainer  LIME tabular explainer initialised | features=63
00:26:43  INFO      explainability.lime_explainer  LIME tabular explainer initialised | features=63
00:26:43  INFO      explainability.lime_explainer  LIME tabular explainer initialised | features=63
00:26:44  INFO      explainability.lime_explainer  LIME tabular explainer initialised | features=63
00:26:44  INFO      explainability.lime_explainer  LIME tabular explainer initialised | features=63
00:26:44  INFO      explainability.lime_explainer  LIME tabular explainer initialised | features=63
00:26:45  INFO      explainability.lime_explainer  LIME tabular explainer initialised | features=63
00:26:45  INFO      explainability.lime_explainer  LIME tabular explainer initialised | features=63
00:26:45  INFO      explainability.lime_explainer  LIME tabular explainer initialised | features=63
00:26:46  INFO      explainability.lime_explainer  LIME tabular explainer initialised | features=63
00:26:46  INFO      explainability.lime_explainer  LIME tabular explainer initialised | features=63
00:26:46  INFO      explainability.lime_explainer  LIME tabular explainer initialised | features=63
00:26:46  INFO      explainability.lime_explainer  LIME tabular explainer initialised | features=63
00:26:47  INFO      explainability.lime_explainer  LIME tabular explainer initialised | features=63
00:26:47  INFO      explainability.lime_explainer  LIME tabular explainer initialised | features=63
00:26:47  INFO      explainability.lime_explainer  LIME tabular explainer initialised | features=63
00:26:48  INFO      explainability.lime_explainer  LIME tabular explainer initialised | features=63
00:26:48  INFO      explainability.lime_explainer  LIME tabular explainer initialised | features=63
00:26:48  INFO      explainability.lime_explainer  LIME tabular explainer initialised | features=63
00:26:48  INFO      explainability.lime_explainer  LIME tabular explainer initialised | features=63
00:26:49  INFO      explainability.lime_explainer  LIME tabular explainer initialised | features=63
00:26:49  INFO      explainability.lime_explainer  LIME tabular explainer initialised | features=63
00:26:49  INFO      explainability.lime_explainer  LIME tabular explainer initialised | features=63
00:26:50  INFO      explainability.lime_explainer  LIME tabular explainer initialised | features=63
00:26:50  INFO      explainability.lime_explainer  LIME tabular explainer initialised | features=63
00:26:50  INFO      explainability.lime_explainer  LIME tabular explainer initialised | features=63
00:26:50  INFO      explainability.lime_explainer  LIME tabular explainer initialised | features=63
00:26:51  INFO      explainability.lime_explainer  LIME tabular explainer initialised | features=63
00:26:51  INFO      explainability.lime_explainer  LIME tabular explainer initialised | features=63
00:26:51  INFO      explainability.lime_explainer  LIME tabular explainer initialised | features=63
00:26:52  INFO      explainability.lime_explainer  LIME tabular explainer initialised | features=63
00:26:52  INFO      explainability.lime_explainer  LIME tabular explainer initialised | features=63
00:26:52  INFO      explainability.lime_explainer  LIME tabular explainer initialised | features=63
00:26:52  INFO      explainability.lime_explainer  LIME tabular explainer initialised | features=63
00:26:53  INFO      explainability.lime_explainer  LIME tabular explainer initialised | features=63
00:26:53  INFO      explainability.lime_explainer  LIME tabular explainer initialised | features=63
00:26:53  INFO      explainability.lime_explainer  LIME tabular explainer initialised | features=63
00:26:54  INFO      explainability.lime_explainer  LIME tabular explainer initialised | features=63
00:26:54  INFO      explainability.lime_explainer  LIME tabular explainer initialised | features=63
00:26:54  INFO      explainability.lime_explainer  LIME tabular explainer initialised | features=63
00:26:55  INFO      explainability.lime_explainer  LIME tabular explainer initialised | features=63
00:26:55  INFO      explainability.lime_explainer  LIME tabular explainer initialised | features=63
00:26:55  INFO      explainability.lime_explainer  LIME tabular explainer initialised | features=63
00:26:55  INFO      explainability.lime_explainer  LIME tabular explainer initialised | features=63
00:26:56  INFO      explainability.lime_explainer  LIME tabular explainer initialised | features=63
00:26:56  INFO      explainability.lime_explainer  LIME tabular explainer initialised | features=63
00:26:56  INFO      explainability.lime_explainer  LIME tabular explainer initialised | features=63
00:26:57  INFO      explainability.lime_explainer  LIME tabular explainer initialised | features=63
00:26:57  INFO      explainability.lime_explainer  LIME tabular explainer initialised | features=63
00:26:57  INFO      explainability.lime_explainer  LIME tabular explainer initialised | features=63
00:26:57  INFO      explainability.lime_explainer  LIME tabular explainer initialised | features=63
00:26:58  INFO      explainability.lime_explainer  LIME tabular explainer initialised | features=63
00:26:58  INFO      explainability.lime_explainer  LIME tabular explainer initialised | features=63
00:26:58  INFO      explainability.lime_explainer  LIME tabular explainer initialised | features=63
00:26:59  INFO      explainability.lime_explainer  LIME tabular explainer initialised | features=63
00:26:59  INFO      explainability.lime_explainer  LIME tabular explainer initialised | features=63
00:26:59  INFO      explainability.lime_explainer  LIME tabular explainer initialised | features=63
00:26:59  INFO      explainability.lime_explainer  LIME tabular explainer initialised | features=63
00:27:00  INFO      explainability.lime_explainer  LIME tabular explainer initialised | features=63
00:27:00  INFO      explainability.lime_explainer  LIME tabular explainer initialised | features=63
00:27:00  INFO      explainability.lime_explainer  LIME tabular explainer initialised | features=63
00:27:01  INFO      explainability.lime_explainer  LIME tabular explainer initialised | features=63
00:27:01  INFO      explainability.lime_explainer  LIME tabular explainer initialised | features=63
00:27:01  INFO      explainability.lime_explainer  LIME tabular explainer initialised | features=63
00:27:02  INFO      explainability.lime_explainer  LIME tabular explainer initialised | features=63
00:27:02  INFO      explainability.lime_explainer  LIME tabular explainer initialised | features=63
00:27:02  INFO      explainability.lime_explainer  LIME tabular explainer initialised | features=63
00:27:02  INFO      explainability.lime_explainer  LIME tabular explainer initialised | features=63
00:27:03  INFO      explainability.lime_explainer  LIME tabular explainer initialised | features=63
00:27:03  INFO      explainability.lime_explainer  LIME tabular explainer initialised | features=63
00:27:03  INFO      explainability.lime_explainer  LIME tabular explainer initialised | features=63
00:27:04  INFO      explainability.lime_explainer  LIME tabular explainer initialised | features=63
00:27:04  INFO      explainability.lime_explainer  LIME tabular explainer initialised | features=63
00:27:04  INFO      explainability.lime_explainer  LIME tabular explainer initialised | features=63
00:27:04  INFO      explainability.lime_explainer  LIME tabular explainer initialised | features=63
00:27:05  INFO      explainability.lime_explainer  LIME tabular explainer initialised | features=63
00:27:05  INFO      explainability.lime_explainer  LIME tabular explainer initialised | features=63
00:27:05  INFO      explainability.lime_explainer  LIME tabular explainer initialised | features=63
00:27:06  INFO      explainability.lime_explainer  LIME tabular explainer initialised | features=63
00:27:06  INFO      explainability.lime_explainer  LIME tabular explainer initialised | features=63
00:27:06  INFO      explainability.lime_explainer  LIME tabular explainer initialised | features=63
00:27:07  INFO      explainability.lime_explainer  LIME tabular explainer initialised | features=63
00:27:07  INFO      explainability.lime_explainer  LIME tabular explainer initialised | features=63
00:27:07  INFO      explainability.lime_explainer  LIME tabular explainer initialised | features=63
00:27:07  INFO      explainability.lime_explainer  LIME tabular explainer initialised | features=63
00:27:08  INFO      explainability.lime_explainer  LIME tabular explainer initialised | features=63
00:27:08  INFO      explainability.lime_explainer  LIME tabular explainer initialised | features=63
00:27:08  INFO      explainability.lime_explainer  LIME tabular explainer initialised | features=63
00:27:09  INFO      explainability.lime_explainer  LIME tabular explainer initialised | features=63
00:27:09  INFO      explainability.lime_explainer  LIME tabular explainer initialised | features=63
00:27:09  INFO      explainability.lime_explainer  LIME tabular explainer initialised | features=63
00:27:09  INFO      explainability.lime_explainer  LIME tabular explainer initialised | features=63
00:27:10  INFO      explainability.lime_explainer  LIME tabular explainer initialised | features=63
00:27:10  INFO      explainability.lime_explainer  LIME tabular explainer initialised | features=63
00:27:11  INFO      explainability.lime_explainer  LIME tabular explainer initialised | features=63
00:27:11  INFO      explainability.lime_explainer  LIME tabular explainer initialised | features=63
00:27:11  INFO      explainability.lime_explainer  LIME tabular explainer initialised | features=63
00:27:11  INFO      explainability.lime_explainer  LIME tabular explainer initialised | features=63
00:27:12  INFO      explainability.lime_explainer  LIME tabular explainer initialised | features=63
00:27:12  INFO      explainability.lime_explainer  LIME tabular explainer initialised | features=63
00:27:12  INFO      explainability.lime_explainer  LIME tabular explainer initialised | features=63
00:27:13  INFO      explainability.lime_explainer  LIME tabular explainer initialised | features=63
00:27:13  INFO      explainability.lime_explainer  LIME tabular explainer initialised | features=63
00:27:13  INFO      explainability.lime_explainer  LIME tabular explainer initialised | features=63
00:27:13  INFO      explainability.lime_explainer  LIME tabular explainer initialised | features=63
00:27:14  INFO      explainability.lime_explainer  LIME tabular explainer initialised | features=63
00:27:14  INFO      explainability.lime_explainer  LIME tabular explainer initialised | features=63
00:27:14  INFO      explainability.lime_explainer  LIME tabular explainer initialised | features=63
00:27:15  INFO      explainability.lime_explainer  LIME tabular explainer initialised | features=63
00:27:15  INFO      explainability.lime_explainer  LIME tabular explainer initialised | features=63
00:27:15  INFO      explainability.lime_explainer  LIME tabular explainer initialised | features=63
00:27:16  INFO      explainability.lime_explainer  LIME tabular explainer initialised | features=63
00:27:16  INFO      explainability.lime_explainer  LIME tabular explainer initialised | features=63
00:27:16  INFO      explainability.lime_explainer  LIME tabular explainer initialised | features=63
00:27:16  INFO      explainability.lime_explainer  LIME tabular explainer initialised | features=63
00:27:17  INFO      explainability.lime_explainer  LIME tabular explainer initialised | features=63
00:27:17  INFO      explainability.lime_explainer  LIME tabular explainer initialised | features=63
00:27:17  INFO      explainability.lime_explainer  LIME tabular explainer initialised | features=63
00:27:18  INFO      explainability.lime_explainer  LIME tabular explainer initialised | features=63
00:27:18  INFO      explainability.lime_explainer  LIME tabular explainer initialised | features=63
00:27:18  INFO      explainability.lime_explainer  LIME tabular explainer initialised | features=63
00:27:18  INFO      explainability.lime_explainer  LIME tabular explainer initialised | features=63
00:27:19  INFO      explainability.lime_explainer  LIME tabular explainer initialised | features=63
00:27:19  INFO      explainability.lime_explainer  LIME tabular explainer initialised | features=63
00:27:19  INFO      explainability.lime_explainer  LIME tabular explainer initialised | features=63
00:27:20  INFO      explainability.lime_explainer  LIME tabular explainer initialised | features=63
00:27:20  INFO      explainability.lime_explainer  LIME tabular explainer initialised | features=63
00:27:20  INFO      explainability.lime_explainer  LIME tabular explainer initialised | features=63
00:27:20  INFO      explainability.lime_explainer  LIME tabular explainer initialised | features=63
00:27:21  INFO      explainability.lime_explainer  LIME tabular explainer initialised | features=63
00:27:21  INFO      explainability.lime_explainer  LIME tabular explainer initialised | features=63
00:27:21  INFO      explainability.lime_explainer  LIME tabular explainer initialised | features=63
00:27:22  INFO      explainability.lime_explainer  LIME tabular explainer initialised | features=63
00:27:22  INFO      explainability.lime_explainer  LIME tabular explainer initialised | features=63
00:27:22  INFO      explainability.lime_explainer  LIME tabular explainer initialised | features=63
00:27:23  INFO      explainability.lime_explainer  LIME tabular explainer initialised | features=63
00:27:23  INFO      explainability.lime_explainer  LIME tabular explainer initialised | features=63
00:27:23  INFO      explainability.lime_explainer  LIME tabular explainer initialised | features=63
00:27:23  INFO      explainability.lime_explainer  LIME tabular explainer initialised | features=63
00:27:24  INFO      explainability.lime_explainer  LIME tabular explainer initialised | features=63
00:27:24  INFO      explainability.lime_explainer  LIME tabular explainer initialised | features=63
00:27:24  INFO      explainability.lime_explainer  LIME tabular explainer initialised | features=63
00:27:25  INFO      explainability.lime_explainer  LIME tabular explainer initialised | features=63
00:27:25  INFO      explainability.lime_explainer  LIME tabular explainer initialised | features=63
00:27:25  INFO      explainability.lime_explainer  LIME tabular explainer initialised | features=63
00:27:25  INFO      explainability.lime_explainer  LIME tabular explainer initialised | features=63
00:27:26  INFO      explainability.lime_explainer  LIME tabular explainer initialised | features=63
00:27:26  INFO      explainability.lime_explainer  LIME tabular explainer initialised | features=63
00:27:26  INFO      explainability.lime_explainer  LIME tabular explainer initialised | features=63
00:27:27  INFO      explainability.lime_explainer  LIME tabular explainer initialised | features=63
00:27:27  INFO      explainability.lime_explainer  LIME tabular explainer initialised | features=63
00:27:27  INFO      explainability.lime_explainer  LIME tabular explainer initialised | features=63
00:27:27  INFO      explainability.lime_explainer  LIME tabular explainer initialised | features=63
00:27:28  INFO      explainability.lime_explainer  LIME tabular explainer initialised | features=63
00:27:28  INFO      explainability.lime_explainer  LIME tabular explainer initialised | features=63
00:27:28  INFO      explainability.lime_explainer  LIME tabular explainer initialised | features=63
00:27:29  INFO      explainability.lime_explainer  LIME tabular explainer initialised | features=63
00:27:29  INFO      explainability.lime_explainer  LIME tabular explainer initialised | features=63
00:27:29  INFO      explainability.lime_explainer  LIME tabular explainer initialised | features=63
00:27:29  INFO      explainability.lime_explainer  LIME tabular explainer initialised | features=63
00:27:30  INFO      explainability.lime_explainer  LIME tabular explainer initialised | features=63
00:27:30  INFO      explainability.lime_explainer  LIME tabular explainer initialised | features=63
00:27:30  INFO      explainability.lime_explainer  LIME tabular explainer initialised | features=63
00:27:31  INFO      explainability.lime_explainer  LIME tabular explainer initialised | features=63
00:27:31  INFO      explainability.lime_explainer  LIME tabular explainer initialised | features=63
00:27:31  INFO      explainability.lime_explainer  LIME tabular explainer initialised | features=63
00:27:32  INFO      explainability.lime_explainer  LIME tabular explainer initialised | features=63
00:27:32  INFO      explainability.lime_explainer  LIME tabular explainer initialised | features=63
00:27:32  INFO      explainability.lime_explainer  LIME tabular explainer initialised | features=63
00:27:32  INFO      explainability.lime_explainer  LIME tabular explainer initialised | features=63
00:27:33  INFO      explainability.lime_explainer  LIME tabular explainer initialised | features=63
00:27:33  INFO      explainability.lime_explainer  LIME tabular explainer initialised | features=63
00:27:33  INFO      explainability.lime_explainer  LIME tabular explainer initialised | features=63
00:27:34  INFO      explainability.lime_explainer  LIME tabular explainer initialised | features=63
00:27:34  INFO      explainability.lime_explainer  LIME tabular explainer initialised | features=63
00:27:34  INFO      explainability.lime_explainer  LIME tabular explainer initialised | features=63
00:27:34  INFO      explainability.lime_explainer  LIME tabular explainer initialised | features=63
00:27:35  INFO      explainability.lime_explainer  LIME tabular explainer initialised | features=63
00:27:35  INFO      explainability.lime_explainer  LIME tabular explainer initialised | features=63
00:27:35  INFO      explainability.lime_explainer  LIME tabular explainer initialised | features=63
00:27:36  INFO      explainability.lime_explainer  LIME tabular explainer initialised | features=63
00:27:36  INFO      explainability.lime_explainer  LIME tabular explainer initialised | features=63
00:27:36  INFO      explainability.lime_explainer  LIME tabular explainer initialised | features=63
00:27:36  INFO      explainability.lime_explainer  LIME tabular explainer initialised | features=63
00:27:37  INFO      explainability.lime_explainer  LIME tabular explainer initialised | features=63
00:27:37  INFO      explainability.lime_explainer  LIME tabular explainer initialised | features=63
00:27:37  INFO      explainability.lime_explainer  LIME tabular explainer initialised | features=63
00:27:38  INFO      explainability.lime_explainer  LIME tabular explainer initialised | features=63
00:27:38  INFO      explainability.lime_explainer  LIME tabular explainer initialised | features=63
00:27:38  INFO      explainability.lime_explainer  LIME tabular explainer initialised | features=63
00:27:38  INFO      explainability.lime_explainer  LIME tabular explainer initialised | features=63
00:27:39  INFO      explainability.lime_explainer  LIME tabular explainer initialised | features=63
00:27:39  INFO      explainability.lime_explainer  LIME tabular explainer initialised | features=63
00:27:39  INFO      explainability.lime_explainer  LIME tabular explainer initialised | features=63
00:27:40  INFO      explainability.lime_explainer  LIME tabular explainer initialised | features=63
00:27:40  INFO      explainability.lime_explainer  LIME tabular explainer initialised | features=63
00:27:40  INFO      explainability.lime_explainer  LIME tabular explainer initialised | features=63
00:27:41  INFO      explainability.lime_explainer  LIME tabular explainer initialised | features=63
00:27:41  INFO      explainability.lime_explainer  LIME tabular explainer initialised | features=63
00:27:41  INFO      explainability.lime_explainer  LIME tabular explainer initialised | features=63
00:27:41  INFO      explainability.lime_explainer  LIME tabular explainer initialised | features=63
00:27:42  INFO      explainability.lime_explainer  LIME tabular explainer initialised | features=63
00:27:42  INFO      explainability.lime_explainer  LIME tabular explainer initialised | features=63
00:27:42  INFO      explainability.lime_explainer  LIME tabular explainer initialised | features=63
00:27:43  INFO      explainability.lime_explainer  LIME tabular explainer initialised | features=63
00:27:43  INFO      explainability.lime_explainer  LIME tabular explainer initialised | features=63
00:27:43  INFO      explainability.lime_explainer  LIME tabular explainer initialised | features=63
00:27:43  INFO      explainability.lime_explainer  LIME tabular explainer initialised | features=63
00:27:44  INFO      explainability.lime_explainer  LIME tabular explainer initialised | features=63
00:27:44  INFO      explainability.lime_explainer  LIME tabular explainer initialised | features=63
00:27:44  INFO      explainability.lime_explainer  LIME tabular explainer initialised | features=63
00:27:45  INFO      explainability.lime_explainer  LIME tabular explainer initialised | features=63
00:27:45  INFO      explainability.lime_explainer  LIME tabular explainer initialised | features=63
00:27:45  INFO      explainability.lime_explainer  LIME tabular explainer initialised | features=63
00:27:45  INFO      explainability.lime_explainer  LIME tabular explainer initialised | features=63
00:27:46  INFO      explainability.lime_explainer  LIME tabular explainer initialised | features=63
00:27:46  INFO      explainability.lime_explainer  LIME tabular explainer initialised | features=63
00:27:46  INFO      explainability.lime_explainer  LIME tabular explainer initialised | features=63
00:27:47  INFO      explainability.lime_explainer  LIME tabular explainer initialised | features=63
00:27:47  INFO      explainability.lime_explainer  LIME tabular explainer initialised | features=63
00:27:47  INFO      explainability.lime_explainer  LIME tabular explainer initialised | features=63
00:27:48  INFO      explainability.lime_explainer  LIME tabular explainer initialised | features=63
00:27:48  INFO      explainability.lime_explainer  LIME tabular explainer initialised | features=63
00:27:48  INFO      explainability.lime_explainer  LIME tabular explainer initialised | features=63
00:27:48  INFO      explainability.lime_explainer  LIME tabular explainer initialised | features=63
00:27:49  INFO      explainability.lime_explainer  LIME tabular explainer initialised | features=63
00:27:49  INFO      explainability.lime_explainer  LIME tabular explainer initialised | features=63
00:27:49  INFO      explainability.lime_explainer  LIME tabular explainer initialised | features=63
00:27:50  INFO      explainability.lime_explainer  LIME tabular explainer initialised | features=63
00:27:50  INFO      explainability.lime_explainer  LIME tabular explainer initialised | features=63
00:27:50  INFO      explainability.lime_explainer  LIME tabular explainer initialised | features=63
00:27:50  INFO      explainability.lime_explainer  LIME tabular explainer initialised | features=63
00:27:51  INFO      explainability.lime_explainer  LIME tabular explainer initialised | features=63
00:27:51  INFO      explainability.lime_explainer  LIME tabular explainer initialised | features=63
00:27:51  INFO      explainability.lime_explainer  LIME tabular explainer initialised | features=63
00:27:52  INFO      explainability.lime_explainer  LIME tabular explainer initialised | features=63
00:27:52  INFO      explainability.lime_explainer  LIME tabular explainer initialised | features=63
00:27:52  INFO      explainability.lime_explainer  LIME tabular explainer initialised | features=63
00:27:52  INFO      explainability.lime_explainer  LIME tabular explainer initialised | features=63
00:27:53  INFO      explainability.lime_explainer  LIME tabular explainer initialised | features=63
00:27:53  INFO      explainability.lime_explainer  LIME tabular explainer initialised | features=63
00:27:53  INFO      explainability.lime_explainer  LIME tabular explainer initialised | features=63
00:27:54  INFO      explainability.lime_explainer  LIME tabular explainer initialised | features=63
00:27:54  INFO      explainability.lime_explainer  LIME tabular explainer initialised | features=63
00:27:54  INFO      explainability.lime_explainer  LIME tabular explainer initialised | features=63
00:27:54  INFO      explainability.lime_explainer  LIME tabular explainer initialised | features=63
00:27:55  INFO      explainability.lime_explainer  LIME tabular explainer initialised | features=63
00:27:55  INFO      explainability.lime_explainer  LIME tabular explainer initialised | features=63
00:27:55  INFO      explainability.lime_explainer  LIME tabular explainer initialised | features=63
00:27:56  INFO      explainability.lime_explainer  LIME tabular explainer initialised | features=63
00:27:56  INFO      explainability.lime_explainer  LIME tabular explainer initialised | features=63
00:27:56  INFO      explainability.lime_explainer  LIME tabular explainer initialised | features=63
00:27:57  INFO      explainability.lime_explainer  LIME tabular explainer initialised | features=63
00:27:57  INFO      explainability.lime_explainer  LIME tabular explainer initialised | features=63
00:27:57  INFO      explainability.lime_explainer  LIME tabular explainer initialised | features=63
00:27:57  INFO      explainability.lime_explainer  LIME tabular explainer initialised | features=63
00:27:58  INFO      explainability.lime_explainer  LIME tabular explainer initialised | features=63
00:27:58  INFO      explainability.lime_explainer  LIME tabular explainer initialised | features=63
00:27:58  INFO      explainability.lime_explainer  LIME tabular explainer initialised | features=63
00:27:59  INFO      explainability.lime_explainer  LIME tabular explainer initialised | features=63
00:27:59  INFO      explainability.lime_explainer  LIME tabular explainer initialised | features=63
00:27:59  INFO      explainability.lime_explainer  LIME tabular explainer initialised | features=63
00:27:59  INFO      explainability.lime_explainer  LIME tabular explainer initialised | features=63
00:28:00  INFO      explainability.lime_explainer  LIME tabular explainer initialised | features=63
00:28:00  INFO      explainability.lime_explainer  LIME tabular explainer initialised | features=63
00:28:00  INFO      explainability.lime_explainer  LIME tabular explainer initialised | features=63
00:28:01  INFO      explainability.lime_explainer  LIME tabular explainer initialised | features=63
00:28:01  INFO      explainability.lime_explainer  LIME tabular explainer initialised | features=63
00:28:01  INFO      explainability.lime_explainer  LIME tabular explainer initialised | features=63
00:28:01  INFO      explainability.lime_explainer  LIME tabular explainer initialised | features=63
00:28:02  INFO      explainability.lime_explainer  LIME tabular explainer initialised | features=63
00:28:02  INFO      explainability.lime_explainer  LIME tabular explainer initialised | features=63
00:28:02  INFO      explainability.lime_explainer  LIME tabular explainer initialised | features=63
00:28:03  INFO      explainability.lime_explainer  LIME tabular explainer initialised | features=63
00:28:03  INFO      explainability.lime_explainer  LIME tabular explainer initialised | features=63
00:28:03  INFO      explainability.lime_explainer  LIME tabular explainer initialised | features=63
00:28:04  INFO      explainability.lime_explainer  LIME tabular explainer initialised | features=63
00:28:04  INFO      explainability.lime_explainer  LIME tabular explainer initialised | features=63
00:28:04  INFO      explainability.lime_explainer  LIME tabular explainer initialised | features=63
00:28:04  INFO      explainability.lime_explainer  LIME tabular explainer initialised | features=63
00:28:05  INFO      explainability.lime_explainer  LIME tabular explainer initialised | features=63
00:28:05  INFO      explainability.lime_explainer  LIME tabular explainer initialised | features=63
00:28:05  INFO      explainability.lime_explainer  LIME tabular explainer initialised | features=63
00:28:06  INFO      explainability.lime_explainer  LIME tabular explainer initialised | features=63
00:28:06  INFO      explainability.lime_explainer  LIME tabular explainer initialised | features=63
00:28:06  INFO      explainability.lime_explainer  LIME tabular explainer initialised | features=63
00:28:06  INFO      explainability.lime_explainer  LIME tabular explainer initialised | features=63
00:28:07  INFO      explainability.lime_explainer  LIME tabular explainer initialised | features=63
00:28:07  INFO      pipeline  LaTeX table → /Users/harekrishna/Downloads/credit-default-xai-benchmark/code v1/results/outputs/prosper_temporal/runs/cutoff_2011-01_seed_42/results/table5_explanation_quality.tex
00:28:07  INFO      pipeline  LaTeX table → /Users/harekrishna/Downloads/credit-default-xai-benchmark/code v1/results/outputs/prosper_temporal/runs/cutoff_2011-01_seed_42/results/table4_shap_lime_agreement.tex
00:28:07  INFO      pipeline  ============================================================
00:28:07  INFO      pipeline  STAGE 7: Revision Analyses
00:28:07  INFO      pipeline  ============================================================
00:29:42  INFO      pipeline  Reusing identical OOF pipeline fit.
00:29:46  INFO      pipeline  RUN cutoff_2011-01_seed_42 COMPLETE | champion XGBoost | OOF AUROC 0.6281 | test AUROC 0.6909
00:29:46  INFO      pipeline  ╔══════════════════════════════════════════════╗
00:29:46  INFO      pipeline  ║  Credit Default Prediction with XAI (v3)     ║
00:29:46  INFO      pipeline  ║  Dataset: prosper                            ║
00:29:46  INFO      pipeline  ║  Run: cutoff_2011-01_seed_99                 ║
00:29:46  INFO      pipeline  ╚══════════════════════════════════════════════╝
00:29:46  INFO      pipeline  ============================================================
00:29:46  INFO      pipeline  STAGE 1: Data Loading, Labelling & Partitioning
00:29:46  INFO      pipeline  ============================================================
00:29:46  INFO      data.data_loader  Loading Prosper loans from /Users/harekrishna/Downloads/credit-default-xai-benchmark/code v1/data/prosperLoanData.csv
00:29:48  INFO      data.data_loader  Prosper: 113937 rows, 113066 after LoanKey de-duplication
00:29:48  INFO      data.data_loader  Prosper horizon label (H=12 months, snapshot 2014-03-12): 72067 labelled, 40999 censored, default rate 9.70%
00:29:48  INFO      data.data_loader  Skipping UCI-specific engineered features; required columns not present.
00:29:48  INFO      data.data_loader  Skipping UCI-specific engineered features; required columns not present.
00:29:48  INFO      data.data_loader  Dataset loaded | prosper | train=30982  test=4222 | default rate train=13.29% test=7.79% | 8 nominal, 33 continuous
00:29:48  INFO      pipeline  Imbalance stats (train): {"n_total": 30982, "n_majority": 26863, "n_minority": 4119, "imbalance_ratio": 6.5217, "minority_pct": 13.29}
00:29:49  INFO      visualization.plots  Fig 1 saved → /Users/harekrishna/Downloads/credit-default-xai-benchmark/code v1/results/outputs/prosper_temporal/runs/cutoff_2011-01_seed_99/figures/fig01_class_distribution.pdf
00:29:49  INFO      pipeline  ============================================================
00:29:49  INFO      pipeline  STAGE 2: Imbalance Strategy Ablation (selected on OOF AUROC)
00:29:49  INFO      pipeline  ============================================================
00:30:01  INFO      pipeline  Ablation | SMOTE            | OOF AUROC=0.6025  test AUROC=0.6747
00:30:15  INFO      pipeline  Ablation | BorderlineSMOTE  | OOF AUROC=0.5956  test AUROC=0.6694
00:31:11  INFO      pipeline  Ablation | SVMSMOTE         | OOF AUROC=0.6043  test AUROC=0.6831
00:31:24  INFO      pipeline  Ablation | ADASYN           | OOF AUROC=0.5936  test AUROC=0.6623
00:31:27  INFO      pipeline  Ablation | None             | OOF AUROC=0.5709  test AUROC=0.6813
00:31:29  INFO      pipeline  Ablation | ClassWeight      | OOF AUROC=0.5142  test AUROC=0.6347
00:31:29  INFO      pipeline  Best imbalance strategy (OOF AUROC): SVMSMOTE → 0.6043 [probe: LightGBM]
00:31:29  INFO      pipeline  ============================================================
00:31:29  INFO      pipeline  STAGE 3: Model Training (training CV selection, OOF predictions, refit)
00:31:29  INFO      pipeline  ============================================================
00:31:29  INFO      pipeline  Training XGBoost …
00:31:54  INFO      pipeline  XGBoost | per-model strategy=SVMSMOTE | OOF AUROC by strategy={'SMOTE': 0.6042, 'BorderlineSMOTE': 0.6119, 'SVMSMOTE': 0.6181, 'ADASYN': 0.6084, 'None': 0.5741, 'ClassWeight': 0.6149}
00:31:54  INFO      pipeline  RandomizedSearchCV | model=XGBoost strategy=SVMSMOTE n_iter=12
00:34:35  INFO      pipeline  Training LightGBM …
00:34:35  INFO      pipeline  Reusing identical OOF pipeline fit.
00:34:35  INFO      pipeline  Reusing identical OOF pipeline fit.
00:34:35  INFO      pipeline  Reusing identical OOF pipeline fit.
00:34:35  INFO      pipeline  Reusing identical OOF pipeline fit.
00:34:35  INFO      pipeline  Reusing identical OOF pipeline fit.
00:34:35  INFO      pipeline  Reusing identical OOF pipeline fit.
00:34:35  INFO      pipeline  LightGBM | per-model strategy=SVMSMOTE | OOF AUROC by strategy={'SMOTE': 0.6025, 'BorderlineSMOTE': 0.5956, 'SVMSMOTE': 0.6043, 'ADASYN': 0.5936, 'None': 0.5709, 'ClassWeight': 0.5142}
00:34:35  INFO      pipeline  RandomizedSearchCV | model=LightGBM strategy=SVMSMOTE n_iter=12
00:37:39  INFO      pipeline  Training CatBoost …
00:38:12  INFO      pipeline  CatBoost | per-model strategy=BorderlineSMOTE | OOF AUROC by strategy={'SMOTE': 0.6068, 'BorderlineSMOTE': 0.6116, 'SVMSMOTE': 0.6112, 'ADASYN': 0.6105, 'None': 0.5981, 'ClassWeight': 0.5945}
00:38:12  INFO      pipeline  RandomizedSearchCV | model=CatBoost strategy=BorderlineSMOTE n_iter=12
00:39:33  INFO      pipeline  Training Random Forest …
00:40:03  INFO      pipeline  Random Forest | per-model strategy=ClassWeight | OOF AUROC by strategy={'SMOTE': 0.554, 'BorderlineSMOTE': 0.553, 'SVMSMOTE': 0.5555, 'ADASYN': 0.5538, 'None': 0.5603, 'ClassWeight': 0.5628}
00:40:03  INFO      pipeline  RandomizedSearchCV | model=Random Forest strategy=ClassWeight n_iter=12
00:40:54  INFO      pipeline  Training Logistic Reg. …
00:41:09  INFO      pipeline  Logistic Reg. | per-model strategy=ClassWeight | OOF AUROC by strategy={'SMOTE': 0.5444, 'BorderlineSMOTE': 0.5313, 'SVMSMOTE': 0.5349, 'ADASYN': 0.5374, 'None': 0.5181, 'ClassWeight': 0.584}
00:41:09  INFO      pipeline  RandomizedSearchCV | model=Logistic Reg. strategy=ClassWeight n_iter=12
00:41:13  INFO      pipeline  Reusing verified legacy final model: Logistic Reg.
00:41:13  INFO      pipeline  Training TabNet …
00:41:13  INFO      models.tabnet_model  Apple MPS backend passed smoke test — using GPU acceleration.
00:41:13  INFO      models.tabnet_model  TabNet starting | device=mps  max_epochs=200  patience=15  batch_size=1024  n_train=140
00:41:15  INFO      models.tabnet_model  TabNet trained | device=mps  best_epoch=5  elapsed=1.8s
00:41:16  INFO      models.tabnet_model  Apple MPS backend passed smoke test — using GPU acceleration.
00:41:16  INFO      models.tabnet_model  TabNet starting | device=mps  max_epochs=200  patience=15  batch_size=1024  n_train=8390

epoch 31 | loss: 0.17756 | val_auc: 0.93802 |  0:02:21s
epoch 32 | loss: 0.17229 | val_auc: 0.9371  |  0:02:26s
epoch 33 | loss: 0.15999 | val_auc: 0.92993 |  0:02:30s
epoch 34 | loss: 0.16871 | val_auc: 0.93698 |  0:02:35s
epoch 35 | loss: 0.14961 | val_auc: 0.9379  |  0:02:39s
epoch 36 | loss: 0.14611 | val_auc: 0.93199 |  0:02:43s
epoch 37 | loss: 0.14693 | val_auc: 0.9409  |  0:02:48s
epoch 38 | loss: 0.12807 | val_auc: 0.93922 |  0:02:52s
epoch 39 | loss: 0.12219 | val_auc: 0.93765 |  0:02:57s
epoch 40 | loss: 0.12162 | val_auc: 0.94543 |  0:03:01s
epoch 41 | loss: 0.12592 | val_auc: 0.94174 |  0:03:05s
epoch 42 | loss: 0.12559 | val_auc: 0.94648 |  0:03:10s
epoch 43 | loss: 0.11654 | val_auc: 0.94797 |  0:03:14s
epoch 44 | loss: 0.13268 | val_auc: 0.94283 |  0:03:19s
epoch 45 | loss: 0.11879 | val_auc: 0.94505 |  0:03:23s
epoch 46 | loss: 0.10593 | val_auc: 0.94417 |  0:03:28s
epoch 47 | loss: 0.09069 | val_auc: 0.94272 |  0:03:32s
epoch 48 | loss: 0.09043 | val_auc: 0.94281 |  0:03:36s
epoch 49 | loss: 0.09229 | val_auc: 0.94451 |  0:03:41s
epoch 50 | loss: 0.09617 | val_auc: 0.9467  |  0:03:45s
epoch 51 | loss: 0.08396 | val_auc: 0.94774 |  0:03:50s
epoch 52 | loss: 0.07688 | val_auc: 0.94593 |  0:03:54s
epoch 53 | loss: 0.0942  | val_auc: 0.93724 |  0:03:58s
epoch 54 | loss: 0.07931 | val_auc: 0.9461  |  0:04:03s
epoch 55 | loss: 0.06892 | val_auc: 0.94882 |  0:04:07s
epoch 56 | loss: 0.06403 | val_auc: 0.94861 |  0:04:11s
epoch 57 | loss: 0.06627 | val_auc: 0.94955 |  0:04:16s
epoch 58 | loss: 0.06533 | val_auc: 0.94899 |  0:04:20s
epoch 59 | loss: 0.06735 | val_auc: 0.94724 |  0:04:25s
epoch 60 | loss: 0.06396 | val_auc: 0.95    |  0:04:29s
epoch 61 | loss: 0.05278 | val_auc: 0.94963 |  0:04:33s
epoch 62 | loss: 0.05313 | val_auc: 0.94805 |  0:04:38s
epoch 63 | loss: 0.06084 | val_auc: 0.95145 |  0:04:42s
epoch 64 | loss: 0.05663 | val_auc: 0.95051 |  0:04:46s
epoch 65 | loss: 0.05615 | val_auc: 0.95073 |  0:04:51s
epoch 66 | loss: 0.05218 | val_auc: 0.95082 |  0:04:55s
epoch 67 | loss: 0.05489 | val_auc: 0.949   |  0:04:59s
epoch 68 | loss: 0.04771 | val_auc: 0.95165 |  0:05:04s
epoch 69 | loss: 0.04797 | val_auc: 0.95195 |  0:05:08s
epoch 70 | loss: 0.04801 | val_auc: 0.95395 |  0:05:12s
epoch 71 | loss: 0.04718 | val_auc: 0.95277 |  0:05:17s
epoch 72 | loss: 0.04918 | val_auc: 0.95249 |  0:05:21s
epoch 73 | loss: 0.05029 | val_auc: 0.95149 |  0:05:26s
epoch 74 | loss: 0.04581 | val_auc: 0.95171 |  0:05:30s
epoch 75 | loss: 0.04607 | val_auc: 0.95148 |  0:05:35s
epoch 76 | loss: 0.04506 | val_auc: 0.95171 |  0:05:39s
epoch 77 | loss: 0.0413  | val_auc: 0.95358 |  0:05:43s
epoch 78 | loss: 0.03804 | val_auc: 0.95056 |  0:05:48s
epoch 79 | loss: 0.04289 | val_auc: 0.951   |  0:05:52s
epoch 80 | loss: 0.03924 | val_auc: 0.95355 |  0:05:56s
epoch 81 | loss: 0.03899 | val_auc: 0.95231 |  0:06:01s
epoch 82 | loss: 0.03928 | val_auc: 0.95355 |  0:06:05s
epoch 83 | loss: 0.03789 | val_auc: 0.95193 |  0:06:09s
epoch 84 | loss: 0.0351  | val_auc: 0.95523 |  0:06:14s
epoch 85 | loss: 0.03495 | val_auc: 0.95443 |  0:06:18s
epoch 86 | loss: 0.03412 | val_auc: 0.9537  |  0:06:22s
epoch 87 | loss: 0.03463 | val_auc: 0.95563 |  0:06:27s
epoch 88 | loss: 0.03047 | val_auc: 0.95544 |  0:06:31s
epoch 89 | loss: 0.03208 | val_auc: 0.95332 |  0:06:35s
epoch 90 | loss: 0.03472 | val_auc: 0.95225 |  0:06:40s
epoch 91 | loss: 0.03235 | val_auc: 0.95481 |  0:06:44s
epoch 92 | loss: 0.03221 | val_auc: 0.95357 |  0:06:48s
epoch 93 | loss: 0.0316  | val_auc: 0.95393 |  0:06:53s
epoch 94 | loss: 0.03202 | val_auc: 0.95485 |  0:06:57s
epoch 95 | loss: 0.032   | val_auc: 0.95531 |  0:07:01s
epoch 96 | loss: 0.03044 | val_auc: 0.95446 |  0:07:06s
epoch 97 | loss: 0.03004 | val_auc: 0.95339 |  0:07:10s
epoch 98 | loss: 0.02931 | val_auc: 0.95693 |  0:07:15s
epoch 99 | loss: 0.02801 | val_auc: 0.95488 |  0:07:19s
epoch 100| loss: 0.02606 | val_auc: 0.95424 |  0:07:23s
epoch 101| loss: 0.02969 | val_auc: 0.95396 |  0:07:28s
epoch 102| loss: 0.03184 | val_auc: 0.95527 |  0:07:32s
epoch 103| loss: 0.02816 | val_auc: 0.95484 |  0:07:37s
epoch 104| loss: 0.02497 | val_auc: 0.95495 |  0:07:41s
epoch 105| loss: 0.02438 | val_auc: 0.954   |  0:07:45s
epoch 106| loss: 0.02876 | val_auc: 0.95489 |  0:07:49s
epoch 107| loss: 0.02867 | val_auc: 0.95542 |  0:07:54s
epoch 108| loss: 0.02768 | val_auc: 0.95379 |  0:07:58s
epoch 109| loss: 0.02464 | val_auc: 0.95676 |  0:08:02s
epoch 110| loss: 0.02348 | val_auc: 0.9564  |  0:08:07s
epoch 111| loss: 0.02325 | val_auc: 0.95584 |  0:08:11s
epoch 112| loss: 0.02358 | val_auc: 0.95658 |  0:08:16s
epoch 113| loss: 0.02684 | val_auc: 0.95699 |  0:08:20s
epoch 114| loss: 0.02345 | val_auc: 0.9565  |  0:08:25s
epoch 115| loss: 0.02163 | val_auc: 0.95589 |  0:08:29s
epoch 116| loss: 0.02174 | val_auc: 0.9567  |  0:08:33s
epoch 117| loss: 0.02488 | val_auc: 0.95602 |  0:08:38s
epoch 118| loss: 0.02332 | val_auc: 0.95666 |  0:08:42s
epoch 119| loss: 0.02259 | val_auc: 0.95623 |  0:08:46s
epoch 120| loss: 0.0222  | val_auc: 0.95545 |  0:08:51s
epoch 121| loss: 0.02083 | val_auc: 0.9562  |  0:08:55s
epoch 122| loss: 0.02017 | val_auc: 0.95534 |  0:08:59s
epoch 123| loss: 0.02005 | val_auc: 0.95607 |  0:09:04s
epoch 124| loss: 0.02155 | val_auc: 0.9556  |  0:09:08s
epoch 125| loss: 0.02502 | val_auc: 0.95199 |  0:09:12s
epoch 126| loss: 0.02233 | val_auc: 0.9546  |  0:09:17s
epoch 127| loss: 0.01918 | val_auc: 0.95581 |  0:09:21s
epoch 128| loss: 0.01753 | val_auc: 0.95574 |  0:09:25s

Early stopping occurred at epoch 128 with best_epoch = 113 and best_val_auc = 0.95699
Successfully saved model at /Users/harekrishna/Downloads/credit-default-xai-benchmark/code v1/results/outputs/prosper_temporal/runs/cutoff_2011-01_seed_42/models/tabnet.pkl.zip
epoch 0  | loss: 1.80449 | val_auc: 0.525   |  0:00:00s
epoch 1  | loss: 0.73027 | val_auc: 0.5     |  0:00:00s
epoch 2  | loss: 0.66276 | val_auc: 0.175   |  0:00:00s
epoch 3  | loss: 0.62673 | val_auc: 0.5625  |  0:00:00s
epoch 4  | loss: 0.55426 | val_auc: 0.7     |  0:00:00s
epoch 5  | loss: 0.73743 | val_auc: 0.975   |  0:00:00s
epoch 6  | loss: 0.51704 | val_auc: 0.6     |  0:00:00s
epoch 7  | loss: 0.54015 | val_auc: 0.475   |  0:00:00s
epoch 8  | loss: 0.46684 | val_auc: 0.375   |  0:00:00s
epoch 9  | loss: 0.35398 | val_auc: 0.45    |  0:00:00s
epoch 10 | loss: 0.45608 | val_auc: 0.975   |  0:00:00s
epoch 11 | loss: 0.36445 | val_auc: 0.975   |  0:00:00s
epoch 12 | loss: 0.27342 | val_auc: 0.9     |  0:00:00s
epoch 13 | loss: 0.42413 | val_auc: 0.825   |  0:00:01s
epoch 14 | loss: 0.25142 | val_auc: 0.85    |  0:00:01s
epoch 15 | loss: 0.26178 | val_auc: 0.8     |  0:00:01s
epoch 16 | loss: 0.26008 | val_auc: 0.675   |  0:00:01s
epoch 17 | loss: 0.25283 | val_auc: 0.65    |  0:00:01s
epoch 18 | loss: 0.19545 | val_auc: 0.7     |  0:00:01s
epoch 19 | loss: 0.18968 | val_auc: 0.675   |  0:00:01s
epoch 20 | loss: 0.20842 | val_auc: 0.675   |  0:00:01s

Early stopping occurred at epoch 20 with best_epoch = 5 and best_val_auc = 0.975
epoch 0  | loss: 0.85751 | val_auc: 0.80604 |  0:00:00s
epoch 1  | loss: 0.58455 | val_auc: 0.84386 |  0:00:01s
epoch 2  | loss: 0.48939 | val_auc: 0.86863 |  0:00:02s
epoch 3  | loss: 0.44959 | val_auc: 0.87565 |  0:00:03s
epoch 4  | loss: 0.4006  | val_auc: 0.87984 |  0:00:03s
epoch 5  | loss: 0.39545 | val_auc: 0.88384 |  0:00:04s
epoch 6  | loss: 0.38178 | val_auc: 0.86205 |  0:00:05s
epoch 7  | loss: 0.37497 | val_auc: 0.89794 |  0:00:05s
epoch 8  | loss: 0.37022 | val_auc: 0.89908 |  0:00:06s
epoch 9  | loss: 0.35698 | val_auc: 0.8996  |  0:00:07s
epoch 10 | loss: 0.3488  | val_auc: 0.89978 |  0:00:07s
epoch 11 | loss: 0.34602 | val_auc: 0.89115 |  0:00:08s
epoch 12 | loss: 0.33436 | val_auc: 0.89366 |  0:00:09s
epoch 13 | loss: 0.32284 | val_auc: 0.89504 |  0:00:09s
epoch 14 | loss: 0.32263 | val_auc: 0.89915 |  0:00:10s
epoch 15 | loss: 0.31889 | val_auc: 0.90802 |  0:00:11s
epoch 16 | loss: 0.31478 | val_auc: 0.90494 |  0:00:12s
epoch 17 | loss: 0.31332 | val_auc: 0.90561 |  0:00:12s
epoch 18 | loss: 0.30481 | val_auc: 0.90596 |  0:00:13s
epoch 19 | loss: 0.30534 | val_auc: 0.90093 |  0:00:14s
epoch 20 | loss: 0.29408 | val_auc: 0.90186 |  0:00:14s
epoch 21 | loss: 0.28744 | val_auc: 0.90779 |  0:00:15s00:42:10  INFO      models.tabnet_model  TabNet trained | device=mps  best_epoch=60  elapsed=54.5s
00:42:16  INFO      models.tabnet_model  Apple MPS backend passed smoke test — using GPU acceleration.
00:42:16  INFO      models.tabnet_model  TabNet starting | device=mps  max_epochs=200  patience=15  batch_size=1024  n_train=23460
00:45:01  INFO      models.tabnet_model  TabNet trained | device=mps  best_epoch=70  elapsed=165.0s
00:45:45  INFO      models.tabnet_model  Apple MPS backend passed smoke test — using GPU acceleration.
00:45:45  INFO      models.tabnet_model  TabNet starting | device=mps  max_epochs=200  patience=15  batch_size=1024  n_train=53726

epoch 22 | loss: 0.27712 | val_auc: 0.90426 |  0:00:16s
epoch 23 | loss: 0.27679 | val_auc: 0.89905 |  0:00:16s
epoch 24 | loss: 0.27573 | val_auc: 0.89359 |  0:00:17s
epoch 25 | loss: 0.27534 | val_auc: 0.90594 |  0:00:18s
epoch 26 | loss: 0.27054 | val_auc: 0.90513 |  0:00:19s
epoch 27 | loss: 0.27172 | val_auc: 0.90399 |  0:00:20s
epoch 28 | loss: 0.26795 | val_auc: 0.91067 |  0:00:20s
epoch 29 | loss: 0.26454 | val_auc: 0.90607 |  0:00:21s
epoch 30 | loss: 0.26745 | val_auc: 0.91047 |  0:00:22s
epoch 31 | loss: 0.25342 | val_auc: 0.91039 |  0:00:23s
epoch 32 | loss: 0.25435 | val_auc: 0.90833 |  0:00:23s
epoch 33 | loss: 0.24049 | val_auc: 0.90841 |  0:00:24s
epoch 34 | loss: 0.24674 | val_auc: 0.89987 |  0:00:25s
epoch 35 | loss: 0.25276 | val_auc: 0.9115  |  0:00:25s
epoch 36 | loss: 0.25506 | val_auc: 0.90329 |  0:00:26s
epoch 37 | loss: 0.24774 | val_auc: 0.91125 |  0:00:27s
epoch 38 | loss: 0.23857 | val_auc: 0.91822 |  0:00:27s
epoch 39 | loss: 0.24223 | val_auc: 0.91513 |  0:00:28s
epoch 40 | loss: 0.2389  | val_auc: 0.92318 |  0:00:29s
epoch 41 | loss: 0.22789 | val_auc: 0.91792 |  0:00:29s
epoch 42 | loss: 0.22417 | val_auc: 0.92318 |  0:00:30s
epoch 43 | loss: 0.2233  | val_auc: 0.92188 |  0:00:31s
epoch 44 | loss: 0.22149 | val_auc: 0.92709 |  0:00:32s
epoch 45 | loss: 0.22266 | val_auc: 0.92291 |  0:00:32s
epoch 46 | loss: 0.21226 | val_auc: 0.92708 |  0:00:33s
epoch 47 | loss: 0.21134 | val_auc: 0.92554 |  0:00:34s
epoch 48 | loss: 0.2016  | val_auc: 0.91859 |  0:00:34s
epoch 49 | loss: 0.19584 | val_auc: 0.91703 |  0:00:35s
epoch 50 | loss: 0.20023 | val_auc: 0.92036 |  0:00:36s
epoch 51 | loss: 0.20489 | val_auc: 0.92325 |  0:00:36s
epoch 52 | loss: 0.19651 | val_auc: 0.92666 |  0:00:37s
epoch 53 | loss: 0.18468 | val_auc: 0.92668 |  0:00:38s
epoch 54 | loss: 0.18589 | val_auc: 0.92499 |  0:00:38s
epoch 55 | loss: 0.17715 | val_auc: 0.92326 |  0:00:39s
epoch 56 | loss: 0.17901 | val_auc: 0.92409 |  0:00:40s
epoch 57 | loss: 0.19256 | val_auc: 0.92557 |  0:00:40s
epoch 58 | loss: 0.18291 | val_auc: 0.92308 |  0:00:41s
epoch 59 | loss: 0.18279 | val_auc: 0.93348 |  0:00:42s
epoch 60 | loss: 0.17419 | val_auc: 0.93408 |  0:00:43s
epoch 61 | loss: 0.1693  | val_auc: 0.93228 |  0:00:43s
epoch 62 | loss: 0.16836 | val_auc: 0.93362 |  0:00:44s
epoch 63 | loss: 0.16211 | val_auc: 0.93067 |  0:00:45s
epoch 64 | loss: 0.1648  | val_auc: 0.93046 |  0:00:45s
epoch 65 | loss: 0.16422 | val_auc: 0.93183 |  0:00:46s
epoch 66 | loss: 0.16593 | val_auc: 0.93279 |  0:00:47s
epoch 67 | loss: 0.16265 | val_auc: 0.93143 |  0:00:47s
epoch 68 | loss: 0.15381 | val_auc: 0.93276 |  0:00:48s
epoch 69 | loss: 0.1446  | val_auc: 0.92944 |  0:00:49s
epoch 70 | loss: 0.13974 | val_auc: 0.92934 |  0:00:50s
epoch 71 | loss: 0.13316 | val_auc: 0.93025 |  0:00:50s
epoch 72 | loss: 0.13668 | val_auc: 0.92972 |  0:00:51s
epoch 73 | loss: 0.141   | val_auc: 0.92771 |  0:00:52s
epoch 74 | loss: 0.14145 | val_auc: 0.93356 |  0:00:52s
epoch 75 | loss: 0.14527 | val_auc: 0.92872 |  0:00:53s

Early stopping occurred at epoch 75 with best_epoch = 60 and best_val_auc = 0.93408
epoch 0  | loss: 0.7113  | val_auc: 0.82674 |  0:00:02s
epoch 1  | loss: 0.49177 | val_auc: 0.87376 |  0:00:04s
epoch 2  | loss: 0.42994 | val_auc: 0.88531 |  0:00:05s
epoch 3  | loss: 0.41265 | val_auc: 0.88536 |  0:00:07s
epoch 4  | loss: 0.40441 | val_auc: 0.88836 |  0:00:09s
epoch 5  | loss: 0.40023 | val_auc: 0.89964 |  0:00:11s
epoch 6  | loss: 0.3959  | val_auc: 0.9002  |  0:00:13s
epoch 7  | loss: 0.38721 | val_auc: 0.89734 |  0:00:15s
epoch 8  | loss: 0.39086 | val_auc: 0.89679 |  0:00:17s
epoch 9  | loss: 0.3857  | val_auc: 0.89975 |  0:00:19s
epoch 10 | loss: 0.38123 | val_auc: 0.89795 |  0:00:20s
epoch 11 | loss: 0.37712 | val_auc: 0.90255 |  0:00:22s
epoch 12 | loss: 0.37437 | val_auc: 0.90658 |  0:00:24s
epoch 13 | loss: 0.37725 | val_auc: 0.90768 |  0:00:26s
epoch 14 | loss: 0.37477 | val_auc: 0.90389 |  0:00:28s
epoch 15 | loss: 0.36929 | val_auc: 0.91096 |  0:00:30s
epoch 16 | loss: 0.3634  | val_auc: 0.90877 |  0:00:32s
epoch 17 | loss: 0.36097 | val_auc: 0.90934 |  0:00:34s
epoch 18 | loss: 0.35936 | val_auc: 0.91027 |  0:00:36s
epoch 19 | loss: 0.35867 | val_auc: 0.90879 |  0:00:38s
epoch 20 | loss: 0.36128 | val_auc: 0.90902 |  0:00:39s
epoch 21 | loss: 0.35415 | val_auc: 0.90788 |  0:00:41s
epoch 22 | loss: 0.34829 | val_auc: 0.90987 |  0:00:43s
epoch 23 | loss: 0.34235 | val_auc: 0.91368 |  0:00:45s
epoch 24 | loss: 0.33871 | val_auc: 0.9144  |  0:00:47s
epoch 25 | loss: 0.33404 | val_auc: 0.91353 |  0:00:49s
epoch 26 | loss: 0.32959 | val_auc: 0.91481 |  0:00:51s
epoch 27 | loss: 0.32883 | val_auc: 0.916   |  0:00:53s
epoch 28 | loss: 0.32993 | val_auc: 0.91273 |  0:00:55s
epoch 29 | loss: 0.32242 | val_auc: 0.91526 |  0:00:57s
epoch 30 | loss: 0.33034 | val_auc: 0.91145 |  0:00:59s
epoch 31 | loss: 0.33318 | val_auc: 0.9151  |  0:01:00s
epoch 32 | loss: 0.32655 | val_auc: 0.91438 |  0:01:02s
epoch 33 | loss: 0.32717 | val_auc: 0.9174  |  0:01:04s
epoch 34 | loss: 0.31717 | val_auc: 0.9179  |  0:01:06s
epoch 35 | loss: 0.31513 | val_auc: 0.91836 |  0:01:08s
epoch 36 | loss: 0.31131 | val_auc: 0.91928 |  0:01:10s
epoch 37 | loss: 0.30103 | val_auc: 0.92088 |  0:01:12s
epoch 38 | loss: 0.29768 | val_auc: 0.92194 |  0:01:14s
epoch 39 | loss: 0.29368 | val_auc: 0.92256 |  0:01:16s
epoch 40 | loss: 0.28715 | val_auc: 0.92357 |  0:01:18s
epoch 41 | loss: 0.28386 | val_auc: 0.9266  |  0:01:20s
epoch 42 | loss: 0.2822  | val_auc: 0.92469 |  0:01:22s
epoch 43 | loss: 0.27407 | val_auc: 0.92611 |  0:01:23s
epoch 44 | loss: 0.27109 | val_auc: 0.93107 |  0:01:25s
epoch 45 | loss: 0.26013 | val_auc: 0.92825 |  0:01:27s
epoch 46 | loss: 0.25686 | val_auc: 0.9298  |  0:01:29s
epoch 47 | loss: 0.25103 | val_auc: 0.92837 |  0:01:31s
epoch 48 | loss: 0.24446 | val_auc: 0.92819 |  0:01:33s
epoch 49 | loss: 0.24102 | val_auc: 0.93244 |  0:01:35s
epoch 50 | loss: 0.22859 | val_auc: 0.93134 |  0:01:37s
epoch 51 | loss: 0.22644 | val_auc: 0.93031 |  0:01:38s
epoch 52 | loss: 0.21972 | val_auc: 0.93249 |  0:01:40s
epoch 53 | loss: 0.21463 | val_auc: 0.93291 |  0:01:42s
epoch 54 | loss: 0.20661 | val_auc: 0.92959 |  0:01:44s
epoch 55 | loss: 0.20941 | val_auc: 0.93065 |  0:01:46s
epoch 56 | loss: 0.19366 | val_auc: 0.93439 |  0:01:48s
epoch 57 | loss: 0.18205 | val_auc: 0.93275 |  0:01:50s
epoch 58 | loss: 0.18498 | val_auc: 0.93392 |  0:01:52s
epoch 59 | loss: 0.18353 | val_auc: 0.93237 |  0:01:54s
epoch 60 | loss: 0.18011 | val_auc: 0.933   |  0:01:56s
epoch 61 | loss: 0.16561 | val_auc: 0.9353  |  0:01:57s
epoch 62 | loss: 0.16176 | val_auc: 0.93348 |  0:01:59s
epoch 63 | loss: 0.15211 | val_auc: 0.93567 |  0:02:01s
epoch 64 | loss: 0.15179 | val_auc: 0.93486 |  0:02:03s
epoch 65 | loss: 0.16232 | val_auc: 0.93091 |  0:02:05s
epoch 66 | loss: 0.15503 | val_auc: 0.93514 |  0:02:07s
epoch 67 | loss: 0.14496 | val_auc: 0.93634 |  0:02:09s
epoch 68 | loss: 0.1317  | val_auc: 0.93691 |  0:02:11s
epoch 69 | loss: 0.12981 | val_auc: 0.93147 |  0:02:13s
epoch 70 | loss: 0.12306 | val_auc: 0.93756 |  0:02:14s
epoch 71 | loss: 0.13063 | val_auc: 0.93469 |  0:02:16s
epoch 72 | loss: 0.12896 | val_auc: 0.93008 |  0:02:18s
epoch 73 | loss: 0.11747 | val_auc: 0.93283 |  0:02:20s
epoch 74 | loss: 0.11045 | val_auc: 0.93007 |  0:02:22s
epoch 75 | loss: 0.10941 | val_auc: 0.93239 |  0:02:24s
epoch 76 | loss: 0.10138 | val_auc: 0.93513 |  0:02:26s
epoch 77 | loss: 0.10083 | val_auc: 0.92715 |  0:02:28s
epoch 78 | loss: 0.09734 | val_auc: 0.93355 |  0:02:30s
epoch 79 | loss: 0.09183 | val_auc: 0.93189 |  0:02:32s
epoch 80 | loss: 0.09813 | val_auc: 0.93414 |  0:02:34s
epoch 81 | loss: 0.0875  | val_auc: 0.93512 |  0:02:36s
epoch 82 | loss: 0.08538 | val_auc: 0.93167 |  0:02:37s
epoch 83 | loss: 0.08603 | val_auc: 0.93475 |  0:02:39s
epoch 84 | loss: 0.08344 | val_auc: 0.9352  |  0:02:41s
epoch 85 | loss: 0.07995 | val_auc: 0.93568 |  0:02:43s

Early stopping occurred at epoch 85 with best_epoch = 70 and best_val_auc = 0.93756
epoch 0  | loss: 0.60485 | val_auc: 0.86251 |  0:00:04s
epoch 1  | loss: 0.4248  | val_auc: 0.88398 |  0:00:09s
epoch 2  | loss: 0.39505 | val_auc: 0.89742 |  0:00:13s
epoch 3  | loss: 0.38677 | val_auc: 0.89817 |  0:00:17s00:51:54  INFO      models.tabnet_model  TabNet trained | device=mps  best_epoch=68  elapsed=369.9s
00:51:55  INFO      models.tabnet_model  TabNet model saved to /Users/harekrishna/Downloads/credit-default-xai-benchmark/code v1/results/outputs/prosper_temporal/runs/cutoff_2011-01_seed_99/models/tabnet.pkl
00:51:55  INFO      pipeline  ============================================================
00:51:55  INFO      pipeline  STAGE 4: Evaluation (selection on OOF; held-out test reporting)
00:51:55  INFO      pipeline  ============================================================
00:51:55  INFO      pipeline  XGBoost | OOF AUROC=0.6252  f1*=0.2561 @ t=0.14 | test AUROC=0.6793  F1=0.2056  MCC=0.1213
00:51:55  INFO      pipeline  LightGBM | OOF AUROC=0.6015  f1*=0.2377 @ t=0.06 | test AUROC=0.6788  F1=0.2001  MCC=0.1279
00:51:56  INFO      pipeline  CatBoost | OOF AUROC=0.6170  f1*=0.2555 @ t=0.15 | test AUROC=0.6718  F1=0.1629  MCC=0.0979
00:51:56  INFO      pipeline  Random Forest | OOF AUROC=0.5805  f1*=0.2354 @ t=0.26 | test AUROC=0.6709  F1=0.1941  MCC=0.1307
00:51:56  INFO      pipeline  Logistic Reg. | OOF AUROC=0.6166  f1*=0.2531 @ t=0.41 | test AUROC=0.6777  F1=0.2024  MCC=0.1172
00:51:57  INFO      pipeline  TabNet | OOF AUROC=0.5671  f1*=0.2321 @ t=0.03 | test AUROC=0.6147  F1=0.1529  MCC=0.0696
00:51:57  INFO      pipeline  LaTeX table → /Users/harekrishna/Downloads/credit-default-xai-benchmark/code v1/results/outputs/prosper_temporal/runs/cutoff_2011-01_seed_99/results/table2_test_metrics.tex
00:51:57  INFO      pipeline  
                AUROC   AUPRC      F1  Precision  Recall  Specificity  G-Mean     MCC   Brier
Model                                                                                        
XGBoost        0.6793  0.1403  0.2056     0.1468  0.3435       0.8312  0.5343  0.1213  0.0705
LightGBM       0.6788  0.1468  0.2001     0.1191  0.6261       0.6085  0.6173  0.1279  0.0703
CatBoost       0.6718  0.1361  0.1629     0.1754  0.1520       0.9396  0.3779  0.0979  0.0704
Random Forest  0.6709  0.1504  0.1941     0.1116  0.7447       0.4988  0.6095  0.1307  0.1057
Logistic Reg.  0.6777  0.1328  0.2024     0.1445  0.3374       0.8312  0.5296  0.1172  0.1241
TabNet         0.6147  0.1150  0.1529     0.1316  0.1824       0.8983  0.4047  0.0696  0.1001
00:51:57  INFO      visualization.plots  Fig 2 saved → /Users/harekrishna/Downloads/credit-default-xai-benchmark/code v1/results/outputs/prosper_temporal/runs/cutoff_2011-01_seed_99/figures/fig02_roc_curves.pdf
00:51:57  INFO      visualization.plots  Fig 3 saved → /Users/harekrishna/Downloads/credit-default-xai-benchmark/code v1/results/outputs/prosper_temporal/runs/cutoff_2011-01_seed_99/figures/fig03_pr_curves.pdf
00:51:57  INFO      visualization.plots  Fig 4 saved → /Users/harekrishna/Downloads/credit-default-xai-benchmark/code v1/results/outputs/prosper_temporal/runs/cutoff_2011-01_seed_99/figures/fig04_confusion_xgboost.pdf
01:01:05  INFO      pipeline  ============================================================
01:01:05  INFO      pipeline  STAGE 5: SHAP Explanations
01:01:05  INFO      pipeline  ============================================================
01:01:05  INFO      explainability.shap_explainer  SHAP TreeExplainer initialised | output_space=log_odds
01:01:06  INFO      explainability.shap_explainer  SHAP values computed | shape=(2000, 63)
01:01:06  INFO      explainability.shap_explainer  SHAP additivity check | MAE=0.00000 | PASS ✓
01:01:07  INFO      explainability.shap_explainer  Saved SHAP summary → /Users/harekrishna/Downloads/credit-default-xai-benchmark/code v1/results/outputs/prosper_temporal/runs/cutoff_2011-01_seed_99/figures/fig05a_shap_summary_XGBoost.pdf
01:01:07  INFO      explainability.shap_explainer  Saved SHAP bar → /Users/harekrishna/Downloads/credit-default-xai-benchmark/code v1/results/outputs/prosper_temporal/runs/cutoff_2011-01_seed_99/figures/fig05b_shap_bar_XGBoost.pdf
01:01:07  INFO      explainability.shap_explainer  Saved SHAP dependence → /Users/harekrishna/Downloads/credit-default-xai-benchmark/code v1/results/outputs/prosper_temporal/runs/cutoff_2011-01_seed_99/figures/fig06_shap_dep_CreditScoreRangeLower.pdf
01:01:07  INFO      pipeline  LaTeX table → /Users/harekrishna/Downloads/credit-default-xai-benchmark/code v1/results/outputs/prosper_temporal/runs/cutoff_2011-01_seed_99/results/table3_shap_ranking.tex
01:01:07  INFO      visualization.plots  Fig 8 saved → /Users/harekrishna/Downloads/credit-default-xai-benchmark/code v1/results/outputs/prosper_temporal/runs/cutoff_2011-01_seed_99/figures/fig08_importance_comparison.pdf
01:01:08  INFO      visualization.plots  Fig 9 saved → /Users/harekrishna/Downloads/credit-default-xai-benchmark/code v1/results/outputs/prosper_temporal/runs/cutoff_2011-01_seed_99/figures/fig09_threshold_sweep.pdf
01:01:08  INFO      pipeline  ============================================================
01:01:08  INFO      pipeline  STAGE 6: LIME Explanations
01:01:08  INFO      pipeline  ============================================================
01:01:08  INFO      explainability.lime_explainer  LIME tabular explainer initialised | features=63
01:01:08  INFO      pipeline  Local instances selected: {'TP': 3828, 'FP': 3204, 'FN': 3986, 'TN': 3801}
01:01:09  INFO      explainability.lime_explainer  Saved LIME explanation → /Users/harekrishna/Downloads/credit-default-xai-benchmark/code v1/results/outputs/prosper_temporal/runs/cutoff_2011-01_seed_99/figures/fig07_tp_lime.pdf
01:01:09  INFO      explainability.lime_explainer  Saved LIME explanation → /Users/harekrishna/Downloads/credit-default-xai-benchmark/code v1/results/outputs/prosper_temporal/runs/cutoff_2011-01_seed_99/figures/fig07_fp_lime.pdf
01:01:09  INFO      explainability.lime_explainer  Saved LIME explanation → /Users/harekrishna/Downloads/credit-default-xai-benchmark/code v1/results/outputs/prosper_temporal/runs/cutoff_2011-01_seed_99/figures/fig07_fn_lime.pdf
01:01:09  INFO      explainability.lime_explainer  Saved LIME explanation → /Users/harekrishna/Downloads/credit-default-xai-benchmark/code v1/results/outputs/prosper_temporal/runs/cutoff_2011-01_seed_99/figures/fig07_tn_lime.pdf
01:01:10  INFO      explainability.lime_explainer  Saved LIME multi-instance grid → /Users/harekrishna/Downloads/credit-default-xai-benchmark/code v1/results/outputs/prosper_temporal/runs/cutoff_2011-01_seed_99/figures/fig07_lime_multi_instance.pdf
01:01:14  INFO      explainability.lime_explainer  LIME batch complete | n=200
01:01:14  INFO      explainability.lime_explainer  SHAP–LIME agreement | mean ρ=0.372 ± 0.263
01:01:14  INFO      explainability.lime_explainer  LIME tabular explainer initialised | features=63
01:01:15  INFO      explainability.lime_explainer  LIME tabular explainer initialised | features=63
01:01:15  INFO      explainability.lime_explainer  LIME tabular explainer initialised | features=63
01:01:15  INFO      explainability.lime_explainer  LIME tabular explainer initialised | features=63
01:01:16  INFO      explainability.lime_explainer  LIME tabular explainer initialised | features=63
01:01:16  INFO      explainability.lime_explainer  LIME tabular explainer initialised | features=63
01:01:16  INFO      explainability.lime_explainer  LIME tabular explainer initialised | features=63
01:01:17  INFO      explainability.lime_explainer  LIME tabular explainer initialised | features=63
01:01:17  INFO      explainability.lime_explainer  LIME tabular explainer initialised | features=63
01:01:17  INFO      explainability.lime_explainer  LIME tabular explainer initialised | features=63
01:01:17  INFO      explainability.lime_explainer  LIME tabular explainer initialised | features=63
01:01:18  INFO      explainability.lime_explainer  LIME tabular explainer initialised | features=63
01:01:18  INFO      explainability.lime_explainer  LIME tabular explainer initialised | features=63
01:01:18  INFO      explainability.lime_explainer  LIME tabular explainer initialised | features=63
01:01:19  INFO      explainability.lime_explainer  LIME tabular explainer initialised | features=63
01:01:19  INFO      explainability.lime_explainer  LIME tabular explainer initialised | features=63
01:01:19  INFO      explainability.lime_explainer  LIME tabular explainer initialised | features=63
01:01:19  INFO      explainability.lime_explainer  LIME tabular explainer initialised | features=63
01:01:20  INFO      explainability.lime_explainer  LIME tabular explainer initialised | features=63
01:01:20  INFO      explainability.lime_explainer  LIME tabular explainer initialised | features=63
01:01:20  INFO      explainability.lime_explainer  LIME tabular explainer initialised | features=63
01:01:21  INFO      explainability.lime_explainer  LIME tabular explainer initialised | features=63
01:01:21  INFO      explainability.lime_explainer  LIME tabular explainer initialised | features=63
01:01:21  INFO      explainability.lime_explainer  LIME tabular explainer initialised | features=63
01:01:21  INFO      explainability.lime_explainer  LIME tabular explainer initialised | features=63
01:01:22  INFO      explainability.lime_explainer  LIME tabular explainer initialised | features=63
01:01:22  INFO      explainability.lime_explainer  LIME tabular explainer initialised | features=63
01:01:22  INFO      explainability.lime_explainer  LIME tabular explainer initialised | features=63
01:01:23  INFO      explainability.lime_explainer  LIME tabular explainer initialised | features=63
01:01:23  INFO      explainability.lime_explainer  LIME tabular explainer initialised | features=63
01:01:23  INFO      explainability.lime_explainer  LIME tabular explainer initialised | features=63
01:01:24  INFO      explainability.lime_explainer  LIME tabular explainer initialised | features=63
01:01:24  INFO      explainability.lime_explainer  LIME tabular explainer initialised | features=63
01:01:24  INFO      explainability.lime_explainer  LIME tabular explainer initialised | features=63
01:01:24  INFO      explainability.lime_explainer  LIME tabular explainer initialised | features=63
01:01:25  INFO      explainability.lime_explainer  LIME tabular explainer initialised | features=63
01:01:25  INFO      explainability.lime_explainer  LIME tabular explainer initialised | features=63
01:01:25  INFO      explainability.lime_explainer  LIME tabular explainer initialised | features=63
01:01:26  INFO      explainability.lime_explainer  LIME tabular explainer initialised | features=63
01:01:26  INFO      explainability.lime_explainer  LIME tabular explainer initialised | features=63
01:01:26  INFO      explainability.lime_explainer  LIME tabular explainer initialised | features=63
01:01:26  INFO      explainability.lime_explainer  LIME tabular explainer initialised | features=63
01:01:27  INFO      explainability.lime_explainer  LIME tabular explainer initialised | features=63
01:01:27  INFO      explainability.lime_explainer  LIME tabular explainer initialised | features=63
01:01:27  INFO      explainability.lime_explainer  LIME tabular explainer initialised | features=63
01:01:28  INFO      explainability.lime_explainer  LIME tabular explainer initialised | features=63
01:01:28  INFO      explainability.lime_explainer  LIME tabular explainer initialised | features=63
01:01:28  INFO      explainability.lime_explainer  LIME tabular explainer initialised | features=63
01:01:29  INFO      explainability.lime_explainer  LIME tabular explainer initialised | features=63
01:01:29  INFO      explainability.lime_explainer  LIME tabular explainer initialised | features=63
01:01:29  INFO      explainability.lime_explainer  LIME tabular explainer initialised | features=63
01:01:29  INFO      explainability.lime_explainer  LIME tabular explainer initialised | features=63
01:01:30  INFO      explainability.lime_explainer  LIME tabular explainer initialised | features=63
01:01:30  INFO      explainability.lime_explainer  LIME tabular explainer initialised | features=63
01:01:30  INFO      explainability.lime_explainer  LIME tabular explainer initialised | features=63
01:01:31  INFO      explainability.lime_explainer  LIME tabular explainer initialised | features=63
01:01:31  INFO      explainability.lime_explainer  LIME tabular explainer initialised | features=63
01:01:31  INFO      explainability.lime_explainer  LIME tabular explainer initialised | features=63
01:01:31  INFO      explainability.lime_explainer  LIME tabular explainer initialised | features=63
01:01:32  INFO      explainability.lime_explainer  LIME tabular explainer initialised | features=63
01:01:32  INFO      explainability.lime_explainer  LIME tabular explainer initialised | features=63
01:01:32  INFO      explainability.lime_explainer  LIME tabular explainer initialised | features=63
01:01:33  INFO      explainability.lime_explainer  LIME tabular explainer initialised | features=63
01:01:33  INFO      explainability.lime_explainer  LIME tabular explainer initialised | features=63
01:01:33  INFO      explainability.lime_explainer  LIME tabular explainer initialised | features=63
01:01:34  INFO      explainability.lime_explainer  LIME tabular explainer initialised | features=63
01:01:34  INFO      explainability.lime_explainer  LIME tabular explainer initialised | features=63
01:01:34  INFO      explainability.lime_explainer  LIME tabular explainer initialised | features=63
01:01:34  INFO      explainability.lime_explainer  LIME tabular explainer initialised | features=63
01:01:35  INFO      explainability.lime_explainer  LIME tabular explainer initialised | features=63
01:01:35  INFO      explainability.lime_explainer  LIME tabular explainer initialised | features=63
01:01:35  INFO      explainability.lime_explainer  LIME tabular explainer initialised | features=63
01:01:36  INFO      explainability.lime_explainer  LIME tabular explainer initialised | features=63
01:01:36  INFO      explainability.lime_explainer  LIME tabular explainer initialised | features=63
01:01:36  INFO      explainability.lime_explainer  LIME tabular explainer initialised | features=63
01:01:36  INFO      explainability.lime_explainer  LIME tabular explainer initialised | features=63
01:01:37  INFO      explainability.lime_explainer  LIME tabular explainer initialised | features=63
01:01:37  INFO      explainability.lime_explainer  LIME tabular explainer initialised | features=63
01:01:37  INFO      explainability.lime_explainer  LIME tabular explainer initialised | features=63
01:01:38  INFO      explainability.lime_explainer  LIME tabular explainer initialised | features=63
01:01:38  INFO      explainability.lime_explainer  LIME tabular explainer initialised | features=63
01:01:38  INFO      explainability.lime_explainer  LIME tabular explainer initialised | features=63
01:01:38  INFO      explainability.lime_explainer  LIME tabular explainer initialised | features=63
01:01:39  INFO      explainability.lime_explainer  LIME tabular explainer initialised | features=63
01:01:39  INFO      explainability.lime_explainer  LIME tabular explainer initialised | features=63
01:01:39  INFO      explainability.lime_explainer  LIME tabular explainer initialised | features=63
01:01:40  INFO      explainability.lime_explainer  LIME tabular explainer initialised | features=63
01:01:40  INFO      explainability.lime_explainer  LIME tabular explainer initialised | features=63
01:01:40  INFO      explainability.lime_explainer  LIME tabular explainer initialised | features=63
01:01:41  INFO      explainability.lime_explainer  LIME tabular explainer initialised | features=63
01:01:41  INFO      explainability.lime_explainer  LIME tabular explainer initialised | features=63
01:01:41  INFO      explainability.lime_explainer  LIME tabular explainer initialised | features=63
01:01:41  INFO      explainability.lime_explainer  LIME tabular explainer initialised | features=63
01:01:42  INFO      explainability.lime_explainer  LIME tabular explainer initialised | features=63
01:01:42  INFO      explainability.lime_explainer  LIME tabular explainer initialised | features=63
01:01:42  INFO      explainability.lime_explainer  LIME tabular explainer initialised | features=63
01:01:43  INFO      explainability.lime_explainer  LIME tabular explainer initialised | features=63
01:01:43  INFO      explainability.lime_explainer  LIME tabular explainer initialised | features=63
01:01:43  INFO      explainability.lime_explainer  LIME tabular explainer initialised | features=63
01:01:43  INFO      explainability.lime_explainer  LIME tabular explainer initialised | features=63
01:01:44  INFO      explainability.lime_explainer  LIME tabular explainer initialised | features=63
01:01:44  INFO      explainability.lime_explainer  LIME tabular explainer initialised | features=63
01:01:44  INFO      explainability.lime_explainer  LIME tabular explainer initialised | features=63
01:01:45  INFO      explainability.lime_explainer  LIME tabular explainer initialised | features=63
01:01:45  INFO      explainability.lime_explainer  LIME tabular explainer initialised | features=63
01:01:45  INFO      explainability.lime_explainer  LIME tabular explainer initialised | features=63
01:01:45  INFO      explainability.lime_explainer  LIME tabular explainer initialised | features=63
01:01:46  INFO      explainability.lime_explainer  LIME tabular explainer initialised | features=63
01:01:46  INFO      explainability.lime_explainer  LIME tabular explainer initialised | features=63
01:01:46  INFO      explainability.lime_explainer  LIME tabular explainer initialised | features=63
01:01:47  INFO      explainability.lime_explainer  LIME tabular explainer initialised | features=63
01:01:47  INFO      explainability.lime_explainer  LIME tabular explainer initialised | features=63
01:01:47  INFO      explainability.lime_explainer  LIME tabular explainer initialised | features=63
01:01:48  INFO      explainability.lime_explainer  LIME tabular explainer initialised | features=63
01:01:48  INFO      explainability.lime_explainer  LIME tabular explainer initialised | features=63
01:01:48  INFO      explainability.lime_explainer  LIME tabular explainer initialised | features=63
01:01:48  INFO      explainability.lime_explainer  LIME tabular explainer initialised | features=63
01:01:49  INFO      explainability.lime_explainer  LIME tabular explainer initialised | features=63
01:01:49  INFO      explainability.lime_explainer  LIME tabular explainer initialised | features=63
01:01:49  INFO      explainability.lime_explainer  LIME tabular explainer initialised | features=63
01:01:50  INFO      explainability.lime_explainer  LIME tabular explainer initialised | features=63
01:01:50  INFO      explainability.lime_explainer  LIME tabular explainer initialised | features=63
01:01:50  INFO      explainability.lime_explainer  LIME tabular explainer initialised | features=63
01:01:50  INFO      explainability.lime_explainer  LIME tabular explainer initialised | features=63
01:01:51  INFO      explainability.lime_explainer  LIME tabular explainer initialised | features=63
01:01:51  INFO      explainability.lime_explainer  LIME tabular explainer initialised | features=63
01:01:51  INFO      explainability.lime_explainer  LIME tabular explainer initialised | features=63
01:01:52  INFO      explainability.lime_explainer  LIME tabular explainer initialised | features=63
01:01:52  INFO      explainability.lime_explainer  LIME tabular explainer initialised | features=63
01:01:52  INFO      explainability.lime_explainer  LIME tabular explainer initialised | features=63
01:01:53  INFO      explainability.lime_explainer  LIME tabular explainer initialised | features=63
01:01:53  INFO      explainability.lime_explainer  LIME tabular explainer initialised | features=63
01:01:53  INFO      explainability.lime_explainer  LIME tabular explainer initialised | features=63
01:01:53  INFO      explainability.lime_explainer  LIME tabular explainer initialised | features=63
01:01:54  INFO      explainability.lime_explainer  LIME tabular explainer initialised | features=63
01:01:54  INFO      explainability.lime_explainer  LIME tabular explainer initialised | features=63
01:01:54  INFO      explainability.lime_explainer  LIME tabular explainer initialised | features=63
01:01:55  INFO      explainability.lime_explainer  LIME tabular explainer initialised | features=63
01:01:55  INFO      explainability.lime_explainer  LIME tabular explainer initialised | features=63
01:01:55  INFO      explainability.lime_explainer  LIME tabular explainer initialised | features=63
01:01:55  INFO      explainability.lime_explainer  LIME tabular explainer initialised | features=63
01:01:56  INFO      explainability.lime_explainer  LIME tabular explainer initialised | features=63
01:01:56  INFO      explainability.lime_explainer  LIME tabular explainer initialised | features=63
01:01:56  INFO      explainability.lime_explainer  LIME tabular explainer initialised | features=63
01:01:57  INFO      explainability.lime_explainer  LIME tabular explainer initialised | features=63
01:01:57  INFO      explainability.lime_explainer  LIME tabular explainer initialised | features=63
01:01:57  INFO      explainability.lime_explainer  LIME tabular explainer initialised | features=63
01:01:58  INFO      explainability.lime_explainer  LIME tabular explainer initialised | features=63
01:01:58  INFO      explainability.lime_explainer  LIME tabular explainer initialised | features=63
01:01:58  INFO      explainability.lime_explainer  LIME tabular explainer initialised | features=63
01:01:58  INFO      explainability.lime_explainer  LIME tabular explainer initialised | features=63
01:01:59  INFO      explainability.lime_explainer  LIME tabular explainer initialised | features=63
01:01:59  INFO      explainability.lime_explainer  LIME tabular explainer initialised | features=63
01:01:59  INFO      explainability.lime_explainer  LIME tabular explainer initialised | features=63
01:02:00  INFO      explainability.lime_explainer  LIME tabular explainer initialised | features=63
01:02:00  INFO      explainability.lime_explainer  LIME tabular explainer initialised | features=63
01:02:00  INFO      explainability.lime_explainer  LIME tabular explainer initialised | features=63
01:02:00  INFO      explainability.lime_explainer  LIME tabular explainer initialised | features=63
01:02:01  INFO      explainability.lime_explainer  LIME tabular explainer initialised | features=63
01:02:01  INFO      explainability.lime_explainer  LIME tabular explainer initialised | features=63
01:02:01  INFO      explainability.lime_explainer  LIME tabular explainer initialised | features=63
01:02:02  INFO      explainability.lime_explainer  LIME tabular explainer initialised | features=63
01:02:02  INFO      explainability.lime_explainer  LIME tabular explainer initialised | features=63
01:02:02  INFO      explainability.lime_explainer  LIME tabular explainer initialised | features=63
01:02:02  INFO      explainability.lime_explainer  LIME tabular explainer initialised | features=63
01:02:03  INFO      explainability.lime_explainer  LIME tabular explainer initialised | features=63
01:02:03  INFO      explainability.lime_explainer  LIME tabular explainer initialised | features=63
01:02:03  INFO      explainability.lime_explainer  LIME tabular explainer initialised | features=63
01:02:04  INFO      explainability.lime_explainer  LIME tabular explainer initialised | features=63
01:02:04  INFO      explainability.lime_explainer  LIME tabular explainer initialised | features=63
01:02:04  INFO      explainability.lime_explainer  LIME tabular explainer initialised | features=63
01:02:05  INFO      explainability.lime_explainer  LIME tabular explainer initialised | features=63
01:02:05  INFO      explainability.lime_explainer  LIME tabular explainer initialised | features=63
01:02:05  INFO      explainability.lime_explainer  LIME tabular explainer initialised | features=63
01:02:05  INFO      explainability.lime_explainer  LIME tabular explainer initialised | features=63
01:02:06  INFO      explainability.lime_explainer  LIME tabular explainer initialised | features=63
01:02:06  INFO      explainability.lime_explainer  LIME tabular explainer initialised | features=63
01:02:06  INFO      explainability.lime_explainer  LIME tabular explainer initialised | features=63
01:02:07  INFO      explainability.lime_explainer  LIME tabular explainer initialised | features=63
01:02:07  INFO      explainability.lime_explainer  LIME tabular explainer initialised | features=63
01:02:07  INFO      explainability.lime_explainer  LIME tabular explainer initialised | features=63
01:02:07  INFO      explainability.lime_explainer  LIME tabular explainer initialised | features=63
01:02:08  INFO      explainability.lime_explainer  LIME tabular explainer initialised | features=63
01:02:08  INFO      explainability.lime_explainer  LIME tabular explainer initialised | features=63
01:02:08  INFO      explainability.lime_explainer  LIME tabular explainer initialised | features=63
01:02:09  INFO      explainability.lime_explainer  LIME tabular explainer initialised | features=63
01:02:09  INFO      explainability.lime_explainer  LIME tabular explainer initialised | features=63
01:02:09  INFO      explainability.lime_explainer  LIME tabular explainer initialised | features=63
01:02:09  INFO      explainability.lime_explainer  LIME tabular explainer initialised | features=63
01:02:10  INFO      explainability.lime_explainer  LIME tabular explainer initialised | features=63
01:02:10  INFO      explainability.lime_explainer  LIME tabular explainer initialised | features=63
01:02:11  INFO      explainability.lime_explainer  LIME tabular explainer initialised | features=63
01:02:11  INFO      explainability.lime_explainer  LIME tabular explainer initialised | features=63
01:02:11  INFO      explainability.lime_explainer  LIME tabular explainer initialised | features=63
01:02:12  INFO      explainability.lime_explainer  LIME tabular explainer initialised | features=63
01:02:12  INFO      explainability.lime_explainer  LIME tabular explainer initialised | features=63
01:02:12  INFO      explainability.lime_explainer  LIME tabular explainer initialised | features=63
01:02:12  INFO      explainability.lime_explainer  LIME tabular explainer initialised | features=63
01:02:13  INFO      explainability.lime_explainer  LIME tabular explainer initialised | features=63
01:02:13  INFO      explainability.lime_explainer  LIME tabular explainer initialised | features=63
01:02:13  INFO      explainability.lime_explainer  LIME tabular explainer initialised | features=63
01:02:14  INFO      explainability.lime_explainer  LIME tabular explainer initialised | features=63
01:02:14  INFO      explainability.lime_explainer  LIME tabular explainer initialised | features=63
01:02:14  INFO      explainability.lime_explainer  LIME tabular explainer initialised | features=63
01:02:14  INFO      explainability.lime_explainer  LIME tabular explainer initialised | features=63
01:02:15  INFO      explainability.lime_explainer  LIME tabular explainer initialised | features=63
01:02:15  INFO      explainability.lime_explainer  LIME tabular explainer initialised | features=63
01:02:15  INFO      explainability.lime_explainer  LIME tabular explainer initialised | features=63
01:02:16  INFO      explainability.lime_explainer  LIME tabular explainer initialised | features=63
01:02:16  INFO      explainability.lime_explainer  LIME tabular explainer initialised | features=63
01:02:16  INFO      explainability.lime_explainer  LIME tabular explainer initialised | features=63
01:02:16  INFO      explainability.lime_explainer  LIME tabular explainer initialised | features=63
01:02:17  INFO      explainability.lime_explainer  LIME tabular explainer initialised | features=63
01:02:17  INFO      explainability.lime_explainer  LIME tabular explainer initialised | features=63
01:02:17  INFO      explainability.lime_explainer  LIME tabular explainer initialised | features=63
01:02:18  INFO      explainability.lime_explainer  LIME tabular explainer initialised | features=63
01:02:18  INFO      explainability.lime_explainer  LIME tabular explainer initialised | features=63
01:02:18  INFO      explainability.lime_explainer  LIME tabular explainer initialised | features=63
01:02:19  INFO      explainability.lime_explainer  LIME tabular explainer initialised | features=63
01:02:19  INFO      explainability.lime_explainer  LIME tabular explainer initialised | features=63
01:02:19  INFO      explainability.lime_explainer  LIME tabular explainer initialised | features=63
01:02:19  INFO      explainability.lime_explainer  LIME tabular explainer initialised | features=63
01:02:20  INFO      explainability.lime_explainer  LIME tabular explainer initialised | features=63
01:02:20  INFO      explainability.lime_explainer  LIME tabular explainer initialised | features=63
01:02:20  INFO      explainability.lime_explainer  LIME tabular explainer initialised | features=63
01:02:21  INFO      explainability.lime_explainer  LIME tabular explainer initialised | features=63
01:02:21  INFO      explainability.lime_explainer  LIME tabular explainer initialised | features=63
01:02:21  INFO      explainability.lime_explainer  LIME tabular explainer initialised | features=63
01:02:21  INFO      explainability.lime_explainer  LIME tabular explainer initialised | features=63
01:02:22  INFO      explainability.lime_explainer  LIME tabular explainer initialised | features=63
01:02:22  INFO      explainability.lime_explainer  LIME tabular explainer initialised | features=63
01:02:22  INFO      explainability.lime_explainer  LIME tabular explainer initialised | features=63
01:02:23  INFO      explainability.lime_explainer  LIME tabular explainer initialised | features=63
01:02:23  INFO      explainability.lime_explainer  LIME tabular explainer initialised | features=63
01:02:23  INFO      explainability.lime_explainer  LIME tabular explainer initialised | features=63
01:02:23  INFO      explainability.lime_explainer  LIME tabular explainer initialised | features=63
01:02:24  INFO      explainability.lime_explainer  LIME tabular explainer initialised | features=63
01:02:24  INFO      explainability.lime_explainer  LIME tabular explainer initialised | features=63
01:02:24  INFO      explainability.lime_explainer  LIME tabular explainer initialised | features=63
01:02:25  INFO      explainability.lime_explainer  LIME tabular explainer initialised | features=63
01:02:25  INFO      explainability.lime_explainer  LIME tabular explainer initialised | features=63
01:02:25  INFO      explainability.lime_explainer  LIME tabular explainer initialised | features=63
01:02:25  INFO      explainability.lime_explainer  LIME tabular explainer initialised | features=63
01:02:26  INFO      explainability.lime_explainer  LIME tabular explainer initialised | features=63
01:02:26  INFO      explainability.lime_explainer  LIME tabular explainer initialised | features=63
01:02:26  INFO      explainability.lime_explainer  LIME tabular explainer initialised | features=63
01:02:27  INFO      explainability.lime_explainer  LIME tabular explainer initialised | features=63
01:02:27  INFO      explainability.lime_explainer  LIME tabular explainer initialised | features=63
01:02:27  INFO      explainability.lime_explainer  LIME tabular explainer initialised | features=63
01:02:28  INFO      explainability.lime_explainer  LIME tabular explainer initialised | features=63
01:02:28  INFO      explainability.lime_explainer  LIME tabular explainer initialised | features=63
01:02:28  INFO      explainability.lime_explainer  LIME tabular explainer initialised | features=63
01:02:28  INFO      explainability.lime_explainer  LIME tabular explainer initialised | features=63
01:02:29  INFO      explainability.lime_explainer  LIME tabular explainer initialised | features=63
01:02:29  INFO      explainability.lime_explainer  LIME tabular explainer initialised | features=63
01:02:29  INFO      explainability.lime_explainer  LIME tabular explainer initialised | features=63
01:02:30  INFO      explainability.lime_explainer  LIME tabular explainer initialised | features=63
01:02:30  INFO      explainability.lime_explainer  LIME tabular explainer initialised | features=63
01:02:30  INFO      explainability.lime_explainer  LIME tabular explainer initialised | features=63
01:02:30  INFO      explainability.lime_explainer  LIME tabular explainer initialised | features=63
01:02:31  INFO      explainability.lime_explainer  LIME tabular explainer initialised | features=63
01:02:31  INFO      explainability.lime_explainer  LIME tabular explainer initialised | features=63
01:02:31  INFO      explainability.lime_explainer  LIME tabular explainer initialised | features=63
01:02:32  INFO      explainability.lime_explainer  LIME tabular explainer initialised | features=63
01:02:32  INFO      explainability.lime_explainer  LIME tabular explainer initialised | features=63
01:02:32  INFO      explainability.lime_explainer  LIME tabular explainer initialised | features=63
01:02:32  INFO      explainability.lime_explainer  LIME tabular explainer initialised | features=63
01:02:33  INFO      explainability.lime_explainer  LIME tabular explainer initialised | features=63
01:02:33  INFO      explainability.lime_explainer  LIME tabular explainer initialised | features=63
01:02:33  INFO      explainability.lime_explainer  LIME tabular explainer initialised | features=63
01:02:34  INFO      explainability.lime_explainer  LIME tabular explainer initialised | features=63
01:02:34  INFO      explainability.lime_explainer  LIME tabular explainer initialised | features=63
01:02:34  INFO      explainability.lime_explainer  LIME tabular explainer initialised | features=63
01:02:35  INFO      explainability.lime_explainer  LIME tabular explainer initialised | features=63
01:02:35  INFO      explainability.lime_explainer  LIME tabular explainer initialised | features=63
01:02:35  INFO      explainability.lime_explainer  LIME tabular explainer initialised | features=63
01:02:35  INFO      explainability.lime_explainer  LIME tabular explainer initialised | features=63
01:02:36  INFO      explainability.lime_explainer  LIME tabular explainer initialised | features=63
01:02:36  INFO      explainability.lime_explainer  LIME tabular explainer initialised | features=63
01:02:36  INFO      explainability.lime_explainer  LIME tabular explainer initialised | features=63
01:02:37  INFO      explainability.lime_explainer  LIME tabular explainer initialised | features=63
01:02:37  INFO      explainability.lime_explainer  LIME tabular explainer initialised | features=63
01:02:37  INFO      explainability.lime_explainer  LIME tabular explainer initialised | features=63
01:02:37  INFO      explainability.lime_explainer  LIME tabular explainer initialised | features=63
01:02:38  INFO      explainability.lime_explainer  LIME tabular explainer initialised | features=63
01:02:38  INFO      explainability.lime_explainer  LIME tabular explainer initialised | features=63
01:02:38  INFO      explainability.lime_explainer  LIME tabular explainer initialised | features=63
01:02:39  INFO      explainability.lime_explainer  LIME tabular explainer initialised | features=63
01:02:39  INFO      explainability.lime_explainer  LIME tabular explainer initialised | features=63
01:02:39  INFO      explainability.lime_explainer  LIME tabular explainer initialised | features=63
01:02:39  INFO      explainability.lime_explainer  LIME tabular explainer initialised | features=63
01:02:40  INFO      explainability.lime_explainer  LIME tabular explainer initialised | features=63
01:02:40  INFO      explainability.lime_explainer  LIME tabular explainer initialised | features=63
01:02:40  INFO      explainability.lime_explainer  LIME tabular explainer initialised | features=63
01:02:41  INFO      explainability.lime_explainer  LIME tabular explainer initialised | features=63
01:02:41  INFO      explainability.lime_explainer  LIME tabular explainer initialised | features=63
01:02:41  INFO      explainability.lime_explainer  LIME tabular explainer initialised | features=63
01:02:42  INFO      explainability.lime_explainer  LIME tabular explainer initialised | features=63
01:02:42  INFO      explainability.lime_explainer  LIME tabular explainer initialised | features=63
01:02:42  INFO      explainability.lime_explainer  LIME tabular explainer initialised | features=63
01:02:43  INFO      pipeline  LaTeX table → /Users/harekrishna/Downloads/credit-default-xai-benchmark/code v1/results/outputs/prosper_temporal/runs/cutoff_2011-01_seed_99/results/table5_explanation_quality.tex
01:02:43  INFO      pipeline  LaTeX table → /Users/harekrishna/Downloads/credit-default-xai-benchmark/code v1/results/outputs/prosper_temporal/runs/cutoff_2011-01_seed_99/results/table4_shap_lime_agreement.tex
01:02:43  INFO      pipeline  ============================================================
01:02:43  INFO      pipeline  STAGE 7: Revision Analyses
01:02:43  INFO      pipeline  ============================================================
01:03:19  INFO      pipeline  Reusing identical OOF pipeline fit.
01:04:28  INFO      pipeline  RUN cutoff_2011-01_seed_99 COMPLETE | champion XGBoost | OOF AUROC 0.6252 | test AUROC 0.6793
01:04:28  INFO      pipeline  ╔══════════════════════════════════════════════╗
01:04:28  INFO      pipeline  ║  Credit Default Prediction with XAI (v3)     ║
01:04:28  INFO      pipeline  ║  Dataset: prosper                            ║
01:04:28  INFO      pipeline  ║  Run: cutoff_2011-07_seed_42                 ║
01:04:28  INFO      pipeline  ╚══════════════════════════════════════════════╝
01:04:28  INFO      pipeline  ============================================================
01:04:28  INFO      pipeline  STAGE 1: Data Loading, Labelling & Partitioning
01:04:28  INFO      pipeline  ============================================================
01:04:28  INFO      data.data_loader  Loading Prosper loans from /Users/harekrishna/Downloads/credit-default-xai-benchmark/code v1/data/prosperLoanData.csv
01:04:30  INFO      data.data_loader  Prosper: 113937 rows, 113066 after LoanKey de-duplication
01:04:30  INFO      data.data_loader  Prosper horizon label (H=12 months, snapshot 2014-03-12): 72067 labelled, 40999 censored, default rate 9.70%
01:04:31  INFO      data.data_loader  Skipping UCI-specific engineered features; required columns not present.
01:04:31  INFO      data.data_loader  Skipping UCI-specific engineered features; required columns not present.
01:04:31  INFO      data.data_loader  Dataset loaded | prosper | train=33775  test=7006 | default rate train=12.65% test=7.51% | 8 nominal, 33 continuous
01:04:31  INFO      pipeline  Imbalance stats (train): {"n_total": 33775, "n_majority": 29501, "n_minority": 4274, "imbalance_ratio": 6.9024, "minority_pct": 12.65}
01:04:31  INFO      visualization.plots  Fig 1 saved → /Users/harekrishna/Downloads/credit-default-xai-benchmark/code v1/results/outputs/prosper_temporal/runs/cutoff_2011-07_seed_42/figures/fig01_class_distribution.pdf
01:04:31  INFO      pipeline  ============================================================
01:04:31  INFO      pipeline  STAGE 2: Imbalance Strategy Ablation (selected on OOF AUROC)
01:04:31  INFO      pipeline  ============================================================
01:04:47  INFO      pipeline  Ablation | SMOTE            | OOF AUROC=0.5932  test AUROC=0.6607
01:05:03  INFO      pipeline  Ablation | BorderlineSMOTE  | OOF AUROC=0.6157  test AUROC=0.6692
01:06:38  INFO      pipeline  Ablation | SVMSMOTE         | OOF AUROC=0.6016  test AUROC=0.6795
01:06:53  INFO      pipeline  Ablation | ADASYN           | OOF AUROC=0.5864  test AUROC=0.6696
01:06:57  INFO      pipeline  Ablation | None             | OOF AUROC=0.5941  test AUROC=0.6674
01:06:59  INFO      pipeline  Ablation | ClassWeight      | OOF AUROC=0.5019  test AUROC=0.6006
01:06:59  INFO      pipeline  Best imbalance strategy (OOF AUROC): BorderlineSMOTE → 0.6157 [probe: LightGBM]
01:06:59  INFO      pipeline  ============================================================
01:06:59  INFO      pipeline  STAGE 3: Model Training (training CV selection, OOF predictions, refit)
01:06:59  INFO      pipeline  ============================================================
01:06:59  INFO      pipeline  Training XGBoost …
01:08:00  INFO      pipeline  XGBoost | per-model strategy=ClassWeight | OOF AUROC by strategy={'SMOTE': 0.6016, 'BorderlineSMOTE': 0.6113, 'SVMSMOTE': 0.613, 'ADASYN': 0.6037, 'None': 0.5938, 'ClassWeight': 0.6285}
01:08:00  INFO      pipeline  RandomizedSearchCV | model=XGBoost strategy=ClassWeight n_iter=12
01:08:21  INFO      pipeline  Training LightGBM …
01:08:21  INFO      pipeline  Reusing identical OOF pipeline fit.
01:08:21  INFO      pipeline  Reusing identical OOF pipeline fit.
01:08:21  INFO      pipeline  Reusing identical OOF pipeline fit.
01:08:21  INFO      pipeline  Reusing identical OOF pipeline fit.
01:08:22  INFO      pipeline  Reusing identical OOF pipeline fit.
01:08:22  INFO      pipeline  Reusing identical OOF pipeline fit.
01:08:22  INFO      pipeline  LightGBM | per-model strategy=BorderlineSMOTE | OOF AUROC by strategy={'SMOTE': 0.5932, 'BorderlineSMOTE': 0.6157, 'SVMSMOTE': 0.6016, 'ADASYN': 0.5864, 'None': 0.5941, 'ClassWeight': 0.5019}
01:08:22  INFO      pipeline  RandomizedSearchCV | model=LightGBM strategy=BorderlineSMOTE n_iter=12
01:10:35  INFO      pipeline  Training CatBoost …
01:11:59  INFO      pipeline  CatBoost | per-model strategy=ClassWeight | OOF AUROC by strategy={'SMOTE': 0.6074, 'BorderlineSMOTE': 0.6132, 'SVMSMOTE': 0.6078, 'ADASYN': 0.6026, 'None': 0.6046, 'ClassWeight': 0.6157}
01:11:59  INFO      pipeline  RandomizedSearchCV | model=CatBoost strategy=ClassWeight n_iter=12
01:12:55  INFO      pipeline  Training Random Forest …
01:14:14  INFO      pipeline  Random Forest | per-model strategy=ClassWeight | OOF AUROC by strategy={'SMOTE': 0.5417, 'BorderlineSMOTE': 0.5351, 'SVMSMOTE': 0.5385, 'ADASYN': 0.5353, 'None': 0.5372, 'ClassWeight': 0.5547}
01:14:14  INFO      pipeline  RandomizedSearchCV | model=Random Forest strategy=ClassWeight n_iter=12
01:16:36  INFO      pipeline  Reusing verified legacy final model: Random Forest
01:16:36  INFO      pipeline  Training Logistic Reg. …
01:17:27  INFO      pipeline  Logistic Reg. | per-model strategy=ClassWeight | OOF AUROC by strategy={'SMOTE': 0.5623, 'BorderlineSMOTE': 0.5286, 'SVMSMOTE': 0.5419, 'ADASYN': 0.5553, 'None': 0.542, 'ClassWeight': 0.5861}
01:17:27  INFO      pipeline  RandomizedSearchCV | model=Logistic Reg. strategy=ClassWeight n_iter=12
01:17:35  INFO      pipeline  Reusing verified legacy final model: Logistic Reg.
01:17:35  INFO      pipeline  Training TabNet …
01:17:35  INFO      models.tabnet_model  Apple MPS backend passed smoke test — using GPU acceleration.
01:17:35  INFO      models.tabnet_model  TabNet starting | device=mps  max_epochs=200  patience=15  batch_size=1024  n_train=202
01:17:37  INFO      models.tabnet_model  TabNet trained | device=mps  best_epoch=8  elapsed=2.2s
01:17:38  INFO      models.tabnet_model  Apple MPS backend passed smoke test — using GPU acceleration.
01:17:38  INFO      models.tabnet_model  TabNet starting | device=mps  max_epochs=200  patience=15  batch_size=1024  n_train=13026

epoch 4  | loss: 0.3717  | val_auc: 0.9102  |  0:00:22s
epoch 5  | loss: 0.35896 | val_auc: 0.9133  |  0:00:27s
epoch 6  | loss: 0.34983 | val_auc: 0.914   |  0:00:31s
epoch 7  | loss: 0.34474 | val_auc: 0.91766 |  0:00:35s
epoch 8  | loss: 0.33435 | val_auc: 0.92095 |  0:00:40s
epoch 9  | loss: 0.34398 | val_auc: 0.92005 |  0:00:44s
epoch 10 | loss: 0.32852 | val_auc: 0.92885 |  0:00:48s
epoch 11 | loss: 0.3166  | val_auc: 0.93154 |  0:00:53s
epoch 12 | loss: 0.31255 | val_auc: 0.93546 |  0:00:57s
epoch 13 | loss: 0.30156 | val_auc: 0.93493 |  0:01:01s
epoch 14 | loss: 0.29429 | val_auc: 0.92964 |  0:01:05s
epoch 15 | loss: 0.2962  | val_auc: 0.93385 |  0:01:10s
epoch 16 | loss: 0.2864  | val_auc: 0.93602 |  0:01:14s
epoch 17 | loss: 0.29286 | val_auc: 0.93624 |  0:01:19s
epoch 18 | loss: 0.28797 | val_auc: 0.94074 |  0:01:23s
epoch 19 | loss: 0.27356 | val_auc: 0.93656 |  0:01:28s
epoch 20 | loss: 0.26597 | val_auc: 0.93812 |  0:01:32s
epoch 21 | loss: 0.26038 | val_auc: 0.93592 |  0:01:36s
epoch 22 | loss: 0.25288 | val_auc: 0.9411  |  0:01:40s
epoch 23 | loss: 0.24757 | val_auc: 0.93791 |  0:01:45s
epoch 24 | loss: 0.24063 | val_auc: 0.93827 |  0:01:49s
epoch 25 | loss: 0.2306  | val_auc: 0.94309 |  0:01:53s
epoch 26 | loss: 0.21404 | val_auc: 0.94228 |  0:01:58s
epoch 27 | loss: 0.20664 | val_auc: 0.93885 |  0:02:02s
epoch 28 | loss: 0.20573 | val_auc: 0.94195 |  0:02:06s
epoch 29 | loss: 0.19426 | val_auc: 0.94499 |  0:02:11s
epoch 30 | loss: 0.18715 | val_auc: 0.94469 |  0:02:15s
epoch 31 | loss: 0.17517 | val_auc: 0.94615 |  0:02:19s
epoch 32 | loss: 0.18843 | val_auc: 0.9459  |  0:02:24s
epoch 33 | loss: 0.17777 | val_auc: 0.94447 |  0:02:29s
epoch 34 | loss: 0.16005 | val_auc: 0.94176 |  0:02:33s
epoch 35 | loss: 0.16032 | val_auc: 0.94185 |  0:02:38s
epoch 36 | loss: 0.16391 | val_auc: 0.9438  |  0:02:42s
epoch 37 | loss: 0.14334 | val_auc: 0.94669 |  0:02:46s
epoch 38 | loss: 0.14227 | val_auc: 0.94605 |  0:02:51s
epoch 39 | loss: 0.13255 | val_auc: 0.94571 |  0:02:55s
epoch 40 | loss: 0.1312  | val_auc: 0.94542 |  0:02:59s
epoch 41 | loss: 0.12911 | val_auc: 0.94512 |  0:03:03s
epoch 42 | loss: 0.12254 | val_auc: 0.94556 |  0:03:08s
epoch 43 | loss: 0.11449 | val_auc: 0.94657 |  0:03:12s
epoch 44 | loss: 0.10737 | val_auc: 0.94755 |  0:03:16s
epoch 45 | loss: 0.10536 | val_auc: 0.94417 |  0:03:21s
epoch 46 | loss: 0.10262 | val_auc: 0.94675 |  0:03:25s
epoch 47 | loss: 0.10949 | val_auc: 0.94481 |  0:03:30s
epoch 48 | loss: 0.0958  | val_auc: 0.94461 |  0:03:34s
epoch 49 | loss: 0.08512 | val_auc: 0.94205 |  0:03:39s
epoch 50 | loss: 0.08589 | val_auc: 0.94454 |  0:03:43s
epoch 51 | loss: 0.08286 | val_auc: 0.94475 |  0:03:47s
epoch 52 | loss: 0.07449 | val_auc: 0.94676 |  0:03:52s
epoch 53 | loss: 0.07968 | val_auc: 0.94498 |  0:03:56s
epoch 54 | loss: 0.07944 | val_auc: 0.94568 |  0:04:00s
epoch 55 | loss: 0.07187 | val_auc: 0.94722 |  0:04:05s
epoch 56 | loss: 0.07642 | val_auc: 0.94531 |  0:04:09s
epoch 57 | loss: 0.06526 | val_auc: 0.94602 |  0:04:13s
epoch 58 | loss: 0.06596 | val_auc: 0.94611 |  0:04:17s
epoch 59 | loss: 0.06651 | val_auc: 0.94853 |  0:04:22s
epoch 60 | loss: 0.06307 | val_auc: 0.9457  |  0:04:26s
epoch 61 | loss: 0.05875 | val_auc: 0.94718 |  0:04:31s
epoch 62 | loss: 0.05387 | val_auc: 0.94524 |  0:04:35s
epoch 63 | loss: 0.05464 | val_auc: 0.94481 |  0:04:39s
epoch 64 | loss: 0.05785 | val_auc: 0.94715 |  0:04:44s
epoch 65 | loss: 0.04925 | val_auc: 0.94517 |  0:04:48s
epoch 66 | loss: 0.05298 | val_auc: 0.94368 |  0:04:52s
epoch 67 | loss: 0.05249 | val_auc: 0.94849 |  0:04:57s
epoch 68 | loss: 0.0475  | val_auc: 0.9494  |  0:05:01s
epoch 69 | loss: 0.04804 | val_auc: 0.94398 |  0:05:05s
epoch 70 | loss: 0.04642 | val_auc: 0.94648 |  0:05:10s
epoch 71 | loss: 0.04993 | val_auc: 0.94767 |  0:05:14s
epoch 72 | loss: 0.0474  | val_auc: 0.9462  |  0:05:18s
epoch 73 | loss: 0.04287 | val_auc: 0.9474  |  0:05:22s
epoch 74 | loss: 0.04197 | val_auc: 0.94644 |  0:05:27s
epoch 75 | loss: 0.04018 | val_auc: 0.94648 |  0:05:31s
epoch 76 | loss: 0.0402  | val_auc: 0.94606 |  0:05:36s
epoch 77 | loss: 0.04639 | val_auc: 0.94465 |  0:05:40s
epoch 78 | loss: 0.0395  | val_auc: 0.94413 |  0:05:44s
epoch 79 | loss: 0.04553 | val_auc: 0.94526 |  0:05:48s
epoch 80 | loss: 0.03883 | val_auc: 0.94671 |  0:05:53s
epoch 81 | loss: 0.03318 | val_auc: 0.94696 |  0:05:57s
epoch 82 | loss: 0.03424 | val_auc: 0.94791 |  0:06:02s
epoch 83 | loss: 0.03886 | val_auc: 0.94685 |  0:06:06s

Early stopping occurred at epoch 83 with best_epoch = 68 and best_val_auc = 0.9494
Successfully saved model at /Users/harekrishna/Downloads/credit-default-xai-benchmark/code v1/results/outputs/prosper_temporal/runs/cutoff_2011-01_seed_99/models/tabnet.pkl.zip
epoch 0  | loss: 1.25128 | val_auc: 0.68182 |  0:00:00s
epoch 1  | loss: 1.0442  | val_auc: 0.48182 |  0:00:00s
epoch 2  | loss: 1.02073 | val_auc: 0.72727 |  0:00:00s
epoch 3  | loss: 0.70313 | val_auc: 0.70909 |  0:00:00s
epoch 4  | loss: 0.62978 | val_auc: 0.61818 |  0:00:00s
epoch 5  | loss: 0.59858 | val_auc: 0.71818 |  0:00:00s
epoch 6  | loss: 0.82885 | val_auc: 0.77273 |  0:00:00s
epoch 7  | loss: 0.62722 | val_auc: 0.83636 |  0:00:00s
epoch 8  | loss: 0.36168 | val_auc: 0.88182 |  0:00:00s
epoch 9  | loss: 0.42134 | val_auc: 0.66364 |  0:00:00s
epoch 10 | loss: 0.62503 | val_auc: 0.64545 |  0:00:00s
epoch 11 | loss: 0.41854 | val_auc: 0.66364 |  0:00:01s
epoch 12 | loss: 0.40328 | val_auc: 0.67273 |  0:00:01s
epoch 13 | loss: 0.5923  | val_auc: 0.69091 |  0:00:01s
epoch 14 | loss: 0.41799 | val_auc: 0.71818 |  0:00:01s
epoch 15 | loss: 0.25354 | val_auc: 0.73636 |  0:00:01s
epoch 16 | loss: 0.26363 | val_auc: 0.73636 |  0:00:01s
epoch 17 | loss: 0.34601 | val_auc: 0.76364 |  0:00:01s
epoch 18 | loss: 0.29076 | val_auc: 0.79091 |  0:00:01s
epoch 19 | loss: 0.24113 | val_auc: 0.81818 |  0:00:01s
epoch 20 | loss: 0.32729 | val_auc: 0.79091 |  0:00:01s
epoch 21 | loss: 0.25072 | val_auc: 0.79091 |  0:00:01s
epoch 22 | loss: 0.223   | val_auc: 0.76364 |  0:00:01s
epoch 23 | loss: 0.24072 | val_auc: 0.75455 |  0:00:01s

Early stopping occurred at epoch 23 with best_epoch = 8 and best_val_auc = 0.88182
epoch 0  | loss: 0.96784 | val_auc: 0.74473 |  0:00:01s
epoch 1  | loss: 0.76415 | val_auc: 0.76881 |  0:00:02s
epoch 2  | loss: 0.62444 | val_auc: 0.765   |  0:00:04s
epoch 3  | loss: 0.58648 | val_auc: 0.80183 |  0:00:05s
epoch 4  | loss: 0.54314 | val_auc: 0.825   |  0:00:06s
epoch 5  | loss: 0.49393 | val_auc: 0.82019 |  0:00:07s
epoch 6  | loss: 0.47726 | val_auc: 0.82528 |  0:00:08s
epoch 7  | loss: 0.46173 | val_auc: 0.82738 |  0:00:09s
epoch 8  | loss: 0.45516 | val_auc: 0.82058 |  0:00:10s
epoch 9  | loss: 0.44386 | val_auc: 0.8295  |  0:00:11s
epoch 10 | loss: 0.43454 | val_auc: 0.82453 |  0:00:12s
epoch 11 | loss: 0.42211 | val_auc: 0.8316  |  0:00:13s
epoch 12 | loss: 0.40831 | val_auc: 0.83832 |  0:00:14s
epoch 13 | loss: 0.40103 | val_auc: 0.84761 |  0:00:15s
epoch 14 | loss: 0.38976 | val_auc: 0.84764 |  0:00:16s
epoch 15 | loss: 0.38688 | val_auc: 0.85232 |  0:00:17s
epoch 16 | loss: 0.37747 | val_auc: 0.86659 |  0:00:19s
epoch 17 | loss: 0.37979 | val_auc: 0.86509 |  0:00:20s
epoch 18 | loss: 0.37826 | val_auc: 0.87362 |  0:00:21s
epoch 19 | loss: 0.36612 | val_auc: 0.87544 |  0:00:22s
epoch 20 | loss: 0.36187 | val_auc: 0.87371 |  0:00:23s
epoch 21 | loss: 0.35667 | val_auc: 0.88906 |  0:00:24s
epoch 22 | loss: 0.3462  | val_auc: 0.89204 |  0:00:25s
epoch 23 | loss: 0.3468  | val_auc: 0.8934  |  0:00:26s
epoch 24 | loss: 0.32997 | val_auc: 0.89559 |  0:00:27s
epoch 25 | loss: 0.33265 | val_auc: 0.89418 |  0:00:28s
epoch 26 | loss: 0.32381 | val_auc: 0.90044 |  0:00:29s
epoch 27 | loss: 0.31646 | val_auc: 0.89941 |  0:00:30s
epoch 28 | loss: 0.31241 | val_auc: 0.90655 |  0:00:32s
epoch 29 | loss: 0.29822 | val_auc: 0.9007  |  0:00:33s
epoch 30 | loss: 0.30014 | val_auc: 0.9019  |  0:00:34s
epoch 31 | loss: 0.29788 | val_auc: 0.89453 |  0:00:35s
epoch 32 | loss: 0.29235 | val_auc: 0.90162 |  0:00:36s
epoch 33 | loss: 0.28102 | val_auc: 0.90767 |  0:00:37s
epoch 34 | loss: 0.2783  | val_auc: 0.90764 |  0:00:38s
epoch 35 | loss: 0.27184 | val_auc: 0.90859 |  0:00:39s
epoch 36 | loss: 0.27038 | val_auc: 0.91381 |  0:00:40s01:18:47  INFO      models.tabnet_model  TabNet trained | device=mps  best_epoch=46  elapsed=69.3s
01:18:50  INFO      models.tabnet_model  Apple MPS backend passed smoke test — using GPU acceleration.
01:18:50  INFO      models.tabnet_model  TabNet starting | device=mps  max_epochs=200  patience=15  batch_size=1024  n_train=47062
01:25:20  INFO      models.tabnet_model  TabNet trained | device=mps  best_epoch=84  elapsed=390.0s
01:25:23  INFO      models.tabnet_model  Apple MPS backend passed smoke test — using GPU acceleration.
01:25:23  INFO      models.tabnet_model  TabNet starting | device=mps  max_epochs=200  patience=15  batch_size=1024  n_train=59002

epoch 37 | loss: 0.26024 | val_auc: 0.91306 |  0:00:42s
epoch 38 | loss: 0.2513  | val_auc: 0.90765 |  0:00:43s
epoch 39 | loss: 0.25357 | val_auc: 0.91002 |  0:00:44s
epoch 40 | loss: 0.24407 | val_auc: 0.91381 |  0:00:45s
epoch 41 | loss: 0.24553 | val_auc: 0.91354 |  0:00:46s
epoch 42 | loss: 0.24067 | val_auc: 0.91412 |  0:00:47s
epoch 43 | loss: 0.23636 | val_auc: 0.90926 |  0:00:48s
epoch 44 | loss: 0.22825 | val_auc: 0.9088  |  0:00:49s
epoch 45 | loss: 0.23736 | val_auc: 0.9156  |  0:00:50s
epoch 46 | loss: 0.2259  | val_auc: 0.9176  |  0:00:51s
epoch 47 | loss: 0.22803 | val_auc: 0.91436 |  0:00:52s
epoch 48 | loss: 0.21421 | val_auc: 0.90459 |  0:00:53s
epoch 49 | loss: 0.23112 | val_auc: 0.90964 |  0:00:54s
epoch 50 | loss: 0.22301 | val_auc: 0.90815 |  0:00:56s
epoch 51 | loss: 0.2129  | val_auc: 0.91224 |  0:00:57s
epoch 52 | loss: 0.2135  | val_auc: 0.91053 |  0:00:58s
epoch 53 | loss: 0.20997 | val_auc: 0.90871 |  0:00:59s
epoch 54 | loss: 0.19178 | val_auc: 0.91378 |  0:01:00s
epoch 55 | loss: 0.19385 | val_auc: 0.91245 |  0:01:01s
epoch 56 | loss: 0.19808 | val_auc: 0.91536 |  0:01:03s
epoch 57 | loss: 0.17715 | val_auc: 0.91184 |  0:01:04s
epoch 58 | loss: 0.18767 | val_auc: 0.90892 |  0:01:05s
epoch 59 | loss: 0.17251 | val_auc: 0.91279 |  0:01:06s
epoch 60 | loss: 0.17575 | val_auc: 0.91354 |  0:01:07s
epoch 61 | loss: 0.17394 | val_auc: 0.91256 |  0:01:08s

Early stopping occurred at epoch 61 with best_epoch = 46 and best_val_auc = 0.9176
epoch 0  | loss: 0.77068 | val_auc: 0.69121 |  0:00:04s
epoch 1  | loss: 0.59387 | val_auc: 0.75611 |  0:00:08s
epoch 2  | loss: 0.55715 | val_auc: 0.79005 |  0:00:12s
epoch 3  | loss: 0.53238 | val_auc: 0.80362 |  0:00:15s
epoch 4  | loss: 0.519   | val_auc: 0.81003 |  0:00:19s
epoch 5  | loss: 0.51169 | val_auc: 0.81364 |  0:00:23s
epoch 6  | loss: 0.50773 | val_auc: 0.81429 |  0:00:27s
epoch 7  | loss: 0.48742 | val_auc: 0.84002 |  0:00:31s
epoch 8  | loss: 0.48446 | val_auc: 0.83528 |  0:00:35s
epoch 9  | loss: 0.47293 | val_auc: 0.84826 |  0:00:38s
epoch 10 | loss: 0.46524 | val_auc: 0.85049 |  0:00:42s
epoch 11 | loss: 0.45204 | val_auc: 0.85694 |  0:00:46s
epoch 12 | loss: 0.45218 | val_auc: 0.83241 |  0:00:50s
epoch 13 | loss: 0.4435  | val_auc: 0.86984 |  0:00:54s
epoch 14 | loss: 0.43691 | val_auc: 0.87137 |  0:00:58s
epoch 15 | loss: 0.42992 | val_auc: 0.87082 |  0:01:01s
epoch 16 | loss: 0.41719 | val_auc: 0.87598 |  0:01:05s
epoch 17 | loss: 0.40272 | val_auc: 0.88668 |  0:01:09s
epoch 18 | loss: 0.40083 | val_auc: 0.88447 |  0:01:13s
epoch 19 | loss: 0.4019  | val_auc: 0.87584 |  0:01:17s
epoch 20 | loss: 0.39847 | val_auc: 0.89362 |  0:01:21s
epoch 21 | loss: 0.37398 | val_auc: 0.88914 |  0:01:25s
epoch 22 | loss: 0.37349 | val_auc: 0.88969 |  0:01:29s
epoch 23 | loss: 0.3829  | val_auc: 0.86651 |  0:01:32s
epoch 24 | loss: 0.39832 | val_auc: 0.89243 |  0:01:36s
epoch 25 | loss: 0.36365 | val_auc: 0.89601 |  0:01:40s
epoch 26 | loss: 0.34645 | val_auc: 0.89282 |  0:01:44s
epoch 27 | loss: 0.33066 | val_auc: 0.89679 |  0:01:48s
epoch 28 | loss: 0.32129 | val_auc: 0.90661 |  0:01:52s
epoch 29 | loss: 0.29896 | val_auc: 0.90883 |  0:01:56s
epoch 30 | loss: 0.28812 | val_auc: 0.91518 |  0:01:59s
epoch 31 | loss: 0.27651 | val_auc: 0.91178 |  0:02:03s
epoch 32 | loss: 0.262   | val_auc: 0.91876 |  0:02:07s
epoch 33 | loss: 0.2545  | val_auc: 0.91936 |  0:02:11s
epoch 34 | loss: 0.24413 | val_auc: 0.91833 |  0:02:15s
epoch 35 | loss: 0.22748 | val_auc: 0.92516 |  0:02:18s
epoch 36 | loss: 0.22122 | val_auc: 0.92391 |  0:02:22s
epoch 37 | loss: 0.2143  | val_auc: 0.9222  |  0:02:26s
epoch 38 | loss: 0.21468 | val_auc: 0.92242 |  0:02:30s
epoch 39 | loss: 0.20219 | val_auc: 0.92516 |  0:02:34s
epoch 40 | loss: 0.19168 | val_auc: 0.92567 |  0:02:38s
epoch 41 | loss: 0.18787 | val_auc: 0.92637 |  0:02:42s
epoch 42 | loss: 0.174   | val_auc: 0.92636 |  0:02:46s
epoch 43 | loss: 0.16271 | val_auc: 0.93069 |  0:02:50s
epoch 44 | loss: 0.14756 | val_auc: 0.92833 |  0:02:54s
epoch 45 | loss: 0.14328 | val_auc: 0.92707 |  0:02:57s
epoch 46 | loss: 0.13979 | val_auc: 0.93124 |  0:03:01s
epoch 47 | loss: 0.13742 | val_auc: 0.9284  |  0:03:05s
epoch 48 | loss: 0.13332 | val_auc: 0.93273 |  0:03:09s
epoch 49 | loss: 0.12476 | val_auc: 0.93498 |  0:03:13s
epoch 50 | loss: 0.11474 | val_auc: 0.93554 |  0:03:17s
epoch 51 | loss: 0.11551 | val_auc: 0.93422 |  0:03:21s
epoch 52 | loss: 0.11501 | val_auc: 0.93257 |  0:03:25s
epoch 53 | loss: 0.1093  | val_auc: 0.93646 |  0:03:28s
epoch 54 | loss: 0.10504 | val_auc: 0.93327 |  0:03:32s
epoch 55 | loss: 0.09636 | val_auc: 0.93701 |  0:03:36s
epoch 56 | loss: 0.09403 | val_auc: 0.93943 |  0:03:40s
epoch 57 | loss: 0.08848 | val_auc: 0.93488 |  0:03:44s
epoch 58 | loss: 0.08687 | val_auc: 0.93902 |  0:03:48s
epoch 59 | loss: 0.08985 | val_auc: 0.9381  |  0:03:52s
epoch 60 | loss: 0.09038 | val_auc: 0.93636 |  0:03:55s
epoch 61 | loss: 0.08098 | val_auc: 0.93802 |  0:03:59s
epoch 62 | loss: 0.0729  | val_auc: 0.94063 |  0:04:03s
epoch 63 | loss: 0.07532 | val_auc: 0.94252 |  0:04:07s
epoch 64 | loss: 0.06928 | val_auc: 0.93872 |  0:04:11s
epoch 65 | loss: 0.07054 | val_auc: 0.94135 |  0:04:15s
epoch 66 | loss: 0.07127 | val_auc: 0.94232 |  0:04:18s
epoch 67 | loss: 0.06973 | val_auc: 0.94161 |  0:04:22s
epoch 68 | loss: 0.06158 | val_auc: 0.94293 |  0:04:26s
epoch 69 | loss: 0.06109 | val_auc: 0.93926 |  0:04:30s
epoch 70 | loss: 0.06109 | val_auc: 0.94176 |  0:04:34s
epoch 71 | loss: 0.06465 | val_auc: 0.93824 |  0:04:38s
epoch 72 | loss: 0.06063 | val_auc: 0.94208 |  0:04:42s
epoch 73 | loss: 0.05349 | val_auc: 0.94204 |  0:04:46s
epoch 74 | loss: 0.05341 | val_auc: 0.93895 |  0:04:49s
epoch 75 | loss: 0.05471 | val_auc: 0.93853 |  0:04:53s
epoch 76 | loss: 0.05166 | val_auc: 0.94367 |  0:04:57s
epoch 77 | loss: 0.05089 | val_auc: 0.94134 |  0:05:01s
epoch 78 | loss: 0.05581 | val_auc: 0.94161 |  0:05:05s
epoch 79 | loss: 0.04828 | val_auc: 0.94263 |  0:05:09s
epoch 80 | loss: 0.04727 | val_auc: 0.94156 |  0:05:12s
epoch 81 | loss: 0.0446  | val_auc: 0.94113 |  0:05:16s
epoch 82 | loss: 0.04865 | val_auc: 0.94351 |  0:05:21s
epoch 83 | loss: 0.04743 | val_auc: 0.94516 |  0:05:24s
epoch 84 | loss: 0.04509 | val_auc: 0.94584 |  0:05:28s
epoch 85 | loss: 0.04106 | val_auc: 0.94411 |  0:05:32s
epoch 86 | loss: 0.04323 | val_auc: 0.94434 |  0:05:36s
epoch 87 | loss: 0.04171 | val_auc: 0.94466 |  0:05:40s
epoch 88 | loss: 0.04035 | val_auc: 0.9431  |  0:05:43s
epoch 89 | loss: 0.04185 | val_auc: 0.94263 |  0:05:47s
epoch 90 | loss: 0.03982 | val_auc: 0.9431  |  0:05:51s
epoch 91 | loss: 0.03948 | val_auc: 0.94149 |  0:05:55s
epoch 92 | loss: 0.03801 | val_auc: 0.94309 |  0:05:59s
epoch 93 | loss: 0.04078 | val_auc: 0.94179 |  0:06:03s
epoch 94 | loss: 0.03768 | val_auc: 0.93996 |  0:06:07s
epoch 95 | loss: 0.03646 | val_auc: 0.94514 |  0:06:11s
epoch 96 | loss: 0.03862 | val_auc: 0.94296 |  0:06:14s
epoch 97 | loss: 0.03632 | val_auc: 0.94357 |  0:06:18s
epoch 98 | loss: 0.03262 | val_auc: 0.94485 |  0:06:23s
epoch 99 | loss: 0.03505 | val_auc: 0.94301 |  0:06:27s

Early stopping occurred at epoch 99 with best_epoch = 84 and best_val_auc = 0.94584
epoch 0  | loss: 0.74246 | val_auc: 0.74683 |  0:00:05s
epoch 1  | loss: 0.57155 | val_auc: 0.78342 |  0:00:10s
epoch 2  | loss: 0.53412 | val_auc: 0.81204 |  0:00:14s
epoch 3  | loss: 0.50772 | val_auc: 0.83224 |  0:00:19s
epoch 4  | loss: 0.4912  | val_auc: 0.84273 |  0:00:24s
epoch 5  | loss: 0.48111 | val_auc: 0.84662 |  0:00:29s
epoch 6  | loss: 0.47155 | val_auc: 0.84432 |  0:00:33s
epoch 7  | loss: 0.4676  | val_auc: 0.85333 |  0:00:38s
epoch 8  | loss: 0.48051 | val_auc: 0.84206 |  0:00:43s
epoch 9  | loss: 0.46989 | val_auc: 0.86281 |  0:00:48s
epoch 10 | loss: 0.45485 | val_auc: 0.87156 |  0:00:53s
epoch 11 | loss: 0.44055 | val_auc: 0.8747  |  0:00:58s
epoch 12 | loss: 0.42769 | val_auc: 0.88398 |  0:01:02s
epoch 13 | loss: 0.41583 | val_auc: 0.88797 |  0:01:07s
epoch 14 | loss: 0.4017  | val_auc: 0.89255 |  0:01:12s
epoch 15 | loss: 0.3913  | val_auc: 0.89782 |  0:01:17s
epoch 16 | loss: 0.38893 | val_auc: 0.89098 |  0:01:21s
epoch 17 | loss: 0.40582 | val_auc: 0.89506 |  0:01:26s
epoch 18 | loss: 0.38223 | val_auc: 0.8944  |  0:01:31s01:33:10  INFO      models.tabnet_model  TabNet trained | device=mps  best_epoch=80  elapsed=466.2s
01:33:10  INFO      models.tabnet_model  TabNet model saved to /Users/harekrishna/Downloads/credit-default-xai-benchmark/code v1/results/outputs/prosper_temporal/runs/cutoff_2011-07_seed_42/models/tabnet.pkl
01:33:10  INFO      pipeline  ============================================================
01:33:10  INFO      pipeline  STAGE 4: Evaluation (selection on OOF; held-out test reporting)
01:33:10  INFO      pipeline  ============================================================
01:33:10  INFO      pipeline  XGBoost | OOF AUROC=0.6298  f1*=0.2425 @ t=0.37 | test AUROC=0.6778  F1=0.2035  MCC=0.1306
01:33:11  INFO      pipeline  LightGBM | OOF AUROC=0.6230  f1*=0.2402 @ t=0.12 | test AUROC=0.6482  F1=0.2086  MCC=0.1324
01:33:11  INFO      pipeline  CatBoost | OOF AUROC=0.6254  f1*=0.2453 @ t=0.30 | test AUROC=0.6719  F1=0.1863  MCC=0.1224
01:33:11  INFO      pipeline  Random Forest | OOF AUROC=0.5835  f1*=0.2248 @ t=0.26 | test AUROC=0.6490  F1=0.1931  MCC=0.1180
01:33:12  INFO      pipeline  Logistic Reg. | OOF AUROC=0.6111  f1*=0.2391 @ t=0.41 | test AUROC=0.6655  F1=0.1975  MCC=0.1175
01:33:12  INFO      pipeline  TabNet | OOF AUROC=0.5966  f1*=0.2378 @ t=0.11 | test AUROC=0.6069  F1=0.1453  MCC=0.0647
01:33:12  INFO      pipeline  LaTeX table → /Users/harekrishna/Downloads/credit-default-xai-benchmark/code v1/results/outputs/prosper_temporal/runs/cutoff_2011-07_seed_42/results/table2_test_metrics.tex
01:33:12  INFO      pipeline  
                AUROC   AUPRC      F1  Precision  Recall  Specificity  G-Mean     MCC   Brier
Model                                                                                        
XGBoost        0.6778  0.1472  0.2035     0.1263  0.5228       0.7065  0.6077  0.1306  0.1268
LightGBM       0.6482  0.1313  0.2086     0.1359  0.4487       0.7684  0.5871  0.1324  0.0685
CatBoost       0.6719  0.1505  0.1863     0.1070  0.7205       0.5117  0.6072  0.1224  0.1263
Random Forest  0.6490  0.1324  0.1931     0.1168  0.5551       0.6594  0.6050  0.1180  0.0933
Logistic Reg.  0.6655  0.1370  0.1975     0.1269  0.4449       0.7515  0.5782  0.1175  0.1386
TabNet         0.6069  0.1064  0.1453     0.1252  0.1730       0.9019  0.3950  0.0647  0.1105
01:33:13  INFO      visualization.plots  Fig 2 saved → /Users/harekrishna/Downloads/credit-default-xai-benchmark/code v1/results/outputs/prosper_temporal/runs/cutoff_2011-07_seed_42/figures/fig02_roc_curves.pdf
01:33:13  INFO      visualization.plots  Fig 3 saved → /Users/harekrishna/Downloads/credit-default-xai-benchmark/code v1/results/outputs/prosper_temporal/runs/cutoff_2011-07_seed_42/figures/fig03_pr_curves.pdf
01:33:13  INFO      visualization.plots  Fig 4 saved → /Users/harekrishna/Downloads/credit-default-xai-benchmark/code v1/results/outputs/prosper_temporal/runs/cutoff_2011-07_seed_42/figures/fig04_confusion_xgboost.pdf
01:44:33  INFO      pipeline  ============================================================
01:44:33  INFO      pipeline  STAGE 5: SHAP Explanations
01:44:33  INFO      pipeline  ============================================================
01:44:33  INFO      explainability.shap_explainer  SHAP TreeExplainer initialised | output_space=log_odds
01:44:33  INFO      explainability.shap_explainer  SHAP values computed | shape=(2000, 63)
01:44:33  INFO      explainability.shap_explainer  SHAP additivity check | MAE=0.00000 | PASS ✓
01:44:34  INFO      explainability.shap_explainer  Saved SHAP summary → /Users/harekrishna/Downloads/credit-default-xai-benchmark/code v1/results/outputs/prosper_temporal/runs/cutoff_2011-07_seed_42/figures/fig05a_shap_summary_XGBoost.pdf
01:44:34  INFO      explainability.shap_explainer  Saved SHAP bar → /Users/harekrishna/Downloads/credit-default-xai-benchmark/code v1/results/outputs/prosper_temporal/runs/cutoff_2011-07_seed_42/figures/fig05b_shap_bar_XGBoost.pdf
01:44:34  INFO      explainability.shap_explainer  Saved SHAP dependence → /Users/harekrishna/Downloads/credit-default-xai-benchmark/code v1/results/outputs/prosper_temporal/runs/cutoff_2011-07_seed_42/figures/fig06_shap_dep_CreditScoreRangeLower.pdf
01:44:34  INFO      pipeline  LaTeX table → /Users/harekrishna/Downloads/credit-default-xai-benchmark/code v1/results/outputs/prosper_temporal/runs/cutoff_2011-07_seed_42/results/table3_shap_ranking.tex
01:44:35  INFO      visualization.plots  Fig 8 saved → /Users/harekrishna/Downloads/credit-default-xai-benchmark/code v1/results/outputs/prosper_temporal/runs/cutoff_2011-07_seed_42/figures/fig08_importance_comparison.pdf
01:44:36  INFO      visualization.plots  Fig 9 saved → /Users/harekrishna/Downloads/credit-default-xai-benchmark/code v1/results/outputs/prosper_temporal/runs/cutoff_2011-07_seed_42/figures/fig09_threshold_sweep.pdf
01:44:36  INFO      pipeline  ============================================================
01:44:36  INFO      pipeline  STAGE 6: LIME Explanations
01:44:36  INFO      pipeline  ============================================================
01:44:36  INFO      explainability.lime_explainer  LIME tabular explainer initialised | features=63
01:44:36  INFO      pipeline  Local instances selected: {'TP': 2538, 'FP': 4615, 'FN': 816, 'TN': 4183}
01:44:36  INFO      explainability.lime_explainer  Saved LIME explanation → /Users/harekrishna/Downloads/credit-default-xai-benchmark/code v1/results/outputs/prosper_temporal/runs/cutoff_2011-07_seed_42/figures/fig07_tp_lime.pdf
01:44:36  INFO      explainability.lime_explainer  Saved LIME explanation → /Users/harekrishna/Downloads/credit-default-xai-benchmark/code v1/results/outputs/prosper_temporal/runs/cutoff_2011-07_seed_42/figures/fig07_fp_lime.pdf
01:44:37  INFO      explainability.lime_explainer  Saved LIME explanation → /Users/harekrishna/Downloads/credit-default-xai-benchmark/code v1/results/outputs/prosper_temporal/runs/cutoff_2011-07_seed_42/figures/fig07_fn_lime.pdf
01:44:37  INFO      explainability.lime_explainer  Saved LIME explanation → /Users/harekrishna/Downloads/credit-default-xai-benchmark/code v1/results/outputs/prosper_temporal/runs/cutoff_2011-07_seed_42/figures/fig07_tn_lime.pdf
01:44:37  INFO      explainability.lime_explainer  Saved LIME multi-instance grid → /Users/harekrishna/Downloads/credit-default-xai-benchmark/code v1/results/outputs/prosper_temporal/runs/cutoff_2011-07_seed_42/figures/fig07_lime_multi_instance.pdf
01:44:41  INFO      explainability.lime_explainer  LIME batch complete | n=200
01:44:41  INFO      explainability.lime_explainer  SHAP–LIME agreement | mean ρ=0.407 ± 0.245
01:44:42  INFO      explainability.lime_explainer  LIME tabular explainer initialised | features=63
01:44:42  INFO      explainability.lime_explainer  LIME tabular explainer initialised | features=63
01:44:42  INFO      explainability.lime_explainer  LIME tabular explainer initialised | features=63
01:44:43  INFO      explainability.lime_explainer  LIME tabular explainer initialised | features=63
01:44:43  INFO      explainability.lime_explainer  LIME tabular explainer initialised | features=63
01:44:43  INFO      explainability.lime_explainer  LIME tabular explainer initialised | features=63
01:44:43  INFO      explainability.lime_explainer  LIME tabular explainer initialised | features=63
01:44:44  INFO      explainability.lime_explainer  LIME tabular explainer initialised | features=63
01:44:44  INFO      explainability.lime_explainer  LIME tabular explainer initialised | features=63
01:44:44  INFO      explainability.lime_explainer  LIME tabular explainer initialised | features=63
01:44:45  INFO      explainability.lime_explainer  LIME tabular explainer initialised | features=63
01:44:45  INFO      explainability.lime_explainer  LIME tabular explainer initialised | features=63
01:44:45  INFO      explainability.lime_explainer  LIME tabular explainer initialised | features=63
01:44:46  INFO      explainability.lime_explainer  LIME tabular explainer initialised | features=63
01:44:46  INFO      explainability.lime_explainer  LIME tabular explainer initialised | features=63
01:44:46  INFO      explainability.lime_explainer  LIME tabular explainer initialised | features=63
01:44:47  INFO      explainability.lime_explainer  LIME tabular explainer initialised | features=63
01:44:47  INFO      explainability.lime_explainer  LIME tabular explainer initialised | features=63
01:44:47  INFO      explainability.lime_explainer  LIME tabular explainer initialised | features=63
01:44:48  INFO      explainability.lime_explainer  LIME tabular explainer initialised | features=63
01:44:48  INFO      explainability.lime_explainer  LIME tabular explainer initialised | features=63
01:44:48  INFO      explainability.lime_explainer  LIME tabular explainer initialised | features=63
01:44:49  INFO      explainability.lime_explainer  LIME tabular explainer initialised | features=63
01:44:49  INFO      explainability.lime_explainer  LIME tabular explainer initialised | features=63
01:44:49  INFO      explainability.lime_explainer  LIME tabular explainer initialised | features=63
01:44:49  INFO      explainability.lime_explainer  LIME tabular explainer initialised | features=63
01:44:50  INFO      explainability.lime_explainer  LIME tabular explainer initialised | features=63
01:44:50  INFO      explainability.lime_explainer  LIME tabular explainer initialised | features=63
01:44:50  INFO      explainability.lime_explainer  LIME tabular explainer initialised | features=63
01:44:51  INFO      explainability.lime_explainer  LIME tabular explainer initialised | features=63
01:44:51  INFO      explainability.lime_explainer  LIME tabular explainer initialised | features=63
01:44:51  INFO      explainability.lime_explainer  LIME tabular explainer initialised | features=63
01:44:52  INFO      explainability.lime_explainer  LIME tabular explainer initialised | features=63
01:44:52  INFO      explainability.lime_explainer  LIME tabular explainer initialised | features=63
01:44:52  INFO      explainability.lime_explainer  LIME tabular explainer initialised | features=63
01:44:53  INFO      explainability.lime_explainer  LIME tabular explainer initialised | features=63
01:44:53  INFO      explainability.lime_explainer  LIME tabular explainer initialised | features=63
01:44:53  INFO      explainability.lime_explainer  LIME tabular explainer initialised | features=63
01:44:54  INFO      explainability.lime_explainer  LIME tabular explainer initialised | features=63
01:44:54  INFO      explainability.lime_explainer  LIME tabular explainer initialised | features=63
01:44:54  INFO      explainability.lime_explainer  LIME tabular explainer initialised | features=63
01:44:55  INFO      explainability.lime_explainer  LIME tabular explainer initialised | features=63
01:44:55  INFO      explainability.lime_explainer  LIME tabular explainer initialised | features=63
01:44:55  INFO      explainability.lime_explainer  LIME tabular explainer initialised | features=63
01:44:55  INFO      explainability.lime_explainer  LIME tabular explainer initialised | features=63
01:44:56  INFO      explainability.lime_explainer  LIME tabular explainer initialised | features=63
01:44:56  INFO      explainability.lime_explainer  LIME tabular explainer initialised | features=63
01:44:56  INFO      explainability.lime_explainer  LIME tabular explainer initialised | features=63
01:44:57  INFO      explainability.lime_explainer  LIME tabular explainer initialised | features=63
01:44:57  INFO      explainability.lime_explainer  LIME tabular explainer initialised | features=63
01:44:57  INFO      explainability.lime_explainer  LIME tabular explainer initialised | features=63
01:44:58  INFO      explainability.lime_explainer  LIME tabular explainer initialised | features=63
01:44:58  INFO      explainability.lime_explainer  LIME tabular explainer initialised | features=63
01:44:58  INFO      explainability.lime_explainer  LIME tabular explainer initialised | features=63
01:44:59  INFO      explainability.lime_explainer  LIME tabular explainer initialised | features=63
01:44:59  INFO      explainability.lime_explainer  LIME tabular explainer initialised | features=63
01:44:59  INFO      explainability.lime_explainer  LIME tabular explainer initialised | features=63
01:45:00  INFO      explainability.lime_explainer  LIME tabular explainer initialised | features=63
01:45:00  INFO      explainability.lime_explainer  LIME tabular explainer initialised | features=63
01:45:00  INFO      explainability.lime_explainer  LIME tabular explainer initialised | features=63
01:45:00  INFO      explainability.lime_explainer  LIME tabular explainer initialised | features=63
01:45:01  INFO      explainability.lime_explainer  LIME tabular explainer initialised | features=63
01:45:01  INFO      explainability.lime_explainer  LIME tabular explainer initialised | features=63
01:45:01  INFO      explainability.lime_explainer  LIME tabular explainer initialised | features=63
01:45:02  INFO      explainability.lime_explainer  LIME tabular explainer initialised | features=63
01:45:02  INFO      explainability.lime_explainer  LIME tabular explainer initialised | features=63
01:45:02  INFO      explainability.lime_explainer  LIME tabular explainer initialised | features=63
01:45:03  INFO      explainability.lime_explainer  LIME tabular explainer initialised | features=63
01:45:03  INFO      explainability.lime_explainer  LIME tabular explainer initialised | features=63
01:45:03  INFO      explainability.lime_explainer  LIME tabular explainer initialised | features=63
01:45:04  INFO      explainability.lime_explainer  LIME tabular explainer initialised | features=63
01:45:04  INFO      explainability.lime_explainer  LIME tabular explainer initialised | features=63
01:45:04  INFO      explainability.lime_explainer  LIME tabular explainer initialised | features=63
01:45:05  INFO      explainability.lime_explainer  LIME tabular explainer initialised | features=63
01:45:05  INFO      explainability.lime_explainer  LIME tabular explainer initialised | features=63
01:45:05  INFO      explainability.lime_explainer  LIME tabular explainer initialised | features=63
01:45:06  INFO      explainability.lime_explainer  LIME tabular explainer initialised | features=63
01:45:06  INFO      explainability.lime_explainer  LIME tabular explainer initialised | features=63
01:45:06  INFO      explainability.lime_explainer  LIME tabular explainer initialised | features=63
01:45:06  INFO      explainability.lime_explainer  LIME tabular explainer initialised | features=63
01:45:07  INFO      explainability.lime_explainer  LIME tabular explainer initialised | features=63
01:45:07  INFO      explainability.lime_explainer  LIME tabular explainer initialised | features=63
01:45:07  INFO      explainability.lime_explainer  LIME tabular explainer initialised | features=63
01:45:08  INFO      explainability.lime_explainer  LIME tabular explainer initialised | features=63
01:45:08  INFO      explainability.lime_explainer  LIME tabular explainer initialised | features=63
01:45:08  INFO      explainability.lime_explainer  LIME tabular explainer initialised | features=63
01:45:09  INFO      explainability.lime_explainer  LIME tabular explainer initialised | features=63
01:45:09  INFO      explainability.lime_explainer  LIME tabular explainer initialised | features=63
01:45:09  INFO      explainability.lime_explainer  LIME tabular explainer initialised | features=63
01:45:10  INFO      explainability.lime_explainer  LIME tabular explainer initialised | features=63
01:45:10  INFO      explainability.lime_explainer  LIME tabular explainer initialised | features=63
01:45:11  INFO      explainability.lime_explainer  LIME tabular explainer initialised | features=63
01:45:11  INFO      explainability.lime_explainer  LIME tabular explainer initialised | features=63
01:45:11  INFO      explainability.lime_explainer  LIME tabular explainer initialised | features=63
01:45:11  INFO      explainability.lime_explainer  LIME tabular explainer initialised | features=63
01:45:12  INFO      explainability.lime_explainer  LIME tabular explainer initialised | features=63
01:45:12  INFO      explainability.lime_explainer  LIME tabular explainer initialised | features=63
01:45:12  INFO      explainability.lime_explainer  LIME tabular explainer initialised | features=63
01:45:13  INFO      explainability.lime_explainer  LIME tabular explainer initialised | features=63
01:45:13  INFO      explainability.lime_explainer  LIME tabular explainer initialised | features=63
01:45:13  INFO      explainability.lime_explainer  LIME tabular explainer initialised | features=63
01:45:14  INFO      explainability.lime_explainer  LIME tabular explainer initialised | features=63
01:45:14  INFO      explainability.lime_explainer  LIME tabular explainer initialised | features=63
01:45:14  INFO      explainability.lime_explainer  LIME tabular explainer initialised | features=63
01:45:15  INFO      explainability.lime_explainer  LIME tabular explainer initialised | features=63
01:45:15  INFO      explainability.lime_explainer  LIME tabular explainer initialised | features=63
01:45:15  INFO      explainability.lime_explainer  LIME tabular explainer initialised | features=63
01:45:16  INFO      explainability.lime_explainer  LIME tabular explainer initialised | features=63
01:45:16  INFO      explainability.lime_explainer  LIME tabular explainer initialised | features=63
01:45:16  INFO      explainability.lime_explainer  LIME tabular explainer initialised | features=63
01:45:17  INFO      explainability.lime_explainer  LIME tabular explainer initialised | features=63
01:45:17  INFO      explainability.lime_explainer  LIME tabular explainer initialised | features=63
01:45:17  INFO      explainability.lime_explainer  LIME tabular explainer initialised | features=63
01:45:17  INFO      explainability.lime_explainer  LIME tabular explainer initialised | features=63
01:45:18  INFO      explainability.lime_explainer  LIME tabular explainer initialised | features=63
01:45:18  INFO      explainability.lime_explainer  LIME tabular explainer initialised | features=63
01:45:18  INFO      explainability.lime_explainer  LIME tabular explainer initialised | features=63
01:45:19  INFO      explainability.lime_explainer  LIME tabular explainer initialised | features=63
01:45:19  INFO      explainability.lime_explainer  LIME tabular explainer initialised | features=63
01:45:19  INFO      explainability.lime_explainer  LIME tabular explainer initialised | features=63
01:45:20  INFO      explainability.lime_explainer  LIME tabular explainer initialised | features=63
01:45:20  INFO      explainability.lime_explainer  LIME tabular explainer initialised | features=63
01:45:20  INFO      explainability.lime_explainer  LIME tabular explainer initialised | features=63
01:45:21  INFO      explainability.lime_explainer  LIME tabular explainer initialised | features=63
01:45:21  INFO      explainability.lime_explainer  LIME tabular explainer initialised | features=63
01:45:21  INFO      explainability.lime_explainer  LIME tabular explainer initialised | features=63
01:45:22  INFO      explainability.lime_explainer  LIME tabular explainer initialised | features=63
01:45:22  INFO      explainability.lime_explainer  LIME tabular explainer initialised | features=63
01:45:22  INFO      explainability.lime_explainer  LIME tabular explainer initialised | features=63
01:45:23  INFO      explainability.lime_explainer  LIME tabular explainer initialised | features=63
01:45:23  INFO      explainability.lime_explainer  LIME tabular explainer initialised | features=63
01:45:23  INFO      explainability.lime_explainer  LIME tabular explainer initialised | features=63
01:45:24  INFO      explainability.lime_explainer  LIME tabular explainer initialised | features=63
01:45:24  INFO      explainability.lime_explainer  LIME tabular explainer initialised | features=63
01:45:24  INFO      explainability.lime_explainer  LIME tabular explainer initialised | features=63
01:45:24  INFO      explainability.lime_explainer  LIME tabular explainer initialised | features=63
01:45:25  INFO      explainability.lime_explainer  LIME tabular explainer initialised | features=63
01:45:25  INFO      explainability.lime_explainer  LIME tabular explainer initialised | features=63
01:45:25  INFO      explainability.lime_explainer  LIME tabular explainer initialised | features=63
01:45:26  INFO      explainability.lime_explainer  LIME tabular explainer initialised | features=63
01:45:26  INFO      explainability.lime_explainer  LIME tabular explainer initialised | features=63
01:45:26  INFO      explainability.lime_explainer  LIME tabular explainer initialised | features=63
01:45:27  INFO      explainability.lime_explainer  LIME tabular explainer initialised | features=63
01:45:27  INFO      explainability.lime_explainer  LIME tabular explainer initialised | features=63
01:45:27  INFO      explainability.lime_explainer  LIME tabular explainer initialised | features=63
01:45:28  INFO      explainability.lime_explainer  LIME tabular explainer initialised | features=63
01:45:28  INFO      explainability.lime_explainer  LIME tabular explainer initialised | features=63
01:45:28  INFO      explainability.lime_explainer  LIME tabular explainer initialised | features=63
01:45:29  INFO      explainability.lime_explainer  LIME tabular explainer initialised | features=63
01:45:29  INFO      explainability.lime_explainer  LIME tabular explainer initialised | features=63
01:45:29  INFO      explainability.lime_explainer  LIME tabular explainer initialised | features=63
01:45:30  INFO      explainability.lime_explainer  LIME tabular explainer initialised | features=63
01:45:30  INFO      explainability.lime_explainer  LIME tabular explainer initialised | features=63
01:45:30  INFO      explainability.lime_explainer  LIME tabular explainer initialised | features=63
01:45:30  INFO      explainability.lime_explainer  LIME tabular explainer initialised | features=63
01:45:31  INFO      explainability.lime_explainer  LIME tabular explainer initialised | features=63
01:45:31  INFO      explainability.lime_explainer  LIME tabular explainer initialised | features=63
01:45:31  INFO      explainability.lime_explainer  LIME tabular explainer initialised | features=63
01:45:32  INFO      explainability.lime_explainer  LIME tabular explainer initialised | features=63
01:45:32  INFO      explainability.lime_explainer  LIME tabular explainer initialised | features=63
01:45:32  INFO      explainability.lime_explainer  LIME tabular explainer initialised | features=63
01:45:33  INFO      explainability.lime_explainer  LIME tabular explainer initialised | features=63
01:45:33  INFO      explainability.lime_explainer  LIME tabular explainer initialised | features=63
01:45:33  INFO      explainability.lime_explainer  LIME tabular explainer initialised | features=63
01:45:34  INFO      explainability.lime_explainer  LIME tabular explainer initialised | features=63
01:45:34  INFO      explainability.lime_explainer  LIME tabular explainer initialised | features=63
01:45:34  INFO      explainability.lime_explainer  LIME tabular explainer initialised | features=63
01:45:35  INFO      explainability.lime_explainer  LIME tabular explainer initialised | features=63
01:45:35  INFO      explainability.lime_explainer  LIME tabular explainer initialised | features=63
01:45:35  INFO      explainability.lime_explainer  LIME tabular explainer initialised | features=63
01:45:36  INFO      explainability.lime_explainer  LIME tabular explainer initialised | features=63
01:45:36  INFO      explainability.lime_explainer  LIME tabular explainer initialised | features=63
01:45:36  INFO      explainability.lime_explainer  LIME tabular explainer initialised | features=63
01:45:37  INFO      explainability.lime_explainer  LIME tabular explainer initialised | features=63
01:45:37  INFO      explainability.lime_explainer  LIME tabular explainer initialised | features=63
01:45:37  INFO      explainability.lime_explainer  LIME tabular explainer initialised | features=63
01:45:37  INFO      explainability.lime_explainer  LIME tabular explainer initialised | features=63
01:45:38  INFO      explainability.lime_explainer  LIME tabular explainer initialised | features=63
01:45:38  INFO      explainability.lime_explainer  LIME tabular explainer initialised | features=63
01:45:38  INFO      explainability.lime_explainer  LIME tabular explainer initialised | features=63
01:45:39  INFO      explainability.lime_explainer  LIME tabular explainer initialised | features=63
01:45:39  INFO      explainability.lime_explainer  LIME tabular explainer initialised | features=63
01:45:39  INFO      explainability.lime_explainer  LIME tabular explainer initialised | features=63
01:45:40  INFO      explainability.lime_explainer  LIME tabular explainer initialised | features=63
01:45:40  INFO      explainability.lime_explainer  LIME tabular explainer initialised | features=63
01:45:40  INFO      explainability.lime_explainer  LIME tabular explainer initialised | features=63
01:45:41  INFO      explainability.lime_explainer  LIME tabular explainer initialised | features=63
01:45:41  INFO      explainability.lime_explainer  LIME tabular explainer initialised | features=63
01:45:41  INFO      explainability.lime_explainer  LIME tabular explainer initialised | features=63
01:45:42  INFO      explainability.lime_explainer  LIME tabular explainer initialised | features=63
01:45:42  INFO      explainability.lime_explainer  LIME tabular explainer initialised | features=63
01:45:42  INFO      explainability.lime_explainer  LIME tabular explainer initialised | features=63
01:45:43  INFO      explainability.lime_explainer  LIME tabular explainer initialised | features=63
01:45:43  INFO      explainability.lime_explainer  LIME tabular explainer initialised | features=63
01:45:43  INFO      explainability.lime_explainer  LIME tabular explainer initialised | features=63
01:45:43  INFO      explainability.lime_explainer  LIME tabular explainer initialised | features=63
01:45:44  INFO      explainability.lime_explainer  LIME tabular explainer initialised | features=63
01:45:44  INFO      explainability.lime_explainer  LIME tabular explainer initialised | features=63
01:45:44  INFO      explainability.lime_explainer  LIME tabular explainer initialised | features=63
01:45:45  INFO      explainability.lime_explainer  LIME tabular explainer initialised | features=63
01:45:45  INFO      explainability.lime_explainer  LIME tabular explainer initialised | features=63
01:45:45  INFO      explainability.lime_explainer  LIME tabular explainer initialised | features=63
01:45:46  INFO      explainability.lime_explainer  LIME tabular explainer initialised | features=63
01:45:46  INFO      explainability.lime_explainer  LIME tabular explainer initialised | features=63
01:45:46  INFO      explainability.lime_explainer  LIME tabular explainer initialised | features=63
01:45:47  INFO      explainability.lime_explainer  LIME tabular explainer initialised | features=63
01:45:47  INFO      explainability.lime_explainer  LIME tabular explainer initialised | features=63
01:45:47  INFO      explainability.lime_explainer  LIME tabular explainer initialised | features=63
01:45:48  INFO      explainability.lime_explainer  LIME tabular explainer initialised | features=63
01:45:48  INFO      explainability.lime_explainer  LIME tabular explainer initialised | features=63
01:45:48  INFO      explainability.lime_explainer  LIME tabular explainer initialised | features=63
01:45:49  INFO      explainability.lime_explainer  LIME tabular explainer initialised | features=63
01:45:49  INFO      explainability.lime_explainer  LIME tabular explainer initialised | features=63
01:45:49  INFO      explainability.lime_explainer  LIME tabular explainer initialised | features=63
01:45:49  INFO      explainability.lime_explainer  LIME tabular explainer initialised | features=63
01:45:50  INFO      explainability.lime_explainer  LIME tabular explainer initialised | features=63
01:45:50  INFO      explainability.lime_explainer  LIME tabular explainer initialised | features=63
01:45:50  INFO      explainability.lime_explainer  LIME tabular explainer initialised | features=63
01:45:51  INFO      explainability.lime_explainer  LIME tabular explainer initialised | features=63
01:45:51  INFO      explainability.lime_explainer  LIME tabular explainer initialised | features=63
01:45:51  INFO      explainability.lime_explainer  LIME tabular explainer initialised | features=63
01:45:52  INFO      explainability.lime_explainer  LIME tabular explainer initialised | features=63
01:45:52  INFO      explainability.lime_explainer  LIME tabular explainer initialised | features=63
01:45:52  INFO      explainability.lime_explainer  LIME tabular explainer initialised | features=63
01:45:53  INFO      explainability.lime_explainer  LIME tabular explainer initialised | features=63
01:45:53  INFO      explainability.lime_explainer  LIME tabular explainer initialised | features=63
01:45:53  INFO      explainability.lime_explainer  LIME tabular explainer initialised | features=63
01:45:54  INFO      explainability.lime_explainer  LIME tabular explainer initialised | features=63
01:45:54  INFO      explainability.lime_explainer  LIME tabular explainer initialised | features=63
01:45:54  INFO      explainability.lime_explainer  LIME tabular explainer initialised | features=63
01:45:55  INFO      explainability.lime_explainer  LIME tabular explainer initialised | features=63
01:45:55  INFO      explainability.lime_explainer  LIME tabular explainer initialised | features=63
01:45:55  INFO      explainability.lime_explainer  LIME tabular explainer initialised | features=63
01:45:55  INFO      explainability.lime_explainer  LIME tabular explainer initialised | features=63
01:45:56  INFO      explainability.lime_explainer  LIME tabular explainer initialised | features=63
01:45:56  INFO      explainability.lime_explainer  LIME tabular explainer initialised | features=63
01:45:56  INFO      explainability.lime_explainer  LIME tabular explainer initialised | features=63
01:45:57  INFO      explainability.lime_explainer  LIME tabular explainer initialised | features=63
01:45:57  INFO      explainability.lime_explainer  LIME tabular explainer initialised | features=63
01:45:57  INFO      explainability.lime_explainer  LIME tabular explainer initialised | features=63
01:45:58  INFO      explainability.lime_explainer  LIME tabular explainer initialised | features=63
01:45:58  INFO      explainability.lime_explainer  LIME tabular explainer initialised | features=63
01:45:58  INFO      explainability.lime_explainer  LIME tabular explainer initialised | features=63
01:45:59  INFO      explainability.lime_explainer  LIME tabular explainer initialised | features=63
01:45:59  INFO      explainability.lime_explainer  LIME tabular explainer initialised | features=63
01:45:59  INFO      explainability.lime_explainer  LIME tabular explainer initialised | features=63
01:46:00  INFO      explainability.lime_explainer  LIME tabular explainer initialised | features=63
01:46:00  INFO      explainability.lime_explainer  LIME tabular explainer initialised | features=63
01:46:00  INFO      explainability.lime_explainer  LIME tabular explainer initialised | features=63
01:46:01  INFO      explainability.lime_explainer  LIME tabular explainer initialised | features=63
01:46:01  INFO      explainability.lime_explainer  LIME tabular explainer initialised | features=63
01:46:01  INFO      explainability.lime_explainer  LIME tabular explainer initialised | features=63
01:46:01  INFO      explainability.lime_explainer  LIME tabular explainer initialised | features=63
01:46:02  INFO      explainability.lime_explainer  LIME tabular explainer initialised | features=63
01:46:02  INFO      explainability.lime_explainer  LIME tabular explainer initialised | features=63
01:46:02  INFO      explainability.lime_explainer  LIME tabular explainer initialised | features=63
01:46:03  INFO      explainability.lime_explainer  LIME tabular explainer initialised | features=63
01:46:03  INFO      explainability.lime_explainer  LIME tabular explainer initialised | features=63
01:46:03  INFO      explainability.lime_explainer  LIME tabular explainer initialised | features=63
01:46:04  INFO      explainability.lime_explainer  LIME tabular explainer initialised | features=63
01:46:04  INFO      explainability.lime_explainer  LIME tabular explainer initialised | features=63
01:46:04  INFO      explainability.lime_explainer  LIME tabular explainer initialised | features=63
01:46:05  INFO      explainability.lime_explainer  LIME tabular explainer initialised | features=63
01:46:05  INFO      explainability.lime_explainer  LIME tabular explainer initialised | features=63
01:46:05  INFO      explainability.lime_explainer  LIME tabular explainer initialised | features=63
01:46:06  INFO      explainability.lime_explainer  LIME tabular explainer initialised | features=63
01:46:06  INFO      explainability.lime_explainer  LIME tabular explainer initialised | features=63
01:46:06  INFO      explainability.lime_explainer  LIME tabular explainer initialised | features=63
01:46:07  INFO      explainability.lime_explainer  LIME tabular explainer initialised | features=63
01:46:07  INFO      explainability.lime_explainer  LIME tabular explainer initialised | features=63
01:46:07  INFO      explainability.lime_explainer  LIME tabular explainer initialised | features=63
01:46:08  INFO      explainability.lime_explainer  LIME tabular explainer initialised | features=63
01:46:08  INFO      explainability.lime_explainer  LIME tabular explainer initialised | features=63
01:46:08  INFO      explainability.lime_explainer  LIME tabular explainer initialised | features=63
01:46:08  INFO      explainability.lime_explainer  LIME tabular explainer initialised | features=63
01:46:09  INFO      explainability.lime_explainer  LIME tabular explainer initialised | features=63
01:46:09  INFO      explainability.lime_explainer  LIME tabular explainer initialised | features=63
01:46:09  INFO      explainability.lime_explainer  LIME tabular explainer initialised | features=63
01:46:10  INFO      explainability.lime_explainer  LIME tabular explainer initialised | features=63
01:46:10  INFO      explainability.lime_explainer  LIME tabular explainer initialised | features=63
01:46:11  INFO      explainability.lime_explainer  LIME tabular explainer initialised | features=63
01:46:11  INFO      explainability.lime_explainer  LIME tabular explainer initialised | features=63
01:46:11  INFO      explainability.lime_explainer  LIME tabular explainer initialised | features=63
01:46:11  INFO      explainability.lime_explainer  LIME tabular explainer initialised | features=63
01:46:12  INFO      explainability.lime_explainer  LIME tabular explainer initialised | features=63
01:46:12  INFO      explainability.lime_explainer  LIME tabular explainer initialised | features=63
01:46:12  INFO      explainability.lime_explainer  LIME tabular explainer initialised | features=63
01:46:13  INFO      explainability.lime_explainer  LIME tabular explainer initialised | features=63
01:46:13  INFO      explainability.lime_explainer  LIME tabular explainer initialised | features=63
01:46:13  INFO      explainability.lime_explainer  LIME tabular explainer initialised | features=63
01:46:14  INFO      explainability.lime_explainer  LIME tabular explainer initialised | features=63
01:46:14  INFO      explainability.lime_explainer  LIME tabular explainer initialised | features=63
01:46:14  INFO      explainability.lime_explainer  LIME tabular explainer initialised | features=63
01:46:15  INFO      explainability.lime_explainer  LIME tabular explainer initialised | features=63
01:46:15  INFO      explainability.lime_explainer  LIME tabular explainer initialised | features=63
01:46:15  INFO      explainability.lime_explainer  LIME tabular explainer initialised | features=63
01:46:16  INFO      explainability.lime_explainer  LIME tabular explainer initialised | features=63
01:46:16  INFO      explainability.lime_explainer  LIME tabular explainer initialised | features=63
01:46:16  INFO      explainability.lime_explainer  LIME tabular explainer initialised | features=63
01:46:17  INFO      explainability.lime_explainer  LIME tabular explainer initialised | features=63
01:46:17  INFO      pipeline  LaTeX table → /Users/harekrishna/Downloads/credit-default-xai-benchmark/code v1/results/outputs/prosper_temporal/runs/cutoff_2011-07_seed_42/results/table5_explanation_quality.tex
01:46:17  INFO      pipeline  LaTeX table → /Users/harekrishna/Downloads/credit-default-xai-benchmark/code v1/results/outputs/prosper_temporal/runs/cutoff_2011-07_seed_42/results/table4_shap_lime_agreement.tex
01:46:17  INFO      pipeline  ============================================================
01:46:17  INFO      pipeline  STAGE 7: Revision Analyses
01:46:17  INFO      pipeline  ============================================================
01:48:41  INFO      pipeline  Reusing identical OOF pipeline fit.
01:48:46  INFO      pipeline  RUN cutoff_2011-07_seed_42 COMPLETE | champion XGBoost | OOF AUROC 0.6298 | test AUROC 0.6778
01:48:46  INFO      pipeline  ╔══════════════════════════════════════════════╗
01:48:46  INFO      pipeline  ║  Credit Default Prediction with XAI (v3)     ║
01:48:46  INFO      pipeline  ║  Dataset: prosper                            ║
01:48:46  INFO      pipeline  ║  Run: cutoff_2011-07_seed_99                 ║
01:48:46  INFO      pipeline  ╚══════════════════════════════════════════════╝
01:48:46  INFO      pipeline  ============================================================
01:48:46  INFO      pipeline  STAGE 1: Data Loading, Labelling & Partitioning
01:48:46  INFO      pipeline  ============================================================
01:48:46  INFO      data.data_loader  Loading Prosper loans from /Users/harekrishna/Downloads/credit-default-xai-benchmark/code v1/data/prosperLoanData.csv
01:48:48  INFO      data.data_loader  Prosper: 113937 rows, 113066 after LoanKey de-duplication
01:48:48  INFO      data.data_loader  Prosper horizon label (H=12 months, snapshot 2014-03-12): 72067 labelled, 40999 censored, default rate 9.70%
01:48:48  INFO      data.data_loader  Skipping UCI-specific engineered features; required columns not present.
01:48:48  INFO      data.data_loader  Skipping UCI-specific engineered features; required columns not present.
01:48:48  INFO      data.data_loader  Dataset loaded | prosper | train=33775  test=7006 | default rate train=12.65% test=7.51% | 8 nominal, 33 continuous
01:48:48  INFO      pipeline  Imbalance stats (train): {"n_total": 33775, "n_majority": 29501, "n_minority": 4274, "imbalance_ratio": 6.9024, "minority_pct": 12.65}
01:48:48  INFO      visualization.plots  Fig 1 saved → /Users/harekrishna/Downloads/credit-default-xai-benchmark/code v1/results/outputs/prosper_temporal/runs/cutoff_2011-07_seed_99/figures/fig01_class_distribution.pdf
01:48:48  INFO      pipeline  ============================================================
01:48:48  INFO      pipeline  STAGE 2: Imbalance Strategy Ablation (selected on OOF AUROC)
01:48:48  INFO      pipeline  ============================================================
01:49:02  INFO      pipeline  Ablation | SMOTE            | OOF AUROC=0.5987  test AUROC=0.6603
01:49:19  INFO      pipeline  Ablation | BorderlineSMOTE  | OOF AUROC=0.5917  test AUROC=0.6685
01:50:53  INFO      pipeline  Ablation | SVMSMOTE         | OOF AUROC=0.6018  test AUROC=0.6806
01:51:07  INFO      pipeline  Ablation | ADASYN           | OOF AUROC=0.5856  test AUROC=0.6718
01:51:11  INFO      pipeline  Ablation | None             | OOF AUROC=0.5836  test AUROC=0.6614
01:51:13  INFO      pipeline  Ablation | ClassWeight      | OOF AUROC=0.5024  test AUROC=0.5801
01:51:13  INFO      pipeline  Best imbalance strategy (OOF AUROC): SVMSMOTE → 0.6018 [probe: LightGBM]
01:51:13  INFO      pipeline  ============================================================
01:51:13  INFO      pipeline  STAGE 3: Model Training (training CV selection, OOF predictions, refit)
01:51:13  INFO      pipeline  ============================================================
01:51:13  INFO      pipeline  Training XGBoost …
01:52:13  INFO      pipeline  XGBoost | per-model strategy=ClassWeight | OOF AUROC by strategy={'SMOTE': 0.6063, 'BorderlineSMOTE': 0.6055, 'SVMSMOTE': 0.6179, 'ADASYN': 0.6014, 'None': 0.5981, 'ClassWeight': 0.6274}
01:52:13  INFO      pipeline  RandomizedSearchCV | model=XGBoost strategy=ClassWeight n_iter=12
01:52:34  INFO      pipeline  Training LightGBM …
01:52:34  INFO      pipeline  Reusing identical OOF pipeline fit.
01:52:34  INFO      pipeline  Reusing identical OOF pipeline fit.
01:52:34  INFO      pipeline  Reusing identical OOF pipeline fit.
01:52:34  INFO      pipeline  Reusing identical OOF pipeline fit.
01:52:34  INFO      pipeline  Reusing identical OOF pipeline fit.
01:52:34  INFO      pipeline  Reusing identical OOF pipeline fit.
01:52:35  INFO      pipeline  LightGBM | per-model strategy=SVMSMOTE | OOF AUROC by strategy={'SMOTE': 0.5987, 'BorderlineSMOTE': 0.5917, 'SVMSMOTE': 0.6018, 'ADASYN': 0.5856, 'None': 0.5836, 'ClassWeight': 0.5024}
01:52:35  INFO      pipeline  RandomizedSearchCV | model=LightGBM strategy=SVMSMOTE n_iter=12
02:01:44  INFO      pipeline  Training CatBoost …
02:03:02  INFO      pipeline  CatBoost | per-model strategy=ClassWeight | OOF AUROC by strategy={'SMOTE': 0.6023, 'BorderlineSMOTE': 0.6062, 'SVMSMOTE': 0.6018, 'ADASYN': 0.6046, 'None': 0.6093, 'ClassWeight': 0.6209}
02:03:02  INFO      pipeline  RandomizedSearchCV | model=CatBoost strategy=ClassWeight n_iter=12
02:03:43  INFO      pipeline  Training Random Forest …
02:05:05  INFO      pipeline  Random Forest | per-model strategy=ClassWeight | OOF AUROC by strategy={'SMOTE': 0.5407, 'BorderlineSMOTE': 0.543, 'SVMSMOTE': 0.5435, 'ADASYN': 0.5395, 'None': 0.5449, 'ClassWeight': 0.5525}
02:05:05  INFO      pipeline  RandomizedSearchCV | model=Random Forest strategy=ClassWeight n_iter=12
02:06:35  INFO      pipeline  Training Logistic Reg. …
02:07:27  INFO      pipeline  Logistic Reg. | per-model strategy=ClassWeight | OOF AUROC by strategy={'SMOTE': 0.5592, 'BorderlineSMOTE': 0.5397, 'SVMSMOTE': 0.5373, 'ADASYN': 0.5535, 'None': 0.542, 'ClassWeight': 0.5861}
02:07:27  INFO      pipeline  RandomizedSearchCV | model=Logistic Reg. strategy=ClassWeight n_iter=12
02:07:35  INFO      pipeline  Reusing verified legacy final model: Logistic Reg.
02:07:35  INFO      pipeline  Training TabNet …
02:07:35  INFO      models.tabnet_model  Apple MPS backend passed smoke test — using GPU acceleration.
02:07:35  INFO      models.tabnet_model  TabNet starting | device=mps  max_epochs=200  patience=15  batch_size=1024  n_train=140
02:07:37  INFO      models.tabnet_model  TabNet trained | device=mps  best_epoch=11  elapsed=2.1s
02:07:39  INFO      models.tabnet_model  Apple MPS backend passed smoke test — using GPU acceleration.
02:07:39  INFO      models.tabnet_model  TabNet starting | device=mps  max_epochs=200  patience=15  batch_size=1024  n_train=13026

epoch 19 | loss: 0.36704 | val_auc: 0.90774 |  0:01:36s
epoch 20 | loss: 0.35474 | val_auc: 0.90927 |  0:01:41s
epoch 21 | loss: 0.34396 | val_auc: 0.91224 |  0:01:45s
epoch 22 | loss: 0.33248 | val_auc: 0.90411 |  0:01:50s
epoch 23 | loss: 0.31861 | val_auc: 0.90198 |  0:01:55s
epoch 24 | loss: 0.30684 | val_auc: 0.91459 |  0:02:00s
epoch 25 | loss: 0.28599 | val_auc: 0.92178 |  0:02:05s
epoch 26 | loss: 0.2764  | val_auc: 0.91802 |  0:02:09s
epoch 27 | loss: 0.28283 | val_auc: 0.92813 |  0:02:14s
epoch 28 | loss: 0.25768 | val_auc: 0.92928 |  0:02:19s
epoch 29 | loss: 0.25844 | val_auc: 0.91726 |  0:02:24s
epoch 30 | loss: 0.25768 | val_auc: 0.92534 |  0:02:29s
epoch 31 | loss: 0.25279 | val_auc: 0.93228 |  0:02:34s
epoch 32 | loss: 0.22942 | val_auc: 0.93522 |  0:02:38s
epoch 33 | loss: 0.21016 | val_auc: 0.93206 |  0:02:43s
epoch 34 | loss: 0.20297 | val_auc: 0.93631 |  0:02:48s
epoch 35 | loss: 0.19546 | val_auc: 0.93634 |  0:02:53s
epoch 36 | loss: 0.18325 | val_auc: 0.93666 |  0:02:58s
epoch 37 | loss: 0.17532 | val_auc: 0.93689 |  0:03:03s
epoch 38 | loss: 0.16918 | val_auc: 0.94036 |  0:03:07s
epoch 39 | loss: 0.16404 | val_auc: 0.93964 |  0:03:12s
epoch 40 | loss: 0.15078 | val_auc: 0.93757 |  0:03:17s
epoch 41 | loss: 0.14496 | val_auc: 0.9388  |  0:03:22s
epoch 42 | loss: 0.14343 | val_auc: 0.93378 |  0:03:27s
epoch 43 | loss: 0.16069 | val_auc: 0.93931 |  0:03:31s
epoch 44 | loss: 0.13049 | val_auc: 0.93651 |  0:03:36s
epoch 45 | loss: 0.13165 | val_auc: 0.93582 |  0:03:41s
epoch 46 | loss: 0.11615 | val_auc: 0.93932 |  0:03:46s
epoch 47 | loss: 0.1198  | val_auc: 0.9388  |  0:03:51s
epoch 48 | loss: 0.12132 | val_auc: 0.94166 |  0:03:56s
epoch 49 | loss: 0.10185 | val_auc: 0.94505 |  0:04:00s
epoch 50 | loss: 0.09922 | val_auc: 0.94449 |  0:04:05s
epoch 51 | loss: 0.09786 | val_auc: 0.94368 |  0:04:10s
epoch 52 | loss: 0.09538 | val_auc: 0.94369 |  0:04:15s
epoch 53 | loss: 0.11565 | val_auc: 0.94702 |  0:04:19s
epoch 54 | loss: 0.0926  | val_auc: 0.94552 |  0:04:24s
epoch 55 | loss: 0.08323 | val_auc: 0.94527 |  0:04:29s
epoch 56 | loss: 0.08615 | val_auc: 0.94161 |  0:04:34s
epoch 57 | loss: 0.09102 | val_auc: 0.94864 |  0:04:39s
epoch 58 | loss: 0.07778 | val_auc: 0.94697 |  0:04:43s
epoch 59 | loss: 0.07643 | val_auc: 0.94559 |  0:04:48s
epoch 60 | loss: 0.06957 | val_auc: 0.94526 |  0:04:53s
epoch 61 | loss: 0.07168 | val_auc: 0.94767 |  0:04:58s
epoch 62 | loss: 0.06422 | val_auc: 0.94947 |  0:05:03s
epoch 63 | loss: 0.06477 | val_auc: 0.94719 |  0:05:08s
epoch 64 | loss: 0.062   | val_auc: 0.94909 |  0:05:13s
epoch 65 | loss: 0.06256 | val_auc: 0.93464 |  0:05:18s
epoch 66 | loss: 0.06181 | val_auc: 0.94367 |  0:05:22s
epoch 67 | loss: 0.05675 | val_auc: 0.94486 |  0:05:27s
epoch 68 | loss: 0.05595 | val_auc: 0.94685 |  0:05:32s
epoch 69 | loss: 0.0576  | val_auc: 0.95026 |  0:05:37s
epoch 70 | loss: 0.05783 | val_auc: 0.95041 |  0:05:42s
epoch 71 | loss: 0.05374 | val_auc: 0.95132 |  0:05:47s
epoch 72 | loss: 0.05165 | val_auc: 0.94951 |  0:05:51s
epoch 73 | loss: 0.04909 | val_auc: 0.94711 |  0:05:56s
epoch 74 | loss: 0.04498 | val_auc: 0.95005 |  0:06:01s
epoch 75 | loss: 0.04708 | val_auc: 0.94773 |  0:06:06s
epoch 76 | loss: 0.05233 | val_auc: 0.95046 |  0:06:11s
epoch 77 | loss: 0.04827 | val_auc: 0.94779 |  0:06:15s
epoch 78 | loss: 0.0497  | val_auc: 0.94821 |  0:06:20s
epoch 79 | loss: 0.04404 | val_auc: 0.94962 |  0:06:25s
epoch 80 | loss: 0.04574 | val_auc: 0.95275 |  0:06:30s
epoch 81 | loss: 0.04405 | val_auc: 0.94939 |  0:06:34s
epoch 82 | loss: 0.04385 | val_auc: 0.95082 |  0:06:39s
epoch 83 | loss: 0.04151 | val_auc: 0.95084 |  0:06:44s
epoch 84 | loss: 0.04299 | val_auc: 0.94684 |  0:06:49s
epoch 85 | loss: 0.04749 | val_auc: 0.9495  |  0:06:54s
epoch 86 | loss: 0.0383  | val_auc: 0.94958 |  0:06:59s
epoch 87 | loss: 0.03908 | val_auc: 0.94766 |  0:07:04s
epoch 88 | loss: 0.03785 | val_auc: 0.95238 |  0:07:09s
epoch 89 | loss: 0.03581 | val_auc: 0.95167 |  0:07:13s
epoch 90 | loss: 0.03651 | val_auc: 0.95236 |  0:07:18s
epoch 91 | loss: 0.03677 | val_auc: 0.95258 |  0:07:23s
epoch 92 | loss: 0.03159 | val_auc: 0.9523  |  0:07:28s
epoch 93 | loss: 0.03663 | val_auc: 0.95059 |  0:07:33s
epoch 94 | loss: 0.03562 | val_auc: 0.95206 |  0:07:37s
epoch 95 | loss: 0.03388 | val_auc: 0.9504  |  0:07:42s

Early stopping occurred at epoch 95 with best_epoch = 80 and best_val_auc = 0.95275
Successfully saved model at /Users/harekrishna/Downloads/credit-default-xai-benchmark/code v1/results/outputs/prosper_temporal/runs/cutoff_2011-07_seed_42/models/tabnet.pkl.zip
epoch 0  | loss: 1.80449 | val_auc: 0.525   |  0:00:00s
epoch 1  | loss: 0.73022 | val_auc: 0.575   |  0:00:00s
epoch 2  | loss: 0.67879 | val_auc: 0.625   |  0:00:00s
epoch 3  | loss: 0.80538 | val_auc: 0.7     |  0:00:00s
epoch 4  | loss: 0.79147 | val_auc: 0.325   |  0:00:00s
epoch 5  | loss: 0.55474 | val_auc: 0.55    |  0:00:00s
epoch 6  | loss: 0.6146  | val_auc: 0.5     |  0:00:00s
epoch 7  | loss: 0.73695 | val_auc: 0.5     |  0:00:00s
epoch 8  | loss: 0.70489 | val_auc: 0.5     |  0:00:00s
epoch 9  | loss: 0.45387 | val_auc: 0.675   |  0:00:00s
epoch 10 | loss: 0.42153 | val_auc: 0.95    |  0:00:00s
epoch 11 | loss: 0.49701 | val_auc: 1.0     |  0:00:00s
epoch 12 | loss: 0.286   | val_auc: 1.0     |  0:00:00s
epoch 13 | loss: 0.33256 | val_auc: 1.0     |  0:00:01s
epoch 14 | loss: 0.36458 | val_auc: 1.0     |  0:00:01s
epoch 15 | loss: 0.43608 | val_auc: 1.0     |  0:00:01s
epoch 16 | loss: 0.41174 | val_auc: 1.0     |  0:00:01s
epoch 17 | loss: 0.39964 | val_auc: 1.0     |  0:00:01s
epoch 18 | loss: 0.3721  | val_auc: 1.0     |  0:00:01s
epoch 19 | loss: 0.27328 | val_auc: 1.0     |  0:00:01s
epoch 20 | loss: 0.29276 | val_auc: 1.0     |  0:00:01s
epoch 21 | loss: 0.24473 | val_auc: 1.0     |  0:00:01s
epoch 22 | loss: 0.24171 | val_auc: 1.0     |  0:00:01s
epoch 23 | loss: 0.25476 | val_auc: 1.0     |  0:00:01s
epoch 24 | loss: 0.44774 | val_auc: 1.0     |  0:00:01s
epoch 25 | loss: 0.41596 | val_auc: 1.0     |  0:00:01s
epoch 26 | loss: 0.2979  | val_auc: 1.0     |  0:00:01s

Early stopping occurred at epoch 26 with best_epoch = 11 and best_val_auc = 1.0
epoch 0  | loss: 0.83238 | val_auc: 0.82946 |  0:00:01s
epoch 1  | loss: 0.57157 | val_auc: 0.86207 |  0:00:02s
epoch 2  | loss: 0.53107 | val_auc: 0.85545 |  0:00:03s
epoch 3  | loss: 0.46264 | val_auc: 0.88914 |  0:00:04s
epoch 4  | loss: 0.42611 | val_auc: 0.88934 |  0:00:05s
epoch 5  | loss: 0.41747 | val_auc: 0.89646 |  0:00:06s
epoch 6  | loss: 0.39188 | val_auc: 0.9011  |  0:00:07s
epoch 7  | loss: 0.38369 | val_auc: 0.9005  |  0:00:09s
epoch 8  | loss: 0.37317 | val_auc: 0.90631 |  0:00:10s
epoch 9  | loss: 0.36552 | val_auc: 0.91095 |  0:00:11s
epoch 10 | loss: 0.35425 | val_auc: 0.91046 |  0:00:12s
epoch 11 | loss: 0.34967 | val_auc: 0.91437 |  0:00:13s
epoch 12 | loss: 0.34379 | val_auc: 0.91782 |  0:00:14s
epoch 13 | loss: 0.33214 | val_auc: 0.91261 |  0:00:15s
epoch 14 | loss: 0.32996 | val_auc: 0.91698 |  0:00:16s
epoch 15 | loss: 0.32522 | val_auc: 0.92165 |  0:00:17s
epoch 16 | loss: 0.32327 | val_auc: 0.92402 |  0:00:18s
epoch 17 | loss: 0.32248 | val_auc: 0.92263 |  0:00:19s
epoch 18 | loss: 0.31398 | val_auc: 0.92274 |  0:00:20s
epoch 19 | loss: 0.31558 | val_auc: 0.91932 |  0:00:21s
epoch 20 | loss: 0.32615 | val_auc: 0.91573 |  0:00:23s
epoch 21 | loss: 0.31848 | val_auc: 0.91822 |  0:00:24s
epoch 22 | loss: 0.32486 | val_auc: 0.92124 |  0:00:25s
epoch 23 | loss: 0.3206  | val_auc: 0.91843 |  0:00:26s
epoch 24 | loss: 0.32419 | val_auc: 0.91792 |  0:00:27s
epoch 25 | loss: 0.31189 | val_auc: 0.92752 |  0:00:28s
epoch 26 | loss: 0.30463 | val_auc: 0.92855 |  0:00:29s
epoch 27 | loss: 0.30322 | val_auc: 0.92835 |  0:00:30s
epoch 28 | loss: 0.30213 | val_auc: 0.92796 |  0:00:31s
epoch 29 | loss: 0.30004 | val_auc: 0.93362 |  0:00:33s
epoch 30 | loss: 0.29286 | val_auc: 0.9344  |  0:00:34s
epoch 31 | loss: 0.28937 | val_auc: 0.93457 |  0:00:35s
epoch 32 | loss: 0.28548 | val_auc: 0.93419 |  0:00:36s
epoch 33 | loss: 0.28543 | val_auc: 0.93232 |  0:00:37s
epoch 34 | loss: 0.28323 | val_auc: 0.93327 |  0:00:38s
epoch 35 | loss: 0.28412 | val_auc: 0.93501 |  0:00:39s
epoch 36 | loss: 0.27556 | val_auc: 0.93087 |  0:00:40s02:09:21  INFO      models.tabnet_model  TabNet trained | device=mps  best_epoch=76  elapsed=101.8s
02:09:52  INFO      models.tabnet_model  Apple MPS backend passed smoke test — using GPU acceleration.
02:09:52  INFO      models.tabnet_model  TabNet starting | device=mps  max_epochs=200  patience=15  batch_size=1024  n_train=47062
02:15:18  INFO      models.tabnet_model  TabNet trained | device=mps  best_epoch=67  elapsed=325.3s
02:16:10  INFO      models.tabnet_model  Apple MPS backend passed smoke test — using GPU acceleration.
02:16:10  INFO      models.tabnet_model  TabNet starting | device=mps  max_epochs=200  patience=15  batch_size=1024  n_train=59002

epoch 37 | loss: 0.2764  | val_auc: 0.93239 |  0:00:41s
epoch 38 | loss: 0.28363 | val_auc: 0.93222 |  0:00:42s
epoch 39 | loss: 0.2739  | val_auc: 0.93003 |  0:00:43s
epoch 40 | loss: 0.27373 | val_auc: 0.92993 |  0:00:44s
epoch 41 | loss: 0.27282 | val_auc: 0.93136 |  0:00:46s
epoch 42 | loss: 0.28029 | val_auc: 0.93284 |  0:00:47s
epoch 43 | loss: 0.27097 | val_auc: 0.9305  |  0:00:48s
epoch 44 | loss: 0.2674  | val_auc: 0.93449 |  0:00:49s
epoch 45 | loss: 0.2678  | val_auc: 0.92996 |  0:00:50s
epoch 46 | loss: 0.25761 | val_auc: 0.93499 |  0:00:51s
epoch 47 | loss: 0.25649 | val_auc: 0.93267 |  0:00:52s
epoch 48 | loss: 0.24928 | val_auc: 0.93568 |  0:00:53s
epoch 49 | loss: 0.24324 | val_auc: 0.93649 |  0:00:54s
epoch 50 | loss: 0.24177 | val_auc: 0.93443 |  0:00:55s
epoch 51 | loss: 0.24203 | val_auc: 0.93413 |  0:00:56s
epoch 52 | loss: 0.24674 | val_auc: 0.936   |  0:00:58s
epoch 53 | loss: 0.23554 | val_auc: 0.93303 |  0:00:59s
epoch 54 | loss: 0.23624 | val_auc: 0.93505 |  0:01:00s
epoch 55 | loss: 0.23328 | val_auc: 0.93375 |  0:01:01s
epoch 56 | loss: 0.23052 | val_auc: 0.93131 |  0:01:02s
epoch 57 | loss: 0.2484  | val_auc: 0.93136 |  0:01:03s
epoch 58 | loss: 0.24113 | val_auc: 0.9364  |  0:01:04s
epoch 59 | loss: 0.23766 | val_auc: 0.93485 |  0:01:05s
epoch 60 | loss: 0.22449 | val_auc: 0.93249 |  0:01:06s
epoch 61 | loss: 0.21963 | val_auc: 0.93384 |  0:01:07s
epoch 62 | loss: 0.21778 | val_auc: 0.93696 |  0:01:08s
epoch 63 | loss: 0.21177 | val_auc: 0.93617 |  0:01:09s
epoch 64 | loss: 0.21213 | val_auc: 0.93991 |  0:01:10s
epoch 65 | loss: 0.21286 | val_auc: 0.93232 |  0:01:11s
epoch 66 | loss: 0.21737 | val_auc: 0.93174 |  0:01:13s
epoch 67 | loss: 0.20955 | val_auc: 0.93097 |  0:01:14s
epoch 68 | loss: 0.20784 | val_auc: 0.93454 |  0:01:15s
epoch 69 | loss: 0.20101 | val_auc: 0.93497 |  0:01:16s
epoch 70 | loss: 0.19866 | val_auc: 0.93158 |  0:01:17s
epoch 71 | loss: 0.20199 | val_auc: 0.93265 |  0:01:18s
epoch 72 | loss: 0.19537 | val_auc: 0.93652 |  0:01:19s
epoch 73 | loss: 0.18648 | val_auc: 0.93673 |  0:01:21s
epoch 74 | loss: 0.18022 | val_auc: 0.93845 |  0:01:22s
epoch 75 | loss: 0.17907 | val_auc: 0.93691 |  0:01:23s
epoch 76 | loss: 0.1765  | val_auc: 0.94024 |  0:01:24s
epoch 77 | loss: 0.17583 | val_auc: 0.93674 |  0:01:25s
epoch 78 | loss: 0.18032 | val_auc: 0.93847 |  0:01:26s
epoch 79 | loss: 0.16929 | val_auc: 0.937   |  0:01:28s
epoch 80 | loss: 0.18505 | val_auc: 0.93021 |  0:01:29s
epoch 81 | loss: 0.17612 | val_auc: 0.93593 |  0:01:30s
epoch 82 | loss: 0.17012 | val_auc: 0.93557 |  0:01:31s
epoch 83 | loss: 0.16416 | val_auc: 0.9341  |  0:01:32s
epoch 84 | loss: 0.16045 | val_auc: 0.9367  |  0:01:33s
epoch 85 | loss: 0.15751 | val_auc: 0.93808 |  0:01:34s
epoch 86 | loss: 0.15654 | val_auc: 0.93734 |  0:01:35s
epoch 87 | loss: 0.15529 | val_auc: 0.9356  |  0:01:36s
epoch 88 | loss: 0.14974 | val_auc: 0.93658 |  0:01:37s
epoch 89 | loss: 0.14855 | val_auc: 0.93786 |  0:01:38s
epoch 90 | loss: 0.15092 | val_auc: 0.93708 |  0:01:39s
epoch 91 | loss: 0.1472  | val_auc: 0.93879 |  0:01:40s

Early stopping occurred at epoch 91 with best_epoch = 76 and best_val_auc = 0.94024
epoch 0  | loss: 0.65233 | val_auc: 0.84824 |  0:00:03s
epoch 1  | loss: 0.45642 | val_auc: 0.87691 |  0:00:07s
epoch 2  | loss: 0.43027 | val_auc: 0.88635 |  0:00:11s
epoch 3  | loss: 0.41664 | val_auc: 0.88667 |  0:00:15s
epoch 4  | loss: 0.40629 | val_auc: 0.89525 |  0:00:20s
epoch 5  | loss: 0.39233 | val_auc: 0.89608 |  0:00:24s
epoch 6  | loss: 0.38418 | val_auc: 0.90712 |  0:00:29s
epoch 7  | loss: 0.37144 | val_auc: 0.91192 |  0:00:33s
epoch 8  | loss: 0.36415 | val_auc: 0.91042 |  0:00:37s
epoch 9  | loss: 0.36143 | val_auc: 0.91407 |  0:00:41s
epoch 10 | loss: 0.35458 | val_auc: 0.91893 |  0:00:44s
epoch 11 | loss: 0.34725 | val_auc: 0.91999 |  0:00:48s
epoch 12 | loss: 0.34085 | val_auc: 0.92221 |  0:00:53s
epoch 13 | loss: 0.33381 | val_auc: 0.92262 |  0:00:56s
epoch 14 | loss: 0.33414 | val_auc: 0.92331 |  0:01:00s
epoch 15 | loss: 0.33384 | val_auc: 0.92835 |  0:01:04s
epoch 16 | loss: 0.32176 | val_auc: 0.92249 |  0:01:08s
epoch 17 | loss: 0.31429 | val_auc: 0.92621 |  0:01:12s
epoch 18 | loss: 0.31048 | val_auc: 0.929   |  0:01:16s
epoch 19 | loss: 0.29835 | val_auc: 0.92991 |  0:01:20s
epoch 20 | loss: 0.28865 | val_auc: 0.93293 |  0:01:23s
epoch 21 | loss: 0.2803  | val_auc: 0.93386 |  0:01:27s
epoch 22 | loss: 0.27944 | val_auc: 0.93726 |  0:01:31s
epoch 23 | loss: 0.27088 | val_auc: 0.93597 |  0:01:35s
epoch 24 | loss: 0.26358 | val_auc: 0.93485 |  0:01:39s
epoch 25 | loss: 0.25247 | val_auc: 0.93495 |  0:01:43s
epoch 26 | loss: 0.24571 | val_auc: 0.9342  |  0:01:46s
epoch 27 | loss: 0.24318 | val_auc: 0.93935 |  0:01:50s
epoch 28 | loss: 0.23323 | val_auc: 0.93916 |  0:01:54s
epoch 29 | loss: 0.22161 | val_auc: 0.93452 |  0:01:58s
epoch 30 | loss: 0.21786 | val_auc: 0.93863 |  0:02:01s
epoch 31 | loss: 0.20729 | val_auc: 0.9408  |  0:02:05s
epoch 32 | loss: 0.19718 | val_auc: 0.94051 |  0:02:09s
epoch 33 | loss: 0.18899 | val_auc: 0.94062 |  0:02:13s
epoch 34 | loss: 0.1815  | val_auc: 0.94099 |  0:02:17s
epoch 35 | loss: 0.17574 | val_auc: 0.94154 |  0:02:21s
epoch 36 | loss: 0.17508 | val_auc: 0.94225 |  0:02:25s
epoch 37 | loss: 0.1625  | val_auc: 0.94102 |  0:02:29s
epoch 38 | loss: 0.15266 | val_auc: 0.938   |  0:02:33s
epoch 39 | loss: 0.1491  | val_auc: 0.93988 |  0:02:37s
epoch 40 | loss: 0.14177 | val_auc: 0.94244 |  0:02:40s
epoch 41 | loss: 0.1478  | val_auc: 0.94169 |  0:02:44s
epoch 42 | loss: 0.13787 | val_auc: 0.94212 |  0:02:48s
epoch 43 | loss: 0.12579 | val_auc: 0.94332 |  0:02:52s
epoch 44 | loss: 0.12307 | val_auc: 0.94094 |  0:02:55s
epoch 45 | loss: 0.11921 | val_auc: 0.9438  |  0:02:59s
epoch 46 | loss: 0.11517 | val_auc: 0.94359 |  0:03:03s
epoch 47 | loss: 0.11121 | val_auc: 0.94323 |  0:03:07s
epoch 48 | loss: 0.107   | val_auc: 0.94455 |  0:03:11s
epoch 49 | loss: 0.09672 | val_auc: 0.94443 |  0:03:14s
epoch 50 | loss: 0.09488 | val_auc: 0.94499 |  0:03:18s
epoch 51 | loss: 0.09228 | val_auc: 0.9455  |  0:03:22s
epoch 52 | loss: 0.08509 | val_auc: 0.9447  |  0:03:26s
epoch 53 | loss: 0.09045 | val_auc: 0.94355 |  0:03:30s
epoch 54 | loss: 0.08673 | val_auc: 0.94305 |  0:03:34s
epoch 55 | loss: 0.07564 | val_auc: 0.9419  |  0:03:38s
epoch 56 | loss: 0.07266 | val_auc: 0.94337 |  0:03:42s
epoch 57 | loss: 0.07222 | val_auc: 0.94539 |  0:03:46s
epoch 58 | loss: 0.07247 | val_auc: 0.94208 |  0:03:50s
epoch 59 | loss: 0.07316 | val_auc: 0.94616 |  0:03:53s
epoch 60 | loss: 0.07322 | val_auc: 0.94593 |  0:03:57s
epoch 61 | loss: 0.06588 | val_auc: 0.94396 |  0:04:01s
epoch 62 | loss: 0.06563 | val_auc: 0.94489 |  0:04:05s
epoch 63 | loss: 0.05832 | val_auc: 0.9455  |  0:04:09s
epoch 64 | loss: 0.05753 | val_auc: 0.94791 |  0:04:13s
epoch 65 | loss: 0.05885 | val_auc: 0.94755 |  0:04:16s
epoch 66 | loss: 0.05839 | val_auc: 0.94907 |  0:04:20s
epoch 67 | loss: 0.05274 | val_auc: 0.95016 |  0:04:24s
epoch 68 | loss: 0.05284 | val_auc: 0.94576 |  0:04:28s
epoch 69 | loss: 0.05087 | val_auc: 0.94691 |  0:04:32s
epoch 70 | loss: 0.04858 | val_auc: 0.94542 |  0:04:36s
epoch 71 | loss: 0.05057 | val_auc: 0.94617 |  0:04:40s
epoch 72 | loss: 0.049   | val_auc: 0.94804 |  0:04:43s
epoch 73 | loss: 0.04665 | val_auc: 0.94507 |  0:04:47s
epoch 74 | loss: 0.04211 | val_auc: 0.94817 |  0:04:51s
epoch 75 | loss: 0.04025 | val_auc: 0.94689 |  0:04:55s
epoch 76 | loss: 0.04314 | val_auc: 0.94598 |  0:04:59s
epoch 77 | loss: 0.04183 | val_auc: 0.94709 |  0:05:03s
epoch 78 | loss: 0.04417 | val_auc: 0.94598 |  0:05:06s
epoch 79 | loss: 0.04102 | val_auc: 0.9482  |  0:05:10s
epoch 80 | loss: 0.03984 | val_auc: 0.94515 |  0:05:14s
epoch 81 | loss: 0.04006 | val_auc: 0.94618 |  0:05:18s
epoch 82 | loss: 0.03879 | val_auc: 0.94653 |  0:05:22s

Early stopping occurred at epoch 82 with best_epoch = 67 and best_val_auc = 0.95016
epoch 0  | loss: 0.58816 | val_auc: 0.8708  |  0:00:05s
epoch 1  | loss: 0.42044 | val_auc: 0.88754 |  0:00:09s
epoch 2  | loss: 0.3973  | val_auc: 0.89738 |  0:00:14s
epoch 3  | loss: 0.37642 | val_auc: 0.9113  |  0:00:19s
epoch 4  | loss: 0.36578 | val_auc: 0.91667 |  0:00:23s
epoch 5  | loss: 0.35257 | val_auc: 0.91771 |  0:00:29s02:20:57  INFO      models.tabnet_model  TabNet trained | device=mps  best_epoch=43  elapsed=287.7s
02:20:58  INFO      models.tabnet_model  TabNet model saved to /Users/harekrishna/Downloads/credit-default-xai-benchmark/code v1/results/outputs/prosper_temporal/runs/cutoff_2011-07_seed_99/models/tabnet.pkl
02:20:58  INFO      pipeline  ============================================================
02:20:58  INFO      pipeline  STAGE 4: Evaluation (selection on OOF; held-out test reporting)
02:20:58  INFO      pipeline  ============================================================
02:20:58  INFO      pipeline  XGBoost | OOF AUROC=0.6317  f1*=0.2432 @ t=0.36 | test AUROC=0.6776  F1=0.2155  MCC=0.1488
02:20:58  INFO      pipeline  LightGBM | OOF AUROC=0.6027  f1*=0.2286 @ t=0.07 | test AUROC=0.6792  F1=0.1939  MCC=0.1338
02:20:59  INFO      pipeline  CatBoost | OOF AUROC=0.6342  f1*=0.2460 @ t=0.48 | test AUROC=0.6765  F1=0.2023  MCC=0.1251
02:20:59  INFO      pipeline  Random Forest | OOF AUROC=0.5651  f1*=0.2184 @ t=0.31 | test AUROC=0.6533  F1=0.1921  MCC=0.1172
02:20:59  INFO      pipeline  Logistic Reg. | OOF AUROC=0.6111  f1*=0.2391 @ t=0.41 | test AUROC=0.6655  F1=0.1975  MCC=0.1175
02:21:00  INFO      pipeline  TabNet | OOF AUROC=0.5406  f1*=0.2108 @ t=0.02 | test AUROC=0.5995  F1=0.1547  MCC=0.0589
02:21:00  INFO      pipeline  LaTeX table → /Users/harekrishna/Downloads/credit-default-xai-benchmark/code v1/results/outputs/prosper_temporal/runs/cutoff_2011-07_seed_99/results/table2_test_metrics.tex
02:21:00  INFO      pipeline  
                AUROC   AUPRC      F1  Precision  Recall  Specificity  G-Mean     MCC   Brier
Model                                                                                        
XGBoost        0.6776  0.1436  0.2155     0.1342  0.5456       0.7144  0.6243  0.1488  0.1209
LightGBM       0.6792  0.1417  0.1939     0.1123  0.7072       0.5463  0.6216  0.1338  0.0675
CatBoost       0.6765  0.1423  0.2023     0.1639  0.2643       0.8906  0.4851  0.1251  0.1324
Random Forest  0.6533  0.1309  0.1921     0.1159  0.5627       0.6514  0.6054  0.1172  0.1107
Logistic Reg.  0.6655  0.1370  0.1975     0.1269  0.4449       0.7515  0.5782  0.1175  0.1386
TabNet         0.5995  0.1089  0.1547     0.1056  0.2890       0.8014  0.4812  0.0589  0.0925
02:21:00  INFO      visualization.plots  Fig 2 saved → /Users/harekrishna/Downloads/credit-default-xai-benchmark/code v1/results/outputs/prosper_temporal/runs/cutoff_2011-07_seed_99/figures/fig02_roc_curves.pdf
02:21:00  INFO      visualization.plots  Fig 3 saved → /Users/harekrishna/Downloads/credit-default-xai-benchmark/code v1/results/outputs/prosper_temporal/runs/cutoff_2011-07_seed_99/figures/fig03_pr_curves.pdf
02:21:00  INFO      visualization.plots  Fig 4 saved → /Users/harekrishna/Downloads/credit-default-xai-benchmark/code v1/results/outputs/prosper_temporal/runs/cutoff_2011-07_seed_99/figures/fig04_confusion_catboost.pdf
02:32:18  INFO      pipeline  ============================================================
02:32:18  INFO      pipeline  STAGE 5: SHAP Explanations
02:32:18  INFO      pipeline  ============================================================
02:32:18  INFO      explainability.shap_explainer  SHAP TreeExplainer initialised | output_space=log_odds
02:32:18  INFO      explainability.shap_explainer  SHAP values computed | shape=(2000, 63)
02:32:18  INFO      explainability.shap_explainer  SHAP additivity check | MAE=0.00000 | PASS ✓
02:32:19  INFO      explainability.shap_explainer  Saved SHAP summary → /Users/harekrishna/Downloads/credit-default-xai-benchmark/code v1/results/outputs/prosper_temporal/runs/cutoff_2011-07_seed_99/figures/fig05a_shap_summary_CatBoost.pdf
02:32:19  INFO      explainability.shap_explainer  Saved SHAP bar → /Users/harekrishna/Downloads/credit-default-xai-benchmark/code v1/results/outputs/prosper_temporal/runs/cutoff_2011-07_seed_99/figures/fig05b_shap_bar_CatBoost.pdf
02:32:20  INFO      explainability.shap_explainer  Saved SHAP dependence → /Users/harekrishna/Downloads/credit-default-xai-benchmark/code v1/results/outputs/prosper_temporal/runs/cutoff_2011-07_seed_99/figures/fig06_shap_dep_CreditScoreRangeUpper.pdf
02:32:20  INFO      pipeline  LaTeX table → /Users/harekrishna/Downloads/credit-default-xai-benchmark/code v1/results/outputs/prosper_temporal/runs/cutoff_2011-07_seed_99/results/table3_shap_ranking.tex
02:32:20  INFO      visualization.plots  Fig 8 saved → /Users/harekrishna/Downloads/credit-default-xai-benchmark/code v1/results/outputs/prosper_temporal/runs/cutoff_2011-07_seed_99/figures/fig08_importance_comparison.pdf
02:32:21  INFO      visualization.plots  Fig 9 saved → /Users/harekrishna/Downloads/credit-default-xai-benchmark/code v1/results/outputs/prosper_temporal/runs/cutoff_2011-07_seed_99/figures/fig09_threshold_sweep.pdf
02:32:21  INFO      pipeline  ============================================================
02:32:21  INFO      pipeline  STAGE 6: LIME Explanations
02:32:21  INFO      pipeline  ============================================================
02:32:21  INFO      explainability.lime_explainer  LIME tabular explainer initialised | features=63
02:32:21  INFO      pipeline  Local instances selected: {'TP': 3040, 'FP': 3643, 'FN': 3703, 'TN': 6603}
02:32:21  INFO      explainability.lime_explainer  Saved LIME explanation → /Users/harekrishna/Downloads/credit-default-xai-benchmark/code v1/results/outputs/prosper_temporal/runs/cutoff_2011-07_seed_99/figures/fig07_tp_lime.pdf
02:32:21  INFO      explainability.lime_explainer  Saved LIME explanation → /Users/harekrishna/Downloads/credit-default-xai-benchmark/code v1/results/outputs/prosper_temporal/runs/cutoff_2011-07_seed_99/figures/fig07_fp_lime.pdf
02:32:22  INFO      explainability.lime_explainer  Saved LIME explanation → /Users/harekrishna/Downloads/credit-default-xai-benchmark/code v1/results/outputs/prosper_temporal/runs/cutoff_2011-07_seed_99/figures/fig07_fn_lime.pdf
02:32:22  INFO      explainability.lime_explainer  Saved LIME explanation → /Users/harekrishna/Downloads/credit-default-xai-benchmark/code v1/results/outputs/prosper_temporal/runs/cutoff_2011-07_seed_99/figures/fig07_tn_lime.pdf
02:32:22  INFO      explainability.lime_explainer  Saved LIME multi-instance grid → /Users/harekrishna/Downloads/credit-default-xai-benchmark/code v1/results/outputs/prosper_temporal/runs/cutoff_2011-07_seed_99/figures/fig07_lime_multi_instance.pdf
02:32:26  INFO      explainability.lime_explainer  LIME batch complete | n=200
02:32:26  INFO      explainability.lime_explainer  SHAP–LIME agreement | mean ρ=0.347 ± 0.266
02:32:27  INFO      explainability.lime_explainer  LIME tabular explainer initialised | features=63
02:32:27  INFO      explainability.lime_explainer  LIME tabular explainer initialised | features=63
02:32:27  INFO      explainability.lime_explainer  LIME tabular explainer initialised | features=63
02:32:28  INFO      explainability.lime_explainer  LIME tabular explainer initialised | features=63
02:32:28  INFO      explainability.lime_explainer  LIME tabular explainer initialised | features=63
02:32:28  INFO      explainability.lime_explainer  LIME tabular explainer initialised | features=63
02:32:29  INFO      explainability.lime_explainer  LIME tabular explainer initialised | features=63
02:32:29  INFO      explainability.lime_explainer  LIME tabular explainer initialised | features=63
02:32:29  INFO      explainability.lime_explainer  LIME tabular explainer initialised | features=63
02:32:30  INFO      explainability.lime_explainer  LIME tabular explainer initialised | features=63
02:32:30  INFO      explainability.lime_explainer  LIME tabular explainer initialised | features=63
02:32:30  INFO      explainability.lime_explainer  LIME tabular explainer initialised | features=63
02:32:31  INFO      explainability.lime_explainer  LIME tabular explainer initialised | features=63
02:32:31  INFO      explainability.lime_explainer  LIME tabular explainer initialised | features=63
02:32:31  INFO      explainability.lime_explainer  LIME tabular explainer initialised | features=63
02:32:31  INFO      explainability.lime_explainer  LIME tabular explainer initialised | features=63
02:32:32  INFO      explainability.lime_explainer  LIME tabular explainer initialised | features=63
02:32:32  INFO      explainability.lime_explainer  LIME tabular explainer initialised | features=63
02:32:32  INFO      explainability.lime_explainer  LIME tabular explainer initialised | features=63
02:32:33  INFO      explainability.lime_explainer  LIME tabular explainer initialised | features=63
02:32:33  INFO      explainability.lime_explainer  LIME tabular explainer initialised | features=63
02:32:33  INFO      explainability.lime_explainer  LIME tabular explainer initialised | features=63
02:32:34  INFO      explainability.lime_explainer  LIME tabular explainer initialised | features=63
02:32:34  INFO      explainability.lime_explainer  LIME tabular explainer initialised | features=63
02:32:34  INFO      explainability.lime_explainer  LIME tabular explainer initialised | features=63
02:32:35  INFO      explainability.lime_explainer  LIME tabular explainer initialised | features=63
02:32:35  INFO      explainability.lime_explainer  LIME tabular explainer initialised | features=63
02:32:35  INFO      explainability.lime_explainer  LIME tabular explainer initialised | features=63
02:32:36  INFO      explainability.lime_explainer  LIME tabular explainer initialised | features=63
02:32:36  INFO      explainability.lime_explainer  LIME tabular explainer initialised | features=63
02:32:36  INFO      explainability.lime_explainer  LIME tabular explainer initialised | features=63
02:32:37  INFO      explainability.lime_explainer  LIME tabular explainer initialised | features=63
02:32:37  INFO      explainability.lime_explainer  LIME tabular explainer initialised | features=63
02:32:37  INFO      explainability.lime_explainer  LIME tabular explainer initialised | features=63
02:32:37  INFO      explainability.lime_explainer  LIME tabular explainer initialised | features=63
02:32:38  INFO      explainability.lime_explainer  LIME tabular explainer initialised | features=63
02:32:38  INFO      explainability.lime_explainer  LIME tabular explainer initialised | features=63
02:32:38  INFO      explainability.lime_explainer  LIME tabular explainer initialised | features=63
02:32:39  INFO      explainability.lime_explainer  LIME tabular explainer initialised | features=63
02:32:39  INFO      explainability.lime_explainer  LIME tabular explainer initialised | features=63
02:32:39  INFO      explainability.lime_explainer  LIME tabular explainer initialised | features=63
02:32:40  INFO      explainability.lime_explainer  LIME tabular explainer initialised | features=63
02:32:40  INFO      explainability.lime_explainer  LIME tabular explainer initialised | features=63
02:32:40  INFO      explainability.lime_explainer  LIME tabular explainer initialised | features=63
02:32:41  INFO      explainability.lime_explainer  LIME tabular explainer initialised | features=63
02:32:41  INFO      explainability.lime_explainer  LIME tabular explainer initialised | features=63
02:32:41  INFO      explainability.lime_explainer  LIME tabular explainer initialised | features=63
02:32:42  INFO      explainability.lime_explainer  LIME tabular explainer initialised | features=63
02:32:42  INFO      explainability.lime_explainer  LIME tabular explainer initialised | features=63
02:32:42  INFO      explainability.lime_explainer  LIME tabular explainer initialised | features=63
02:32:43  INFO      explainability.lime_explainer  LIME tabular explainer initialised | features=63
02:32:43  INFO      explainability.lime_explainer  LIME tabular explainer initialised | features=63
02:32:43  INFO      explainability.lime_explainer  LIME tabular explainer initialised | features=63
02:32:43  INFO      explainability.lime_explainer  LIME tabular explainer initialised | features=63
02:32:44  INFO      explainability.lime_explainer  LIME tabular explainer initialised | features=63
02:32:44  INFO      explainability.lime_explainer  LIME tabular explainer initialised | features=63
02:32:44  INFO      explainability.lime_explainer  LIME tabular explainer initialised | features=63
02:32:45  INFO      explainability.lime_explainer  LIME tabular explainer initialised | features=63
02:32:45  INFO      explainability.lime_explainer  LIME tabular explainer initialised | features=63
02:32:45  INFO      explainability.lime_explainer  LIME tabular explainer initialised | features=63
02:32:46  INFO      explainability.lime_explainer  LIME tabular explainer initialised | features=63
02:32:46  INFO      explainability.lime_explainer  LIME tabular explainer initialised | features=63
02:32:46  INFO      explainability.lime_explainer  LIME tabular explainer initialised | features=63
02:32:47  INFO      explainability.lime_explainer  LIME tabular explainer initialised | features=63
02:32:47  INFO      explainability.lime_explainer  LIME tabular explainer initialised | features=63
02:32:47  INFO      explainability.lime_explainer  LIME tabular explainer initialised | features=63
02:32:48  INFO      explainability.lime_explainer  LIME tabular explainer initialised | features=63
02:32:48  INFO      explainability.lime_explainer  LIME tabular explainer initialised | features=63
02:32:48  INFO      explainability.lime_explainer  LIME tabular explainer initialised | features=63
02:32:49  INFO      explainability.lime_explainer  LIME tabular explainer initialised | features=63
02:32:49  INFO      explainability.lime_explainer  LIME tabular explainer initialised | features=63
02:32:49  INFO      explainability.lime_explainer  LIME tabular explainer initialised | features=63
02:32:49  INFO      explainability.lime_explainer  LIME tabular explainer initialised | features=63
02:32:50  INFO      explainability.lime_explainer  LIME tabular explainer initialised | features=63
02:32:50  INFO      explainability.lime_explainer  LIME tabular explainer initialised | features=63
02:32:50  INFO      explainability.lime_explainer  LIME tabular explainer initialised | features=63
02:32:51  INFO      explainability.lime_explainer  LIME tabular explainer initialised | features=63
02:32:51  INFO      explainability.lime_explainer  LIME tabular explainer initialised | features=63
02:32:51  INFO      explainability.lime_explainer  LIME tabular explainer initialised | features=63
02:32:52  INFO      explainability.lime_explainer  LIME tabular explainer initialised | features=63
02:32:52  INFO      explainability.lime_explainer  LIME tabular explainer initialised | features=63
02:32:52  INFO      explainability.lime_explainer  LIME tabular explainer initialised | features=63
02:32:53  INFO      explainability.lime_explainer  LIME tabular explainer initialised | features=63
02:32:53  INFO      explainability.lime_explainer  LIME tabular explainer initialised | features=63
02:32:53  INFO      explainability.lime_explainer  LIME tabular explainer initialised | features=63
02:32:54  INFO      explainability.lime_explainer  LIME tabular explainer initialised | features=63
02:32:54  INFO      explainability.lime_explainer  LIME tabular explainer initialised | features=63
02:32:54  INFO      explainability.lime_explainer  LIME tabular explainer initialised | features=63
02:32:55  INFO      explainability.lime_explainer  LIME tabular explainer initialised | features=63
02:32:55  INFO      explainability.lime_explainer  LIME tabular explainer initialised | features=63
02:32:55  INFO      explainability.lime_explainer  LIME tabular explainer initialised | features=63
02:32:55  INFO      explainability.lime_explainer  LIME tabular explainer initialised | features=63
02:32:56  INFO      explainability.lime_explainer  LIME tabular explainer initialised | features=63
02:32:56  INFO      explainability.lime_explainer  LIME tabular explainer initialised | features=63
02:32:56  INFO      explainability.lime_explainer  LIME tabular explainer initialised | features=63
02:32:57  INFO      explainability.lime_explainer  LIME tabular explainer initialised | features=63
02:32:57  INFO      explainability.lime_explainer  LIME tabular explainer initialised | features=63
02:32:57  INFO      explainability.lime_explainer  LIME tabular explainer initialised | features=63
02:32:58  INFO      explainability.lime_explainer  LIME tabular explainer initialised | features=63
02:32:58  INFO      explainability.lime_explainer  LIME tabular explainer initialised | features=63
02:32:58  INFO      explainability.lime_explainer  LIME tabular explainer initialised | features=63
02:32:59  INFO      explainability.lime_explainer  LIME tabular explainer initialised | features=63
02:32:59  INFO      explainability.lime_explainer  LIME tabular explainer initialised | features=63
02:32:59  INFO      explainability.lime_explainer  LIME tabular explainer initialised | features=63
02:33:00  INFO      explainability.lime_explainer  LIME tabular explainer initialised | features=63
02:33:00  INFO      explainability.lime_explainer  LIME tabular explainer initialised | features=63
02:33:00  INFO      explainability.lime_explainer  LIME tabular explainer initialised | features=63
02:33:01  INFO      explainability.lime_explainer  LIME tabular explainer initialised | features=63
02:33:01  INFO      explainability.lime_explainer  LIME tabular explainer initialised | features=63
02:33:01  INFO      explainability.lime_explainer  LIME tabular explainer initialised | features=63
02:33:01  INFO      explainability.lime_explainer  LIME tabular explainer initialised | features=63
02:33:02  INFO      explainability.lime_explainer  LIME tabular explainer initialised | features=63
02:33:02  INFO      explainability.lime_explainer  LIME tabular explainer initialised | features=63
02:33:02  INFO      explainability.lime_explainer  LIME tabular explainer initialised | features=63
02:33:03  INFO      explainability.lime_explainer  LIME tabular explainer initialised | features=63
02:33:03  INFO      explainability.lime_explainer  LIME tabular explainer initialised | features=63
02:33:03  INFO      explainability.lime_explainer  LIME tabular explainer initialised | features=63
02:33:04  INFO      explainability.lime_explainer  LIME tabular explainer initialised | features=63
02:33:04  INFO      explainability.lime_explainer  LIME tabular explainer initialised | features=63
02:33:04  INFO      explainability.lime_explainer  LIME tabular explainer initialised | features=63
02:33:05  INFO      explainability.lime_explainer  LIME tabular explainer initialised | features=63
02:33:05  INFO      explainability.lime_explainer  LIME tabular explainer initialised | features=63
02:33:05  INFO      explainability.lime_explainer  LIME tabular explainer initialised | features=63
02:33:06  INFO      explainability.lime_explainer  LIME tabular explainer initialised | features=63
02:33:06  INFO      explainability.lime_explainer  LIME tabular explainer initialised | features=63
02:33:06  INFO      explainability.lime_explainer  LIME tabular explainer initialised | features=63
02:33:07  INFO      explainability.lime_explainer  LIME tabular explainer initialised | features=63
02:33:07  INFO      explainability.lime_explainer  LIME tabular explainer initialised | features=63
02:33:07  INFO      explainability.lime_explainer  LIME tabular explainer initialised | features=63
02:33:07  INFO      explainability.lime_explainer  LIME tabular explainer initialised | features=63
02:33:08  INFO      explainability.lime_explainer  LIME tabular explainer initialised | features=63
02:33:08  INFO      explainability.lime_explainer  LIME tabular explainer initialised | features=63
02:33:08  INFO      explainability.lime_explainer  LIME tabular explainer initialised | features=63
02:33:09  INFO      explainability.lime_explainer  LIME tabular explainer initialised | features=63
02:33:09  INFO      explainability.lime_explainer  LIME tabular explainer initialised | features=63
02:33:09  INFO      explainability.lime_explainer  LIME tabular explainer initialised | features=63
02:33:10  INFO      explainability.lime_explainer  LIME tabular explainer initialised | features=63
02:33:10  INFO      explainability.lime_explainer  LIME tabular explainer initialised | features=63
02:33:11  INFO      explainability.lime_explainer  LIME tabular explainer initialised | features=63
02:33:11  INFO      explainability.lime_explainer  LIME tabular explainer initialised | features=63
02:33:11  INFO      explainability.lime_explainer  LIME tabular explainer initialised | features=63
02:33:11  INFO      explainability.lime_explainer  LIME tabular explainer initialised | features=63
02:33:12  INFO      explainability.lime_explainer  LIME tabular explainer initialised | features=63
02:33:12  INFO      explainability.lime_explainer  LIME tabular explainer initialised | features=63
02:33:12  INFO      explainability.lime_explainer  LIME tabular explainer initialised | features=63
02:33:13  INFO      explainability.lime_explainer  LIME tabular explainer initialised | features=63
02:33:13  INFO      explainability.lime_explainer  LIME tabular explainer initialised | features=63
02:33:13  INFO      explainability.lime_explainer  LIME tabular explainer initialised | features=63
02:33:14  INFO      explainability.lime_explainer  LIME tabular explainer initialised | features=63
02:33:14  INFO      explainability.lime_explainer  LIME tabular explainer initialised | features=63
02:33:14  INFO      explainability.lime_explainer  LIME tabular explainer initialised | features=63
02:33:15  INFO      explainability.lime_explainer  LIME tabular explainer initialised | features=63
02:33:15  INFO      explainability.lime_explainer  LIME tabular explainer initialised | features=63
02:33:15  INFO      explainability.lime_explainer  LIME tabular explainer initialised | features=63
02:33:16  INFO      explainability.lime_explainer  LIME tabular explainer initialised | features=63
02:33:16  INFO      explainability.lime_explainer  LIME tabular explainer initialised | features=63
02:33:16  INFO      explainability.lime_explainer  LIME tabular explainer initialised | features=63
02:33:17  INFO      explainability.lime_explainer  LIME tabular explainer initialised | features=63
02:33:17  INFO      explainability.lime_explainer  LIME tabular explainer initialised | features=63
02:33:17  INFO      explainability.lime_explainer  LIME tabular explainer initialised | features=63
02:33:17  INFO      explainability.lime_explainer  LIME tabular explainer initialised | features=63
02:33:18  INFO      explainability.lime_explainer  LIME tabular explainer initialised | features=63
02:33:18  INFO      explainability.lime_explainer  LIME tabular explainer initialised | features=63
02:33:18  INFO      explainability.lime_explainer  LIME tabular explainer initialised | features=63
02:33:19  INFO      explainability.lime_explainer  LIME tabular explainer initialised | features=63
02:33:19  INFO      explainability.lime_explainer  LIME tabular explainer initialised | features=63
02:33:19  INFO      explainability.lime_explainer  LIME tabular explainer initialised | features=63
02:33:20  INFO      explainability.lime_explainer  LIME tabular explainer initialised | features=63
02:33:20  INFO      explainability.lime_explainer  LIME tabular explainer initialised | features=63
02:33:20  INFO      explainability.lime_explainer  LIME tabular explainer initialised | features=63
02:33:21  INFO      explainability.lime_explainer  LIME tabular explainer initialised | features=63
02:33:21  INFO      explainability.lime_explainer  LIME tabular explainer initialised | features=63
02:33:21  INFO      explainability.lime_explainer  LIME tabular explainer initialised | features=63
02:33:22  INFO      explainability.lime_explainer  LIME tabular explainer initialised | features=63
02:33:22  INFO      explainability.lime_explainer  LIME tabular explainer initialised | features=63
02:33:22  INFO      explainability.lime_explainer  LIME tabular explainer initialised | features=63
02:33:23  INFO      explainability.lime_explainer  LIME tabular explainer initialised | features=63
02:33:23  INFO      explainability.lime_explainer  LIME tabular explainer initialised | features=63
02:33:23  INFO      explainability.lime_explainer  LIME tabular explainer initialised | features=63
02:33:23  INFO      explainability.lime_explainer  LIME tabular explainer initialised | features=63
02:33:24  INFO      explainability.lime_explainer  LIME tabular explainer initialised | features=63
02:33:24  INFO      explainability.lime_explainer  LIME tabular explainer initialised | features=63
02:33:24  INFO      explainability.lime_explainer  LIME tabular explainer initialised | features=63
02:33:25  INFO      explainability.lime_explainer  LIME tabular explainer initialised | features=63
02:33:25  INFO      explainability.lime_explainer  LIME tabular explainer initialised | features=63
02:33:25  INFO      explainability.lime_explainer  LIME tabular explainer initialised | features=63
02:33:26  INFO      explainability.lime_explainer  LIME tabular explainer initialised | features=63
02:33:26  INFO      explainability.lime_explainer  LIME tabular explainer initialised | features=63
02:33:26  INFO      explainability.lime_explainer  LIME tabular explainer initialised | features=63
02:33:27  INFO      explainability.lime_explainer  LIME tabular explainer initialised | features=63
02:33:27  INFO      explainability.lime_explainer  LIME tabular explainer initialised | features=63
02:33:27  INFO      explainability.lime_explainer  LIME tabular explainer initialised | features=63
02:33:28  INFO      explainability.lime_explainer  LIME tabular explainer initialised | features=63
02:33:28  INFO      explainability.lime_explainer  LIME tabular explainer initialised | features=63
02:33:28  INFO      explainability.lime_explainer  LIME tabular explainer initialised | features=63
02:33:29  INFO      explainability.lime_explainer  LIME tabular explainer initialised | features=63
02:33:29  INFO      explainability.lime_explainer  LIME tabular explainer initialised | features=63
02:33:29  INFO      explainability.lime_explainer  LIME tabular explainer initialised | features=63
02:33:29  INFO      explainability.lime_explainer  LIME tabular explainer initialised | features=63
02:33:30  INFO      explainability.lime_explainer  LIME tabular explainer initialised | features=63
02:33:30  INFO      explainability.lime_explainer  LIME tabular explainer initialised | features=63
02:33:30  INFO      explainability.lime_explainer  LIME tabular explainer initialised | features=63
02:33:31  INFO      explainability.lime_explainer  LIME tabular explainer initialised | features=63
02:33:31  INFO      explainability.lime_explainer  LIME tabular explainer initialised | features=63
02:33:31  INFO      explainability.lime_explainer  LIME tabular explainer initialised | features=63
02:33:32  INFO      explainability.lime_explainer  LIME tabular explainer initialised | features=63
02:33:32  INFO      explainability.lime_explainer  LIME tabular explainer initialised | features=63
02:33:32  INFO      explainability.lime_explainer  LIME tabular explainer initialised | features=63
02:33:33  INFO      explainability.lime_explainer  LIME tabular explainer initialised | features=63
02:33:33  INFO      explainability.lime_explainer  LIME tabular explainer initialised | features=63
02:33:33  INFO      explainability.lime_explainer  LIME tabular explainer initialised | features=63
02:33:34  INFO      explainability.lime_explainer  LIME tabular explainer initialised | features=63
02:33:34  INFO      explainability.lime_explainer  LIME tabular explainer initialised | features=63
02:33:34  INFO      explainability.lime_explainer  LIME tabular explainer initialised | features=63
02:33:35  INFO      explainability.lime_explainer  LIME tabular explainer initialised | features=63
02:33:35  INFO      explainability.lime_explainer  LIME tabular explainer initialised | features=63
02:33:35  INFO      explainability.lime_explainer  LIME tabular explainer initialised | features=63
02:33:36  INFO      explainability.lime_explainer  LIME tabular explainer initialised | features=63
02:33:36  INFO      explainability.lime_explainer  LIME tabular explainer initialised | features=63
02:33:36  INFO      explainability.lime_explainer  LIME tabular explainer initialised | features=63
02:33:37  INFO      explainability.lime_explainer  LIME tabular explainer initialised | features=63
02:33:37  INFO      explainability.lime_explainer  LIME tabular explainer initialised | features=63
02:33:37  INFO      explainability.lime_explainer  LIME tabular explainer initialised | features=63
02:33:38  INFO      explainability.lime_explainer  LIME tabular explainer initialised | features=63
02:33:38  INFO      explainability.lime_explainer  LIME tabular explainer initialised | features=63
02:33:38  INFO      explainability.lime_explainer  LIME tabular explainer initialised | features=63
02:33:38  INFO      explainability.lime_explainer  LIME tabular explainer initialised | features=63
02:33:39  INFO      explainability.lime_explainer  LIME tabular explainer initialised | features=63
02:33:39  INFO      explainability.lime_explainer  LIME tabular explainer initialised | features=63
02:33:39  INFO      explainability.lime_explainer  LIME tabular explainer initialised | features=63
02:33:40  INFO      explainability.lime_explainer  LIME tabular explainer initialised | features=63
02:33:40  INFO      explainability.lime_explainer  LIME tabular explainer initialised | features=63
02:33:40  INFO      explainability.lime_explainer  LIME tabular explainer initialised | features=63
02:33:41  INFO      explainability.lime_explainer  LIME tabular explainer initialised | features=63
02:33:41  INFO      explainability.lime_explainer  LIME tabular explainer initialised | features=63
02:33:41  INFO      explainability.lime_explainer  LIME tabular explainer initialised | features=63
02:33:42  INFO      explainability.lime_explainer  LIME tabular explainer initialised | features=63
02:33:42  INFO      explainability.lime_explainer  LIME tabular explainer initialised | features=63
02:33:42  INFO      explainability.lime_explainer  LIME tabular explainer initialised | features=63
02:33:43  INFO      explainability.lime_explainer  LIME tabular explainer initialised | features=63
02:33:43  INFO      explainability.lime_explainer  LIME tabular explainer initialised | features=63
02:33:43  INFO      explainability.lime_explainer  LIME tabular explainer initialised | features=63
02:33:44  INFO      explainability.lime_explainer  LIME tabular explainer initialised | features=63
02:33:44  INFO      explainability.lime_explainer  LIME tabular explainer initialised | features=63
02:33:44  INFO      explainability.lime_explainer  LIME tabular explainer initialised | features=63
02:33:45  INFO      explainability.lime_explainer  LIME tabular explainer initialised | features=63
02:33:45  INFO      explainability.lime_explainer  LIME tabular explainer initialised | features=63
02:33:45  INFO      explainability.lime_explainer  LIME tabular explainer initialised | features=63
02:33:45  INFO      explainability.lime_explainer  LIME tabular explainer initialised | features=63
02:33:46  INFO      explainability.lime_explainer  LIME tabular explainer initialised | features=63
02:33:46  INFO      explainability.lime_explainer  LIME tabular explainer initialised | features=63
02:33:46  INFO      explainability.lime_explainer  LIME tabular explainer initialised | features=63
02:33:47  INFO      explainability.lime_explainer  LIME tabular explainer initialised | features=63
02:33:47  INFO      explainability.lime_explainer  LIME tabular explainer initialised | features=63
02:33:47  INFO      explainability.lime_explainer  LIME tabular explainer initialised | features=63
02:33:48  INFO      explainability.lime_explainer  LIME tabular explainer initialised | features=63
02:33:48  INFO      explainability.lime_explainer  LIME tabular explainer initialised | features=63
02:33:48  INFO      explainability.lime_explainer  LIME tabular explainer initialised | features=63
02:33:49  INFO      explainability.lime_explainer  LIME tabular explainer initialised | features=63
02:33:49  INFO      explainability.lime_explainer  LIME tabular explainer initialised | features=63
02:33:49  INFO      explainability.lime_explainer  LIME tabular explainer initialised | features=63
02:33:50  INFO      explainability.lime_explainer  LIME tabular explainer initialised | features=63
02:33:50  INFO      explainability.lime_explainer  LIME tabular explainer initialised | features=63
02:33:50  INFO      explainability.lime_explainer  LIME tabular explainer initialised | features=63
02:33:51  INFO      explainability.lime_explainer  LIME tabular explainer initialised | features=63
02:33:51  INFO      explainability.lime_explainer  LIME tabular explainer initialised | features=63
02:33:51  INFO      explainability.lime_explainer  LIME tabular explainer initialised | features=63
02:33:52  INFO      explainability.lime_explainer  LIME tabular explainer initialised | features=63
02:33:52  INFO      explainability.lime_explainer  LIME tabular explainer initialised | features=63
02:33:52  INFO      explainability.lime_explainer  LIME tabular explainer initialised | features=63
02:33:52  INFO      explainability.lime_explainer  LIME tabular explainer initialised | features=63
02:33:53  INFO      explainability.lime_explainer  LIME tabular explainer initialised | features=63
02:33:53  INFO      explainability.lime_explainer  LIME tabular explainer initialised | features=63
02:33:53  INFO      explainability.lime_explainer  LIME tabular explainer initialised | features=63
02:33:54  INFO      explainability.lime_explainer  LIME tabular explainer initialised | features=63
02:33:54  INFO      explainability.lime_explainer  LIME tabular explainer initialised | features=63
02:33:54  INFO      explainability.lime_explainer  LIME tabular explainer initialised | features=63
02:33:55  INFO      explainability.lime_explainer  LIME tabular explainer initialised | features=63
02:33:55  INFO      explainability.lime_explainer  LIME tabular explainer initialised | features=63
02:33:55  INFO      explainability.lime_explainer  LIME tabular explainer initialised | features=63
02:33:56  INFO      explainability.lime_explainer  LIME tabular explainer initialised | features=63
02:33:56  INFO      explainability.lime_explainer  LIME tabular explainer initialised | features=63
02:33:56  INFO      explainability.lime_explainer  LIME tabular explainer initialised | features=63
02:33:57  INFO      explainability.lime_explainer  LIME tabular explainer initialised | features=63
02:33:57  INFO      explainability.lime_explainer  LIME tabular explainer initialised | features=63
02:33:57  INFO      explainability.lime_explainer  LIME tabular explainer initialised | features=63
02:33:58  INFO      explainability.lime_explainer  LIME tabular explainer initialised | features=63
02:33:58  INFO      explainability.lime_explainer  LIME tabular explainer initialised | features=63
02:33:58  INFO      explainability.lime_explainer  LIME tabular explainer initialised | features=63
02:33:59  INFO      explainability.lime_explainer  LIME tabular explainer initialised | features=63
02:33:59  INFO      explainability.lime_explainer  LIME tabular explainer initialised | features=63
02:33:59  INFO      explainability.lime_explainer  LIME tabular explainer initialised | features=63
02:33:59  INFO      explainability.lime_explainer  LIME tabular explainer initialised | features=63
02:34:00  INFO      explainability.lime_explainer  LIME tabular explainer initialised | features=63
02:34:00  INFO      explainability.lime_explainer  LIME tabular explainer initialised | features=63
02:34:00  INFO      explainability.lime_explainer  LIME tabular explainer initialised | features=63
02:34:01  INFO      explainability.lime_explainer  LIME tabular explainer initialised | features=63
02:34:01  INFO      explainability.lime_explainer  LIME tabular explainer initialised | features=63
02:34:01  INFO      explainability.lime_explainer  LIME tabular explainer initialised | features=63
02:34:02  INFO      explainability.lime_explainer  LIME tabular explainer initialised | features=63
02:34:02  INFO      pipeline  LaTeX table → /Users/harekrishna/Downloads/credit-default-xai-benchmark/code v1/results/outputs/prosper_temporal/runs/cutoff_2011-07_seed_99/results/table5_explanation_quality.tex
02:34:02  INFO      pipeline  LaTeX table → /Users/harekrishna/Downloads/credit-default-xai-benchmark/code v1/results/outputs/prosper_temporal/runs/cutoff_2011-07_seed_99/results/table4_shap_lime_agreement.tex
02:34:02  INFO      pipeline  ============================================================
02:34:02  INFO      pipeline  STAGE 7: Revision Analyses
02:34:02  INFO      pipeline  ============================================================
02:36:45  INFO      pipeline  Reusing identical OOF pipeline fit.
02:36:50  INFO      pipeline  RUN cutoff_2011-07_seed_99 COMPLETE | champion CatBoost | OOF AUROC 0.6342 | test AUROC 0.6765
02:36:50  INFO      pipeline  ╔══════════════════════════════════════════════╗
02:36:50  INFO      pipeline  ║  Credit Default Prediction with XAI (v3)     ║
02:36:50  INFO      pipeline  ║  Dataset: prosper                            ║
02:36:50  INFO      pipeline  ║  Run: cutoff_2012-01_seed_42                 ║
02:36:50  INFO      pipeline  ╚══════════════════════════════════════════════╝
02:36:50  INFO      pipeline  ============================================================
02:36:50  INFO      pipeline  STAGE 1: Data Loading, Labelling & Partitioning
02:36:50  INFO      pipeline  ============================================================
02:36:50  INFO      data.data_loader  Loading Prosper loans from /Users/harekrishna/Downloads/credit-default-xai-benchmark/code v1/data/prosperLoanData.csv
02:36:52  INFO      data.data_loader  Prosper: 113937 rows, 113066 after LoanKey de-duplication
02:36:52  INFO      data.data_loader  Prosper horizon label (H=12 months, snapshot 2014-03-12): 72067 labelled, 40999 censored, default rate 9.70%
02:36:52  INFO      data.data_loader  Skipping UCI-specific engineered features; required columns not present.
02:36:52  INFO      data.data_loader  Skipping UCI-specific engineered features; required columns not present.
02:36:52  INFO      data.data_loader  Dataset loaded | prosper | train=36634  test=9496 | default rate train=12.12% test=7.35% | 8 nominal, 33 continuous
02:36:52  INFO      pipeline  Imbalance stats (train): {"n_total": 36634, "n_majority": 32193, "n_minority": 4441, "imbalance_ratio": 7.249, "minority_pct": 12.12}
02:36:52  INFO      visualization.plots  Fig 1 saved → /Users/harekrishna/Downloads/credit-default-xai-benchmark/code v1/results/outputs/prosper_temporal/runs/cutoff_2012-01_seed_42/figures/fig01_class_distribution.pdf
02:36:53  INFO      pipeline  ============================================================
02:36:53  INFO      pipeline  STAGE 2: Imbalance Strategy Ablation (selected on OOF AUROC)
02:36:53  INFO      pipeline  ============================================================
02:37:08  INFO      pipeline  Ablation | SMOTE            | OOF AUROC=0.6074  test AUROC=0.6676
02:37:25  INFO      pipeline  Ablation | BorderlineSMOTE  | OOF AUROC=0.6267  test AUROC=0.6773
02:39:18  INFO      pipeline  Ablation | SVMSMOTE         | OOF AUROC=0.6113  test AUROC=0.6820
02:39:34  INFO      pipeline  Ablation | ADASYN           | OOF AUROC=0.5960  test AUROC=0.6671
02:39:39  INFO      pipeline  Ablation | None             | OOF AUROC=0.5979  test AUROC=0.6689
02:39:41  INFO      pipeline  Ablation | ClassWeight      | OOF AUROC=0.4900  test AUROC=0.5916
02:39:41  INFO      pipeline  Best imbalance strategy (OOF AUROC): BorderlineSMOTE → 0.6267 [probe: LightGBM]
02:39:41  INFO      pipeline  ============================================================
02:39:41  INFO      pipeline  STAGE 3: Model Training (training CV selection, OOF predictions, refit)
02:39:41  INFO      pipeline  ============================================================
02:39:41  INFO      pipeline  Training XGBoost …
02:40:50  INFO      pipeline  XGBoost | per-model strategy=ClassWeight | OOF AUROC by strategy={'SMOTE': 0.6111, 'BorderlineSMOTE': 0.6201, 'SVMSMOTE': 0.6196, 'ADASYN': 0.6145, 'None': 0.6106, 'ClassWeight': 0.6361}
02:40:50  INFO      pipeline  RandomizedSearchCV | model=XGBoost strategy=ClassWeight n_iter=12
02:41:11  INFO      pipeline  Reusing verified legacy final model: XGBoost
02:41:11  INFO      pipeline  Training LightGBM …
02:41:11  INFO      pipeline  Reusing identical OOF pipeline fit.
02:41:11  INFO      pipeline  Reusing identical OOF pipeline fit.
02:41:11  INFO      pipeline  Reusing identical OOF pipeline fit.
02:41:11  INFO      pipeline  Reusing identical OOF pipeline fit.
02:41:11  INFO      pipeline  Reusing identical OOF pipeline fit.
02:41:11  INFO      pipeline  Reusing identical OOF pipeline fit.
02:41:11  INFO      pipeline  LightGBM | per-model strategy=BorderlineSMOTE | OOF AUROC by strategy={'SMOTE': 0.6074, 'BorderlineSMOTE': 0.6267, 'SVMSMOTE': 0.6113, 'ADASYN': 0.596, 'None': 0.5979, 'ClassWeight': 0.49}
02:41:11  INFO      pipeline  RandomizedSearchCV | model=LightGBM strategy=BorderlineSMOTE n_iter=12
02:43:24  INFO      pipeline  Training CatBoost …
02:44:51  INFO      pipeline  CatBoost | per-model strategy=ClassWeight | OOF AUROC by strategy={'SMOTE': 0.6159, 'BorderlineSMOTE': 0.622, 'SVMSMOTE': 0.6175, 'ADASYN': 0.61, 'None': 0.6175, 'ClassWeight': 0.6264}
02:44:51  INFO      pipeline  RandomizedSearchCV | model=CatBoost strategy=ClassWeight n_iter=12
02:45:48  INFO      pipeline  Training Random Forest …
02:47:16  INFO      pipeline  Random Forest | per-model strategy=ClassWeight | OOF AUROC by strategy={'SMOTE': 0.5475, 'BorderlineSMOTE': 0.5407, 'SVMSMOTE': 0.546, 'ADASYN': 0.5407, 'None': 0.5436, 'ClassWeight': 0.5634}
02:47:16  INFO      pipeline  RandomizedSearchCV | model=Random Forest strategy=ClassWeight n_iter=12
02:49:56  INFO      pipeline  Training Logistic Reg. …
02:50:54  INFO      pipeline  Logistic Reg. | per-model strategy=ClassWeight | OOF AUROC by strategy={'SMOTE': 0.573, 'BorderlineSMOTE': 0.5414, 'SVMSMOTE': 0.5594, 'ADASYN': 0.5707, 'None': 0.5542, 'ClassWeight': 0.6082}
02:50:54  INFO      pipeline  RandomizedSearchCV | model=Logistic Reg. strategy=ClassWeight n_iter=12
02:51:01  INFO      pipeline  Reusing verified legacy final model: Logistic Reg.
02:51:01  INFO      pipeline  Training TabNet …
02:51:01  INFO      models.tabnet_model  Apple MPS backend passed smoke test — using GPU acceleration.
02:51:01  INFO      models.tabnet_model  TabNet starting | device=mps  max_epochs=200  patience=15  batch_size=1024  n_train=202
02:51:06  INFO      models.tabnet_model  TabNet trained | device=mps  best_epoch=41  elapsed=4.2s
02:51:07  INFO      models.tabnet_model  Apple MPS backend passed smoke test — using GPU acceleration.
02:51:07  INFO      models.tabnet_model  TabNet starting | device=mps  max_epochs=200  patience=15  batch_size=1024  n_train=14916

epoch 6  | loss: 0.34628 | val_auc: 0.91535 |  0:00:34s
epoch 7  | loss: 0.35584 | val_auc: 0.92302 |  0:00:39s
epoch 8  | loss: 0.33487 | val_auc: 0.92293 |  0:00:43s
epoch 9  | loss: 0.32767 | val_auc: 0.92656 |  0:00:48s
epoch 10 | loss: 0.32089 | val_auc: 0.93183 |  0:00:53s
epoch 11 | loss: 0.31053 | val_auc: 0.93431 |  0:00:57s
epoch 12 | loss: 0.3041  | val_auc: 0.93243 |  0:01:02s
epoch 13 | loss: 0.29544 | val_auc: 0.93604 |  0:01:07s
epoch 14 | loss: 0.28261 | val_auc: 0.93999 |  0:01:12s
epoch 15 | loss: 0.2791  | val_auc: 0.93683 |  0:01:17s
epoch 16 | loss: 0.2743  | val_auc: 0.93735 |  0:01:22s
epoch 17 | loss: 0.26699 | val_auc: 0.94051 |  0:01:27s
epoch 18 | loss: 0.25858 | val_auc: 0.94274 |  0:01:31s
epoch 19 | loss: 0.24612 | val_auc: 0.94469 |  0:01:36s
epoch 20 | loss: 0.23572 | val_auc: 0.94381 |  0:01:41s
epoch 21 | loss: 0.2326  | val_auc: 0.94393 |  0:01:46s
epoch 22 | loss: 0.22659 | val_auc: 0.94704 |  0:01:50s
epoch 23 | loss: 0.22027 | val_auc: 0.94296 |  0:01:55s
epoch 24 | loss: 0.21693 | val_auc: 0.94417 |  0:02:00s
epoch 25 | loss: 0.20024 | val_auc: 0.94509 |  0:02:05s
epoch 26 | loss: 0.18832 | val_auc: 0.9458  |  0:02:10s
epoch 27 | loss: 0.18132 | val_auc: 0.945   |  0:02:15s
epoch 28 | loss: 0.17933 | val_auc: 0.94734 |  0:02:19s
epoch 29 | loss: 0.16885 | val_auc: 0.94979 |  0:02:24s
epoch 30 | loss: 0.16324 | val_auc: 0.94913 |  0:02:29s
epoch 31 | loss: 0.14987 | val_auc: 0.95115 |  0:02:34s
epoch 32 | loss: 0.14642 | val_auc: 0.95051 |  0:02:39s
epoch 33 | loss: 0.13966 | val_auc: 0.94981 |  0:02:43s
epoch 34 | loss: 0.13595 | val_auc: 0.95022 |  0:02:48s
epoch 35 | loss: 0.14085 | val_auc: 0.94959 |  0:02:53s
epoch 36 | loss: 0.13077 | val_auc: 0.94925 |  0:02:58s
epoch 37 | loss: 0.11675 | val_auc: 0.95075 |  0:03:03s
epoch 38 | loss: 0.11344 | val_auc: 0.95212 |  0:03:08s
epoch 39 | loss: 0.1084  | val_auc: 0.9519  |  0:03:12s
epoch 40 | loss: 0.10464 | val_auc: 0.94913 |  0:03:17s
epoch 41 | loss: 0.10133 | val_auc: 0.94968 |  0:03:22s
epoch 42 | loss: 0.09976 | val_auc: 0.95173 |  0:03:27s
epoch 43 | loss: 0.09023 | val_auc: 0.9551  |  0:03:31s
epoch 44 | loss: 0.08532 | val_auc: 0.95215 |  0:03:36s
epoch 45 | loss: 0.08467 | val_auc: 0.95309 |  0:03:41s
epoch 46 | loss: 0.08756 | val_auc: 0.95238 |  0:03:46s
epoch 47 | loss: 0.07772 | val_auc: 0.95086 |  0:03:51s
epoch 48 | loss: 0.07804 | val_auc: 0.95169 |  0:03:55s
epoch 49 | loss: 0.07398 | val_auc: 0.95008 |  0:04:01s
epoch 50 | loss: 0.06765 | val_auc: 0.95423 |  0:04:05s
epoch 51 | loss: 0.0656  | val_auc: 0.951   |  0:04:10s
epoch 52 | loss: 0.06731 | val_auc: 0.95231 |  0:04:15s
epoch 53 | loss: 0.06329 | val_auc: 0.95295 |  0:04:20s
epoch 54 | loss: 0.06099 | val_auc: 0.95219 |  0:04:24s
epoch 55 | loss: 0.05951 | val_auc: 0.95204 |  0:04:29s
epoch 56 | loss: 0.06229 | val_auc: 0.95283 |  0:04:34s
epoch 57 | loss: 0.05644 | val_auc: 0.95479 |  0:04:39s
epoch 58 | loss: 0.05215 | val_auc: 0.95444 |  0:04:44s

Early stopping occurred at epoch 58 with best_epoch = 43 and best_val_auc = 0.9551
Successfully saved model at /Users/harekrishna/Downloads/credit-default-xai-benchmark/code v1/results/outputs/prosper_temporal/runs/cutoff_2011-07_seed_99/models/tabnet.pkl.zip
epoch 0  | loss: 2.02133 | val_auc: 0.27273 |  0:00:00s
epoch 1  | loss: 1.06679 | val_auc: 0.19091 |  0:00:00s
epoch 2  | loss: 1.04303 | val_auc: 0.17273 |  0:00:00s
epoch 3  | loss: 0.68565 | val_auc: 0.21818 |  0:00:00s
epoch 4  | loss: 0.56148 | val_auc: 0.47273 |  0:00:00s
epoch 5  | loss: 0.6244  | val_auc: 0.59091 |  0:00:00s
epoch 6  | loss: 0.67843 | val_auc: 0.59091 |  0:00:00s
epoch 7  | loss: 0.54453 | val_auc: 0.30909 |  0:00:00s
epoch 8  | loss: 0.51615 | val_auc: 0.39091 |  0:00:00s
epoch 9  | loss: 0.54372 | val_auc: 0.45455 |  0:00:00s
epoch 10 | loss: 0.37094 | val_auc: 0.32727 |  0:00:01s
epoch 11 | loss: 0.46124 | val_auc: 0.30909 |  0:00:01s
epoch 12 | loss: 0.52703 | val_auc: 0.28182 |  0:00:01s
epoch 13 | loss: 0.48366 | val_auc: 0.33636 |  0:00:01s
epoch 14 | loss: 0.39859 | val_auc: 0.57273 |  0:00:01s
epoch 15 | loss: 0.40014 | val_auc: 0.65455 |  0:00:01s
epoch 16 | loss: 0.38819 | val_auc: 0.71818 |  0:00:01s
epoch 17 | loss: 0.44393 | val_auc: 0.8     |  0:00:01s
epoch 18 | loss: 0.38928 | val_auc: 0.8     |  0:00:01s
epoch 19 | loss: 0.37639 | val_auc: 0.70909 |  0:00:01s
epoch 20 | loss: 0.35937 | val_auc: 0.77273 |  0:00:01s
epoch 21 | loss: 0.34    | val_auc: 0.79091 |  0:00:01s
epoch 22 | loss: 0.46449 | val_auc: 0.78182 |  0:00:01s
epoch 23 | loss: 0.38202 | val_auc: 0.80909 |  0:00:01s
epoch 24 | loss: 0.46343 | val_auc: 0.79091 |  0:00:01s
epoch 25 | loss: 0.27154 | val_auc: 0.79091 |  0:00:01s
epoch 26 | loss: 0.23871 | val_auc: 0.79091 |  0:00:02s
epoch 27 | loss: 0.3158  | val_auc: 0.79091 |  0:00:02s
epoch 28 | loss: 0.27177 | val_auc: 0.85455 |  0:00:02s
epoch 29 | loss: 0.38435 | val_auc: 0.9     |  0:00:02s
epoch 30 | loss: 0.4026  | val_auc: 0.9     |  0:00:02s
epoch 31 | loss: 0.25516 | val_auc: 0.9     |  0:00:02s
epoch 32 | loss: 0.32608 | val_auc: 0.87273 |  0:00:02s
epoch 33 | loss: 0.30015 | val_auc: 0.86364 |  0:00:02s
epoch 34 | loss: 0.25313 | val_auc: 0.85455 |  0:00:02s
epoch 35 | loss: 0.17978 | val_auc: 0.87273 |  0:00:02s
epoch 36 | loss: 0.21326 | val_auc: 0.90909 |  0:00:02s
epoch 37 | loss: 0.21328 | val_auc: 0.94545 |  0:00:02s
epoch 38 | loss: 0.23393 | val_auc: 0.97273 |  0:00:02s
epoch 39 | loss: 0.26283 | val_auc: 0.97273 |  0:00:02s
epoch 40 | loss: 0.1733  | val_auc: 0.97273 |  0:00:02s
epoch 41 | loss: 0.17596 | val_auc: 0.98182 |  0:00:02s
epoch 42 | loss: 0.26382 | val_auc: 0.98182 |  0:00:03s
epoch 43 | loss: 0.19049 | val_auc: 0.97273 |  0:00:03s
epoch 44 | loss: 0.15528 | val_auc: 0.95455 |  0:00:03s
epoch 45 | loss: 0.13869 | val_auc: 0.95455 |  0:00:03s
epoch 46 | loss: 0.11766 | val_auc: 0.94545 |  0:00:03s
epoch 47 | loss: 0.17203 | val_auc: 0.92727 |  0:00:03s
epoch 48 | loss: 0.15377 | val_auc: 0.92727 |  0:00:03s
epoch 49 | loss: 0.31361 | val_auc: 0.9     |  0:00:03s
epoch 50 | loss: 0.14258 | val_auc: 0.76364 |  0:00:03s
epoch 51 | loss: 0.17381 | val_auc: 0.65455 |  0:00:03s
epoch 52 | loss: 0.16369 | val_auc: 0.66364 |  0:00:03s
epoch 53 | loss: 0.135   | val_auc: 0.71818 |  0:00:03s
epoch 54 | loss: 0.12368 | val_auc: 0.75455 |  0:00:03s
epoch 55 | loss: 0.12146 | val_auc: 0.80909 |  0:00:03s
epoch 56 | loss: 0.13062 | val_auc: 0.8     |  0:00:03s

Early stopping occurred at epoch 56 with best_epoch = 41 and best_val_auc = 0.98182
epoch 0  | loss: 1.15001 | val_auc: 0.70877 |  0:00:01s
epoch 1  | loss: 0.74666 | val_auc: 0.76723 |  0:00:02s
epoch 2  | loss: 0.60287 | val_auc: 0.79816 |  0:00:04s
epoch 3  | loss: 0.53673 | val_auc: 0.82492 |  0:00:05s
epoch 4  | loss: 0.50698 | val_auc: 0.81002 |  0:00:06s
epoch 5  | loss: 0.50031 | val_auc: 0.8134  |  0:00:08s
epoch 6  | loss: 0.5044  | val_auc: 0.8273  |  0:00:09s
epoch 7  | loss: 0.49255 | val_auc: 0.83092 |  0:00:10s
epoch 8  | loss: 0.47875 | val_auc: 0.83452 |  0:00:12s
epoch 9  | loss: 0.46975 | val_auc: 0.83048 |  0:00:13s
epoch 10 | loss: 0.4624  | val_auc: 0.83198 |  0:00:14s
epoch 11 | loss: 0.45885 | val_auc: 0.83831 |  0:00:16s
epoch 12 | loss: 0.45569 | val_auc: 0.84674 |  0:00:17s
epoch 13 | loss: 0.44513 | val_auc: 0.86232 |  0:00:18s
epoch 14 | loss: 0.43319 | val_auc: 0.87198 |  0:00:20s
epoch 15 | loss: 0.43366 | val_auc: 0.8681  |  0:00:21s
epoch 16 | loss: 0.42718 | val_auc: 0.87461 |  0:00:22s
epoch 17 | loss: 0.4165  | val_auc: 0.88373 |  0:00:23s
epoch 18 | loss: 0.40944 | val_auc: 0.88023 |  0:00:24s
epoch 19 | loss: 0.40545 | val_auc: 0.88048 |  0:00:26s
epoch 20 | loss: 0.39803 | val_auc: 0.89127 |  0:00:27s
epoch 21 | loss: 0.39411 | val_auc: 0.89253 |  0:00:28s
epoch 22 | loss: 0.39514 | val_auc: 0.89622 |  0:00:29s
epoch 23 | loss: 0.38876 | val_auc: 0.89723 |  0:00:31s
epoch 24 | loss: 0.37727 | val_auc: 0.89426 |  0:00:32s
epoch 25 | loss: 0.38902 | val_auc: 0.8876  |  0:00:33s
epoch 26 | loss: 0.39056 | val_auc: 0.89199 |  0:00:34s
epoch 27 | loss: 0.37918 | val_auc: 0.89782 |  0:00:36s
epoch 28 | loss: 0.37089 | val_auc: 0.8967  |  0:00:37s
epoch 29 | loss: 0.36351 | val_auc: 0.9004  |  0:00:38s
epoch 30 | loss: 0.36069 | val_auc: 0.89774 |  0:00:40s02:53:11  INFO      models.tabnet_model  TabNet trained | device=mps  best_epoch=82  elapsed=124.6s
02:53:14  INFO      models.tabnet_model  Apple MPS backend passed smoke test — using GPU acceleration.
02:53:14  INFO      models.tabnet_model  TabNet starting | device=mps  max_epochs=200  patience=15  batch_size=1024  n_train=49858

epoch 31 | loss: 0.35281 | val_auc: 0.90412 |  0:00:41s
epoch 32 | loss: 0.34595 | val_auc: 0.90106 |  0:00:42s
epoch 33 | loss: 0.34062 | val_auc: 0.90619 |  0:00:43s
epoch 34 | loss: 0.33304 | val_auc: 0.90419 |  0:00:44s
epoch 35 | loss: 0.33045 | val_auc: 0.90868 |  0:00:46s
epoch 36 | loss: 0.32285 | val_auc: 0.90902 |  0:00:47s
epoch 37 | loss: 0.31708 | val_auc: 0.91109 |  0:00:48s
epoch 38 | loss: 0.31002 | val_auc: 0.90698 |  0:00:49s
epoch 39 | loss: 0.30384 | val_auc: 0.91085 |  0:00:51s
epoch 40 | loss: 0.31206 | val_auc: 0.90403 |  0:00:52s
epoch 41 | loss: 0.30647 | val_auc: 0.91004 |  0:00:53s
epoch 42 | loss: 0.3011  | val_auc: 0.90812 |  0:00:54s
epoch 43 | loss: 0.28935 | val_auc: 0.91401 |  0:00:55s
epoch 44 | loss: 0.28783 | val_auc: 0.91193 |  0:00:57s
epoch 45 | loss: 0.27776 | val_auc: 0.9038  |  0:00:58s
epoch 46 | loss: 0.27853 | val_auc: 0.91241 |  0:00:59s
epoch 47 | loss: 0.26968 | val_auc: 0.91544 |  0:01:01s
epoch 48 | loss: 0.26374 | val_auc: 0.915   |  0:01:02s
epoch 49 | loss: 0.24611 | val_auc: 0.91493 |  0:01:03s
epoch 50 | loss: 0.25492 | val_auc: 0.91448 |  0:01:04s
epoch 51 | loss: 0.24399 | val_auc: 0.91753 |  0:01:05s
epoch 52 | loss: 0.23824 | val_auc: 0.91887 |  0:01:07s
epoch 53 | loss: 0.22781 | val_auc: 0.92031 |  0:01:08s
epoch 54 | loss: 0.22818 | val_auc: 0.92465 |  0:01:10s
epoch 55 | loss: 0.22318 | val_auc: 0.9219  |  0:01:11s
epoch 56 | loss: 0.21954 | val_auc: 0.92342 |  0:01:12s
epoch 57 | loss: 0.20618 | val_auc: 0.92439 |  0:01:13s
epoch 58 | loss: 0.20369 | val_auc: 0.92363 |  0:01:15s
epoch 59 | loss: 0.20572 | val_auc: 0.92229 |  0:01:16s
epoch 60 | loss: 0.21853 | val_auc: 0.92345 |  0:01:17s
epoch 61 | loss: 0.21472 | val_auc: 0.92334 |  0:01:18s
epoch 62 | loss: 0.201   | val_auc: 0.92444 |  0:01:20s
epoch 63 | loss: 0.18918 | val_auc: 0.92801 |  0:01:21s
epoch 64 | loss: 0.17834 | val_auc: 0.92522 |  0:01:22s
epoch 65 | loss: 0.17516 | val_auc: 0.92679 |  0:01:23s
epoch 66 | loss: 0.18891 | val_auc: 0.91892 |  0:01:25s
epoch 67 | loss: 0.2124  | val_auc: 0.92696 |  0:01:26s
epoch 68 | loss: 0.19912 | val_auc: 0.92086 |  0:01:27s
epoch 69 | loss: 0.20026 | val_auc: 0.92506 |  0:01:28s
epoch 70 | loss: 0.17776 | val_auc: 0.92938 |  0:01:30s
epoch 71 | loss: 0.16646 | val_auc: 0.93124 |  0:01:31s
epoch 72 | loss: 0.16165 | val_auc: 0.92827 |  0:01:32s
epoch 73 | loss: 0.15716 | val_auc: 0.9239  |  0:01:33s
epoch 74 | loss: 0.1576  | val_auc: 0.92713 |  0:01:35s
epoch 75 | loss: 0.1483  | val_auc: 0.93337 |  0:01:36s
epoch 76 | loss: 0.14808 | val_auc: 0.92857 |  0:01:37s
epoch 77 | loss: 0.13664 | val_auc: 0.93018 |  0:01:38s
epoch 78 | loss: 0.13687 | val_auc: 0.92982 |  0:01:40s
epoch 79 | loss: 0.13352 | val_auc: 0.92969 |  0:01:41s
epoch 80 | loss: 0.12779 | val_auc: 0.93309 |  0:01:42s
epoch 81 | loss: 0.13069 | val_auc: 0.9315  |  0:01:43s
epoch 82 | loss: 0.12792 | val_auc: 0.93626 |  0:01:45s
epoch 83 | loss: 0.13187 | val_auc: 0.93626 |  0:01:46s
epoch 84 | loss: 0.12122 | val_auc: 0.92998 |  0:01:47s
epoch 85 | loss: 0.11982 | val_auc: 0.93494 |  0:01:48s
epoch 86 | loss: 0.11819 | val_auc: 0.9359  |  0:01:49s
epoch 87 | loss: 0.12055 | val_auc: 0.93191 |  0:01:51s
epoch 88 | loss: 0.11275 | val_auc: 0.93353 |  0:01:52s
epoch 89 | loss: 0.10878 | val_auc: 0.93122 |  0:01:53s
epoch 90 | loss: 0.10899 | val_auc: 0.93164 |  0:01:54s
epoch 91 | loss: 0.10328 | val_auc: 0.93101 |  0:01:56s
epoch 92 | loss: 0.10133 | val_auc: 0.93303 |  0:01:57s
epoch 93 | loss: 0.10007 | val_auc: 0.93477 |  0:01:58s
epoch 94 | loss: 0.10118 | val_auc: 0.93025 |  0:01:59s
epoch 95 | loss: 0.10171 | val_auc: 0.93154 |  0:02:00s
epoch 96 | loss: 0.09513 | val_auc: 0.93423 |  0:02:02s
epoch 97 | loss: 0.09545 | val_auc: 0.93495 |  0:02:03s

Early stopping occurred at epoch 97 with best_epoch = 82 and best_val_auc = 0.93626
epoch 0  | loss: 0.88079 | val_auc: 0.69942 |  0:00:04s
epoch 1  | loss: 0.59046 | val_auc: 0.74076 |  0:00:08s
epoch 2  | loss: 0.56805 | val_auc: 0.76646 |  0:00:12s
epoch 3  | loss: 0.54718 | val_auc: 0.78816 |  0:00:16s
epoch 4  | loss: 0.52508 | val_auc: 0.80562 |  0:00:20s
epoch 5  | loss: 0.50223 | val_auc: 0.82071 |  0:00:24s
epoch 6  | loss: 0.4871  | val_auc: 0.82586 |  0:00:28s
epoch 7  | loss: 0.47694 | val_auc: 0.83826 |  0:00:32s
epoch 8  | loss: 0.45942 | val_auc: 0.84615 |  0:00:36s
epoch 9  | loss: 0.45018 | val_auc: 0.84794 |  0:00:40s
epoch 10 | loss: 0.44141 | val_auc: 0.84169 |  0:00:44s
epoch 11 | loss: 0.4425  | val_auc: 0.86455 |  0:00:48s
epoch 12 | loss: 0.42422 | val_auc: 0.87144 |  0:00:52s
epoch 13 | loss: 0.40955 | val_auc: 0.87845 |  0:00:56s
epoch 14 | loss: 0.39703 | val_auc: 0.88533 |  0:01:01s
epoch 15 | loss: 0.37112 | val_auc: 0.89254 |  0:01:05s
epoch 16 | loss: 0.36003 | val_auc: 0.89185 |  0:01:09s
epoch 17 | loss: 0.34837 | val_auc: 0.89813 |  0:01:13s
epoch 18 | loss: 0.33947 | val_auc: 0.90532 |  0:01:17s
epoch 19 | loss: 0.31728 | val_auc: 0.90559 |  0:01:21s
epoch 20 | loss: 0.29747 | val_auc: 0.90843 |  0:01:25s
epoch 21 | loss: 0.2949  | val_auc: 0.91025 |  0:01:29s
epoch 22 | loss: 0.27514 | val_auc: 0.9143  |  0:01:33s
epoch 23 | loss: 0.25487 | val_auc: 0.92084 |  0:01:37s
epoch 24 | loss: 0.24379 | val_auc: 0.92646 |  0:01:41s
epoch 25 | loss: 0.23367 | val_auc: 0.92404 |  0:01:45s
epoch 26 | loss: 0.21772 | val_auc: 0.92524 |  0:01:49s
epoch 27 | loss: 0.20977 | val_auc: 0.92723 |  0:01:53s
epoch 28 | loss: 0.20207 | val_auc: 0.92237 |  0:01:57s
epoch 29 | loss: 0.20258 | val_auc: 0.92717 |  0:02:01s
epoch 30 | loss: 0.18618 | val_auc: 0.92744 |  0:02:05s
epoch 31 | loss: 0.17706 | val_auc: 0.92481 |  0:02:09s
epoch 32 | loss: 0.17253 | val_auc: 0.9308  |  0:02:13s
epoch 33 | loss: 0.16477 | val_auc: 0.93318 |  0:02:17s
epoch 34 | loss: 0.16462 | val_auc: 0.93036 |  0:02:21s
epoch 35 | loss: 0.15492 | val_auc: 0.92955 |  0:02:25s
epoch 36 | loss: 0.14317 | val_auc: 0.93736 |  0:02:29s
epoch 37 | loss: 0.13452 | val_auc: 0.93202 |  0:02:34s
epoch 38 | loss: 0.1287  | val_auc: 0.9326  |  0:02:38s
epoch 39 | loss: 0.12502 | val_auc: 0.93213 |  0:02:42s
epoch 40 | loss: 0.12454 | val_auc: 0.9363  |  0:02:46s
epoch 41 | loss: 0.11542 | val_auc: 0.93736 |  0:02:50s
epoch 42 | loss: 0.11244 | val_auc: 0.93596 |  0:02:54s
epoch 43 | loss: 0.11097 | val_auc: 0.93998 |  0:02:58s
epoch 44 | loss: 0.10113 | val_auc: 0.93601 |  0:03:02s
epoch 45 | loss: 0.09986 | val_auc: 0.93592 |  0:03:06s
epoch 46 | loss: 0.0973  | val_auc: 0.93603 |  0:03:10s
epoch 47 | loss: 0.09135 | val_auc: 0.93705 |  0:03:14s
epoch 48 | loss: 0.09415 | val_auc: 0.93857 |  0:03:18s
epoch 49 | loss: 0.09002 | val_auc: 0.93922 |  0:03:22s
epoch 50 | loss: 0.0827  | val_auc: 0.938   |  0:03:26s
epoch 51 | loss: 0.07991 | val_auc: 0.93767 |  0:03:30s
epoch 52 | loss: 0.07363 | val_auc: 0.94051 |  0:03:34s
epoch 53 | loss: 0.0794  | val_auc: 0.93961 |  0:03:38s
epoch 54 | loss: 0.081   | val_auc: 0.93918 |  0:03:42s
epoch 55 | loss: 0.07444 | val_auc: 0.94055 |  0:03:46s
epoch 56 | loss: 0.06764 | val_auc: 0.94086 |  0:03:50s
epoch 57 | loss: 0.06617 | val_auc: 0.93959 |  0:03:54s
epoch 58 | loss: 0.06534 | val_auc: 0.93994 |  0:03:59s
epoch 59 | loss: 0.0659  | val_auc: 0.94235 |  0:04:03s
epoch 60 | loss: 0.06577 | val_auc: 0.94027 |  0:04:07s
epoch 61 | loss: 0.06239 | val_auc: 0.93909 |  0:04:11s
epoch 62 | loss: 0.05525 | val_auc: 0.94066 |  0:04:15s
epoch 63 | loss: 0.05596 | val_auc: 0.9389  |  0:04:19s
epoch 64 | loss: 0.05787 | val_auc: 0.94086 |  0:04:23s
epoch 65 | loss: 0.05884 | val_auc: 0.93843 |  0:04:27s
epoch 66 | loss: 0.05661 | val_auc: 0.9406  |  0:04:31s
epoch 67 | loss: 0.05096 | val_auc: 0.94078 |  0:04:35s
epoch 68 | loss: 0.04893 | val_auc: 0.94113 |  0:04:39s
epoch 69 | loss: 0.05175 | val_auc: 0.94278 |  0:04:43s
epoch 70 | loss: 0.04864 | val_auc: 0.94279 |  0:04:47s
epoch 71 | loss: 0.0466  | val_auc: 0.94215 |  0:04:51s
epoch 72 | loss: 0.04987 | val_auc: 0.94399 |  0:04:56s
epoch 73 | loss: 0.05076 | val_auc: 0.9429  |  0:04:59s
epoch 74 | loss: 0.04569 | val_auc: 0.94431 |  0:05:04s
epoch 75 | loss: 0.0401  | val_auc: 0.94371 |  0:05:08s
epoch 76 | loss: 0.04197 | val_auc: 0.94365 |  0:05:12s
epoch 77 | loss: 0.04491 | val_auc: 0.94493 |  0:05:16s03:00:47  INFO      models.tabnet_model  TabNet trained | device=mps  best_epoch=94  elapsed=453.2s
03:00:50  INFO      models.tabnet_model  Apple MPS backend passed smoke test — using GPU acceleration.
03:00:50  INFO      models.tabnet_model  TabNet starting | device=mps  max_epochs=200  patience=15  batch_size=1024  n_train=64386

epoch 78 | loss: 0.04537 | val_auc: 0.94293 |  0:05:20s
epoch 79 | loss: 0.04026 | val_auc: 0.94213 |  0:05:24s
epoch 80 | loss: 0.03614 | val_auc: 0.94341 |  0:05:28s
epoch 81 | loss: 0.0412  | val_auc: 0.94304 |  0:05:32s
epoch 82 | loss: 0.03892 | val_auc: 0.94351 |  0:05:36s
epoch 83 | loss: 0.03915 | val_auc: 0.94168 |  0:05:40s
epoch 84 | loss: 0.04062 | val_auc: 0.9425  |  0:05:44s
epoch 85 | loss: 0.03753 | val_auc: 0.94425 |  0:05:48s
epoch 86 | loss: 0.03527 | val_auc: 0.94446 |  0:05:53s
epoch 87 | loss: 0.03768 | val_auc: 0.94521 |  0:05:58s
epoch 88 | loss: 0.03519 | val_auc: 0.9433  |  0:06:03s
epoch 89 | loss: 0.0347  | val_auc: 0.94513 |  0:06:08s
epoch 90 | loss: 0.03607 | val_auc: 0.945   |  0:06:12s
epoch 91 | loss: 0.03397 | val_auc: 0.94662 |  0:06:16s
epoch 92 | loss: 0.03176 | val_auc: 0.94807 |  0:06:20s
epoch 93 | loss: 0.03081 | val_auc: 0.94697 |  0:06:24s
epoch 94 | loss: 0.02932 | val_auc: 0.94831 |  0:06:29s
epoch 95 | loss: 0.03395 | val_auc: 0.94622 |  0:06:33s
epoch 96 | loss: 0.03217 | val_auc: 0.94537 |  0:06:37s
epoch 97 | loss: 0.02939 | val_auc: 0.94505 |  0:06:41s
epoch 98 | loss: 0.02901 | val_auc: 0.94513 |  0:06:45s
epoch 99 | loss: 0.02824 | val_auc: 0.94641 |  0:06:49s
epoch 100| loss: 0.02919 | val_auc: 0.94578 |  0:06:53s
epoch 101| loss: 0.03064 | val_auc: 0.94494 |  0:06:57s
epoch 102| loss: 0.02958 | val_auc: 0.94462 |  0:07:01s
epoch 103| loss: 0.03046 | val_auc: 0.94604 |  0:07:05s
epoch 104| loss: 0.02766 | val_auc: 0.94758 |  0:07:09s
epoch 105| loss: 0.02462 | val_auc: 0.9464  |  0:07:14s
epoch 106| loss: 0.02458 | val_auc: 0.94551 |  0:07:18s
epoch 107| loss: 0.02589 | val_auc: 0.94687 |  0:07:22s
epoch 108| loss: 0.02412 | val_auc: 0.94608 |  0:07:26s
epoch 109| loss: 0.02364 | val_auc: 0.94586 |  0:07:30s

Early stopping occurred at epoch 109 with best_epoch = 94 and best_val_auc = 0.94831
epoch 0  | loss: 0.76123 | val_auc: 0.76587 |  0:00:05s
epoch 1  | loss: 0.55769 | val_auc: 0.80518 |  0:00:11s
epoch 2  | loss: 0.52243 | val_auc: 0.82193 |  0:00:16s
epoch 3  | loss: 0.49497 | val_auc: 0.8463  |  0:00:21s
epoch 4  | loss: 0.46565 | val_auc: 0.84432 |  0:00:27s
epoch 5  | loss: 0.44887 | val_auc: 0.86718 |  0:00:32s
epoch 6  | loss: 0.43357 | val_auc: 0.88001 |  0:00:38s
epoch 7  | loss: 0.41975 | val_auc: 0.88239 |  0:00:43s
epoch 8  | loss: 0.41396 | val_auc: 0.87821 |  0:00:48s
epoch 9  | loss: 0.39825 | val_auc: 0.88919 |  0:00:53s
epoch 10 | loss: 0.38593 | val_auc: 0.8872  |  0:00:58s
epoch 11 | loss: 0.38948 | val_auc: 0.90159 |  0:01:04s
epoch 12 | loss: 0.3653  | val_auc: 0.90652 |  0:01:09s
epoch 13 | loss: 0.34382 | val_auc: 0.91325 |  0:01:14s
epoch 14 | loss: 0.33124 | val_auc: 0.91419 |  0:01:20s
epoch 15 | loss: 0.3348  | val_auc: 0.91374 |  0:01:25s
epoch 16 | loss: 0.31449 | val_auc: 0.9173  |  0:01:30s
epoch 17 | loss: 0.29558 | val_auc: 0.92214 |  0:01:35s
epoch 18 | loss: 0.28353 | val_auc: 0.92391 |  0:01:41s
epoch 19 | loss: 0.26945 | val_auc: 0.91229 |  0:01:46s
epoch 20 | loss: 0.25583 | val_auc: 0.9277  |  0:01:51s
epoch 21 | loss: 0.24531 | val_auc: 0.93545 |  0:01:57s
epoch 22 | loss: 0.23169 | val_auc: 0.93318 |  0:02:02s
epoch 23 | loss: 0.22407 | val_auc: 0.92889 |  0:02:07s
epoch 24 | loss: 0.22049 | val_auc: 0.93784 |  0:02:12s
epoch 25 | loss: 0.19903 | val_auc: 0.75071 |  0:02:17s
epoch 26 | loss: 0.19154 | val_auc: 0.87411 |  0:02:23s
epoch 27 | loss: 0.18263 | val_auc: 0.92394 |  0:02:28s
epoch 28 | loss: 0.17324 | val_auc: 0.94132 |  0:02:34s
epoch 29 | loss: 0.17112 | val_auc: 0.9444  |  0:02:39s
epoch 30 | loss: 0.16922 | val_auc: 0.94141 |  0:02:44s
epoch 31 | loss: 0.17081 | val_auc: 0.92469 |  0:02:50s
epoch 32 | loss: 0.15859 | val_auc: 0.9424  |  0:02:55s
epoch 33 | loss: 0.14597 | val_auc: 0.94305 |  0:03:00s
epoch 34 | loss: 0.13545 | val_auc: 0.94266 |  0:03:05s
epoch 35 | loss: 0.12886 | val_auc: 0.94564 |  0:03:11s
epoch 36 | loss: 0.12473 | val_auc: 0.94354 |  0:03:16s
epoch 37 | loss: 0.12207 | val_auc: 0.94922 |  0:03:21s
epoch 38 | loss: 0.10811 | val_auc: 0.94892 |  0:03:27s
epoch 39 | loss: 0.10757 | val_auc: 0.94968 |  0:03:32s
epoch 40 | loss: 0.1015  | val_auc: 0.94859 |  0:03:37s
epoch 41 | loss: 0.09854 | val_auc: 0.94922 |  0:03:43s
epoch 42 | loss: 0.10175 | val_auc: 0.94979 |  0:03:48s
epoch 43 | loss: 0.10225 | val_auc: 0.94589 |  0:03:54s
epoch 44 | loss: 0.09146 | val_auc: 0.949   |  0:03:59s
epoch 45 | loss: 0.08269 | val_auc: 0.95072 |  0:04:04s
epoch 46 | loss: 0.08556 | val_auc: 0.95049 |  0:04:09s
epoch 47 | loss: 0.08306 | val_auc: 0.95084 |  0:04:15s
epoch 48 | loss: 0.07903 | val_auc: 0.94944 |  0:04:20s
epoch 49 | loss: 0.08399 | val_auc: 0.95229 |  0:04:25s
epoch 50 | loss: 0.08181 | val_auc: 0.95018 |  0:04:30s
epoch 51 | loss: 0.07364 | val_auc: 0.94793 |  0:04:36s
epoch 52 | loss: 0.0722  | val_auc: 0.953   |  0:04:41s
epoch 53 | loss: 0.07212 | val_auc: 0.94721 |  0:04:46s
epoch 54 | loss: 0.06795 | val_auc: 0.95165 |  0:04:52s
epoch 55 | loss: 0.07259 | val_auc: 0.94894 |  0:04:57s
epoch 56 | loss: 0.06736 | val_auc: 0.95329 |  0:05:02s
epoch 57 | loss: 0.05759 | val_auc: 0.95173 |  0:05:07s
epoch 58 | loss: 0.06086 | val_auc: 0.95184 |  0:05:12s
epoch 59 | loss: 0.06313 | val_auc: 0.95171 |  0:05:18s
epoch 60 | loss: 0.0626  | val_auc: 0.94894 |  0:05:23s
epoch 61 | loss: 0.0617  | val_auc: 0.95038 |  0:05:29s
epoch 62 | loss: 0.05429 | val_auc: 0.95314 |  0:05:34s
epoch 63 | loss: 0.04842 | val_auc: 0.95245 |  0:05:39s
epoch 64 | loss: 0.05326 | val_auc: 0.9517  |  0:05:44s
epoch 65 | loss: 0.05044 | val_auc: 0.95124 |  0:05:50s
epoch 66 | loss: 0.05201 | val_auc: 0.95271 |  0:05:55s
epoch 67 | loss: 0.05459 | val_auc: 0.94975 |  0:06:00s
epoch 68 | loss: 0.06114 | val_auc: 0.9539  |  0:06:06s
epoch 69 | loss: 0.06077 | val_auc: 0.95081 |  0:06:11s
epoch 70 | loss: 0.05699 | val_auc: 0.95316 |  0:06:16s
epoch 71 | loss: 0.04693 | val_auc: 0.94934 |  0:06:22s
epoch 72 | loss: 0.04772 | val_auc: 0.95241 |  0:06:28s
epoch 73 | loss: 0.04885 | val_auc: 0.95041 |  0:06:33s
epoch 74 | loss: 0.04418 | val_auc: 0.95232 |  0:06:38s
epoch 75 | loss: 0.04088 | val_auc: 0.9537  |  0:06:44s
epoch 76 | loss: 0.04158 | val_auc: 0.95049 |  0:06:49s
epoch 77 | loss: 0.04277 | val_auc: 0.95379 |  0:06:54s
epoch 78 | loss: 0.03887 | val_auc: 0.95477 |  0:06:59s
epoch 79 | loss: 0.04002 | val_auc: 0.95328 |  0:07:05s
epoch 80 | loss: 0.03906 | val_auc: 0.95609 |  0:07:10s
epoch 81 | loss: 0.036   | val_auc: 0.9559  |  0:07:15s
epoch 82 | loss: 0.03441 | val_auc: 0.95614 |  0:07:21s
epoch 83 | loss: 0.03752 | val_auc: 0.95266 |  0:07:26s
epoch 84 | loss: 0.03726 | val_auc: 0.95277 |  0:07:32s
epoch 85 | loss: 0.03623 | val_auc: 0.95401 |  0:07:37s
epoch 86 | loss: 0.0343  | val_auc: 0.95435 |  0:07:42s
epoch 87 | loss: 0.03532 | val_auc: 0.95263 |  0:07:47s
epoch 88 | loss: 0.03336 | val_auc: 0.95552 |  0:07:53s
epoch 89 | loss: 0.03314 | val_auc: 0.95443 |  0:07:58s
epoch 90 | loss: 0.03405 | val_auc: 0.95655 |  0:08:03s
epoch 91 | loss: 0.0349  | val_auc: 0.95361 |  0:08:09s
epoch 92 | loss: 0.03172 | val_auc: 0.95544 |  0:08:14s
epoch 93 | loss: 0.02935 | val_auc: 0.95511 |  0:08:19s
epoch 94 | loss: 0.03047 | val_auc: 0.95525 |  0:08:24s
epoch 95 | loss: 0.03058 | val_auc: 0.95541 |  0:08:30s
epoch 96 | loss: 0.0322  | val_auc: 0.95337 |  0:08:35s
epoch 97 | loss: 0.0307  | val_auc: 0.95527 |  0:08:40s
epoch 98 | loss: 0.02896 | val_auc: 0.95545 |  0:08:46s
epoch 99 | loss: 0.02846 | val_auc: 0.95274 |  0:08:51s
epoch 100| loss: 0.0278  | val_auc: 0.95319 |  0:08:56s
epoch 101| loss: 0.02628 | val_auc: 0.95571 |  0:09:01s
epoch 102| loss: 0.02761 | val_auc: 0.955   |  0:09:07s
epoch 103| loss: 0.02684 | val_auc: 0.95735 |  0:09:12s
epoch 104| loss: 0.02534 | val_auc: 0.951   |  0:09:17s
epoch 105| loss: 0.02576 | val_auc: 0.95563 |  0:09:23s
epoch 106| loss: 0.02689 | val_auc: 0.957   |  0:09:28s
epoch 107| loss: 0.02744 | val_auc: 0.95711 |  0:09:33s
epoch 108| loss: 0.02712 | val_auc: 0.95669 |  0:09:38s
epoch 109| loss: 0.02613 | val_auc: 0.9539  |  0:09:44s
epoch 110| loss: 0.02459 | val_auc: 0.95647 |  0:09:49s
epoch 111| loss: 0.02414 | val_auc: 0.95797 |  0:09:55s
epoch 112| loss: 0.02388 | val_auc: 0.95757 |  0:10:00s03:14:26  INFO      models.tabnet_model  TabNet trained | device=mps  best_epoch=137  elapsed=815.9s
03:14:26  INFO      models.tabnet_model  TabNet model saved to /Users/harekrishna/Downloads/credit-default-xai-benchmark/code v1/results/outputs/prosper_temporal/runs/cutoff_2012-01_seed_42/models/tabnet.pkl
03:14:26  INFO      pipeline  ============================================================
03:14:26  INFO      pipeline  STAGE 4: Evaluation (selection on OOF; held-out test reporting)
03:14:26  INFO      pipeline  ============================================================
03:14:27  INFO      pipeline  XGBoost | OOF AUROC=0.6368  f1*=0.2395 @ t=0.41 | test AUROC=0.6877  F1=0.2170  MCC=0.1451
03:14:27  INFO      pipeline  LightGBM | OOF AUROC=0.6328  f1*=0.2366 @ t=0.10 | test AUROC=0.6836  F1=0.1995  MCC=0.1251
03:14:28  INFO      pipeline  CatBoost | OOF AUROC=0.6357  f1*=0.2401 @ t=0.42 | test AUROC=0.6859  F1=0.2122  MCC=0.1360
03:14:28  INFO      pipeline  Random Forest | OOF AUROC=0.5968  f1*=0.2230 @ t=0.25 | test AUROC=0.6670  F1=0.1896  MCC=0.1182
03:14:28  INFO      pipeline  Logistic Reg. | OOF AUROC=0.6290  f1*=0.2405 @ t=0.39 | test AUROC=0.6464  F1=0.1773  MCC=0.1013
03:14:29  INFO      pipeline  TabNet | OOF AUROC=0.5869  f1*=0.2237 @ t=0.02 | test AUROC=0.5477  F1=0.1479  MCC=0.0672
03:14:29  INFO      pipeline  LaTeX table → /Users/harekrishna/Downloads/credit-default-xai-benchmark/code v1/results/outputs/prosper_temporal/runs/cutoff_2012-01_seed_42/results/table2_test_metrics.tex
03:14:29  INFO      pipeline  
                AUROC   AUPRC      F1  Precision  Recall  Specificity  G-Mean     MCC   Brier
Model                                                                                        
XGBoost        0.6877  0.1510  0.2170     0.1447  0.4341       0.7964  0.5880  0.1451  0.1283
LightGBM       0.6836  0.1374  0.1995     0.1262  0.4756       0.7388  0.5928  0.1251  0.0668
CatBoost       0.6859  0.1442  0.2122     0.1537  0.3424       0.8504  0.5396  0.1360  0.1203
Random Forest  0.6670  0.1379  0.1896     0.1134  0.5774       0.6419  0.6088  0.1182  0.0896
Logistic Reg.  0.6464  0.1263  0.1773     0.1037  0.6132       0.5793  0.5960  0.1013  0.1644
TabNet         0.5477  0.0926  0.1479     0.1233  0.1848       0.8958  0.4069  0.0672  0.1060
03:14:29  INFO      visualization.plots  Fig 2 saved → /Users/harekrishna/Downloads/credit-default-xai-benchmark/code v1/results/outputs/prosper_temporal/runs/cutoff_2012-01_seed_42/figures/fig02_roc_curves.pdf
03:14:29  INFO      visualization.plots  Fig 3 saved → /Users/harekrishna/Downloads/credit-default-xai-benchmark/code v1/results/outputs/prosper_temporal/runs/cutoff_2012-01_seed_42/figures/fig03_pr_curves.pdf
03:14:30  INFO      visualization.plots  Fig 4 saved → /Users/harekrishna/Downloads/credit-default-xai-benchmark/code v1/results/outputs/prosper_temporal/runs/cutoff_2012-01_seed_42/figures/fig04_confusion_xgboost.pdf
03:27:57  INFO      pipeline  ============================================================
03:27:57  INFO      pipeline  STAGE 5: SHAP Explanations
03:27:57  INFO      pipeline  ============================================================
03:27:57  INFO      explainability.shap_explainer  SHAP TreeExplainer initialised | output_space=log_odds
03:27:57  INFO      explainability.shap_explainer  SHAP values computed | shape=(2000, 63)
03:27:57  INFO      explainability.shap_explainer  SHAP additivity check | MAE=0.00000 | PASS ✓
03:27:58  INFO      explainability.shap_explainer  Saved SHAP summary → /Users/harekrishna/Downloads/credit-default-xai-benchmark/code v1/results/outputs/prosper_temporal/runs/cutoff_2012-01_seed_42/figures/fig05a_shap_summary_XGBoost.pdf
03:27:58  INFO      explainability.shap_explainer  Saved SHAP bar → /Users/harekrishna/Downloads/credit-default-xai-benchmark/code v1/results/outputs/prosper_temporal/runs/cutoff_2012-01_seed_42/figures/fig05b_shap_bar_XGBoost.pdf
03:27:59  INFO      explainability.shap_explainer  Saved SHAP dependence → /Users/harekrishna/Downloads/credit-default-xai-benchmark/code v1/results/outputs/prosper_temporal/runs/cutoff_2012-01_seed_42/figures/fig06_shap_dep_CreditScoreRangeLower.pdf
03:27:59  INFO      pipeline  LaTeX table → /Users/harekrishna/Downloads/credit-default-xai-benchmark/code v1/results/outputs/prosper_temporal/runs/cutoff_2012-01_seed_42/results/table3_shap_ranking.tex
03:27:59  INFO      visualization.plots  Fig 8 saved → /Users/harekrishna/Downloads/credit-default-xai-benchmark/code v1/results/outputs/prosper_temporal/runs/cutoff_2012-01_seed_42/figures/fig08_importance_comparison.pdf
03:28:00  INFO      visualization.plots  Fig 9 saved → /Users/harekrishna/Downloads/credit-default-xai-benchmark/code v1/results/outputs/prosper_temporal/runs/cutoff_2012-01_seed_42/figures/fig09_threshold_sweep.pdf
03:28:00  INFO      pipeline  ============================================================
03:28:00  INFO      pipeline  STAGE 6: LIME Explanations
03:28:00  INFO      pipeline  ============================================================
03:28:00  INFO      explainability.lime_explainer  LIME tabular explainer initialised | features=63
03:28:00  INFO      pipeline  Local instances selected: {'TP': 2156, 'FP': 7064, 'FN': 275, 'TN': 7808}
03:28:00  INFO      explainability.lime_explainer  Saved LIME explanation → /Users/harekrishna/Downloads/credit-default-xai-benchmark/code v1/results/outputs/prosper_temporal/runs/cutoff_2012-01_seed_42/figures/fig07_tp_lime.pdf
03:28:01  INFO      explainability.lime_explainer  Saved LIME explanation → /Users/harekrishna/Downloads/credit-default-xai-benchmark/code v1/results/outputs/prosper_temporal/runs/cutoff_2012-01_seed_42/figures/fig07_fp_lime.pdf
03:28:01  INFO      explainability.lime_explainer  Saved LIME explanation → /Users/harekrishna/Downloads/credit-default-xai-benchmark/code v1/results/outputs/prosper_temporal/runs/cutoff_2012-01_seed_42/figures/fig07_fn_lime.pdf
03:28:01  INFO      explainability.lime_explainer  Saved LIME explanation → /Users/harekrishna/Downloads/credit-default-xai-benchmark/code v1/results/outputs/prosper_temporal/runs/cutoff_2012-01_seed_42/figures/fig07_tn_lime.pdf
03:28:01  INFO      explainability.lime_explainer  Saved LIME multi-instance grid → /Users/harekrishna/Downloads/credit-default-xai-benchmark/code v1/results/outputs/prosper_temporal/runs/cutoff_2012-01_seed_42/figures/fig07_lime_multi_instance.pdf
03:28:05  INFO      explainability.lime_explainer  LIME batch complete | n=200
03:28:05  INFO      explainability.lime_explainer  SHAP–LIME agreement | mean ρ=0.434 ± 0.242
03:28:06  INFO      explainability.lime_explainer  LIME tabular explainer initialised | features=63
03:28:06  INFO      explainability.lime_explainer  LIME tabular explainer initialised | features=63
03:28:06  INFO      explainability.lime_explainer  LIME tabular explainer initialised | features=63
03:28:07  INFO      explainability.lime_explainer  LIME tabular explainer initialised | features=63
03:28:07  INFO      explainability.lime_explainer  LIME tabular explainer initialised | features=63
03:28:07  INFO      explainability.lime_explainer  LIME tabular explainer initialised | features=63
03:28:08  INFO      explainability.lime_explainer  LIME tabular explainer initialised | features=63
03:28:08  INFO      explainability.lime_explainer  LIME tabular explainer initialised | features=63
03:28:08  INFO      explainability.lime_explainer  LIME tabular explainer initialised | features=63
03:28:09  INFO      explainability.lime_explainer  LIME tabular explainer initialised | features=63
03:28:09  INFO      explainability.lime_explainer  LIME tabular explainer initialised | features=63
03:28:09  INFO      explainability.lime_explainer  LIME tabular explainer initialised | features=63
03:28:10  INFO      explainability.lime_explainer  LIME tabular explainer initialised | features=63
03:28:10  INFO      explainability.lime_explainer  LIME tabular explainer initialised | features=63
03:28:11  INFO      explainability.lime_explainer  LIME tabular explainer initialised | features=63
03:28:11  INFO      explainability.lime_explainer  LIME tabular explainer initialised | features=63
03:28:11  INFO      explainability.lime_explainer  LIME tabular explainer initialised | features=63
03:28:12  INFO      explainability.lime_explainer  LIME tabular explainer initialised | features=63
03:28:12  INFO      explainability.lime_explainer  LIME tabular explainer initialised | features=63
03:28:12  INFO      explainability.lime_explainer  LIME tabular explainer initialised | features=63
03:28:13  INFO      explainability.lime_explainer  LIME tabular explainer initialised | features=63
03:28:13  INFO      explainability.lime_explainer  LIME tabular explainer initialised | features=63
03:28:13  INFO      explainability.lime_explainer  LIME tabular explainer initialised | features=63
03:28:14  INFO      explainability.lime_explainer  LIME tabular explainer initialised | features=63
03:28:14  INFO      explainability.lime_explainer  LIME tabular explainer initialised | features=63
03:28:14  INFO      explainability.lime_explainer  LIME tabular explainer initialised | features=63
03:28:15  INFO      explainability.lime_explainer  LIME tabular explainer initialised | features=63
03:28:15  INFO      explainability.lime_explainer  LIME tabular explainer initialised | features=63
03:28:15  INFO      explainability.lime_explainer  LIME tabular explainer initialised | features=63
03:28:16  INFO      explainability.lime_explainer  LIME tabular explainer initialised | features=63
03:28:16  INFO      explainability.lime_explainer  LIME tabular explainer initialised | features=63
03:28:16  INFO      explainability.lime_explainer  LIME tabular explainer initialised | features=63
03:28:17  INFO      explainability.lime_explainer  LIME tabular explainer initialised | features=63
03:28:17  INFO      explainability.lime_explainer  LIME tabular explainer initialised | features=63
03:28:17  INFO      explainability.lime_explainer  LIME tabular explainer initialised | features=63
03:28:18  INFO      explainability.lime_explainer  LIME tabular explainer initialised | features=63
03:28:18  INFO      explainability.lime_explainer  LIME tabular explainer initialised | features=63
03:28:18  INFO      explainability.lime_explainer  LIME tabular explainer initialised | features=63
03:28:19  INFO      explainability.lime_explainer  LIME tabular explainer initialised | features=63
03:28:19  INFO      explainability.lime_explainer  LIME tabular explainer initialised | features=63
03:28:19  INFO      explainability.lime_explainer  LIME tabular explainer initialised | features=63
03:28:20  INFO      explainability.lime_explainer  LIME tabular explainer initialised | features=63
03:28:20  INFO      explainability.lime_explainer  LIME tabular explainer initialised | features=63
03:28:20  INFO      explainability.lime_explainer  LIME tabular explainer initialised | features=63
03:28:21  INFO      explainability.lime_explainer  LIME tabular explainer initialised | features=63
03:28:21  INFO      explainability.lime_explainer  LIME tabular explainer initialised | features=63
03:28:21  INFO      explainability.lime_explainer  LIME tabular explainer initialised | features=63
03:28:22  INFO      explainability.lime_explainer  LIME tabular explainer initialised | features=63
03:28:22  INFO      explainability.lime_explainer  LIME tabular explainer initialised | features=63
03:28:22  INFO      explainability.lime_explainer  LIME tabular explainer initialised | features=63
03:28:23  INFO      explainability.lime_explainer  LIME tabular explainer initialised | features=63
03:28:23  INFO      explainability.lime_explainer  LIME tabular explainer initialised | features=63
03:28:23  INFO      explainability.lime_explainer  LIME tabular explainer initialised | features=63
03:28:24  INFO      explainability.lime_explainer  LIME tabular explainer initialised | features=63
03:28:24  INFO      explainability.lime_explainer  LIME tabular explainer initialised | features=63
03:28:25  INFO      explainability.lime_explainer  LIME tabular explainer initialised | features=63
03:28:25  INFO      explainability.lime_explainer  LIME tabular explainer initialised | features=63
03:28:25  INFO      explainability.lime_explainer  LIME tabular explainer initialised | features=63
03:28:26  INFO      explainability.lime_explainer  LIME tabular explainer initialised | features=63
03:28:26  INFO      explainability.lime_explainer  LIME tabular explainer initialised | features=63
03:28:26  INFO      explainability.lime_explainer  LIME tabular explainer initialised | features=63
03:28:27  INFO      explainability.lime_explainer  LIME tabular explainer initialised | features=63
03:28:27  INFO      explainability.lime_explainer  LIME tabular explainer initialised | features=63
03:28:27  INFO      explainability.lime_explainer  LIME tabular explainer initialised | features=63
03:28:28  INFO      explainability.lime_explainer  LIME tabular explainer initialised | features=63
03:28:28  INFO      explainability.lime_explainer  LIME tabular explainer initialised | features=63
03:28:28  INFO      explainability.lime_explainer  LIME tabular explainer initialised | features=63
03:28:29  INFO      explainability.lime_explainer  LIME tabular explainer initialised | features=63
03:28:29  INFO      explainability.lime_explainer  LIME tabular explainer initialised | features=63
03:28:29  INFO      explainability.lime_explainer  LIME tabular explainer initialised | features=63
03:28:30  INFO      explainability.lime_explainer  LIME tabular explainer initialised | features=63
03:28:30  INFO      explainability.lime_explainer  LIME tabular explainer initialised | features=63
03:28:30  INFO      explainability.lime_explainer  LIME tabular explainer initialised | features=63
03:28:31  INFO      explainability.lime_explainer  LIME tabular explainer initialised | features=63
03:28:31  INFO      explainability.lime_explainer  LIME tabular explainer initialised | features=63
03:28:31  INFO      explainability.lime_explainer  LIME tabular explainer initialised | features=63
03:28:32  INFO      explainability.lime_explainer  LIME tabular explainer initialised | features=63
03:28:32  INFO      explainability.lime_explainer  LIME tabular explainer initialised | features=63
03:28:32  INFO      explainability.lime_explainer  LIME tabular explainer initialised | features=63
03:28:33  INFO      explainability.lime_explainer  LIME tabular explainer initialised | features=63
03:28:33  INFO      explainability.lime_explainer  LIME tabular explainer initialised | features=63
03:28:33  INFO      explainability.lime_explainer  LIME tabular explainer initialised | features=63
03:28:34  INFO      explainability.lime_explainer  LIME tabular explainer initialised | features=63
03:28:34  INFO      explainability.lime_explainer  LIME tabular explainer initialised | features=63
03:28:34  INFO      explainability.lime_explainer  LIME tabular explainer initialised | features=63
03:28:35  INFO      explainability.lime_explainer  LIME tabular explainer initialised | features=63
03:28:35  INFO      explainability.lime_explainer  LIME tabular explainer initialised | features=63
03:28:35  INFO      explainability.lime_explainer  LIME tabular explainer initialised | features=63
03:28:36  INFO      explainability.lime_explainer  LIME tabular explainer initialised | features=63
03:28:36  INFO      explainability.lime_explainer  LIME tabular explainer initialised | features=63
03:28:36  INFO      explainability.lime_explainer  LIME tabular explainer initialised | features=63
03:28:37  INFO      explainability.lime_explainer  LIME tabular explainer initialised | features=63
03:28:37  INFO      explainability.lime_explainer  LIME tabular explainer initialised | features=63
03:28:37  INFO      explainability.lime_explainer  LIME tabular explainer initialised | features=63
03:28:38  INFO      explainability.lime_explainer  LIME tabular explainer initialised | features=63
03:28:38  INFO      explainability.lime_explainer  LIME tabular explainer initialised | features=63
03:28:38  INFO      explainability.lime_explainer  LIME tabular explainer initialised | features=63
03:28:39  INFO      explainability.lime_explainer  LIME tabular explainer initialised | features=63
03:28:39  INFO      explainability.lime_explainer  LIME tabular explainer initialised | features=63
03:28:39  INFO      explainability.lime_explainer  LIME tabular explainer initialised | features=63
03:28:40  INFO      explainability.lime_explainer  LIME tabular explainer initialised | features=63
03:28:40  INFO      explainability.lime_explainer  LIME tabular explainer initialised | features=63
03:28:40  INFO      explainability.lime_explainer  LIME tabular explainer initialised | features=63
03:28:41  INFO      explainability.lime_explainer  LIME tabular explainer initialised | features=63
03:28:41  INFO      explainability.lime_explainer  LIME tabular explainer initialised | features=63
03:28:41  INFO      explainability.lime_explainer  LIME tabular explainer initialised | features=63
03:28:42  INFO      explainability.lime_explainer  LIME tabular explainer initialised | features=63
03:28:42  INFO      explainability.lime_explainer  LIME tabular explainer initialised | features=63
03:28:43  INFO      explainability.lime_explainer  LIME tabular explainer initialised | features=63
03:28:43  INFO      explainability.lime_explainer  LIME tabular explainer initialised | features=63
03:28:43  INFO      explainability.lime_explainer  LIME tabular explainer initialised | features=63
03:28:44  INFO      explainability.lime_explainer  LIME tabular explainer initialised | features=63
03:28:44  INFO      explainability.lime_explainer  LIME tabular explainer initialised | features=63
03:28:44  INFO      explainability.lime_explainer  LIME tabular explainer initialised | features=63
03:28:45  INFO      explainability.lime_explainer  LIME tabular explainer initialised | features=63
03:28:45  INFO      explainability.lime_explainer  LIME tabular explainer initialised | features=63
03:28:45  INFO      explainability.lime_explainer  LIME tabular explainer initialised | features=63
03:28:46  INFO      explainability.lime_explainer  LIME tabular explainer initialised | features=63
03:28:46  INFO      explainability.lime_explainer  LIME tabular explainer initialised | features=63
03:28:46  INFO      explainability.lime_explainer  LIME tabular explainer initialised | features=63
03:28:47  INFO      explainability.lime_explainer  LIME tabular explainer initialised | features=63
03:28:47  INFO      explainability.lime_explainer  LIME tabular explainer initialised | features=63
03:28:47  INFO      explainability.lime_explainer  LIME tabular explainer initialised | features=63
03:28:48  INFO      explainability.lime_explainer  LIME tabular explainer initialised | features=63
03:28:48  INFO      explainability.lime_explainer  LIME tabular explainer initialised | features=63
03:28:48  INFO      explainability.lime_explainer  LIME tabular explainer initialised | features=63
03:28:49  INFO      explainability.lime_explainer  LIME tabular explainer initialised | features=63
03:28:49  INFO      explainability.lime_explainer  LIME tabular explainer initialised | features=63
03:28:49  INFO      explainability.lime_explainer  LIME tabular explainer initialised | features=63
03:28:50  INFO      explainability.lime_explainer  LIME tabular explainer initialised | features=63
03:28:50  INFO      explainability.lime_explainer  LIME tabular explainer initialised | features=63
03:28:50  INFO      explainability.lime_explainer  LIME tabular explainer initialised | features=63
03:28:51  INFO      explainability.lime_explainer  LIME tabular explainer initialised | features=63
03:28:51  INFO      explainability.lime_explainer  LIME tabular explainer initialised | features=63
03:28:51  INFO      explainability.lime_explainer  LIME tabular explainer initialised | features=63
03:28:52  INFO      explainability.lime_explainer  LIME tabular explainer initialised | features=63
03:28:52  INFO      explainability.lime_explainer  LIME tabular explainer initialised | features=63
03:28:52  INFO      explainability.lime_explainer  LIME tabular explainer initialised | features=63
03:28:53  INFO      explainability.lime_explainer  LIME tabular explainer initialised | features=63
03:28:53  INFO      explainability.lime_explainer  LIME tabular explainer initialised | features=63
03:28:53  INFO      explainability.lime_explainer  LIME tabular explainer initialised | features=63
03:28:54  INFO      explainability.lime_explainer  LIME tabular explainer initialised | features=63
03:28:54  INFO      explainability.lime_explainer  LIME tabular explainer initialised | features=63
03:28:54  INFO      explainability.lime_explainer  LIME tabular explainer initialised | features=63
03:28:55  INFO      explainability.lime_explainer  LIME tabular explainer initialised | features=63
03:28:55  INFO      explainability.lime_explainer  LIME tabular explainer initialised | features=63
03:28:55  INFO      explainability.lime_explainer  LIME tabular explainer initialised | features=63
03:28:56  INFO      explainability.lime_explainer  LIME tabular explainer initialised | features=63
03:28:56  INFO      explainability.lime_explainer  LIME tabular explainer initialised | features=63
03:28:56  INFO      explainability.lime_explainer  LIME tabular explainer initialised | features=63
03:28:57  INFO      explainability.lime_explainer  LIME tabular explainer initialised | features=63
03:28:57  INFO      explainability.lime_explainer  LIME tabular explainer initialised | features=63
03:28:57  INFO      explainability.lime_explainer  LIME tabular explainer initialised | features=63
03:28:58  INFO      explainability.lime_explainer  LIME tabular explainer initialised | features=63
03:28:58  INFO      explainability.lime_explainer  LIME tabular explainer initialised | features=63
03:28:58  INFO      explainability.lime_explainer  LIME tabular explainer initialised | features=63
03:28:59  INFO      explainability.lime_explainer  LIME tabular explainer initialised | features=63
03:28:59  INFO      explainability.lime_explainer  LIME tabular explainer initialised | features=63
03:28:59  INFO      explainability.lime_explainer  LIME tabular explainer initialised | features=63
03:29:00  INFO      explainability.lime_explainer  LIME tabular explainer initialised | features=63
03:29:00  INFO      explainability.lime_explainer  LIME tabular explainer initialised | features=63
03:29:00  INFO      explainability.lime_explainer  LIME tabular explainer initialised | features=63
03:29:01  INFO      explainability.lime_explainer  LIME tabular explainer initialised | features=63
03:29:01  INFO      explainability.lime_explainer  LIME tabular explainer initialised | features=63
03:29:02  INFO      explainability.lime_explainer  LIME tabular explainer initialised | features=63
03:29:02  INFO      explainability.lime_explainer  LIME tabular explainer initialised | features=63
03:29:02  INFO      explainability.lime_explainer  LIME tabular explainer initialised | features=63
03:29:03  INFO      explainability.lime_explainer  LIME tabular explainer initialised | features=63
03:29:03  INFO      explainability.lime_explainer  LIME tabular explainer initialised | features=63
03:29:03  INFO      explainability.lime_explainer  LIME tabular explainer initialised | features=63
03:29:04  INFO      explainability.lime_explainer  LIME tabular explainer initialised | features=63
03:29:04  INFO      explainability.lime_explainer  LIME tabular explainer initialised | features=63
03:29:04  INFO      explainability.lime_explainer  LIME tabular explainer initialised | features=63
03:29:05  INFO      explainability.lime_explainer  LIME tabular explainer initialised | features=63
03:29:05  INFO      explainability.lime_explainer  LIME tabular explainer initialised | features=63
03:29:05  INFO      explainability.lime_explainer  LIME tabular explainer initialised | features=63
03:29:06  INFO      explainability.lime_explainer  LIME tabular explainer initialised | features=63
03:29:06  INFO      explainability.lime_explainer  LIME tabular explainer initialised | features=63
03:29:06  INFO      explainability.lime_explainer  LIME tabular explainer initialised | features=63
03:29:07  INFO      explainability.lime_explainer  LIME tabular explainer initialised | features=63
03:29:07  INFO      explainability.lime_explainer  LIME tabular explainer initialised | features=63
03:29:07  INFO      explainability.lime_explainer  LIME tabular explainer initialised | features=63
03:29:08  INFO      explainability.lime_explainer  LIME tabular explainer initialised | features=63
03:29:08  INFO      explainability.lime_explainer  LIME tabular explainer initialised | features=63
03:29:08  INFO      explainability.lime_explainer  LIME tabular explainer initialised | features=63
03:29:09  INFO      explainability.lime_explainer  LIME tabular explainer initialised | features=63
03:29:09  INFO      explainability.lime_explainer  LIME tabular explainer initialised | features=63
03:29:09  INFO      explainability.lime_explainer  LIME tabular explainer initialised | features=63
03:29:10  INFO      explainability.lime_explainer  LIME tabular explainer initialised | features=63
03:29:10  INFO      explainability.lime_explainer  LIME tabular explainer initialised | features=63
03:29:11  INFO      explainability.lime_explainer  LIME tabular explainer initialised | features=63
03:29:11  INFO      explainability.lime_explainer  LIME tabular explainer initialised | features=63
03:29:11  INFO      explainability.lime_explainer  LIME tabular explainer initialised | features=63
03:29:12  INFO      explainability.lime_explainer  LIME tabular explainer initialised | features=63
03:29:12  INFO      explainability.lime_explainer  LIME tabular explainer initialised | features=63
03:29:12  INFO      explainability.lime_explainer  LIME tabular explainer initialised | features=63
03:29:13  INFO      explainability.lime_explainer  LIME tabular explainer initialised | features=63
03:29:13  INFO      explainability.lime_explainer  LIME tabular explainer initialised | features=63
03:29:13  INFO      explainability.lime_explainer  LIME tabular explainer initialised | features=63
03:29:14  INFO      explainability.lime_explainer  LIME tabular explainer initialised | features=63
03:29:14  INFO      explainability.lime_explainer  LIME tabular explainer initialised | features=63
03:29:14  INFO      explainability.lime_explainer  LIME tabular explainer initialised | features=63
03:29:15  INFO      explainability.lime_explainer  LIME tabular explainer initialised | features=63
03:29:15  INFO      explainability.lime_explainer  LIME tabular explainer initialised | features=63
03:29:15  INFO      explainability.lime_explainer  LIME tabular explainer initialised | features=63
03:29:16  INFO      explainability.lime_explainer  LIME tabular explainer initialised | features=63
03:29:16  INFO      explainability.lime_explainer  LIME tabular explainer initialised | features=63
03:29:16  INFO      explainability.lime_explainer  LIME tabular explainer initialised | features=63
03:29:17  INFO      explainability.lime_explainer  LIME tabular explainer initialised | features=63
03:29:17  INFO      explainability.lime_explainer  LIME tabular explainer initialised | features=63
03:29:17  INFO      explainability.lime_explainer  LIME tabular explainer initialised | features=63
03:29:18  INFO      explainability.lime_explainer  LIME tabular explainer initialised | features=63
03:29:18  INFO      explainability.lime_explainer  LIME tabular explainer initialised | features=63
03:29:18  INFO      explainability.lime_explainer  LIME tabular explainer initialised | features=63
03:29:19  INFO      explainability.lime_explainer  LIME tabular explainer initialised | features=63
03:29:19  INFO      explainability.lime_explainer  LIME tabular explainer initialised | features=63
03:29:19  INFO      explainability.lime_explainer  LIME tabular explainer initialised | features=63
03:29:20  INFO      explainability.lime_explainer  LIME tabular explainer initialised | features=63
03:29:20  INFO      explainability.lime_explainer  LIME tabular explainer initialised | features=63
03:29:20  INFO      explainability.lime_explainer  LIME tabular explainer initialised | features=63
03:29:21  INFO      explainability.lime_explainer  LIME tabular explainer initialised | features=63
03:29:21  INFO      explainability.lime_explainer  LIME tabular explainer initialised | features=63
03:29:22  INFO      explainability.lime_explainer  LIME tabular explainer initialised | features=63
03:29:22  INFO      explainability.lime_explainer  LIME tabular explainer initialised | features=63
03:29:22  INFO      explainability.lime_explainer  LIME tabular explainer initialised | features=63
03:29:23  INFO      explainability.lime_explainer  LIME tabular explainer initialised | features=63
03:29:23  INFO      explainability.lime_explainer  LIME tabular explainer initialised | features=63
03:29:23  INFO      explainability.lime_explainer  LIME tabular explainer initialised | features=63
03:29:24  INFO      explainability.lime_explainer  LIME tabular explainer initialised | features=63
03:29:24  INFO      explainability.lime_explainer  LIME tabular explainer initialised | features=63
03:29:24  INFO      explainability.lime_explainer  LIME tabular explainer initialised | features=63
03:29:25  INFO      explainability.lime_explainer  LIME tabular explainer initialised | features=63
03:29:25  INFO      explainability.lime_explainer  LIME tabular explainer initialised | features=63
03:29:25  INFO      explainability.lime_explainer  LIME tabular explainer initialised | features=63
03:29:26  INFO      explainability.lime_explainer  LIME tabular explainer initialised | features=63
03:29:26  INFO      explainability.lime_explainer  LIME tabular explainer initialised | features=63
03:29:26  INFO      explainability.lime_explainer  LIME tabular explainer initialised | features=63
03:29:27  INFO      explainability.lime_explainer  LIME tabular explainer initialised | features=63
03:29:27  INFO      explainability.lime_explainer  LIME tabular explainer initialised | features=63
03:29:27  INFO      explainability.lime_explainer  LIME tabular explainer initialised | features=63
03:29:28  INFO      explainability.lime_explainer  LIME tabular explainer initialised | features=63
03:29:28  INFO      explainability.lime_explainer  LIME tabular explainer initialised | features=63
03:29:28  INFO      explainability.lime_explainer  LIME tabular explainer initialised | features=63
03:29:29  INFO      explainability.lime_explainer  LIME tabular explainer initialised | features=63
03:29:29  INFO      explainability.lime_explainer  LIME tabular explainer initialised | features=63
03:29:29  INFO      explainability.lime_explainer  LIME tabular explainer initialised | features=63
03:29:30  INFO      explainability.lime_explainer  LIME tabular explainer initialised | features=63
03:29:30  INFO      explainability.lime_explainer  LIME tabular explainer initialised | features=63
03:29:30  INFO      explainability.lime_explainer  LIME tabular explainer initialised | features=63
03:29:31  INFO      explainability.lime_explainer  LIME tabular explainer initialised | features=63
03:29:31  INFO      explainability.lime_explainer  LIME tabular explainer initialised | features=63
03:29:31  INFO      explainability.lime_explainer  LIME tabular explainer initialised | features=63
03:29:32  INFO      explainability.lime_explainer  LIME tabular explainer initialised | features=63
03:29:32  INFO      explainability.lime_explainer  LIME tabular explainer initialised | features=63
03:29:32  INFO      explainability.lime_explainer  LIME tabular explainer initialised | features=63
03:29:33  INFO      explainability.lime_explainer  LIME tabular explainer initialised | features=63
03:29:33  INFO      explainability.lime_explainer  LIME tabular explainer initialised | features=63
03:29:33  INFO      explainability.lime_explainer  LIME tabular explainer initialised | features=63
03:29:34  INFO      explainability.lime_explainer  LIME tabular explainer initialised | features=63
03:29:34  INFO      explainability.lime_explainer  LIME tabular explainer initialised | features=63
03:29:35  INFO      explainability.lime_explainer  LIME tabular explainer initialised | features=63
03:29:35  INFO      explainability.lime_explainer  LIME tabular explainer initialised | features=63
03:29:35  INFO      explainability.lime_explainer  LIME tabular explainer initialised | features=63
03:29:36  INFO      explainability.lime_explainer  LIME tabular explainer initialised | features=63
03:29:36  INFO      explainability.lime_explainer  LIME tabular explainer initialised | features=63
03:29:36  INFO      explainability.lime_explainer  LIME tabular explainer initialised | features=63
03:29:37  INFO      explainability.lime_explainer  LIME tabular explainer initialised | features=63
03:29:37  INFO      explainability.lime_explainer  LIME tabular explainer initialised | features=63
03:29:37  INFO      explainability.lime_explainer  LIME tabular explainer initialised | features=63
03:29:38  INFO      explainability.lime_explainer  LIME tabular explainer initialised | features=63
03:29:38  INFO      explainability.lime_explainer  LIME tabular explainer initialised | features=63
03:29:38  INFO      explainability.lime_explainer  LIME tabular explainer initialised | features=63
03:29:39  INFO      explainability.lime_explainer  LIME tabular explainer initialised | features=63
03:29:39  INFO      explainability.lime_explainer  LIME tabular explainer initialised | features=63
03:29:39  INFO      explainability.lime_explainer  LIME tabular explainer initialised | features=63
03:29:40  INFO      explainability.lime_explainer  LIME tabular explainer initialised | features=63
03:29:40  INFO      explainability.lime_explainer  LIME tabular explainer initialised | features=63
03:29:40  INFO      explainability.lime_explainer  LIME tabular explainer initialised | features=63
03:29:41  INFO      explainability.lime_explainer  LIME tabular explainer initialised | features=63
03:29:41  INFO      explainability.lime_explainer  LIME tabular explainer initialised | features=63
03:29:41  INFO      explainability.lime_explainer  LIME tabular explainer initialised | features=63
03:29:42  INFO      explainability.lime_explainer  LIME tabular explainer initialised | features=63
03:29:42  INFO      explainability.lime_explainer  LIME tabular explainer initialised | features=63
03:29:42  INFO      explainability.lime_explainer  LIME tabular explainer initialised | features=63
03:29:43  INFO      explainability.lime_explainer  LIME tabular explainer initialised | features=63
03:29:43  INFO      explainability.lime_explainer  LIME tabular explainer initialised | features=63
03:29:43  INFO      explainability.lime_explainer  LIME tabular explainer initialised | features=63
03:29:44  INFO      explainability.lime_explainer  LIME tabular explainer initialised | features=63
03:29:44  INFO      explainability.lime_explainer  LIME tabular explainer initialised | features=63
03:29:44  INFO      explainability.lime_explainer  LIME tabular explainer initialised | features=63
03:29:45  INFO      explainability.lime_explainer  LIME tabular explainer initialised | features=63
03:29:45  INFO      explainability.lime_explainer  LIME tabular explainer initialised | features=63
03:29:45  INFO      explainability.lime_explainer  LIME tabular explainer initialised | features=63
03:29:46  INFO      explainability.lime_explainer  LIME tabular explainer initialised | features=63
03:29:46  INFO      explainability.lime_explainer  LIME tabular explainer initialised | features=63
03:29:46  INFO      explainability.lime_explainer  LIME tabular explainer initialised | features=63
03:29:47  INFO      explainability.lime_explainer  LIME tabular explainer initialised | features=63
03:29:47  INFO      explainability.lime_explainer  LIME tabular explainer initialised | features=63
03:29:47  INFO      explainability.lime_explainer  LIME tabular explainer initialised | features=63
03:29:48  INFO      explainability.lime_explainer  LIME tabular explainer initialised | features=63
03:29:48  INFO      pipeline  LaTeX table → /Users/harekrishna/Downloads/credit-default-xai-benchmark/code v1/results/outputs/prosper_temporal/runs/cutoff_2012-01_seed_42/results/table5_explanation_quality.tex
03:29:48  INFO      pipeline  LaTeX table → /Users/harekrishna/Downloads/credit-default-xai-benchmark/code v1/results/outputs/prosper_temporal/runs/cutoff_2012-01_seed_42/results/table4_shap_lime_agreement.tex
03:29:48  INFO      pipeline  ============================================================
03:29:48  INFO      pipeline  STAGE 7: Revision Analyses
03:29:48  INFO      pipeline  ============================================================
03:32:36  INFO      pipeline  Reusing identical OOF pipeline fit.
03:32:40  INFO      pipeline  RUN cutoff_2012-01_seed_42 COMPLETE | champion XGBoost | OOF AUROC 0.6368 | test AUROC 0.6877
03:32:40  INFO      pipeline  ╔══════════════════════════════════════════════╗
03:32:40  INFO      pipeline  ║  Credit Default Prediction with XAI (v3)     ║
03:32:40  INFO      pipeline  ║  Dataset: prosper                            ║
03:32:40  INFO      pipeline  ║  Run: cutoff_2012-01_seed_99                 ║
03:32:40  INFO      pipeline  ╚══════════════════════════════════════════════╝
03:32:40  INFO      pipeline  ============================================================
03:32:40  INFO      pipeline  STAGE 1: Data Loading, Labelling & Partitioning
03:32:40  INFO      pipeline  ============================================================
03:32:40  INFO      data.data_loader  Loading Prosper loans from /Users/harekrishna/Downloads/credit-default-xai-benchmark/code v1/data/prosperLoanData.csv
03:32:42  INFO      data.data_loader  Prosper: 113937 rows, 113066 after LoanKey de-duplication
03:32:42  INFO      data.data_loader  Prosper horizon label (H=12 months, snapshot 2014-03-12): 72067 labelled, 40999 censored, default rate 9.70%
03:32:42  INFO      data.data_loader  Skipping UCI-specific engineered features; required columns not present.
03:32:42  INFO      data.data_loader  Skipping UCI-specific engineered features; required columns not present.
03:32:42  INFO      data.data_loader  Dataset loaded | prosper | train=36634  test=9496 | default rate train=12.12% test=7.35% | 8 nominal, 33 continuous
03:32:42  INFO      pipeline  Imbalance stats (train): {"n_total": 36634, "n_majority": 32193, "n_minority": 4441, "imbalance_ratio": 7.249, "minority_pct": 12.12}
03:32:43  INFO      visualization.plots  Fig 1 saved → /Users/harekrishna/Downloads/credit-default-xai-benchmark/code v1/results/outputs/prosper_temporal/runs/cutoff_2012-01_seed_99/figures/fig01_class_distribution.pdf
03:32:43  INFO      pipeline  ============================================================
03:32:43  INFO      pipeline  STAGE 2: Imbalance Strategy Ablation (selected on OOF AUROC)
03:32:43  INFO      pipeline  ============================================================
03:32:58  INFO      pipeline  Ablation | SMOTE            | OOF AUROC=0.6084  test AUROC=0.6665
03:33:15  INFO      pipeline  Ablation | BorderlineSMOTE  | OOF AUROC=0.6024  test AUROC=0.6673
03:35:07  INFO      pipeline  Ablation | SVMSMOTE         | OOF AUROC=0.6127  test AUROC=0.6743
03:35:23  INFO      pipeline  Ablation | ADASYN           | OOF AUROC=0.5968  test AUROC=0.6657
03:35:26  INFO      pipeline  Ablation | None             | OOF AUROC=0.6005  test AUROC=0.6644
03:35:28  INFO      pipeline  Ablation | ClassWeight      | OOF AUROC=0.4953  test AUROC=0.5986
03:35:29  INFO      pipeline  Best imbalance strategy (OOF AUROC): SVMSMOTE → 0.6127 [probe: LightGBM]
03:35:29  INFO      pipeline  ============================================================
03:35:29  INFO      pipeline  STAGE 3: Model Training (training CV selection, OOF predictions, refit)
03:35:29  INFO      pipeline  ============================================================
03:35:29  INFO      pipeline  Training XGBoost …
03:36:34  INFO      pipeline  XGBoost | per-model strategy=ClassWeight | OOF AUROC by strategy={'SMOTE': 0.6163, 'BorderlineSMOTE': 0.6134, 'SVMSMOTE': 0.6261, 'ADASYN': 0.6126, 'None': 0.5822, 'ClassWeight': 0.6352}
03:36:34  INFO      pipeline  RandomizedSearchCV | model=XGBoost strategy=ClassWeight n_iter=12
03:36:53  INFO      pipeline  Training LightGBM …
03:36:53  INFO      pipeline  Reusing identical OOF pipeline fit.
03:36:53  INFO      pipeline  Reusing identical OOF pipeline fit.
03:36:53  INFO      pipeline  Reusing identical OOF pipeline fit.
03:36:53  INFO      pipeline  Reusing identical OOF pipeline fit.
03:36:53  INFO      pipeline  Reusing identical OOF pipeline fit.
03:36:53  INFO      pipeline  Reusing identical OOF pipeline fit.
03:36:53  INFO      pipeline  LightGBM | per-model strategy=SVMSMOTE | OOF AUROC by strategy={'SMOTE': 0.6084, 'BorderlineSMOTE': 0.6024, 'SVMSMOTE': 0.6127, 'ADASYN': 0.5968, 'None': 0.6005, 'ClassWeight': 0.4953}
03:36:53  INFO      pipeline  RandomizedSearchCV | model=LightGBM strategy=SVMSMOTE n_iter=12
03:47:21  INFO      pipeline  Training CatBoost …
03:48:45  INFO      pipeline  CatBoost | per-model strategy=ClassWeight | OOF AUROC by strategy={'SMOTE': 0.6133, 'BorderlineSMOTE': 0.6125, 'SVMSMOTE': 0.615, 'ADASYN': 0.6138, 'None': 0.6164, 'ClassWeight': 0.6304}
03:48:45  INFO      pipeline  RandomizedSearchCV | model=CatBoost strategy=ClassWeight n_iter=12
03:49:21  INFO      pipeline  Training Random Forest …
03:50:50  INFO      pipeline  Random Forest | per-model strategy=ClassWeight | OOF AUROC by strategy={'SMOTE': 0.5494, 'BorderlineSMOTE': 0.545, 'SVMSMOTE': 0.5492, 'ADASYN': 0.5488, 'None': 0.5515, 'ClassWeight': 0.5602}
03:50:50  INFO      pipeline  RandomizedSearchCV | model=Random Forest strategy=ClassWeight n_iter=12
03:52:24  INFO      pipeline  Reusing verified legacy final model: Random Forest
03:52:24  INFO      pipeline  Training Logistic Reg. …
03:53:21  INFO      pipeline  Logistic Reg. | per-model strategy=ClassWeight | OOF AUROC by strategy={'SMOTE': 0.5761, 'BorderlineSMOTE': 0.5535, 'SVMSMOTE': 0.5573, 'ADASYN': 0.5662, 'None': 0.5542, 'ClassWeight': 0.6082}
03:53:21  INFO      pipeline  RandomizedSearchCV | model=Logistic Reg. strategy=ClassWeight n_iter=12
03:53:28  INFO      pipeline  Reusing verified legacy final model: Logistic Reg.
03:53:28  INFO      pipeline  Training TabNet …
03:53:29  INFO      models.tabnet_model  Apple MPS backend passed smoke test — using GPU acceleration.
03:53:29  INFO      models.tabnet_model  TabNet starting | device=mps  max_epochs=200  patience=15  batch_size=1024  n_train=140
03:53:30  INFO      models.tabnet_model  TabNet trained | device=mps  best_epoch=2  elapsed=1.6s
03:53:33  INFO      models.tabnet_model  Apple MPS backend passed smoke test — using GPU acceleration.
03:53:33  INFO      models.tabnet_model  TabNet starting | device=mps  max_epochs=200  patience=15  batch_size=1024  n_train=14916
03:54:41  INFO      models.tabnet_model  TabNet trained | device=mps  best_epoch=38  elapsed=68.1s
03:55:17  INFO      models.tabnet_model  Apple MPS backend passed smoke test — using GPU acceleration.
03:55:17  INFO      models.tabnet_model  TabNet starting | device=mps  max_epochs=200  patience=15  batch_size=1024  n_train=49858

epoch 113| loss: 0.02441 | val_auc: 0.95299 |  0:10:05s
epoch 114| loss: 0.0234  | val_auc: 0.95717 |  0:10:11s
epoch 115| loss: 0.02356 | val_auc: 0.95835 |  0:10:16s
epoch 116| loss: 0.02145 | val_auc: 0.95881 |  0:10:22s
epoch 117| loss: 0.02214 | val_auc: 0.95643 |  0:10:27s
epoch 118| loss: 0.02258 | val_auc: 0.95498 |  0:10:32s
epoch 119| loss: 0.0228  | val_auc: 0.95366 |  0:10:37s
epoch 120| loss: 0.02186 | val_auc: 0.95793 |  0:10:42s
epoch 121| loss: 0.0202  | val_auc: 0.95776 |  0:10:48s
epoch 122| loss: 0.02193 | val_auc: 0.95716 |  0:10:53s
epoch 123| loss: 0.02397 | val_auc: 0.95711 |  0:10:58s
epoch 124| loss: 0.02153 | val_auc: 0.95774 |  0:11:03s
epoch 125| loss: 0.02052 | val_auc: 0.95767 |  0:11:09s
epoch 126| loss: 0.02118 | val_auc: 0.95929 |  0:11:14s
epoch 127| loss: 0.01886 | val_auc: 0.96019 |  0:11:19s
epoch 128| loss: 0.01867 | val_auc: 0.95886 |  0:11:25s
epoch 129| loss: 0.01853 | val_auc: 0.95891 |  0:11:30s
epoch 130| loss: 0.01765 | val_auc: 0.9583  |  0:11:35s
epoch 131| loss: 0.01836 | val_auc: 0.95635 |  0:11:41s
epoch 132| loss: 0.01773 | val_auc: 0.96007 |  0:11:46s
epoch 133| loss: 0.01863 | val_auc: 0.9581  |  0:11:51s
epoch 134| loss: 0.01751 | val_auc: 0.95891 |  0:11:56s
epoch 135| loss: 0.0178  | val_auc: 0.95471 |  0:12:01s
epoch 136| loss: 0.017   | val_auc: 0.96043 |  0:12:07s
epoch 137| loss: 0.01583 | val_auc: 0.96078 |  0:12:12s
epoch 138| loss: 0.01702 | val_auc: 0.95494 |  0:12:17s
epoch 139| loss: 0.01684 | val_auc: 0.95851 |  0:12:22s
epoch 140| loss: 0.01664 | val_auc: 0.9599  |  0:12:28s
epoch 141| loss: 0.01619 | val_auc: 0.95972 |  0:12:33s
epoch 142| loss: 0.01805 | val_auc: 0.95888 |  0:12:38s
epoch 143| loss: 0.01701 | val_auc: 0.95768 |  0:12:44s
epoch 144| loss: 0.01691 | val_auc: 0.95991 |  0:12:49s
epoch 145| loss: 0.01593 | val_auc: 0.95961 |  0:12:54s
epoch 146| loss: 0.01579 | val_auc: 0.96003 |  0:13:00s
epoch 147| loss: 0.01585 | val_auc: 0.96018 |  0:13:05s
epoch 148| loss: 0.01553 | val_auc: 0.95669 |  0:13:10s
epoch 149| loss: 0.01579 | val_auc: 0.9593  |  0:13:15s
epoch 150| loss: 0.01432 | val_auc: 0.95882 |  0:13:21s
epoch 151| loss: 0.01386 | val_auc: 0.95847 |  0:13:26s
epoch 152| loss: 0.01543 | val_auc: 0.95815 |  0:13:31s

Early stopping occurred at epoch 152 with best_epoch = 137 and best_val_auc = 0.96078
Successfully saved model at /Users/harekrishna/Downloads/credit-default-xai-benchmark/code v1/results/outputs/prosper_temporal/runs/cutoff_2012-01_seed_42/models/tabnet.pkl.zip
epoch 0  | loss: 2.07457 | val_auc: 0.7     |  0:00:00s
epoch 1  | loss: 1.1097  | val_auc: 0.7     |  0:00:00s
epoch 2  | loss: 0.43724 | val_auc: 1.0     |  0:00:00s
epoch 3  | loss: 0.54655 | val_auc: 0.625   |  0:00:00s
epoch 4  | loss: 0.3621  | val_auc: 0.725   |  0:00:00s
epoch 5  | loss: 0.4774  | val_auc: 0.725   |  0:00:00s
epoch 6  | loss: 0.54523 | val_auc: 0.725   |  0:00:00s
epoch 7  | loss: 0.33615 | val_auc: 0.5     |  0:00:00s
epoch 8  | loss: 0.61486 | val_auc: 0.5     |  0:00:00s
epoch 9  | loss: 0.56259 | val_auc: 0.425   |  0:00:00s
epoch 10 | loss: 0.41484 | val_auc: 0.45    |  0:00:00s
epoch 11 | loss: 0.35538 | val_auc: 0.7     |  0:00:00s
epoch 12 | loss: 0.40576 | val_auc: 0.7     |  0:00:00s
epoch 13 | loss: 0.47419 | val_auc: 1.0     |  0:00:01s
epoch 14 | loss: 0.50652 | val_auc: 1.0     |  0:00:01s
epoch 15 | loss: 0.50883 | val_auc: 1.0     |  0:00:01s
epoch 16 | loss: 0.54625 | val_auc: 1.0     |  0:00:01s
epoch 17 | loss: 0.45466 | val_auc: 1.0     |  0:00:01s

Early stopping occurred at epoch 17 with best_epoch = 2 and best_val_auc = 1.0
epoch 0  | loss: 0.86947 | val_auc: 0.8157  |  0:00:01s
epoch 1  | loss: 0.66119 | val_auc: 0.8458  |  0:00:02s
epoch 2  | loss: 0.53014 | val_auc: 0.88537 |  0:00:04s
epoch 3  | loss: 0.44069 | val_auc: 0.89816 |  0:00:05s
epoch 4  | loss: 0.41925 | val_auc: 0.89599 |  0:00:06s
epoch 5  | loss: 0.39331 | val_auc: 0.9001  |  0:00:07s
epoch 6  | loss: 0.37571 | val_auc: 0.90794 |  0:00:09s
epoch 7  | loss: 0.37393 | val_auc: 0.9157  |  0:00:10s
epoch 8  | loss: 0.36873 | val_auc: 0.91856 |  0:00:11s
epoch 9  | loss: 0.35591 | val_auc: 0.91968 |  0:00:12s
epoch 10 | loss: 0.34792 | val_auc: 0.92523 |  0:00:14s
epoch 11 | loss: 0.34153 | val_auc: 0.92788 |  0:00:15s
epoch 12 | loss: 0.33585 | val_auc: 0.92727 |  0:00:16s
epoch 13 | loss: 0.33114 | val_auc: 0.92867 |  0:00:17s
epoch 14 | loss: 0.32221 | val_auc: 0.93173 |  0:00:19s
epoch 15 | loss: 0.32302 | val_auc: 0.93513 |  0:00:20s
epoch 16 | loss: 0.31827 | val_auc: 0.93451 |  0:00:21s
epoch 17 | loss: 0.31635 | val_auc: 0.93106 |  0:00:22s
epoch 18 | loss: 0.31594 | val_auc: 0.93385 |  0:00:23s
epoch 19 | loss: 0.31672 | val_auc: 0.93242 |  0:00:25s
epoch 20 | loss: 0.31013 | val_auc: 0.93343 |  0:00:26s
epoch 21 | loss: 0.30548 | val_auc: 0.93224 |  0:00:27s
epoch 22 | loss: 0.3031  | val_auc: 0.93321 |  0:00:28s
epoch 23 | loss: 0.30154 | val_auc: 0.93232 |  0:00:30s
epoch 24 | loss: 0.30002 | val_auc: 0.93247 |  0:00:31s
epoch 25 | loss: 0.29593 | val_auc: 0.93638 |  0:00:32s
epoch 26 | loss: 0.29332 | val_auc: 0.93647 |  0:00:33s
epoch 27 | loss: 0.28609 | val_auc: 0.9362  |  0:00:35s
epoch 28 | loss: 0.29733 | val_auc: 0.93797 |  0:00:36s
epoch 29 | loss: 0.28804 | val_auc: 0.93603 |  0:00:37s
epoch 30 | loss: 0.29104 | val_auc: 0.93773 |  0:00:38s
epoch 31 | loss: 0.28216 | val_auc: 0.9384  |  0:00:39s
epoch 32 | loss: 0.28159 | val_auc: 0.93381 |  0:00:41s
epoch 33 | loss: 0.28664 | val_auc: 0.93878 |  0:00:42s
epoch 34 | loss: 0.27925 | val_auc: 0.93695 |  0:00:43s
epoch 35 | loss: 0.27194 | val_auc: 0.93938 |  0:00:44s
epoch 36 | loss: 0.26126 | val_auc: 0.93994 |  0:00:46s
epoch 37 | loss: 0.25752 | val_auc: 0.94067 |  0:00:47s
epoch 38 | loss: 0.25499 | val_auc: 0.94147 |  0:00:48s
epoch 39 | loss: 0.25163 | val_auc: 0.9397  |  0:00:49s
epoch 40 | loss: 0.24949 | val_auc: 0.93659 |  0:00:50s
epoch 41 | loss: 0.24806 | val_auc: 0.93612 |  0:00:52s
epoch 42 | loss: 0.24139 | val_auc: 0.93745 |  0:00:53s
epoch 43 | loss: 0.23566 | val_auc: 0.94052 |  0:00:54s
epoch 44 | loss: 0.23663 | val_auc: 0.93929 |  0:00:55s
epoch 45 | loss: 0.23086 | val_auc: 0.93823 |  0:00:57s
epoch 46 | loss: 0.23827 | val_auc: 0.93783 |  0:00:58s
epoch 47 | loss: 0.24464 | val_auc: 0.93665 |  0:00:59s
epoch 48 | loss: 0.231   | val_auc: 0.9406  |  0:01:00s
epoch 49 | loss: 0.22379 | val_auc: 0.93604 |  0:01:02s
epoch 50 | loss: 0.21703 | val_auc: 0.93792 |  0:01:03s
epoch 51 | loss: 0.21524 | val_auc: 0.94118 |  0:01:04s
epoch 52 | loss: 0.21828 | val_auc: 0.9387  |  0:01:05s
epoch 53 | loss: 0.21379 | val_auc: 0.93784 |  0:01:07s

Early stopping occurred at epoch 53 with best_epoch = 38 and best_val_auc = 0.94147
epoch 0  | loss: 0.65095 | val_auc: 0.8635  |  0:00:04s
epoch 1  | loss: 0.44777 | val_auc: 0.88215 |  0:00:08s
epoch 2  | loss: 0.42872 | val_auc: 0.89141 |  0:00:12s
epoch 3  | loss: 0.41004 | val_auc: 0.89854 |  0:00:16s
epoch 4  | loss: 0.39555 | val_auc: 0.90392 |  0:00:20s
epoch 5  | loss: 0.38335 | val_auc: 0.90016 |  0:00:24s
epoch 6  | loss: 0.37806 | val_auc: 0.91229 |  0:00:28s
epoch 7  | loss: 0.36574 | val_auc: 0.91775 |  0:00:32s
epoch 8  | loss: 0.36061 | val_auc: 0.9211  |  0:00:36s
epoch 9  | loss: 0.35442 | val_auc: 0.92562 |  0:00:40s
epoch 10 | loss: 0.34929 | val_auc: 0.9224  |  0:00:44s
epoch 11 | loss: 0.34475 | val_auc: 0.92197 |  0:00:48s
epoch 12 | loss: 0.3456  | val_auc: 0.92743 |  0:00:53s
epoch 13 | loss: 0.33174 | val_auc: 0.93235 |  0:00:56s
epoch 14 | loss: 0.32981 | val_auc: 0.92996 |  0:01:01s
epoch 15 | loss: 0.32352 | val_auc: 0.93456 |  0:01:05s
epoch 16 | loss: 0.31799 | val_auc: 0.93507 |  0:01:09s
epoch 17 | loss: 0.3133  | val_auc: 0.93427 |  0:01:13s
epoch 18 | loss: 0.30396 | val_auc: 0.93642 |  0:01:17s
epoch 19 | loss: 0.29435 | val_auc: 0.93548 |  0:01:21s
epoch 20 | loss: 0.29031 | val_auc: 0.93638 |  0:01:25s
epoch 21 | loss: 0.27606 | val_auc: 0.9305  |  0:01:29s
epoch 22 | loss: 0.28425 | val_auc: 0.93396 |  0:01:33s
epoch 23 | loss: 0.28215 | val_auc: 0.92992 |  0:01:37s
epoch 24 | loss: 0.29112 | val_auc: 0.9303  |  0:01:41s
epoch 25 | loss: 0.27428 | val_auc: 0.94124 |  0:01:45s
epoch 26 | loss: 0.27187 | val_auc: 0.93867 |  0:01:49s04:03:00  INFO      models.tabnet_model  TabNet trained | device=mps  best_epoch=97  elapsed=462.4s
04:04:07  INFO      models.tabnet_model  Apple MPS backend passed smoke test — using GPU acceleration.
04:04:07  INFO      models.tabnet_model  TabNet starting | device=mps  max_epochs=200  patience=15  batch_size=1024  n_train=64386

epoch 27 | loss: 0.2561  | val_auc: 0.94036 |  0:01:54s
epoch 28 | loss: 0.24475 | val_auc: 0.94435 |  0:01:58s
epoch 29 | loss: 0.23358 | val_auc: 0.94237 |  0:02:02s
epoch 30 | loss: 0.22729 | val_auc: 0.94296 |  0:02:06s
epoch 31 | loss: 0.21267 | val_auc: 0.94421 |  0:02:10s
epoch 32 | loss: 0.20572 | val_auc: 0.94551 |  0:02:14s
epoch 33 | loss: 0.2016  | val_auc: 0.94516 |  0:02:18s
epoch 34 | loss: 0.19611 | val_auc: 0.94635 |  0:02:22s
epoch 35 | loss: 0.18778 | val_auc: 0.94634 |  0:02:26s
epoch 36 | loss: 0.18447 | val_auc: 0.94462 |  0:02:30s
epoch 37 | loss: 0.17158 | val_auc: 0.94685 |  0:02:34s
epoch 38 | loss: 0.1641  | val_auc: 0.94394 |  0:02:39s
epoch 39 | loss: 0.15907 | val_auc: 0.94618 |  0:02:42s
epoch 40 | loss: 0.15343 | val_auc: 0.94625 |  0:02:47s
epoch 41 | loss: 0.14899 | val_auc: 0.94397 |  0:02:51s
epoch 42 | loss: 0.14031 | val_auc: 0.94451 |  0:02:55s
epoch 43 | loss: 0.13541 | val_auc: 0.94472 |  0:02:59s
epoch 44 | loss: 0.12431 | val_auc: 0.94098 |  0:03:03s
epoch 45 | loss: 0.11877 | val_auc: 0.94462 |  0:03:07s
epoch 46 | loss: 0.11711 | val_auc: 0.94659 |  0:03:11s
epoch 47 | loss: 0.11449 | val_auc: 0.94296 |  0:03:15s
epoch 48 | loss: 0.11286 | val_auc: 0.94568 |  0:03:19s
epoch 49 | loss: 0.10334 | val_auc: 0.94717 |  0:03:23s
epoch 50 | loss: 0.09398 | val_auc: 0.94551 |  0:03:27s
epoch 51 | loss: 0.10051 | val_auc: 0.94601 |  0:03:31s
epoch 52 | loss: 0.09072 | val_auc: 0.94762 |  0:03:35s
epoch 53 | loss: 0.09439 | val_auc: 0.94837 |  0:03:39s
epoch 54 | loss: 0.09087 | val_auc: 0.94451 |  0:03:43s
epoch 55 | loss: 0.07915 | val_auc: 0.94443 |  0:03:48s
epoch 56 | loss: 0.07776 | val_auc: 0.94483 |  0:03:52s
epoch 57 | loss: 0.07522 | val_auc: 0.9477  |  0:03:56s
epoch 58 | loss: 0.0763  | val_auc: 0.94737 |  0:04:00s
epoch 59 | loss: 0.07727 | val_auc: 0.94561 |  0:04:04s
epoch 60 | loss: 0.0747  | val_auc: 0.94846 |  0:04:08s
epoch 61 | loss: 0.06673 | val_auc: 0.94832 |  0:04:12s
epoch 62 | loss: 0.06319 | val_auc: 0.94966 |  0:04:16s
epoch 63 | loss: 0.0701  | val_auc: 0.94515 |  0:04:20s
epoch 64 | loss: 0.06283 | val_auc: 0.9473  |  0:04:24s
epoch 65 | loss: 0.05812 | val_auc: 0.94846 |  0:04:28s
epoch 66 | loss: 0.06621 | val_auc: 0.94806 |  0:04:32s
epoch 67 | loss: 0.05414 | val_auc: 0.94666 |  0:04:36s
epoch 68 | loss: 0.05271 | val_auc: 0.94852 |  0:04:40s
epoch 69 | loss: 0.05461 | val_auc: 0.94832 |  0:04:44s
epoch 70 | loss: 0.05297 | val_auc: 0.94758 |  0:04:48s
epoch 71 | loss: 0.05498 | val_auc: 0.9481  |  0:04:52s
epoch 72 | loss: 0.05054 | val_auc: 0.94732 |  0:04:56s
epoch 73 | loss: 0.0476  | val_auc: 0.94824 |  0:05:00s
epoch 74 | loss: 0.04641 | val_auc: 0.94871 |  0:05:04s
epoch 75 | loss: 0.04427 | val_auc: 0.94859 |  0:05:08s
epoch 76 | loss: 0.04388 | val_auc: 0.94664 |  0:05:12s
epoch 77 | loss: 0.04705 | val_auc: 0.95005 |  0:05:17s
epoch 78 | loss: 0.0485  | val_auc: 0.94848 |  0:05:21s
epoch 79 | loss: 0.04255 | val_auc: 0.94634 |  0:05:25s
epoch 80 | loss: 0.04233 | val_auc: 0.94976 |  0:05:29s
epoch 81 | loss: 0.03736 | val_auc: 0.94862 |  0:05:33s
epoch 82 | loss: 0.03874 | val_auc: 0.951   |  0:05:37s
epoch 83 | loss: 0.03526 | val_auc: 0.95175 |  0:05:41s
epoch 84 | loss: 0.03998 | val_auc: 0.94885 |  0:05:45s
epoch 85 | loss: 0.03945 | val_auc: 0.95039 |  0:05:49s
epoch 86 | loss: 0.03381 | val_auc: 0.94754 |  0:05:53s
epoch 87 | loss: 0.03453 | val_auc: 0.94842 |  0:05:57s
epoch 88 | loss: 0.03379 | val_auc: 0.95146 |  0:06:01s
epoch 89 | loss: 0.03273 | val_auc: 0.95013 |  0:06:05s
epoch 90 | loss: 0.03291 | val_auc: 0.94828 |  0:06:10s
epoch 91 | loss: 0.0298  | val_auc: 0.94798 |  0:06:13s
epoch 92 | loss: 0.03095 | val_auc: 0.94923 |  0:06:18s
epoch 93 | loss: 0.02989 | val_auc: 0.948   |  0:06:22s
epoch 94 | loss: 0.03043 | val_auc: 0.9476  |  0:06:26s
epoch 95 | loss: 0.03101 | val_auc: 0.95057 |  0:06:30s
epoch 96 | loss: 0.0324  | val_auc: 0.9508  |  0:06:34s
epoch 97 | loss: 0.02764 | val_auc: 0.95178 |  0:06:38s
epoch 98 | loss: 0.02704 | val_auc: 0.94931 |  0:06:42s
epoch 99 | loss: 0.03217 | val_auc: 0.95075 |  0:06:46s
epoch 100| loss: 0.02683 | val_auc: 0.94848 |  0:06:50s
epoch 101| loss: 0.02755 | val_auc: 0.95004 |  0:06:54s
epoch 102| loss: 0.02566 | val_auc: 0.94885 |  0:06:58s
epoch 103| loss: 0.02644 | val_auc: 0.95016 |  0:07:02s
epoch 104| loss: 0.02499 | val_auc: 0.95067 |  0:07:06s
epoch 105| loss: 0.02353 | val_auc: 0.95167 |  0:07:11s
epoch 106| loss: 0.02397 | val_auc: 0.95017 |  0:07:15s
epoch 107| loss: 0.02463 | val_auc: 0.95021 |  0:07:19s
epoch 108| loss: 0.02487 | val_auc: 0.94957 |  0:07:23s
epoch 109| loss: 0.02441 | val_auc: 0.95014 |  0:07:27s
epoch 110| loss: 0.02494 | val_auc: 0.95095 |  0:07:31s
epoch 111| loss: 0.02311 | val_auc: 0.94969 |  0:07:35s
epoch 112| loss: 0.02232 | val_auc: 0.95064 |  0:07:39s

Early stopping occurred at epoch 112 with best_epoch = 97 and best_val_auc = 0.95178
epoch 0  | loss: 0.61187 | val_auc: 0.85525 |  0:00:05s
epoch 1  | loss: 0.42717 | val_auc: 0.8962  |  0:00:11s
epoch 2  | loss: 0.39371 | val_auc: 0.90552 |  0:00:16s
epoch 3  | loss: 0.37179 | val_auc: 0.91403 |  0:00:21s
epoch 4  | loss: 0.35862 | val_auc: 0.91787 |  0:00:26s
epoch 5  | loss: 0.34873 | val_auc: 0.92617 |  0:00:33s
epoch 6  | loss: 0.34327 | val_auc: 0.92975 |  0:00:38s
epoch 7  | loss: 0.3295  | val_auc: 0.93363 |  0:00:44s
epoch 8  | loss: 0.32129 | val_auc: 0.93597 |  0:00:49s
epoch 9  | loss: 0.31156 | val_auc: 0.93742 |  0:00:54s
epoch 10 | loss: 0.30727 | val_auc: 0.9381  |  0:01:00s
epoch 11 | loss: 0.30129 | val_auc: 0.93865 |  0:01:06s
epoch 12 | loss: 0.29453 | val_auc: 0.93981 |  0:01:11s
epoch 13 | loss: 0.29873 | val_auc: 0.93755 |  0:01:16s
epoch 14 | loss: 0.29604 | val_auc: 0.94282 |  0:01:23s
epoch 15 | loss: 0.28297 | val_auc: 0.94417 |  0:01:29s
epoch 16 | loss: 0.29055 | val_auc: 0.93126 |  0:01:35s
epoch 17 | loss: 0.29673 | val_auc: 0.94228 |  0:01:40s
epoch 18 | loss: 0.2833  | val_auc: 0.94183 |  0:01:46s
epoch 19 | loss: 0.26403 | val_auc: 0.8655  |  0:01:51s
epoch 20 | loss: 0.25434 | val_auc: 0.92579 |  0:01:56s
epoch 21 | loss: 0.24649 | val_auc: 0.94497 |  0:02:01s
epoch 22 | loss: 0.24094 | val_auc: 0.94872 |  0:02:07s
epoch 23 | loss: 0.23096 | val_auc: 0.94992 |  0:02:13s
epoch 24 | loss: 0.22306 | val_auc: 0.94932 |  0:02:18s
epoch 25 | loss: 0.21088 | val_auc: 0.95141 |  0:02:23s
epoch 26 | loss: 0.20953 | val_auc: 0.95019 |  0:02:28s
epoch 27 | loss: 0.2025  | val_auc: 0.94909 |  0:02:34s
epoch 28 | loss: 0.19534 | val_auc: 0.95007 |  0:02:39s
epoch 29 | loss: 0.18898 | val_auc: 0.95286 |  0:02:44s
epoch 30 | loss: 0.18251 | val_auc: 0.94941 |  0:02:49s
epoch 31 | loss: 0.17041 | val_auc: 0.95107 |  0:02:54s
epoch 32 | loss: 0.16548 | val_auc: 0.95259 |  0:03:00s
epoch 33 | loss: 0.15816 | val_auc: 0.95336 |  0:03:05s
epoch 34 | loss: 0.15805 | val_auc: 0.95311 |  0:03:10s
epoch 35 | loss: 0.15191 | val_auc: 0.95213 |  0:03:16s
epoch 36 | loss: 0.15637 | val_auc: 0.95344 |  0:03:21s
epoch 37 | loss: 0.14486 | val_auc: 0.95177 |  0:03:26s
epoch 38 | loss: 0.13074 | val_auc: 0.95528 |  0:03:31s
epoch 39 | loss: 0.12555 | val_auc: 0.95451 |  0:03:37s
epoch 40 | loss: 0.12301 | val_auc: 0.95355 |  0:03:42s
epoch 41 | loss: 0.11813 | val_auc: 0.95308 |  0:03:47s
epoch 42 | loss: 0.11637 | val_auc: 0.95542 |  0:03:52s
epoch 43 | loss: 0.10374 | val_auc: 0.95264 |  0:03:58s
epoch 44 | loss: 0.10193 | val_auc: 0.95244 |  0:04:03s
epoch 45 | loss: 0.09871 | val_auc: 0.95445 |  0:04:08s
epoch 46 | loss: 0.09224 | val_auc: 0.95463 |  0:04:13s
epoch 47 | loss: 0.09361 | val_auc: 0.95484 |  0:04:19s
epoch 48 | loss: 0.09239 | val_auc: 0.95207 |  0:04:24s
epoch 49 | loss: 0.0845  | val_auc: 0.95787 |  0:04:29s
epoch 50 | loss: 0.07892 | val_auc: 0.95371 |  0:04:35s
epoch 51 | loss: 0.07876 | val_auc: 0.9548  |  0:04:40s
epoch 52 | loss: 0.07472 | val_auc: 0.95304 |  0:04:46s
epoch 53 | loss: 0.07048 | val_auc: 0.95396 |  0:04:52s
epoch 54 | loss: 0.07221 | val_auc: 0.95162 |  0:04:57s
epoch 55 | loss: 0.06717 | val_auc: 0.95426 |  0:05:02s
epoch 56 | loss: 0.06254 | val_auc: 0.95387 |  0:05:08s
epoch 57 | loss: 0.06591 | val_auc: 0.95451 |  0:05:13s
epoch 58 | loss: 0.07648 | val_auc: 0.95373 |  0:05:19s04:10:02  INFO      models.tabnet_model  TabNet trained | device=mps  best_epoch=49  elapsed=354.3s
04:10:02  INFO      models.tabnet_model  TabNet model saved to /Users/harekrishna/Downloads/credit-default-xai-benchmark/code v1/results/outputs/prosper_temporal/runs/cutoff_2012-01_seed_99/models/tabnet.pkl
04:10:02  INFO      pipeline  ============================================================
04:10:02  INFO      pipeline  STAGE 4: Evaluation (selection on OOF; held-out test reporting)
04:10:02  INFO      pipeline  ============================================================
04:10:02  INFO      pipeline  XGBoost | OOF AUROC=0.6429  f1*=0.2397 @ t=0.41 | test AUROC=0.6845  F1=0.2065  MCC=0.1361
04:10:03  INFO      pipeline  LightGBM | OOF AUROC=0.6152  f1*=0.2261 @ t=0.07 | test AUROC=0.6758  F1=0.1821  MCC=0.1259
04:10:03  INFO      pipeline  CatBoost | OOF AUROC=0.6377  f1*=0.2388 @ t=0.41 | test AUROC=0.6856  F1=0.2143  MCC=0.1423
04:10:03  INFO      pipeline  Random Forest | OOF AUROC=0.5786  f1*=0.2164 @ t=0.26 | test AUROC=0.6674  F1=0.1753  MCC=0.1138
04:10:04  INFO      pipeline  Logistic Reg. | OOF AUROC=0.6290  f1*=0.2405 @ t=0.39 | test AUROC=0.6464  F1=0.1773  MCC=0.1013
04:10:05  INFO      pipeline  TabNet | OOF AUROC=0.5844  f1*=0.2191 @ t=0.07 | test AUROC=0.6188  F1=0.1554  MCC=0.0709
04:10:05  INFO      pipeline  LaTeX table → /Users/harekrishna/Downloads/credit-default-xai-benchmark/code v1/results/outputs/prosper_temporal/runs/cutoff_2012-01_seed_99/results/table2_test_metrics.tex
04:10:05  INFO      pipeline  
                AUROC   AUPRC      F1  Precision  Recall  Specificity  G-Mean     MCC   Brier
Model                                                                                        
XGBoost        0.6845  0.1450  0.2065     0.1301  0.5000       0.7348  0.6061  0.1361  0.1403
LightGBM       0.6758  0.1422  0.1821     0.1032  0.7722       0.4678  0.6011  0.1259  0.0665
CatBoost       0.6856  0.1446  0.2143     0.1412  0.4441       0.7857  0.5907  0.1423  0.1314
Random Forest  0.6674  0.1383  0.1753     0.0988  0.7794       0.4359  0.5829  0.1138  0.1091
Logistic Reg.  0.6464  0.1263  0.1773     0.1037  0.6132       0.5793  0.5960  0.1013  0.1644
TabNet         0.6188  0.1054  0.1554     0.1208  0.2178       0.8743  0.4363  0.0709  0.1000
04:10:05  INFO      visualization.plots  Fig 2 saved → /Users/harekrishna/Downloads/credit-default-xai-benchmark/code v1/results/outputs/prosper_temporal/runs/cutoff_2012-01_seed_99/figures/fig02_roc_curves.pdf
04:10:05  INFO      visualization.plots  Fig 3 saved → /Users/harekrishna/Downloads/credit-default-xai-benchmark/code v1/results/outputs/prosper_temporal/runs/cutoff_2012-01_seed_99/figures/fig03_pr_curves.pdf
04:10:05  INFO      visualization.plots  Fig 4 saved → /Users/harekrishna/Downloads/credit-default-xai-benchmark/code v1/results/outputs/prosper_temporal/runs/cutoff_2012-01_seed_99/figures/fig04_confusion_xgboost.pdf
04:23:28  INFO      pipeline  ============================================================
04:23:28  INFO      pipeline  STAGE 5: SHAP Explanations
04:23:28  INFO      pipeline  ============================================================
04:23:28  INFO      explainability.shap_explainer  SHAP TreeExplainer initialised | output_space=log_odds
04:23:28  INFO      explainability.shap_explainer  SHAP values computed | shape=(2000, 63)
04:23:28  INFO      explainability.shap_explainer  SHAP additivity check | MAE=0.00000 | PASS ✓
04:23:29  INFO      explainability.shap_explainer  Saved SHAP summary → /Users/harekrishna/Downloads/credit-default-xai-benchmark/code v1/results/outputs/prosper_temporal/runs/cutoff_2012-01_seed_99/figures/fig05a_shap_summary_XGBoost.pdf
04:23:30  INFO      explainability.shap_explainer  Saved SHAP bar → /Users/harekrishna/Downloads/credit-default-xai-benchmark/code v1/results/outputs/prosper_temporal/runs/cutoff_2012-01_seed_99/figures/fig05b_shap_bar_XGBoost.pdf
04:23:30  INFO      explainability.shap_explainer  Saved SHAP dependence → /Users/harekrishna/Downloads/credit-default-xai-benchmark/code v1/results/outputs/prosper_temporal/runs/cutoff_2012-01_seed_99/figures/fig06_shap_dep_CreditScoreRangeLower.pdf
04:23:30  INFO      pipeline  LaTeX table → /Users/harekrishna/Downloads/credit-default-xai-benchmark/code v1/results/outputs/prosper_temporal/runs/cutoff_2012-01_seed_99/results/table3_shap_ranking.tex
04:23:30  INFO      visualization.plots  Fig 8 saved → /Users/harekrishna/Downloads/credit-default-xai-benchmark/code v1/results/outputs/prosper_temporal/runs/cutoff_2012-01_seed_99/figures/fig08_importance_comparison.pdf
04:23:31  INFO      visualization.plots  Fig 9 saved → /Users/harekrishna/Downloads/credit-default-xai-benchmark/code v1/results/outputs/prosper_temporal/runs/cutoff_2012-01_seed_99/figures/fig09_threshold_sweep.pdf
04:23:31  INFO      pipeline  ============================================================
04:23:31  INFO      pipeline  STAGE 6: LIME Explanations
04:23:31  INFO      pipeline  ============================================================
04:23:32  INFO      explainability.lime_explainer  LIME tabular explainer initialised | features=63
04:23:32  INFO      pipeline  Local instances selected: {'TP': 5043, 'FP': 7853, 'FN': 7171, 'TN': 7581}
04:23:32  INFO      explainability.lime_explainer  Saved LIME explanation → /Users/harekrishna/Downloads/credit-default-xai-benchmark/code v1/results/outputs/prosper_temporal/runs/cutoff_2012-01_seed_99/figures/fig07_tp_lime.pdf
04:23:32  INFO      explainability.lime_explainer  Saved LIME explanation → /Users/harekrishna/Downloads/credit-default-xai-benchmark/code v1/results/outputs/prosper_temporal/runs/cutoff_2012-01_seed_99/figures/fig07_fp_lime.pdf
04:23:32  INFO      explainability.lime_explainer  Saved LIME explanation → /Users/harekrishna/Downloads/credit-default-xai-benchmark/code v1/results/outputs/prosper_temporal/runs/cutoff_2012-01_seed_99/figures/fig07_fn_lime.pdf
04:23:32  INFO      explainability.lime_explainer  Saved LIME explanation → /Users/harekrishna/Downloads/credit-default-xai-benchmark/code v1/results/outputs/prosper_temporal/runs/cutoff_2012-01_seed_99/figures/fig07_tn_lime.pdf
04:23:33  INFO      explainability.lime_explainer  Saved LIME multi-instance grid → /Users/harekrishna/Downloads/credit-default-xai-benchmark/code v1/results/outputs/prosper_temporal/runs/cutoff_2012-01_seed_99/figures/fig07_lime_multi_instance.pdf
04:23:37  INFO      explainability.lime_explainer  LIME batch complete | n=200
04:23:37  INFO      explainability.lime_explainer  SHAP–LIME agreement | mean ρ=0.376 ± 0.260
04:23:37  INFO      explainability.lime_explainer  LIME tabular explainer initialised | features=63
04:23:37  INFO      explainability.lime_explainer  LIME tabular explainer initialised | features=63
04:23:38  INFO      explainability.lime_explainer  LIME tabular explainer initialised | features=63
04:23:38  INFO      explainability.lime_explainer  LIME tabular explainer initialised | features=63
04:23:38  INFO      explainability.lime_explainer  LIME tabular explainer initialised | features=63
04:23:39  INFO      explainability.lime_explainer  LIME tabular explainer initialised | features=63
04:23:39  INFO      explainability.lime_explainer  LIME tabular explainer initialised | features=63
04:23:39  INFO      explainability.lime_explainer  LIME tabular explainer initialised | features=63
04:23:40  INFO      explainability.lime_explainer  LIME tabular explainer initialised | features=63
04:23:40  INFO      explainability.lime_explainer  LIME tabular explainer initialised | features=63
04:23:41  INFO      explainability.lime_explainer  LIME tabular explainer initialised | features=63
04:23:41  INFO      explainability.lime_explainer  LIME tabular explainer initialised | features=63
04:23:41  INFO      explainability.lime_explainer  LIME tabular explainer initialised | features=63
04:23:42  INFO      explainability.lime_explainer  LIME tabular explainer initialised | features=63
04:23:42  INFO      explainability.lime_explainer  LIME tabular explainer initialised | features=63
04:23:42  INFO      explainability.lime_explainer  LIME tabular explainer initialised | features=63
04:23:43  INFO      explainability.lime_explainer  LIME tabular explainer initialised | features=63
04:23:43  INFO      explainability.lime_explainer  LIME tabular explainer initialised | features=63
04:23:43  INFO      explainability.lime_explainer  LIME tabular explainer initialised | features=63
04:23:44  INFO      explainability.lime_explainer  LIME tabular explainer initialised | features=63
04:23:44  INFO      explainability.lime_explainer  LIME tabular explainer initialised | features=63
04:23:44  INFO      explainability.lime_explainer  LIME tabular explainer initialised | features=63
04:23:45  INFO      explainability.lime_explainer  LIME tabular explainer initialised | features=63
04:23:45  INFO      explainability.lime_explainer  LIME tabular explainer initialised | features=63
04:23:45  INFO      explainability.lime_explainer  LIME tabular explainer initialised | features=63
04:23:46  INFO      explainability.lime_explainer  LIME tabular explainer initialised | features=63
04:23:46  INFO      explainability.lime_explainer  LIME tabular explainer initialised | features=63
04:23:46  INFO      explainability.lime_explainer  LIME tabular explainer initialised | features=63
04:23:47  INFO      explainability.lime_explainer  LIME tabular explainer initialised | features=63
04:23:47  INFO      explainability.lime_explainer  LIME tabular explainer initialised | features=63
04:23:47  INFO      explainability.lime_explainer  LIME tabular explainer initialised | features=63
04:23:48  INFO      explainability.lime_explainer  LIME tabular explainer initialised | features=63
04:23:48  INFO      explainability.lime_explainer  LIME tabular explainer initialised | features=63
04:23:48  INFO      explainability.lime_explainer  LIME tabular explainer initialised | features=63
04:23:49  INFO      explainability.lime_explainer  LIME tabular explainer initialised | features=63
04:23:49  INFO      explainability.lime_explainer  LIME tabular explainer initialised | features=63
04:23:49  INFO      explainability.lime_explainer  LIME tabular explainer initialised | features=63
04:23:50  INFO      explainability.lime_explainer  LIME tabular explainer initialised | features=63
04:23:50  INFO      explainability.lime_explainer  LIME tabular explainer initialised | features=63
04:23:50  INFO      explainability.lime_explainer  LIME tabular explainer initialised | features=63
04:23:51  INFO      explainability.lime_explainer  LIME tabular explainer initialised | features=63
04:23:51  INFO      explainability.lime_explainer  LIME tabular explainer initialised | features=63
04:23:51  INFO      explainability.lime_explainer  LIME tabular explainer initialised | features=63
04:23:52  INFO      explainability.lime_explainer  LIME tabular explainer initialised | features=63
04:23:52  INFO      explainability.lime_explainer  LIME tabular explainer initialised | features=63
04:23:52  INFO      explainability.lime_explainer  LIME tabular explainer initialised | features=63
04:23:53  INFO      explainability.lime_explainer  LIME tabular explainer initialised | features=63
04:23:53  INFO      explainability.lime_explainer  LIME tabular explainer initialised | features=63
04:23:53  INFO      explainability.lime_explainer  LIME tabular explainer initialised | features=63
04:23:54  INFO      explainability.lime_explainer  LIME tabular explainer initialised | features=63
04:23:54  INFO      explainability.lime_explainer  LIME tabular explainer initialised | features=63
04:23:54  INFO      explainability.lime_explainer  LIME tabular explainer initialised | features=63
04:23:55  INFO      explainability.lime_explainer  LIME tabular explainer initialised | features=63
04:23:55  INFO      explainability.lime_explainer  LIME tabular explainer initialised | features=63
04:23:55  INFO      explainability.lime_explainer  LIME tabular explainer initialised | features=63
04:23:56  INFO      explainability.lime_explainer  LIME tabular explainer initialised | features=63
04:23:56  INFO      explainability.lime_explainer  LIME tabular explainer initialised | features=63
04:23:56  INFO      explainability.lime_explainer  LIME tabular explainer initialised | features=63
04:23:57  INFO      explainability.lime_explainer  LIME tabular explainer initialised | features=63
04:23:57  INFO      explainability.lime_explainer  LIME tabular explainer initialised | features=63
04:23:57  INFO      explainability.lime_explainer  LIME tabular explainer initialised | features=63
04:23:58  INFO      explainability.lime_explainer  LIME tabular explainer initialised | features=63
04:23:58  INFO      explainability.lime_explainer  LIME tabular explainer initialised | features=63
04:23:58  INFO      explainability.lime_explainer  LIME tabular explainer initialised | features=63
04:23:59  INFO      explainability.lime_explainer  LIME tabular explainer initialised | features=63
04:23:59  INFO      explainability.lime_explainer  LIME tabular explainer initialised | features=63
04:23:59  INFO      explainability.lime_explainer  LIME tabular explainer initialised | features=63
04:24:00  INFO      explainability.lime_explainer  LIME tabular explainer initialised | features=63
04:24:00  INFO      explainability.lime_explainer  LIME tabular explainer initialised | features=63
04:24:01  INFO      explainability.lime_explainer  LIME tabular explainer initialised | features=63
04:24:01  INFO      explainability.lime_explainer  LIME tabular explainer initialised | features=63
04:24:01  INFO      explainability.lime_explainer  LIME tabular explainer initialised | features=63
04:24:02  INFO      explainability.lime_explainer  LIME tabular explainer initialised | features=63
04:24:02  INFO      explainability.lime_explainer  LIME tabular explainer initialised | features=63
04:24:02  INFO      explainability.lime_explainer  LIME tabular explainer initialised | features=63
04:24:03  INFO      explainability.lime_explainer  LIME tabular explainer initialised | features=63
04:24:03  INFO      explainability.lime_explainer  LIME tabular explainer initialised | features=63
04:24:03  INFO      explainability.lime_explainer  LIME tabular explainer initialised | features=63
04:24:04  INFO      explainability.lime_explainer  LIME tabular explainer initialised | features=63
04:24:04  INFO      explainability.lime_explainer  LIME tabular explainer initialised | features=63
04:24:04  INFO      explainability.lime_explainer  LIME tabular explainer initialised | features=63
04:24:05  INFO      explainability.lime_explainer  LIME tabular explainer initialised | features=63
04:24:05  INFO      explainability.lime_explainer  LIME tabular explainer initialised | features=63
04:24:05  INFO      explainability.lime_explainer  LIME tabular explainer initialised | features=63
04:24:06  INFO      explainability.lime_explainer  LIME tabular explainer initialised | features=63
04:24:06  INFO      explainability.lime_explainer  LIME tabular explainer initialised | features=63
04:24:06  INFO      explainability.lime_explainer  LIME tabular explainer initialised | features=63
04:24:07  INFO      explainability.lime_explainer  LIME tabular explainer initialised | features=63
04:24:07  INFO      explainability.lime_explainer  LIME tabular explainer initialised | features=63
04:24:07  INFO      explainability.lime_explainer  LIME tabular explainer initialised | features=63
04:24:08  INFO      explainability.lime_explainer  LIME tabular explainer initialised | features=63
04:24:08  INFO      explainability.lime_explainer  LIME tabular explainer initialised | features=63
04:24:08  INFO      explainability.lime_explainer  LIME tabular explainer initialised | features=63
04:24:09  INFO      explainability.lime_explainer  LIME tabular explainer initialised | features=63
04:24:09  INFO      explainability.lime_explainer  LIME tabular explainer initialised | features=63
04:24:09  INFO      explainability.lime_explainer  LIME tabular explainer initialised | features=63
04:24:10  INFO      explainability.lime_explainer  LIME tabular explainer initialised | features=63
04:24:10  INFO      explainability.lime_explainer  LIME tabular explainer initialised | features=63
04:24:11  INFO      explainability.lime_explainer  LIME tabular explainer initialised | features=63
04:24:11  INFO      explainability.lime_explainer  LIME tabular explainer initialised | features=63
04:24:11  INFO      explainability.lime_explainer  LIME tabular explainer initialised | features=63
04:24:12  INFO      explainability.lime_explainer  LIME tabular explainer initialised | features=63
04:24:12  INFO      explainability.lime_explainer  LIME tabular explainer initialised | features=63
04:24:12  INFO      explainability.lime_explainer  LIME tabular explainer initialised | features=63
04:24:13  INFO      explainability.lime_explainer  LIME tabular explainer initialised | features=63
04:24:13  INFO      explainability.lime_explainer  LIME tabular explainer initialised | features=63
04:24:13  INFO      explainability.lime_explainer  LIME tabular explainer initialised | features=63
04:24:14  INFO      explainability.lime_explainer  LIME tabular explainer initialised | features=63
04:24:14  INFO      explainability.lime_explainer  LIME tabular explainer initialised | features=63
04:24:14  INFO      explainability.lime_explainer  LIME tabular explainer initialised | features=63
04:24:15  INFO      explainability.lime_explainer  LIME tabular explainer initialised | features=63
04:24:15  INFO      explainability.lime_explainer  LIME tabular explainer initialised | features=63
04:24:15  INFO      explainability.lime_explainer  LIME tabular explainer initialised | features=63
04:24:16  INFO      explainability.lime_explainer  LIME tabular explainer initialised | features=63
04:24:16  INFO      explainability.lime_explainer  LIME tabular explainer initialised | features=63
04:24:16  INFO      explainability.lime_explainer  LIME tabular explainer initialised | features=63
04:24:17  INFO      explainability.lime_explainer  LIME tabular explainer initialised | features=63
04:24:17  INFO      explainability.lime_explainer  LIME tabular explainer initialised | features=63
04:24:17  INFO      explainability.lime_explainer  LIME tabular explainer initialised | features=63
04:24:18  INFO      explainability.lime_explainer  LIME tabular explainer initialised | features=63
04:24:18  INFO      explainability.lime_explainer  LIME tabular explainer initialised | features=63
04:24:18  INFO      explainability.lime_explainer  LIME tabular explainer initialised | features=63
04:24:19  INFO      explainability.lime_explainer  LIME tabular explainer initialised | features=63
04:24:19  INFO      explainability.lime_explainer  LIME tabular explainer initialised | features=63
04:24:19  INFO      explainability.lime_explainer  LIME tabular explainer initialised | features=63
04:24:20  INFO      explainability.lime_explainer  LIME tabular explainer initialised | features=63
04:24:20  INFO      explainability.lime_explainer  LIME tabular explainer initialised | features=63
04:24:20  INFO      explainability.lime_explainer  LIME tabular explainer initialised | features=63
04:24:21  INFO      explainability.lime_explainer  LIME tabular explainer initialised | features=63
04:24:21  INFO      explainability.lime_explainer  LIME tabular explainer initialised | features=63
04:24:21  INFO      explainability.lime_explainer  LIME tabular explainer initialised | features=63
04:24:22  INFO      explainability.lime_explainer  LIME tabular explainer initialised | features=63
04:24:22  INFO      explainability.lime_explainer  LIME tabular explainer initialised | features=63
04:24:22  INFO      explainability.lime_explainer  LIME tabular explainer initialised | features=63
04:24:23  INFO      explainability.lime_explainer  LIME tabular explainer initialised | features=63
04:24:23  INFO      explainability.lime_explainer  LIME tabular explainer initialised | features=63
04:24:24  INFO      explainability.lime_explainer  LIME tabular explainer initialised | features=63
04:24:24  INFO      explainability.lime_explainer  LIME tabular explainer initialised | features=63
04:24:24  INFO      explainability.lime_explainer  LIME tabular explainer initialised | features=63
04:24:25  INFO      explainability.lime_explainer  LIME tabular explainer initialised | features=63
04:24:25  INFO      explainability.lime_explainer  LIME tabular explainer initialised | features=63
04:24:25  INFO      explainability.lime_explainer  LIME tabular explainer initialised | features=63
04:24:26  INFO      explainability.lime_explainer  LIME tabular explainer initialised | features=63
04:24:26  INFO      explainability.lime_explainer  LIME tabular explainer initialised | features=63
04:24:26  INFO      explainability.lime_explainer  LIME tabular explainer initialised | features=63
04:24:27  INFO      explainability.lime_explainer  LIME tabular explainer initialised | features=63
04:24:27  INFO      explainability.lime_explainer  LIME tabular explainer initialised | features=63
04:24:27  INFO      explainability.lime_explainer  LIME tabular explainer initialised | features=63
04:24:28  INFO      explainability.lime_explainer  LIME tabular explainer initialised | features=63
04:24:28  INFO      explainability.lime_explainer  LIME tabular explainer initialised | features=63
04:24:28  INFO      explainability.lime_explainer  LIME tabular explainer initialised | features=63
04:24:29  INFO      explainability.lime_explainer  LIME tabular explainer initialised | features=63
04:24:29  INFO      explainability.lime_explainer  LIME tabular explainer initialised | features=63
04:24:29  INFO      explainability.lime_explainer  LIME tabular explainer initialised | features=63
04:24:30  INFO      explainability.lime_explainer  LIME tabular explainer initialised | features=63
04:24:30  INFO      explainability.lime_explainer  LIME tabular explainer initialised | features=63
04:24:30  INFO      explainability.lime_explainer  LIME tabular explainer initialised | features=63
04:24:31  INFO      explainability.lime_explainer  LIME tabular explainer initialised | features=63
04:24:31  INFO      explainability.lime_explainer  LIME tabular explainer initialised | features=63
04:24:31  INFO      explainability.lime_explainer  LIME tabular explainer initialised | features=63
04:24:32  INFO      explainability.lime_explainer  LIME tabular explainer initialised | features=63
04:24:32  INFO      explainability.lime_explainer  LIME tabular explainer initialised | features=63
04:24:32  INFO      explainability.lime_explainer  LIME tabular explainer initialised | features=63
04:24:33  INFO      explainability.lime_explainer  LIME tabular explainer initialised | features=63
04:24:33  INFO      explainability.lime_explainer  LIME tabular explainer initialised | features=63
04:24:33  INFO      explainability.lime_explainer  LIME tabular explainer initialised | features=63
04:24:34  INFO      explainability.lime_explainer  LIME tabular explainer initialised | features=63
04:24:34  INFO      explainability.lime_explainer  LIME tabular explainer initialised | features=63
04:24:34  INFO      explainability.lime_explainer  LIME tabular explainer initialised | features=63
04:24:35  INFO      explainability.lime_explainer  LIME tabular explainer initialised | features=63
04:24:35  INFO      explainability.lime_explainer  LIME tabular explainer initialised | features=63
04:24:35  INFO      explainability.lime_explainer  LIME tabular explainer initialised | features=63
04:24:36  INFO      explainability.lime_explainer  LIME tabular explainer initialised | features=63
04:24:36  INFO      explainability.lime_explainer  LIME tabular explainer initialised | features=63
04:24:36  INFO      explainability.lime_explainer  LIME tabular explainer initialised | features=63
04:24:37  INFO      explainability.lime_explainer  LIME tabular explainer initialised | features=63
04:24:37  INFO      explainability.lime_explainer  LIME tabular explainer initialised | features=63
04:24:37  INFO      explainability.lime_explainer  LIME tabular explainer initialised | features=63
04:24:38  INFO      explainability.lime_explainer  LIME tabular explainer initialised | features=63
04:24:38  INFO      explainability.lime_explainer  LIME tabular explainer initialised | features=63
04:24:38  INFO      explainability.lime_explainer  LIME tabular explainer initialised | features=63
04:24:39  INFO      explainability.lime_explainer  LIME tabular explainer initialised | features=63
04:24:39  INFO      explainability.lime_explainer  LIME tabular explainer initialised | features=63
04:24:40  INFO      explainability.lime_explainer  LIME tabular explainer initialised | features=63
04:24:40  INFO      explainability.lime_explainer  LIME tabular explainer initialised | features=63
04:24:40  INFO      explainability.lime_explainer  LIME tabular explainer initialised | features=63
04:24:41  INFO      explainability.lime_explainer  LIME tabular explainer initialised | features=63
04:24:41  INFO      explainability.lime_explainer  LIME tabular explainer initialised | features=63
04:24:41  INFO      explainability.lime_explainer  LIME tabular explainer initialised | features=63
04:24:42  INFO      explainability.lime_explainer  LIME tabular explainer initialised | features=63
04:24:42  INFO      explainability.lime_explainer  LIME tabular explainer initialised | features=63
04:24:42  INFO      explainability.lime_explainer  LIME tabular explainer initialised | features=63
04:24:43  INFO      explainability.lime_explainer  LIME tabular explainer initialised | features=63
04:24:43  INFO      explainability.lime_explainer  LIME tabular explainer initialised | features=63
04:24:43  INFO      explainability.lime_explainer  LIME tabular explainer initialised | features=63
04:24:44  INFO      explainability.lime_explainer  LIME tabular explainer initialised | features=63
04:24:44  INFO      explainability.lime_explainer  LIME tabular explainer initialised | features=63
04:24:44  INFO      explainability.lime_explainer  LIME tabular explainer initialised | features=63
04:24:45  INFO      explainability.lime_explainer  LIME tabular explainer initialised | features=63
04:24:45  INFO      explainability.lime_explainer  LIME tabular explainer initialised | features=63
04:24:45  INFO      explainability.lime_explainer  LIME tabular explainer initialised | features=63
04:24:46  INFO      explainability.lime_explainer  LIME tabular explainer initialised | features=63
04:24:46  INFO      explainability.lime_explainer  LIME tabular explainer initialised | features=63
04:24:46  INFO      explainability.lime_explainer  LIME tabular explainer initialised | features=63
04:24:47  INFO      explainability.lime_explainer  LIME tabular explainer initialised | features=63
04:24:47  INFO      explainability.lime_explainer  LIME tabular explainer initialised | features=63
04:24:47  INFO      explainability.lime_explainer  LIME tabular explainer initialised | features=63
04:24:48  INFO      explainability.lime_explainer  LIME tabular explainer initialised | features=63
04:24:48  INFO      explainability.lime_explainer  LIME tabular explainer initialised | features=63
04:24:48  INFO      explainability.lime_explainer  LIME tabular explainer initialised | features=63
04:24:49  INFO      explainability.lime_explainer  LIME tabular explainer initialised | features=63
04:24:49  INFO      explainability.lime_explainer  LIME tabular explainer initialised | features=63
04:24:49  INFO      explainability.lime_explainer  LIME tabular explainer initialised | features=63
04:24:50  INFO      explainability.lime_explainer  LIME tabular explainer initialised | features=63
04:24:50  INFO      explainability.lime_explainer  LIME tabular explainer initialised | features=63
04:24:50  INFO      explainability.lime_explainer  LIME tabular explainer initialised | features=63
04:24:51  INFO      explainability.lime_explainer  LIME tabular explainer initialised | features=63
04:24:51  INFO      explainability.lime_explainer  LIME tabular explainer initialised | features=63
04:24:51  INFO      explainability.lime_explainer  LIME tabular explainer initialised | features=63
04:24:52  INFO      explainability.lime_explainer  LIME tabular explainer initialised | features=63
04:24:52  INFO      explainability.lime_explainer  LIME tabular explainer initialised | features=63
04:24:52  INFO      explainability.lime_explainer  LIME tabular explainer initialised | features=63
04:24:53  INFO      explainability.lime_explainer  LIME tabular explainer initialised | features=63
04:24:53  INFO      explainability.lime_explainer  LIME tabular explainer initialised | features=63
04:24:53  INFO      explainability.lime_explainer  LIME tabular explainer initialised | features=63
04:24:54  INFO      explainability.lime_explainer  LIME tabular explainer initialised | features=63
04:24:54  INFO      explainability.lime_explainer  LIME tabular explainer initialised | features=63
04:24:54  INFO      explainability.lime_explainer  LIME tabular explainer initialised | features=63
04:24:55  INFO      explainability.lime_explainer  LIME tabular explainer initialised | features=63
04:24:55  INFO      explainability.lime_explainer  LIME tabular explainer initialised | features=63
04:24:56  INFO      explainability.lime_explainer  LIME tabular explainer initialised | features=63
04:24:56  INFO      explainability.lime_explainer  LIME tabular explainer initialised | features=63
04:24:56  INFO      explainability.lime_explainer  LIME tabular explainer initialised | features=63
04:24:57  INFO      explainability.lime_explainer  LIME tabular explainer initialised | features=63
04:24:57  INFO      explainability.lime_explainer  LIME tabular explainer initialised | features=63
04:24:57  INFO      explainability.lime_explainer  LIME tabular explainer initialised | features=63
04:24:58  INFO      explainability.lime_explainer  LIME tabular explainer initialised | features=63
04:24:58  INFO      explainability.lime_explainer  LIME tabular explainer initialised | features=63
04:24:58  INFO      explainability.lime_explainer  LIME tabular explainer initialised | features=63
04:24:59  INFO      explainability.lime_explainer  LIME tabular explainer initialised | features=63
04:24:59  INFO      explainability.lime_explainer  LIME tabular explainer initialised | features=63
04:24:59  INFO      explainability.lime_explainer  LIME tabular explainer initialised | features=63
04:25:00  INFO      explainability.lime_explainer  LIME tabular explainer initialised | features=63
04:25:00  INFO      explainability.lime_explainer  LIME tabular explainer initialised | features=63
04:25:00  INFO      explainability.lime_explainer  LIME tabular explainer initialised | features=63
04:25:01  INFO      explainability.lime_explainer  LIME tabular explainer initialised | features=63
04:25:01  INFO      explainability.lime_explainer  LIME tabular explainer initialised | features=63
04:25:01  INFO      explainability.lime_explainer  LIME tabular explainer initialised | features=63
04:25:02  INFO      explainability.lime_explainer  LIME tabular explainer initialised | features=63
04:25:02  INFO      explainability.lime_explainer  LIME tabular explainer initialised | features=63
04:25:02  INFO      explainability.lime_explainer  LIME tabular explainer initialised | features=63
04:25:03  INFO      explainability.lime_explainer  LIME tabular explainer initialised | features=63
04:25:03  INFO      explainability.lime_explainer  LIME tabular explainer initialised | features=63
04:25:03  INFO      explainability.lime_explainer  LIME tabular explainer initialised | features=63
04:25:04  INFO      explainability.lime_explainer  LIME tabular explainer initialised | features=63
04:25:04  INFO      explainability.lime_explainer  LIME tabular explainer initialised | features=63
04:25:04  INFO      explainability.lime_explainer  LIME tabular explainer initialised | features=63
04:25:05  INFO      explainability.lime_explainer  LIME tabular explainer initialised | features=63
04:25:05  INFO      explainability.lime_explainer  LIME tabular explainer initialised | features=63
04:25:05  INFO      explainability.lime_explainer  LIME tabular explainer initialised | features=63
04:25:06  INFO      explainability.lime_explainer  LIME tabular explainer initialised | features=63
04:25:06  INFO      explainability.lime_explainer  LIME tabular explainer initialised | features=63
04:25:06  INFO      explainability.lime_explainer  LIME tabular explainer initialised | features=63
04:25:07  INFO      explainability.lime_explainer  LIME tabular explainer initialised | features=63
04:25:07  INFO      explainability.lime_explainer  LIME tabular explainer initialised | features=63
04:25:07  INFO      explainability.lime_explainer  LIME tabular explainer initialised | features=63
04:25:08  INFO      explainability.lime_explainer  LIME tabular explainer initialised | features=63
04:25:08  INFO      explainability.lime_explainer  LIME tabular explainer initialised | features=63
04:25:08  INFO      explainability.lime_explainer  LIME tabular explainer initialised | features=63
04:25:09  INFO      explainability.lime_explainer  LIME tabular explainer initialised | features=63
04:25:09  INFO      explainability.lime_explainer  LIME tabular explainer initialised | features=63
04:25:09  INFO      explainability.lime_explainer  LIME tabular explainer initialised | features=63
04:25:10  INFO      explainability.lime_explainer  LIME tabular explainer initialised | features=63
04:25:10  INFO      explainability.lime_explainer  LIME tabular explainer initialised | features=63
04:25:11  INFO      explainability.lime_explainer  LIME tabular explainer initialised | features=63
04:25:11  INFO      explainability.lime_explainer  LIME tabular explainer initialised | features=63
04:25:11  INFO      explainability.lime_explainer  LIME tabular explainer initialised | features=63
04:25:12  INFO      explainability.lime_explainer  LIME tabular explainer initialised | features=63
04:25:12  INFO      explainability.lime_explainer  LIME tabular explainer initialised | features=63
04:25:12  INFO      explainability.lime_explainer  LIME tabular explainer initialised | features=63
04:25:13  INFO      explainability.lime_explainer  LIME tabular explainer initialised | features=63
04:25:13  INFO      explainability.lime_explainer  LIME tabular explainer initialised | features=63
04:25:13  INFO      explainability.lime_explainer  LIME tabular explainer initialised | features=63
04:25:14  INFO      explainability.lime_explainer  LIME tabular explainer initialised | features=63
04:25:14  INFO      explainability.lime_explainer  LIME tabular explainer initialised | features=63
04:25:14  INFO      explainability.lime_explainer  LIME tabular explainer initialised | features=63
04:25:15  INFO      explainability.lime_explainer  LIME tabular explainer initialised | features=63
04:25:15  INFO      explainability.lime_explainer  LIME tabular explainer initialised | features=63
04:25:15  INFO      explainability.lime_explainer  LIME tabular explainer initialised | features=63
04:25:16  INFO      explainability.lime_explainer  LIME tabular explainer initialised | features=63
04:25:16  INFO      explainability.lime_explainer  LIME tabular explainer initialised | features=63
04:25:16  INFO      explainability.lime_explainer  LIME tabular explainer initialised | features=63
04:25:17  INFO      explainability.lime_explainer  LIME tabular explainer initialised | features=63
04:25:17  INFO      explainability.lime_explainer  LIME tabular explainer initialised | features=63
04:25:17  INFO      explainability.lime_explainer  LIME tabular explainer initialised | features=63
04:25:18  INFO      explainability.lime_explainer  LIME tabular explainer initialised | features=63
04:25:18  INFO      explainability.lime_explainer  LIME tabular explainer initialised | features=63
04:25:18  INFO      explainability.lime_explainer  LIME tabular explainer initialised | features=63
04:25:19  INFO      explainability.lime_explainer  LIME tabular explainer initialised | features=63
04:25:19  INFO      explainability.lime_explainer  LIME tabular explainer initialised | features=63
04:25:20  INFO      pipeline  LaTeX table → /Users/harekrishna/Downloads/credit-default-xai-benchmark/code v1/results/outputs/prosper_temporal/runs/cutoff_2012-01_seed_99/results/table5_explanation_quality.tex
04:25:20  INFO      pipeline  LaTeX table → /Users/harekrishna/Downloads/credit-default-xai-benchmark/code v1/results/outputs/prosper_temporal/runs/cutoff_2012-01_seed_99/results/table4_shap_lime_agreement.tex
04:25:20  INFO      pipeline  ============================================================
04:25:20  INFO      pipeline  STAGE 7: Revision Analyses
04:25:20  INFO      pipeline  ============================================================
04:28:02  INFO      pipeline  Reusing identical OOF pipeline fit.
04:28:06  INFO      pipeline  RUN cutoff_2012-01_seed_99 COMPLETE | champion XGBoost | OOF AUROC 0.6429 | test AUROC 0.6845
04:28:06  INFO      pipeline  ╔══════════════════════════════════════════════╗
04:28:06  INFO      pipeline  ║  Credit Default Prediction with XAI (v3)     ║
04:28:06  INFO      pipeline  ║  Dataset: prosper                            ║
04:28:06  INFO      pipeline  ║  Run: cutoff_2012-07_seed_42                 ║
04:28:06  INFO      pipeline  ╚══════════════════════════════════════════════╝
04:28:06  INFO      pipeline  ============================================================
04:28:06  INFO      pipeline  STAGE 1: Data Loading, Labelling & Partitioning
04:28:06  INFO      pipeline  ============================================================
04:28:06  INFO      data.data_loader  Loading Prosper loans from /Users/harekrishna/Downloads/credit-default-xai-benchmark/code v1/data/prosperLoanData.csv
04:28:08  INFO      data.data_loader  Prosper: 113937 rows, 113066 after LoanKey de-duplication
04:28:08  INFO      data.data_loader  Prosper horizon label (H=12 months, snapshot 2014-03-12): 72067 labelled, 40999 censored, default rate 9.70%
04:28:09  INFO      data.data_loader  Skipping UCI-specific engineered features; required columns not present.
04:28:09  INFO      data.data_loader  Skipping UCI-specific engineered features; required columns not present.
04:28:09  INFO      data.data_loader  Dataset loaded | prosper | train=40862  test=10057 | default rate train=11.67% test=6.65% | 8 nominal, 33 continuous
04:28:09  INFO      pipeline  Imbalance stats (train): {"n_total": 40862, "n_majority": 36092, "n_minority": 4770, "imbalance_ratio": 7.5665, "minority_pct": 11.67}
04:28:09  INFO      visualization.plots  Fig 1 saved → /Users/harekrishna/Downloads/credit-default-xai-benchmark/code v1/results/outputs/prosper_temporal/runs/cutoff_2012-07_seed_42/figures/fig01_class_distribution.pdf
04:28:09  INFO      pipeline  ============================================================
04:28:09  INFO      pipeline  STAGE 2: Imbalance Strategy Ablation (selected on OOF AUROC)
04:28:09  INFO      pipeline  ============================================================
04:28:25  INFO      pipeline  Ablation | SMOTE            | OOF AUROC=0.5950  test AUROC=0.6703
04:28:43  INFO      pipeline  Ablation | BorderlineSMOTE  | OOF AUROC=0.6161  test AUROC=0.6750
04:31:02  INFO      pipeline  Ablation | SVMSMOTE         | OOF AUROC=0.5968  test AUROC=0.6818
04:31:19  INFO      pipeline  Ablation | ADASYN           | OOF AUROC=0.5835  test AUROC=0.6713
04:31:23  INFO      pipeline  Ablation | None             | OOF AUROC=0.6034  test AUROC=0.6968
04:31:25  INFO      pipeline  Ablation | ClassWeight      | OOF AUROC=0.4593  test AUROC=0.6058
04:31:25  INFO      pipeline  Best imbalance strategy (OOF AUROC): BorderlineSMOTE → 0.6161 [probe: LightGBM]
04:31:25  INFO      pipeline  ============================================================
04:31:25  INFO      pipeline  STAGE 3: Model Training (training CV selection, OOF predictions, refit)
04:31:25  INFO      pipeline  ============================================================
04:31:25  INFO      pipeline  Training XGBoost …
04:32:35  INFO      pipeline  XGBoost | per-model strategy=ClassWeight | OOF AUROC by strategy={'SMOTE': 0.6, 'BorderlineSMOTE': 0.613, 'SVMSMOTE': 0.6119, 'ADASYN': 0.6021, 'None': 0.6078, 'ClassWeight': 0.6232}
04:32:35  INFO      pipeline  RandomizedSearchCV | model=XGBoost strategy=ClassWeight n_iter=12
04:32:58  INFO      pipeline  Training LightGBM …
04:32:58  INFO      pipeline  Reusing identical OOF pipeline fit.
04:32:58  INFO      pipeline  Reusing identical OOF pipeline fit.
04:32:58  INFO      pipeline  Reusing identical OOF pipeline fit.
04:32:58  INFO      pipeline  Reusing identical OOF pipeline fit.
04:32:58  INFO      pipeline  Reusing identical OOF pipeline fit.
04:32:58  INFO      pipeline  Reusing identical OOF pipeline fit.
04:32:58  INFO      pipeline  LightGBM | per-model strategy=BorderlineSMOTE | OOF AUROC by strategy={'SMOTE': 0.595, 'BorderlineSMOTE': 0.6161, 'SVMSMOTE': 0.5968, 'ADASYN': 0.5835, 'None': 0.6034, 'ClassWeight': 0.4593}
04:32:58  INFO      pipeline  RandomizedSearchCV | model=LightGBM strategy=BorderlineSMOTE n_iter=12
04:35:15  INFO      pipeline  Training CatBoost …
04:36:50  INFO      pipeline  CatBoost | per-model strategy=SVMSMOTE | OOF AUROC by strategy={'SMOTE': 0.6045, 'BorderlineSMOTE': 0.6122, 'SVMSMOTE': 0.6125, 'ADASYN': 0.5999, 'None': 0.6082, 'ClassWeight': 0.6108}
04:36:50  INFO      pipeline  RandomizedSearchCV | model=CatBoost strategy=SVMSMOTE n_iter=12
04:48:44  INFO      pipeline  Training Random Forest …
04:50:17  INFO      pipeline  Random Forest | per-model strategy=ClassWeight | OOF AUROC by strategy={'SMOTE': 0.5232, 'BorderlineSMOTE': 0.5138, 'SVMSMOTE': 0.5213, 'ADASYN': 0.5156, 'None': 0.5203, 'ClassWeight': 0.541}
04:50:17  INFO      pipeline  RandomizedSearchCV | model=Random Forest strategy=ClassWeight n_iter=12
04:53:13  INFO      pipeline  Training Logistic Reg. …
04:54:13  INFO      pipeline  Logistic Reg. | per-model strategy=ClassWeight | OOF AUROC by strategy={'SMOTE': 0.5579, 'BorderlineSMOTE': 0.5237, 'SVMSMOTE': 0.5416, 'ADASYN': 0.5588, 'None': 0.5321, 'ClassWeight': 0.5962}
04:54:13  INFO      pipeline  RandomizedSearchCV | model=Logistic Reg. strategy=ClassWeight n_iter=12
04:54:22  INFO      pipeline  Reusing verified legacy final model: Logistic Reg.
04:54:22  INFO      pipeline  Training TabNet …
04:54:22  INFO      models.tabnet_model  Apple MPS backend passed smoke test — using GPU acceleration.
04:54:22  INFO      models.tabnet_model  TabNet starting | device=mps  max_epochs=200  patience=15  batch_size=1024  n_train=202
04:54:24  INFO      models.tabnet_model  TabNet trained | device=mps  best_epoch=10  elapsed=2.4s
04:54:26  INFO      models.tabnet_model  Apple MPS backend passed smoke test — using GPU acceleration.
04:54:26  INFO      models.tabnet_model  TabNet starting | device=mps  max_epochs=200  patience=15  batch_size=1024  n_train=20106
04:57:04  INFO      models.tabnet_model  TabNet trained | device=mps  best_epoch=79  elapsed=158.6s
04:57:07  INFO      models.tabnet_model  Apple MPS backend passed smoke test — using GPU acceleration.
04:57:07  INFO      models.tabnet_model  TabNet starting | device=mps  max_epochs=200  patience=15  batch_size=1024  n_train=49858

epoch 59 | loss: 0.06339 | val_auc: 0.9547  |  0:05:24s
epoch 60 | loss: 0.06277 | val_auc: 0.95446 |  0:05:29s
epoch 61 | loss: 0.0565  | val_auc: 0.95279 |  0:05:34s
epoch 62 | loss: 0.05602 | val_auc: 0.95376 |  0:05:40s
epoch 63 | loss: 0.05108 | val_auc: 0.95414 |  0:05:45s
epoch 64 | loss: 0.05414 | val_auc: 0.95368 |  0:05:50s

Early stopping occurred at epoch 64 with best_epoch = 49 and best_val_auc = 0.95787
Successfully saved model at /Users/harekrishna/Downloads/credit-default-xai-benchmark/code v1/results/outputs/prosper_temporal/runs/cutoff_2012-01_seed_99/models/tabnet.pkl.zip
epoch 0  | loss: 2.02133 | val_auc: 0.27273 |  0:00:00s
epoch 1  | loss: 1.06714 | val_auc: 0.19091 |  0:00:00s
epoch 2  | loss: 0.98404 | val_auc: 0.16364 |  0:00:00s
epoch 3  | loss: 0.97355 | val_auc: 0.30909 |  0:00:00s
epoch 4  | loss: 0.91572 | val_auc: 0.31818 |  0:00:00s
epoch 5  | loss: 0.5919  | val_auc: 0.51818 |  0:00:00s
epoch 6  | loss: 0.4677  | val_auc: 0.46364 |  0:00:00s
epoch 7  | loss: 0.44409 | val_auc: 0.45455 |  0:00:00s
epoch 8  | loss: 0.3865  | val_auc: 0.15455 |  0:00:00s
epoch 9  | loss: 0.56786 | val_auc: 0.3     |  0:00:00s
epoch 10 | loss: 0.32684 | val_auc: 0.93636 |  0:00:01s
epoch 11 | loss: 0.31668 | val_auc: 0.91818 |  0:00:01s
epoch 12 | loss: 0.4022  | val_auc: 0.92727 |  0:00:01s
epoch 13 | loss: 0.52083 | val_auc: 0.91818 |  0:00:01s
epoch 14 | loss: 0.3739  | val_auc: 0.90909 |  0:00:01s
epoch 15 | loss: 0.39199 | val_auc: 0.88182 |  0:00:01s
epoch 16 | loss: 0.38569 | val_auc: 0.87273 |  0:00:01s
epoch 17 | loss: 0.28863 | val_auc: 0.89091 |  0:00:01s
epoch 18 | loss: 0.29814 | val_auc: 0.9     |  0:00:01s
epoch 19 | loss: 0.30623 | val_auc: 0.9     |  0:00:01s
epoch 20 | loss: 0.35843 | val_auc: 0.91818 |  0:00:01s
epoch 21 | loss: 0.27415 | val_auc: 0.92727 |  0:00:01s
epoch 22 | loss: 0.24934 | val_auc: 0.91818 |  0:00:01s
epoch 23 | loss: 0.21593 | val_auc: 0.91818 |  0:00:01s
epoch 24 | loss: 0.2715  | val_auc: 0.9     |  0:00:01s
epoch 25 | loss: 0.21588 | val_auc: 0.92727 |  0:00:01s

Early stopping occurred at epoch 25 with best_epoch = 10 and best_val_auc = 0.93636
epoch 0  | loss: 1.02122 | val_auc: 0.73143 |  0:00:02s
epoch 1  | loss: 0.64666 | val_auc: 0.75936 |  0:00:04s
epoch 2  | loss: 0.57423 | val_auc: 0.80201 |  0:00:05s
epoch 3  | loss: 0.54307 | val_auc: 0.81657 |  0:00:07s
epoch 4  | loss: 0.5293  | val_auc: 0.82311 |  0:00:09s
epoch 5  | loss: 0.51555 | val_auc: 0.83892 |  0:00:10s
epoch 6  | loss: 0.49962 | val_auc: 0.8434  |  0:00:12s
epoch 7  | loss: 0.48746 | val_auc: 0.84294 |  0:00:14s
epoch 8  | loss: 0.48136 | val_auc: 0.83249 |  0:00:15s
epoch 9  | loss: 0.47208 | val_auc: 0.84835 |  0:00:17s
epoch 10 | loss: 0.46465 | val_auc: 0.84118 |  0:00:19s
epoch 11 | loss: 0.46096 | val_auc: 0.84502 |  0:00:20s
epoch 12 | loss: 0.44763 | val_auc: 0.86037 |  0:00:22s
epoch 13 | loss: 0.43743 | val_auc: 0.85902 |  0:00:24s
epoch 14 | loss: 0.42868 | val_auc: 0.86274 |  0:00:26s
epoch 15 | loss: 0.41921 | val_auc: 0.86227 |  0:00:27s
epoch 16 | loss: 0.42655 | val_auc: 0.86124 |  0:00:29s
epoch 17 | loss: 0.42942 | val_auc: 0.85825 |  0:00:30s
epoch 18 | loss: 0.43441 | val_auc: 0.85979 |  0:00:32s
epoch 19 | loss: 0.42793 | val_auc: 0.86501 |  0:00:34s
epoch 20 | loss: 0.42048 | val_auc: 0.85691 |  0:00:35s
epoch 21 | loss: 0.41452 | val_auc: 0.86981 |  0:00:37s
epoch 22 | loss: 0.41219 | val_auc: 0.87121 |  0:00:39s
epoch 23 | loss: 0.40402 | val_auc: 0.87426 |  0:00:40s
epoch 24 | loss: 0.38597 | val_auc: 0.88062 |  0:00:42s
epoch 25 | loss: 0.38342 | val_auc: 0.87839 |  0:00:44s
epoch 26 | loss: 0.3779  | val_auc: 0.87996 |  0:00:46s
epoch 27 | loss: 0.37146 | val_auc: 0.88953 |  0:00:47s
epoch 28 | loss: 0.35616 | val_auc: 0.88908 |  0:00:49s
epoch 29 | loss: 0.34396 | val_auc: 0.88733 |  0:00:50s
epoch 30 | loss: 0.33007 | val_auc: 0.89366 |  0:00:52s
epoch 31 | loss: 0.31786 | val_auc: 0.89703 |  0:00:54s
epoch 32 | loss: 0.3163  | val_auc: 0.89867 |  0:00:55s
epoch 33 | loss: 0.30241 | val_auc: 0.89164 |  0:00:57s
epoch 34 | loss: 0.29451 | val_auc: 0.89716 |  0:00:59s
epoch 35 | loss: 0.2902  | val_auc: 0.89236 |  0:01:00s
epoch 36 | loss: 0.27879 | val_auc: 0.90107 |  0:01:02s
epoch 37 | loss: 0.26195 | val_auc: 0.89008 |  0:01:03s
epoch 38 | loss: 0.25305 | val_auc: 0.90254 |  0:01:05s
epoch 39 | loss: 0.24442 | val_auc: 0.90036 |  0:01:07s
epoch 40 | loss: 0.23408 | val_auc: 0.90089 |  0:01:09s
epoch 41 | loss: 0.23351 | val_auc: 0.90309 |  0:01:10s
epoch 42 | loss: 0.23492 | val_auc: 0.90281 |  0:01:12s
epoch 43 | loss: 0.20605 | val_auc: 0.90726 |  0:01:13s
epoch 44 | loss: 0.2014  | val_auc: 0.89958 |  0:01:15s
epoch 45 | loss: 0.19702 | val_auc: 0.90698 |  0:01:17s
epoch 46 | loss: 0.19041 | val_auc: 0.90296 |  0:01:18s
epoch 47 | loss: 0.18569 | val_auc: 0.9072  |  0:01:20s
epoch 48 | loss: 0.17067 | val_auc: 0.91291 |  0:01:22s
epoch 49 | loss: 0.1571  | val_auc: 0.91143 |  0:01:23s
epoch 50 | loss: 0.16336 | val_auc: 0.9091  |  0:01:25s
epoch 51 | loss: 0.15575 | val_auc: 0.91256 |  0:01:27s
epoch 52 | loss: 0.15919 | val_auc: 0.91369 |  0:01:28s
epoch 53 | loss: 0.1503  | val_auc: 0.91054 |  0:01:30s
epoch 54 | loss: 0.14236 | val_auc: 0.91973 |  0:01:31s
epoch 55 | loss: 0.13848 | val_auc: 0.91518 |  0:01:33s
epoch 56 | loss: 0.12486 | val_auc: 0.91397 |  0:01:35s
epoch 57 | loss: 0.1311  | val_auc: 0.91983 |  0:01:36s
epoch 58 | loss: 0.1334  | val_auc: 0.91398 |  0:01:38s
epoch 59 | loss: 0.16926 | val_auc: 0.91741 |  0:01:40s
epoch 60 | loss: 0.15401 | val_auc: 0.9158  |  0:01:41s
epoch 61 | loss: 0.13848 | val_auc: 0.91494 |  0:01:43s
epoch 62 | loss: 0.1395  | val_auc: 0.90774 |  0:01:45s
epoch 63 | loss: 0.14201 | val_auc: 0.91916 |  0:01:46s
epoch 64 | loss: 0.13279 | val_auc: 0.91403 |  0:01:48s
epoch 65 | loss: 0.1091  | val_auc: 0.91911 |  0:01:50s
epoch 66 | loss: 0.10608 | val_auc: 0.92181 |  0:01:51s
epoch 67 | loss: 0.09839 | val_auc: 0.92443 |  0:01:53s
epoch 68 | loss: 0.09653 | val_auc: 0.92335 |  0:01:54s
epoch 69 | loss: 0.09061 | val_auc: 0.91828 |  0:01:56s
epoch 70 | loss: 0.08858 | val_auc: 0.92457 |  0:01:58s
epoch 71 | loss: 0.09516 | val_auc: 0.92049 |  0:01:59s
epoch 72 | loss: 0.10112 | val_auc: 0.92097 |  0:02:01s
epoch 73 | loss: 0.08845 | val_auc: 0.92479 |  0:02:03s
epoch 74 | loss: 0.07927 | val_auc: 0.92631 |  0:02:04s
epoch 75 | loss: 0.07782 | val_auc: 0.92744 |  0:02:06s
epoch 76 | loss: 0.07811 | val_auc: 0.9236  |  0:02:07s
epoch 77 | loss: 0.07606 | val_auc: 0.92278 |  0:02:09s
epoch 78 | loss: 0.07915 | val_auc: 0.92646 |  0:02:11s
epoch 79 | loss: 0.06924 | val_auc: 0.92864 |  0:02:12s
epoch 80 | loss: 0.06646 | val_auc: 0.92502 |  0:02:14s
epoch 81 | loss: 0.06479 | val_auc: 0.92299 |  0:02:16s
epoch 82 | loss: 0.06547 | val_auc: 0.92091 |  0:02:17s
epoch 83 | loss: 0.06635 | val_auc: 0.92174 |  0:02:19s
epoch 84 | loss: 0.06782 | val_auc: 0.92174 |  0:02:21s
epoch 85 | loss: 0.06979 | val_auc: 0.92196 |  0:02:22s
epoch 86 | loss: 0.06577 | val_auc: 0.92362 |  0:02:24s
epoch 87 | loss: 0.06352 | val_auc: 0.92474 |  0:02:26s
epoch 88 | loss: 0.06197 | val_auc: 0.92442 |  0:02:27s
epoch 89 | loss: 0.06913 | val_auc: 0.92036 |  0:02:29s
epoch 90 | loss: 0.0649  | val_auc: 0.92297 |  0:02:31s
epoch 91 | loss: 0.06245 | val_auc: 0.92395 |  0:02:32s
epoch 92 | loss: 0.06019 | val_auc: 0.92364 |  0:02:34s
epoch 93 | loss: 0.0585  | val_auc: 0.92338 |  0:02:35s
epoch 94 | loss: 0.06087 | val_auc: 0.9231  |  0:02:37s

Early stopping occurred at epoch 94 with best_epoch = 79 and best_val_auc = 0.92864
epoch 0  | loss: 0.8705  | val_auc: 0.71809 |  0:00:04s
epoch 1  | loss: 0.59222 | val_auc: 0.74278 |  0:00:08s
epoch 2  | loss: 0.56097 | val_auc: 0.74872 |  0:00:12s
epoch 3  | loss: 0.54328 | val_auc: 0.78093 |  0:00:16s
epoch 4  | loss: 0.5196  | val_auc: 0.7936  |  0:00:20s
epoch 5  | loss: 0.49902 | val_auc: 0.81201 |  0:00:24s
epoch 6  | loss: 0.48512 | val_auc: 0.82495 |  0:00:28s
epoch 7  | loss: 0.47468 | val_auc: 0.8214  |  0:00:32s
epoch 8  | loss: 0.48007 | val_auc: 0.83506 |  0:00:36s
epoch 9  | loss: 0.47101 | val_auc: 0.84677 |  0:00:40s
epoch 10 | loss: 0.45104 | val_auc: 0.85293 |  0:00:44s
epoch 11 | loss: 0.45079 | val_auc: 0.86002 |  0:00:48s05:03:06  INFO      models.tabnet_model  TabNet trained | device=mps  best_epoch=71  elapsed=359.1s
05:03:10  INFO      models.tabnet_model  Apple MPS backend passed smoke test — using GPU acceleration.
05:03:10  INFO      models.tabnet_model  TabNet starting | device=mps  max_epochs=200  patience=15  batch_size=1024  n_train=72184

epoch 12 | loss: 0.43735 | val_auc: 0.86129 |  0:00:52s
epoch 13 | loss: 0.42278 | val_auc: 0.87371 |  0:00:56s
epoch 14 | loss: 0.415   | val_auc: 0.87922 |  0:01:00s
epoch 15 | loss: 0.40146 | val_auc: 0.87986 |  0:01:05s
epoch 16 | loss: 0.39225 | val_auc: 0.88994 |  0:01:09s
epoch 17 | loss: 0.37509 | val_auc: 0.8924  |  0:01:13s
epoch 18 | loss: 0.3662  | val_auc: 0.89856 |  0:01:17s
epoch 19 | loss: 0.36025 | val_auc: 0.89153 |  0:01:21s
epoch 20 | loss: 0.35973 | val_auc: 0.89668 |  0:01:25s
epoch 21 | loss: 0.33888 | val_auc: 0.90494 |  0:01:29s
epoch 22 | loss: 0.32326 | val_auc: 0.90089 |  0:01:33s
epoch 23 | loss: 0.30568 | val_auc: 0.90917 |  0:01:37s
epoch 24 | loss: 0.29737 | val_auc: 0.91451 |  0:01:41s
epoch 25 | loss: 0.28162 | val_auc: 0.91711 |  0:01:46s
epoch 26 | loss: 0.26836 | val_auc: 0.91999 |  0:01:50s
epoch 27 | loss: 0.26078 | val_auc: 0.91989 |  0:01:53s
epoch 28 | loss: 0.24791 | val_auc: 0.92374 |  0:01:58s
epoch 29 | loss: 0.2359  | val_auc: 0.92515 |  0:02:02s
epoch 30 | loss: 0.23149 | val_auc: 0.92413 |  0:02:06s
epoch 31 | loss: 0.2248  | val_auc: 0.9296  |  0:02:10s
epoch 32 | loss: 0.20931 | val_auc: 0.92677 |  0:02:14s
epoch 33 | loss: 0.19879 | val_auc: 0.92767 |  0:02:18s
epoch 34 | loss: 0.19133 | val_auc: 0.93162 |  0:02:22s
epoch 35 | loss: 0.18393 | val_auc: 0.93138 |  0:02:26s
epoch 36 | loss: 0.17573 | val_auc: 0.92989 |  0:02:30s
epoch 37 | loss: 0.16296 | val_auc: 0.92911 |  0:02:34s
epoch 38 | loss: 0.16321 | val_auc: 0.93181 |  0:02:38s
epoch 39 | loss: 0.16342 | val_auc: 0.93467 |  0:02:42s
epoch 40 | loss: 0.15358 | val_auc: 0.93435 |  0:02:46s
epoch 41 | loss: 0.14183 | val_auc: 0.93524 |  0:02:50s
epoch 42 | loss: 0.13877 | val_auc: 0.93571 |  0:02:54s
epoch 43 | loss: 0.12785 | val_auc: 0.93786 |  0:02:58s
epoch 44 | loss: 0.12151 | val_auc: 0.93839 |  0:03:03s
epoch 45 | loss: 0.12116 | val_auc: 0.93088 |  0:03:07s
epoch 46 | loss: 0.1589  | val_auc: 0.92793 |  0:03:12s
epoch 47 | loss: 0.1386  | val_auc: 0.93652 |  0:03:16s
epoch 48 | loss: 0.11396 | val_auc: 0.93821 |  0:03:20s
epoch 49 | loss: 0.10155 | val_auc: 0.9384  |  0:03:24s
epoch 50 | loss: 0.09439 | val_auc: 0.93916 |  0:03:28s
epoch 51 | loss: 0.09803 | val_auc: 0.93959 |  0:03:32s
epoch 52 | loss: 0.10414 | val_auc: 0.93956 |  0:03:36s
epoch 53 | loss: 0.08703 | val_auc: 0.94148 |  0:03:40s
epoch 54 | loss: 0.09033 | val_auc: 0.94124 |  0:03:44s
epoch 55 | loss: 0.07979 | val_auc: 0.94179 |  0:03:48s
epoch 56 | loss: 0.07474 | val_auc: 0.94309 |  0:03:52s
epoch 57 | loss: 0.07577 | val_auc: 0.94108 |  0:03:56s
epoch 58 | loss: 0.07216 | val_auc: 0.94031 |  0:04:00s
epoch 59 | loss: 0.07377 | val_auc: 0.94093 |  0:04:05s
epoch 60 | loss: 0.07162 | val_auc: 0.94233 |  0:04:09s
epoch 61 | loss: 0.06946 | val_auc: 0.93807 |  0:04:13s
epoch 62 | loss: 0.06215 | val_auc: 0.94048 |  0:04:17s
epoch 63 | loss: 0.06205 | val_auc: 0.94095 |  0:04:21s
epoch 64 | loss: 0.06031 | val_auc: 0.9419  |  0:04:25s
epoch 65 | loss: 0.06049 | val_auc: 0.94244 |  0:04:30s
epoch 66 | loss: 0.06557 | val_auc: 0.94    |  0:04:34s
epoch 67 | loss: 0.05581 | val_auc: 0.94129 |  0:04:38s
epoch 68 | loss: 0.06159 | val_auc: 0.94266 |  0:04:42s
epoch 69 | loss: 0.05815 | val_auc: 0.94227 |  0:04:46s
epoch 70 | loss: 0.05256 | val_auc: 0.9408  |  0:04:50s
epoch 71 | loss: 0.05519 | val_auc: 0.94629 |  0:04:54s
epoch 72 | loss: 0.05419 | val_auc: 0.94537 |  0:04:58s
epoch 73 | loss: 0.04963 | val_auc: 0.94592 |  0:05:02s
epoch 74 | loss: 0.04632 | val_auc: 0.9435  |  0:05:06s
epoch 75 | loss: 0.04833 | val_auc: 0.94462 |  0:05:10s
epoch 76 | loss: 0.0479  | val_auc: 0.94421 |  0:05:14s
epoch 77 | loss: 0.04843 | val_auc: 0.94387 |  0:05:18s
epoch 78 | loss: 0.04377 | val_auc: 0.9445  |  0:05:23s
epoch 79 | loss: 0.04022 | val_auc: 0.94087 |  0:05:27s
epoch 80 | loss: 0.03989 | val_auc: 0.94502 |  0:05:31s
epoch 81 | loss: 0.0432  | val_auc: 0.94223 |  0:05:35s
epoch 82 | loss: 0.04494 | val_auc: 0.94253 |  0:05:39s
epoch 83 | loss: 0.04228 | val_auc: 0.94512 |  0:05:43s
epoch 84 | loss: 0.04025 | val_auc: 0.94449 |  0:05:47s
epoch 85 | loss: 0.03817 | val_auc: 0.94297 |  0:05:52s
epoch 86 | loss: 0.03844 | val_auc: 0.94186 |  0:05:56s

Early stopping occurred at epoch 86 with best_epoch = 71 and best_val_auc = 0.94629
epoch 0  | loss: 0.74505 | val_auc: 0.76805 |  0:00:06s
epoch 1  | loss: 0.55271 | val_auc: 0.80837 |  0:00:12s
epoch 2  | loss: 0.51486 | val_auc: 0.82782 |  0:00:18s
epoch 3  | loss: 0.49431 | val_auc: 0.83504 |  0:00:24s
epoch 4  | loss: 0.47477 | val_auc: 0.85482 |  0:00:30s
epoch 5  | loss: 0.45725 | val_auc: 0.87296 |  0:00:35s
epoch 6  | loss: 0.44349 | val_auc: 0.87746 |  0:00:42s
epoch 7  | loss: 0.43442 | val_auc: 0.88511 |  0:00:48s
epoch 8  | loss: 0.41777 | val_auc: 0.89124 |  0:00:54s
epoch 9  | loss: 0.41317 | val_auc: 0.89675 |  0:01:00s
epoch 10 | loss: 0.40353 | val_auc: 0.8999  |  0:01:06s
epoch 11 | loss: 0.39298 | val_auc: 0.89713 |  0:01:12s
epoch 12 | loss: 0.38362 | val_auc: 0.89537 |  0:01:18s
epoch 13 | loss: 0.36581 | val_auc: 0.90601 |  0:01:24s
epoch 14 | loss: 0.34839 | val_auc: 0.91573 |  0:01:30s
epoch 15 | loss: 0.33838 | val_auc: 0.91662 |  0:01:36s
epoch 16 | loss: 0.33051 | val_auc: 0.91248 |  0:01:42s
epoch 17 | loss: 0.32896 | val_auc: 0.92318 |  0:01:48s
epoch 18 | loss: 0.33039 | val_auc: 0.91761 |  0:01:54s
epoch 19 | loss: 0.31685 | val_auc: 0.91495 |  0:02:00s
epoch 20 | loss: 0.30666 | val_auc: 0.92476 |  0:02:06s
epoch 21 | loss: 0.30233 | val_auc: 0.92386 |  0:02:12s
epoch 22 | loss: 0.29552 | val_auc: 0.92934 |  0:02:18s
epoch 23 | loss: 0.27697 | val_auc: 0.92996 |  0:02:24s
epoch 24 | loss: 0.2671  | val_auc: 0.9373  |  0:02:30s
epoch 25 | loss: 0.24687 | val_auc: 0.93299 |  0:02:36s
epoch 26 | loss: 0.23175 | val_auc: 0.93667 |  0:02:42s
epoch 27 | loss: 0.23821 | val_auc: 0.93853 |  0:02:48s
epoch 28 | loss: 0.23312 | val_auc: 0.9329  |  0:02:54s
epoch 29 | loss: 0.241   | val_auc: 0.93596 |  0:03:00s
epoch 30 | loss: 0.21235 | val_auc: 0.93876 |  0:03:06s
epoch 31 | loss: 0.19613 | val_auc: 0.93953 |  0:03:12s
epoch 32 | loss: 0.18532 | val_auc: 0.94328 |  0:03:18s
epoch 33 | loss: 0.17456 | val_auc: 0.94751 |  0:03:24s
epoch 34 | loss: 0.16544 | val_auc: 0.94321 |  0:03:30s
epoch 35 | loss: 0.16362 | val_auc: 0.94209 |  0:03:36s
epoch 36 | loss: 0.17855 | val_auc: 0.94644 |  0:03:42s
epoch 37 | loss: 0.14936 | val_auc: 0.94469 |  0:03:48s
epoch 38 | loss: 0.15006 | val_auc: 0.94466 |  0:03:54s
epoch 39 | loss: 0.15104 | val_auc: 0.94126 |  0:04:00s
epoch 40 | loss: 0.18059 | val_auc: 0.94116 |  0:04:06s
epoch 41 | loss: 0.18435 | val_auc: 0.94489 |  0:04:12s
epoch 42 | loss: 0.17412 | val_auc: 0.94889 |  0:04:18s
epoch 43 | loss: 0.14433 | val_auc: 0.95067 |  0:04:23s
epoch 44 | loss: 0.12639 | val_auc: 0.94901 |  0:04:29s
epoch 45 | loss: 0.12751 | val_auc: 0.94961 |  0:04:35s
epoch 46 | loss: 0.11329 | val_auc: 0.95379 |  0:04:41s
epoch 47 | loss: 0.10657 | val_auc: 0.9527  |  0:04:47s
epoch 48 | loss: 0.1023  | val_auc: 0.94999 |  0:04:53s
epoch 49 | loss: 0.10059 | val_auc: 0.9508  |  0:04:59s
epoch 50 | loss: 0.09261 | val_auc: 0.9489  |  0:05:05s
epoch 51 | loss: 0.08915 | val_auc: 0.95347 |  0:05:11s
epoch 52 | loss: 0.08952 | val_auc: 0.95075 |  0:05:17s
epoch 53 | loss: 0.09128 | val_auc: 0.95394 |  0:05:23s
epoch 54 | loss: 0.08035 | val_auc: 0.95376 |  0:05:29s
epoch 55 | loss: 0.07717 | val_auc: 0.95459 |  0:05:35s
epoch 56 | loss: 0.07306 | val_auc: 0.95566 |  0:05:41s
epoch 57 | loss: 0.07304 | val_auc: 0.95467 |  0:05:47s
epoch 58 | loss: 0.07643 | val_auc: 0.95575 |  0:05:53s
epoch 59 | loss: 0.07535 | val_auc: 0.95437 |  0:05:58s
epoch 60 | loss: 0.06838 | val_auc: 0.95445 |  0:06:05s
epoch 61 | loss: 0.06494 | val_auc: 0.95498 |  0:06:11s
epoch 62 | loss: 0.06413 | val_auc: 0.95489 |  0:06:17s
epoch 63 | loss: 0.0639  | val_auc: 0.95561 |  0:06:23s
epoch 64 | loss: 0.05771 | val_auc: 0.95684 |  0:06:29s
epoch 65 | loss: 0.05717 | val_auc: 0.95683 |  0:06:37s
epoch 66 | loss: 0.06867 | val_auc: 0.95254 |  0:06:44s
epoch 67 | loss: 0.06435 | val_auc: 0.95748 |  0:06:50s
epoch 68 | loss: 0.05781 | val_auc: 0.9511  |  0:06:57s
epoch 69 | loss: 0.07828 | val_auc: 0.95477 |  0:07:04s05:14:30  INFO      models.tabnet_model  TabNet trained | device=mps  best_epoch=96  elapsed=680.7s
05:14:31  INFO      models.tabnet_model  TabNet model saved to /Users/harekrishna/Downloads/credit-default-xai-benchmark/code v1/results/outputs/prosper_temporal/runs/cutoff_2012-07_seed_42/models/tabnet.pkl
05:14:31  INFO      pipeline  ============================================================
05:14:31  INFO      pipeline  STAGE 4: Evaluation (selection on OOF; held-out test reporting)
05:14:31  INFO      pipeline  ============================================================
05:14:31  INFO      pipeline  XGBoost | OOF AUROC=0.6245  f1*=0.2264 @ t=0.40 | test AUROC=0.7002  F1=0.2155  MCC=0.1627
05:14:32  INFO      pipeline  LightGBM | OOF AUROC=0.6233  f1*=0.2280 @ t=0.09 | test AUROC=0.6848  F1=0.2060  MCC=0.1505
05:14:32  INFO      pipeline  CatBoost | OOF AUROC=0.6132  f1*=0.2279 @ t=0.12 | test AUROC=0.6829  F1=0.2142  MCC=0.1511
05:14:33  INFO      pipeline  Random Forest | OOF AUROC=0.5773  f1*=0.2056 @ t=0.24 | test AUROC=0.6968  F1=0.1814  MCC=0.1392
05:14:33  INFO      pipeline  Logistic Reg. | OOF AUROC=0.6111  f1*=0.2273 @ t=0.38 | test AUROC=0.6561  F1=0.1698  MCC=0.1152
05:14:34  INFO      pipeline  TabNet | OOF AUROC=0.5697  f1*=0.2103 @ t=0.01 | test AUROC=0.6192  F1=0.1675  MCC=0.0905
05:14:34  INFO      pipeline  LaTeX table → /Users/harekrishna/Downloads/credit-default-xai-benchmark/code v1/results/outputs/prosper_temporal/runs/cutoff_2012-07_seed_42/results/table2_test_metrics.tex
05:14:34  INFO      pipeline  
                AUROC   AUPRC      F1  Precision  Recall  Specificity  G-Mean     MCC   Brier
Model                                                                                        
XGBoost        0.7002  0.1603  0.2155     0.1359  0.5202       0.7643  0.6305  0.1627  0.1252
LightGBM       0.6848  0.1503  0.2060     0.1287  0.5157       0.7513  0.6224  0.1505  0.0601
CatBoost       0.6829  0.1479  0.2142     0.1458  0.4036       0.8315  0.5793  0.1511  0.0604
Random Forest  0.6968  0.1519  0.1814     0.1036  0.7265       0.5523  0.6334  0.1392  0.0887
Logistic Reg.  0.6561  0.1093  0.1698     0.0969  0.6876       0.5431  0.6111  0.1152  0.1663
TabNet         0.6192  0.1073  0.1675     0.1127  0.3259       0.8172  0.5160  0.0905  0.1022
05:14:34  INFO      visualization.plots  Fig 2 saved → /Users/harekrishna/Downloads/credit-default-xai-benchmark/code v1/results/outputs/prosper_temporal/runs/cutoff_2012-07_seed_42/figures/fig02_roc_curves.pdf
05:14:34  INFO      visualization.plots  Fig 3 saved → /Users/harekrishna/Downloads/credit-default-xai-benchmark/code v1/results/outputs/prosper_temporal/runs/cutoff_2012-07_seed_42/figures/fig03_pr_curves.pdf
05:14:34  INFO      visualization.plots  Fig 4 saved → /Users/harekrishna/Downloads/credit-default-xai-benchmark/code v1/results/outputs/prosper_temporal/runs/cutoff_2012-07_seed_42/figures/fig04_confusion_xgboost.pdf
05:28:26  INFO      pipeline  ============================================================
05:28:26  INFO      pipeline  STAGE 5: SHAP Explanations
05:28:26  INFO      pipeline  ============================================================
05:28:26  INFO      explainability.shap_explainer  SHAP TreeExplainer initialised | output_space=log_odds
05:28:26  INFO      explainability.shap_explainer  SHAP values computed | shape=(2000, 63)
05:28:26  INFO      explainability.shap_explainer  SHAP additivity check | MAE=0.00000 | PASS ✓
05:28:27  INFO      explainability.shap_explainer  Saved SHAP summary → /Users/harekrishna/Downloads/credit-default-xai-benchmark/code v1/results/outputs/prosper_temporal/runs/cutoff_2012-07_seed_42/figures/fig05a_shap_summary_XGBoost.pdf
05:28:27  INFO      explainability.shap_explainer  Saved SHAP bar → /Users/harekrishna/Downloads/credit-default-xai-benchmark/code v1/results/outputs/prosper_temporal/runs/cutoff_2012-07_seed_42/figures/fig05b_shap_bar_XGBoost.pdf
05:28:27  INFO      explainability.shap_explainer  Saved SHAP dependence → /Users/harekrishna/Downloads/credit-default-xai-benchmark/code v1/results/outputs/prosper_temporal/runs/cutoff_2012-07_seed_42/figures/fig06_shap_dep_CreditScoreRangeLower.pdf
05:28:27  INFO      pipeline  LaTeX table → /Users/harekrishna/Downloads/credit-default-xai-benchmark/code v1/results/outputs/prosper_temporal/runs/cutoff_2012-07_seed_42/results/table3_shap_ranking.tex
05:28:28  INFO      visualization.plots  Fig 8 saved → /Users/harekrishna/Downloads/credit-default-xai-benchmark/code v1/results/outputs/prosper_temporal/runs/cutoff_2012-07_seed_42/figures/fig08_importance_comparison.pdf
05:28:29  INFO      visualization.plots  Fig 9 saved → /Users/harekrishna/Downloads/credit-default-xai-benchmark/code v1/results/outputs/prosper_temporal/runs/cutoff_2012-07_seed_42/figures/fig09_threshold_sweep.pdf
05:28:29  INFO      pipeline  ============================================================
05:28:29  INFO      pipeline  STAGE 6: LIME Explanations
05:28:29  INFO      pipeline  ============================================================
05:28:29  INFO      explainability.lime_explainer  LIME tabular explainer initialised | features=63
05:28:29  INFO      pipeline  Local instances selected: {'TP': 4656, 'FP': 6170, 'FN': 1699, 'TN': 8669}
05:28:29  INFO      explainability.lime_explainer  Saved LIME explanation → /Users/harekrishna/Downloads/credit-default-xai-benchmark/code v1/results/outputs/prosper_temporal/runs/cutoff_2012-07_seed_42/figures/fig07_tp_lime.pdf
05:28:30  INFO      explainability.lime_explainer  Saved LIME explanation → /Users/harekrishna/Downloads/credit-default-xai-benchmark/code v1/results/outputs/prosper_temporal/runs/cutoff_2012-07_seed_42/figures/fig07_fp_lime.pdf
05:28:30  INFO      explainability.lime_explainer  Saved LIME explanation → /Users/harekrishna/Downloads/credit-default-xai-benchmark/code v1/results/outputs/prosper_temporal/runs/cutoff_2012-07_seed_42/figures/fig07_fn_lime.pdf
05:28:30  INFO      explainability.lime_explainer  Saved LIME explanation → /Users/harekrishna/Downloads/credit-default-xai-benchmark/code v1/results/outputs/prosper_temporal/runs/cutoff_2012-07_seed_42/figures/fig07_tn_lime.pdf
05:28:30  INFO      explainability.lime_explainer  Saved LIME multi-instance grid → /Users/harekrishna/Downloads/credit-default-xai-benchmark/code v1/results/outputs/prosper_temporal/runs/cutoff_2012-07_seed_42/figures/fig07_lime_multi_instance.pdf
05:28:34  INFO      explainability.lime_explainer  LIME batch complete | n=200
05:28:35  INFO      explainability.lime_explainer  SHAP–LIME agreement | mean ρ=0.289 ± 0.249
05:28:35  INFO      explainability.lime_explainer  LIME tabular explainer initialised | features=63
05:28:35  INFO      explainability.lime_explainer  LIME tabular explainer initialised | features=63
05:28:36  INFO      explainability.lime_explainer  LIME tabular explainer initialised | features=63
05:28:36  INFO      explainability.lime_explainer  LIME tabular explainer initialised | features=63
05:28:36  INFO      explainability.lime_explainer  LIME tabular explainer initialised | features=63
05:28:37  INFO      explainability.lime_explainer  LIME tabular explainer initialised | features=63
05:28:37  INFO      explainability.lime_explainer  LIME tabular explainer initialised | features=63
05:28:38  INFO      explainability.lime_explainer  LIME tabular explainer initialised | features=63
05:28:38  INFO      explainability.lime_explainer  LIME tabular explainer initialised | features=63
05:28:38  INFO      explainability.lime_explainer  LIME tabular explainer initialised | features=63
05:28:39  INFO      explainability.lime_explainer  LIME tabular explainer initialised | features=63
05:28:39  INFO      explainability.lime_explainer  LIME tabular explainer initialised | features=63
05:28:39  INFO      explainability.lime_explainer  LIME tabular explainer initialised | features=63
05:28:40  INFO      explainability.lime_explainer  LIME tabular explainer initialised | features=63
05:28:40  INFO      explainability.lime_explainer  LIME tabular explainer initialised | features=63
05:28:41  INFO      explainability.lime_explainer  LIME tabular explainer initialised | features=63
05:28:41  INFO      explainability.lime_explainer  LIME tabular explainer initialised | features=63
05:28:41  INFO      explainability.lime_explainer  LIME tabular explainer initialised | features=63
05:28:42  INFO      explainability.lime_explainer  LIME tabular explainer initialised | features=63
05:28:42  INFO      explainability.lime_explainer  LIME tabular explainer initialised | features=63
05:28:42  INFO      explainability.lime_explainer  LIME tabular explainer initialised | features=63
05:28:43  INFO      explainability.lime_explainer  LIME tabular explainer initialised | features=63
05:28:43  INFO      explainability.lime_explainer  LIME tabular explainer initialised | features=63
05:28:44  INFO      explainability.lime_explainer  LIME tabular explainer initialised | features=63
05:28:44  INFO      explainability.lime_explainer  LIME tabular explainer initialised | features=63
05:28:44  INFO      explainability.lime_explainer  LIME tabular explainer initialised | features=63
05:28:45  INFO      explainability.lime_explainer  LIME tabular explainer initialised | features=63
05:28:45  INFO      explainability.lime_explainer  LIME tabular explainer initialised | features=63
05:28:45  INFO      explainability.lime_explainer  LIME tabular explainer initialised | features=63
05:28:46  INFO      explainability.lime_explainer  LIME tabular explainer initialised | features=63
05:28:46  INFO      explainability.lime_explainer  LIME tabular explainer initialised | features=63
05:28:47  INFO      explainability.lime_explainer  LIME tabular explainer initialised | features=63
05:28:47  INFO      explainability.lime_explainer  LIME tabular explainer initialised | features=63
05:28:47  INFO      explainability.lime_explainer  LIME tabular explainer initialised | features=63
05:28:48  INFO      explainability.lime_explainer  LIME tabular explainer initialised | features=63
05:28:48  INFO      explainability.lime_explainer  LIME tabular explainer initialised | features=63
05:28:48  INFO      explainability.lime_explainer  LIME tabular explainer initialised | features=63
05:28:49  INFO      explainability.lime_explainer  LIME tabular explainer initialised | features=63
05:28:49  INFO      explainability.lime_explainer  LIME tabular explainer initialised | features=63
05:28:50  INFO      explainability.lime_explainer  LIME tabular explainer initialised | features=63
05:28:50  INFO      explainability.lime_explainer  LIME tabular explainer initialised | features=63
05:28:50  INFO      explainability.lime_explainer  LIME tabular explainer initialised | features=63
05:28:51  INFO      explainability.lime_explainer  LIME tabular explainer initialised | features=63
05:28:51  INFO      explainability.lime_explainer  LIME tabular explainer initialised | features=63
05:28:51  INFO      explainability.lime_explainer  LIME tabular explainer initialised | features=63
05:28:52  INFO      explainability.lime_explainer  LIME tabular explainer initialised | features=63
05:28:52  INFO      explainability.lime_explainer  LIME tabular explainer initialised | features=63
05:28:53  INFO      explainability.lime_explainer  LIME tabular explainer initialised | features=63
05:28:53  INFO      explainability.lime_explainer  LIME tabular explainer initialised | features=63
05:28:53  INFO      explainability.lime_explainer  LIME tabular explainer initialised | features=63
05:28:54  INFO      explainability.lime_explainer  LIME tabular explainer initialised | features=63
05:28:54  INFO      explainability.lime_explainer  LIME tabular explainer initialised | features=63
05:28:55  INFO      explainability.lime_explainer  LIME tabular explainer initialised | features=63
05:28:55  INFO      explainability.lime_explainer  LIME tabular explainer initialised | features=63
05:28:55  INFO      explainability.lime_explainer  LIME tabular explainer initialised | features=63
05:28:56  INFO      explainability.lime_explainer  LIME tabular explainer initialised | features=63
05:28:56  INFO      explainability.lime_explainer  LIME tabular explainer initialised | features=63
05:28:56  INFO      explainability.lime_explainer  LIME tabular explainer initialised | features=63
05:28:57  INFO      explainability.lime_explainer  LIME tabular explainer initialised | features=63
05:28:57  INFO      explainability.lime_explainer  LIME tabular explainer initialised | features=63
05:28:58  INFO      explainability.lime_explainer  LIME tabular explainer initialised | features=63
05:28:58  INFO      explainability.lime_explainer  LIME tabular explainer initialised | features=63
05:28:58  INFO      explainability.lime_explainer  LIME tabular explainer initialised | features=63
05:28:59  INFO      explainability.lime_explainer  LIME tabular explainer initialised | features=63
05:28:59  INFO      explainability.lime_explainer  LIME tabular explainer initialised | features=63
05:28:59  INFO      explainability.lime_explainer  LIME tabular explainer initialised | features=63
05:29:00  INFO      explainability.lime_explainer  LIME tabular explainer initialised | features=63
05:29:00  INFO      explainability.lime_explainer  LIME tabular explainer initialised | features=63
05:29:01  INFO      explainability.lime_explainer  LIME tabular explainer initialised | features=63
05:29:01  INFO      explainability.lime_explainer  LIME tabular explainer initialised | features=63
05:29:01  INFO      explainability.lime_explainer  LIME tabular explainer initialised | features=63
05:29:02  INFO      explainability.lime_explainer  LIME tabular explainer initialised | features=63
05:29:02  INFO      explainability.lime_explainer  LIME tabular explainer initialised | features=63
05:29:02  INFO      explainability.lime_explainer  LIME tabular explainer initialised | features=63
05:29:03  INFO      explainability.lime_explainer  LIME tabular explainer initialised | features=63
05:29:03  INFO      explainability.lime_explainer  LIME tabular explainer initialised | features=63
05:29:04  INFO      explainability.lime_explainer  LIME tabular explainer initialised | features=63
05:29:04  INFO      explainability.lime_explainer  LIME tabular explainer initialised | features=63
05:29:04  INFO      explainability.lime_explainer  LIME tabular explainer initialised | features=63
05:29:05  INFO      explainability.lime_explainer  LIME tabular explainer initialised | features=63
05:29:05  INFO      explainability.lime_explainer  LIME tabular explainer initialised | features=63
05:29:05  INFO      explainability.lime_explainer  LIME tabular explainer initialised | features=63
05:29:06  INFO      explainability.lime_explainer  LIME tabular explainer initialised | features=63
05:29:06  INFO      explainability.lime_explainer  LIME tabular explainer initialised | features=63
05:29:07  INFO      explainability.lime_explainer  LIME tabular explainer initialised | features=63
05:29:07  INFO      explainability.lime_explainer  LIME tabular explainer initialised | features=63
05:29:07  INFO      explainability.lime_explainer  LIME tabular explainer initialised | features=63
05:29:08  INFO      explainability.lime_explainer  LIME tabular explainer initialised | features=63
05:29:08  INFO      explainability.lime_explainer  LIME tabular explainer initialised | features=63
05:29:08  INFO      explainability.lime_explainer  LIME tabular explainer initialised | features=63
05:29:09  INFO      explainability.lime_explainer  LIME tabular explainer initialised | features=63
05:29:09  INFO      explainability.lime_explainer  LIME tabular explainer initialised | features=63
05:29:10  INFO      explainability.lime_explainer  LIME tabular explainer initialised | features=63
05:29:10  INFO      explainability.lime_explainer  LIME tabular explainer initialised | features=63
05:29:11  INFO      explainability.lime_explainer  LIME tabular explainer initialised | features=63
05:29:11  INFO      explainability.lime_explainer  LIME tabular explainer initialised | features=63
05:29:11  INFO      explainability.lime_explainer  LIME tabular explainer initialised | features=63
05:29:12  INFO      explainability.lime_explainer  LIME tabular explainer initialised | features=63
05:29:12  INFO      explainability.lime_explainer  LIME tabular explainer initialised | features=63
05:29:12  INFO      explainability.lime_explainer  LIME tabular explainer initialised | features=63
05:29:13  INFO      explainability.lime_explainer  LIME tabular explainer initialised | features=63
05:29:13  INFO      explainability.lime_explainer  LIME tabular explainer initialised | features=63
05:29:14  INFO      explainability.lime_explainer  LIME tabular explainer initialised | features=63
05:29:14  INFO      explainability.lime_explainer  LIME tabular explainer initialised | features=63
05:29:14  INFO      explainability.lime_explainer  LIME tabular explainer initialised | features=63
05:29:15  INFO      explainability.lime_explainer  LIME tabular explainer initialised | features=63
05:29:15  INFO      explainability.lime_explainer  LIME tabular explainer initialised | features=63
05:29:15  INFO      explainability.lime_explainer  LIME tabular explainer initialised | features=63
05:29:16  INFO      explainability.lime_explainer  LIME tabular explainer initialised | features=63
05:29:16  INFO      explainability.lime_explainer  LIME tabular explainer initialised | features=63
05:29:17  INFO      explainability.lime_explainer  LIME tabular explainer initialised | features=63
05:29:17  INFO      explainability.lime_explainer  LIME tabular explainer initialised | features=63
05:29:17  INFO      explainability.lime_explainer  LIME tabular explainer initialised | features=63
05:29:18  INFO      explainability.lime_explainer  LIME tabular explainer initialised | features=63
05:29:18  INFO      explainability.lime_explainer  LIME tabular explainer initialised | features=63
05:29:18  INFO      explainability.lime_explainer  LIME tabular explainer initialised | features=63
05:29:19  INFO      explainability.lime_explainer  LIME tabular explainer initialised | features=63
05:29:19  INFO      explainability.lime_explainer  LIME tabular explainer initialised | features=63
05:29:20  INFO      explainability.lime_explainer  LIME tabular explainer initialised | features=63
05:29:20  INFO      explainability.lime_explainer  LIME tabular explainer initialised | features=63
05:29:20  INFO      explainability.lime_explainer  LIME tabular explainer initialised | features=63
05:29:21  INFO      explainability.lime_explainer  LIME tabular explainer initialised | features=63
05:29:21  INFO      explainability.lime_explainer  LIME tabular explainer initialised | features=63
05:29:21  INFO      explainability.lime_explainer  LIME tabular explainer initialised | features=63
05:29:22  INFO      explainability.lime_explainer  LIME tabular explainer initialised | features=63
05:29:22  INFO      explainability.lime_explainer  LIME tabular explainer initialised | features=63
05:29:23  INFO      explainability.lime_explainer  LIME tabular explainer initialised | features=63
05:29:23  INFO      explainability.lime_explainer  LIME tabular explainer initialised | features=63
05:29:23  INFO      explainability.lime_explainer  LIME tabular explainer initialised | features=63
05:29:24  INFO      explainability.lime_explainer  LIME tabular explainer initialised | features=63
05:29:24  INFO      explainability.lime_explainer  LIME tabular explainer initialised | features=63
05:29:24  INFO      explainability.lime_explainer  LIME tabular explainer initialised | features=63
05:29:25  INFO      explainability.lime_explainer  LIME tabular explainer initialised | features=63
05:29:25  INFO      explainability.lime_explainer  LIME tabular explainer initialised | features=63
05:29:26  INFO      explainability.lime_explainer  LIME tabular explainer initialised | features=63
05:29:26  INFO      explainability.lime_explainer  LIME tabular explainer initialised | features=63
05:29:26  INFO      explainability.lime_explainer  LIME tabular explainer initialised | features=63
05:29:27  INFO      explainability.lime_explainer  LIME tabular explainer initialised | features=63
05:29:27  INFO      explainability.lime_explainer  LIME tabular explainer initialised | features=63
05:29:28  INFO      explainability.lime_explainer  LIME tabular explainer initialised | features=63
05:29:28  INFO      explainability.lime_explainer  LIME tabular explainer initialised | features=63
05:29:28  INFO      explainability.lime_explainer  LIME tabular explainer initialised | features=63
05:29:29  INFO      explainability.lime_explainer  LIME tabular explainer initialised | features=63
05:29:29  INFO      explainability.lime_explainer  LIME tabular explainer initialised | features=63
05:29:29  INFO      explainability.lime_explainer  LIME tabular explainer initialised | features=63
05:29:30  INFO      explainability.lime_explainer  LIME tabular explainer initialised | features=63
05:29:30  INFO      explainability.lime_explainer  LIME tabular explainer initialised | features=63
05:29:31  INFO      explainability.lime_explainer  LIME tabular explainer initialised | features=63
05:29:31  INFO      explainability.lime_explainer  LIME tabular explainer initialised | features=63
05:29:31  INFO      explainability.lime_explainer  LIME tabular explainer initialised | features=63
05:29:32  INFO      explainability.lime_explainer  LIME tabular explainer initialised | features=63
05:29:32  INFO      explainability.lime_explainer  LIME tabular explainer initialised | features=63
05:29:32  INFO      explainability.lime_explainer  LIME tabular explainer initialised | features=63
05:29:33  INFO      explainability.lime_explainer  LIME tabular explainer initialised | features=63
05:29:33  INFO      explainability.lime_explainer  LIME tabular explainer initialised | features=63
05:29:34  INFO      explainability.lime_explainer  LIME tabular explainer initialised | features=63
05:29:34  INFO      explainability.lime_explainer  LIME tabular explainer initialised | features=63
05:29:34  INFO      explainability.lime_explainer  LIME tabular explainer initialised | features=63
05:29:35  INFO      explainability.lime_explainer  LIME tabular explainer initialised | features=63
05:29:35  INFO      explainability.lime_explainer  LIME tabular explainer initialised | features=63
05:29:35  INFO      explainability.lime_explainer  LIME tabular explainer initialised | features=63
05:29:36  INFO      explainability.lime_explainer  LIME tabular explainer initialised | features=63
05:29:36  INFO      explainability.lime_explainer  LIME tabular explainer initialised | features=63
05:29:37  INFO      explainability.lime_explainer  LIME tabular explainer initialised | features=63
05:29:37  INFO      explainability.lime_explainer  LIME tabular explainer initialised | features=63
05:29:37  INFO      explainability.lime_explainer  LIME tabular explainer initialised | features=63
05:29:38  INFO      explainability.lime_explainer  LIME tabular explainer initialised | features=63
05:29:38  INFO      explainability.lime_explainer  LIME tabular explainer initialised | features=63
05:29:38  INFO      explainability.lime_explainer  LIME tabular explainer initialised | features=63
05:29:39  INFO      explainability.lime_explainer  LIME tabular explainer initialised | features=63
05:29:39  INFO      explainability.lime_explainer  LIME tabular explainer initialised | features=63
05:29:40  INFO      explainability.lime_explainer  LIME tabular explainer initialised | features=63
05:29:40  INFO      explainability.lime_explainer  LIME tabular explainer initialised | features=63
05:29:40  INFO      explainability.lime_explainer  LIME tabular explainer initialised | features=63
05:29:41  INFO      explainability.lime_explainer  LIME tabular explainer initialised | features=63
05:29:41  INFO      explainability.lime_explainer  LIME tabular explainer initialised | features=63
05:29:41  INFO      explainability.lime_explainer  LIME tabular explainer initialised | features=63
05:29:42  INFO      explainability.lime_explainer  LIME tabular explainer initialised | features=63
05:29:42  INFO      explainability.lime_explainer  LIME tabular explainer initialised | features=63
05:29:43  INFO      explainability.lime_explainer  LIME tabular explainer initialised | features=63
05:29:43  INFO      explainability.lime_explainer  LIME tabular explainer initialised | features=63
05:29:43  INFO      explainability.lime_explainer  LIME tabular explainer initialised | features=63
05:29:44  INFO      explainability.lime_explainer  LIME tabular explainer initialised | features=63
05:29:44  INFO      explainability.lime_explainer  LIME tabular explainer initialised | features=63
05:29:44  INFO      explainability.lime_explainer  LIME tabular explainer initialised | features=63
05:29:45  INFO      explainability.lime_explainer  LIME tabular explainer initialised | features=63
05:29:45  INFO      explainability.lime_explainer  LIME tabular explainer initialised | features=63
05:29:46  INFO      explainability.lime_explainer  LIME tabular explainer initialised | features=63
05:29:46  INFO      explainability.lime_explainer  LIME tabular explainer initialised | features=63
05:29:46  INFO      explainability.lime_explainer  LIME tabular explainer initialised | features=63
05:29:47  INFO      explainability.lime_explainer  LIME tabular explainer initialised | features=63
05:29:47  INFO      explainability.lime_explainer  LIME tabular explainer initialised | features=63
05:29:47  INFO      explainability.lime_explainer  LIME tabular explainer initialised | features=63
05:29:48  INFO      explainability.lime_explainer  LIME tabular explainer initialised | features=63
05:29:48  INFO      explainability.lime_explainer  LIME tabular explainer initialised | features=63
05:29:49  INFO      explainability.lime_explainer  LIME tabular explainer initialised | features=63
05:29:49  INFO      explainability.lime_explainer  LIME tabular explainer initialised | features=63
05:29:49  INFO      explainability.lime_explainer  LIME tabular explainer initialised | features=63
05:29:50  INFO      explainability.lime_explainer  LIME tabular explainer initialised | features=63
05:29:50  INFO      explainability.lime_explainer  LIME tabular explainer initialised | features=63
05:29:50  INFO      explainability.lime_explainer  LIME tabular explainer initialised | features=63
05:29:51  INFO      explainability.lime_explainer  LIME tabular explainer initialised | features=63
05:29:51  INFO      explainability.lime_explainer  LIME tabular explainer initialised | features=63
05:29:52  INFO      explainability.lime_explainer  LIME tabular explainer initialised | features=63
05:29:52  INFO      explainability.lime_explainer  LIME tabular explainer initialised | features=63
05:29:52  INFO      explainability.lime_explainer  LIME tabular explainer initialised | features=63
05:29:53  INFO      explainability.lime_explainer  LIME tabular explainer initialised | features=63
05:29:53  INFO      explainability.lime_explainer  LIME tabular explainer initialised | features=63
05:29:53  INFO      explainability.lime_explainer  LIME tabular explainer initialised | features=63
05:29:54  INFO      explainability.lime_explainer  LIME tabular explainer initialised | features=63
05:29:54  INFO      explainability.lime_explainer  LIME tabular explainer initialised | features=63
05:29:55  INFO      explainability.lime_explainer  LIME tabular explainer initialised | features=63
05:29:55  INFO      explainability.lime_explainer  LIME tabular explainer initialised | features=63
05:29:55  INFO      explainability.lime_explainer  LIME tabular explainer initialised | features=63
05:29:56  INFO      explainability.lime_explainer  LIME tabular explainer initialised | features=63
05:29:56  INFO      explainability.lime_explainer  LIME tabular explainer initialised | features=63
05:29:56  INFO      explainability.lime_explainer  LIME tabular explainer initialised | features=63
05:29:57  INFO      explainability.lime_explainer  LIME tabular explainer initialised | features=63
05:29:57  INFO      explainability.lime_explainer  LIME tabular explainer initialised | features=63
05:29:58  INFO      explainability.lime_explainer  LIME tabular explainer initialised | features=63
05:29:58  INFO      explainability.lime_explainer  LIME tabular explainer initialised | features=63
05:29:58  INFO      explainability.lime_explainer  LIME tabular explainer initialised | features=63
05:29:59  INFO      explainability.lime_explainer  LIME tabular explainer initialised | features=63
05:29:59  INFO      explainability.lime_explainer  LIME tabular explainer initialised | features=63
05:29:59  INFO      explainability.lime_explainer  LIME tabular explainer initialised | features=63
05:30:00  INFO      explainability.lime_explainer  LIME tabular explainer initialised | features=63
05:30:00  INFO      explainability.lime_explainer  LIME tabular explainer initialised | features=63
05:30:01  INFO      explainability.lime_explainer  LIME tabular explainer initialised | features=63
05:30:01  INFO      explainability.lime_explainer  LIME tabular explainer initialised | features=63
05:30:01  INFO      explainability.lime_explainer  LIME tabular explainer initialised | features=63
05:30:02  INFO      explainability.lime_explainer  LIME tabular explainer initialised | features=63
05:30:02  INFO      explainability.lime_explainer  LIME tabular explainer initialised | features=63
05:30:02  INFO      explainability.lime_explainer  LIME tabular explainer initialised | features=63
05:30:03  INFO      explainability.lime_explainer  LIME tabular explainer initialised | features=63
05:30:03  INFO      explainability.lime_explainer  LIME tabular explainer initialised | features=63
05:30:04  INFO      explainability.lime_explainer  LIME tabular explainer initialised | features=63
05:30:04  INFO      explainability.lime_explainer  LIME tabular explainer initialised | features=63
05:30:04  INFO      explainability.lime_explainer  LIME tabular explainer initialised | features=63
05:30:05  INFO      explainability.lime_explainer  LIME tabular explainer initialised | features=63
05:30:05  INFO      explainability.lime_explainer  LIME tabular explainer initialised | features=63
05:30:05  INFO      explainability.lime_explainer  LIME tabular explainer initialised | features=63
05:30:06  INFO      explainability.lime_explainer  LIME tabular explainer initialised | features=63
05:30:06  INFO      explainability.lime_explainer  LIME tabular explainer initialised | features=63
05:30:07  INFO      explainability.lime_explainer  LIME tabular explainer initialised | features=63
05:30:07  INFO      explainability.lime_explainer  LIME tabular explainer initialised | features=63
05:30:07  INFO      explainability.lime_explainer  LIME tabular explainer initialised | features=63
05:30:08  INFO      explainability.lime_explainer  LIME tabular explainer initialised | features=63
05:30:08  INFO      explainability.lime_explainer  LIME tabular explainer initialised | features=63
05:30:08  INFO      explainability.lime_explainer  LIME tabular explainer initialised | features=63
05:30:09  INFO      explainability.lime_explainer  LIME tabular explainer initialised | features=63
05:30:09  INFO      explainability.lime_explainer  LIME tabular explainer initialised | features=63
05:30:10  INFO      explainability.lime_explainer  LIME tabular explainer initialised | features=63
05:30:10  INFO      explainability.lime_explainer  LIME tabular explainer initialised | features=63
05:30:10  INFO      explainability.lime_explainer  LIME tabular explainer initialised | features=63
05:30:11  INFO      explainability.lime_explainer  LIME tabular explainer initialised | features=63
05:30:11  INFO      explainability.lime_explainer  LIME tabular explainer initialised | features=63
05:30:12  INFO      explainability.lime_explainer  LIME tabular explainer initialised | features=63
05:30:12  INFO      explainability.lime_explainer  LIME tabular explainer initialised | features=63
05:30:12  INFO      explainability.lime_explainer  LIME tabular explainer initialised | features=63
05:30:13  INFO      explainability.lime_explainer  LIME tabular explainer initialised | features=63
05:30:13  INFO      explainability.lime_explainer  LIME tabular explainer initialised | features=63
05:30:13  INFO      explainability.lime_explainer  LIME tabular explainer initialised | features=63
05:30:14  INFO      explainability.lime_explainer  LIME tabular explainer initialised | features=63
05:30:14  INFO      explainability.lime_explainer  LIME tabular explainer initialised | features=63
05:30:15  INFO      explainability.lime_explainer  LIME tabular explainer initialised | features=63
05:30:15  INFO      explainability.lime_explainer  LIME tabular explainer initialised | features=63
05:30:15  INFO      explainability.lime_explainer  LIME tabular explainer initialised | features=63
05:30:16  INFO      explainability.lime_explainer  LIME tabular explainer initialised | features=63
05:30:16  INFO      explainability.lime_explainer  LIME tabular explainer initialised | features=63
05:30:16  INFO      explainability.lime_explainer  LIME tabular explainer initialised | features=63
05:30:17  INFO      explainability.lime_explainer  LIME tabular explainer initialised | features=63
05:30:17  INFO      explainability.lime_explainer  LIME tabular explainer initialised | features=63
05:30:18  INFO      explainability.lime_explainer  LIME tabular explainer initialised | features=63
05:30:18  INFO      explainability.lime_explainer  LIME tabular explainer initialised | features=63
05:30:18  INFO      explainability.lime_explainer  LIME tabular explainer initialised | features=63
05:30:19  INFO      explainability.lime_explainer  LIME tabular explainer initialised | features=63
05:30:19  INFO      explainability.lime_explainer  LIME tabular explainer initialised | features=63
05:30:19  INFO      explainability.lime_explainer  LIME tabular explainer initialised | features=63
05:30:20  INFO      explainability.lime_explainer  LIME tabular explainer initialised | features=63
05:30:20  INFO      explainability.lime_explainer  LIME tabular explainer initialised | features=63
05:30:21  INFO      explainability.lime_explainer  LIME tabular explainer initialised | features=63
05:30:21  INFO      explainability.lime_explainer  LIME tabular explainer initialised | features=63
05:30:21  INFO      explainability.lime_explainer  LIME tabular explainer initialised | features=63
05:30:22  INFO      explainability.lime_explainer  LIME tabular explainer initialised | features=63
05:30:22  INFO      explainability.lime_explainer  LIME tabular explainer initialised | features=63
05:30:22  INFO      explainability.lime_explainer  LIME tabular explainer initialised | features=63
05:30:23  INFO      explainability.lime_explainer  LIME tabular explainer initialised | features=63
05:30:23  INFO      explainability.lime_explainer  LIME tabular explainer initialised | features=63
05:30:24  INFO      explainability.lime_explainer  LIME tabular explainer initialised | features=63
05:30:24  INFO      explainability.lime_explainer  LIME tabular explainer initialised | features=63
05:30:24  INFO      explainability.lime_explainer  LIME tabular explainer initialised | features=63
05:30:25  INFO      explainability.lime_explainer  LIME tabular explainer initialised | features=63
05:30:25  INFO      explainability.lime_explainer  LIME tabular explainer initialised | features=63
05:30:25  INFO      explainability.lime_explainer  LIME tabular explainer initialised | features=63
05:30:26  INFO      explainability.lime_explainer  LIME tabular explainer initialised | features=63
05:30:26  INFO      explainability.lime_explainer  LIME tabular explainer initialised | features=63
05:30:27  INFO      explainability.lime_explainer  LIME tabular explainer initialised | features=63
05:30:27  INFO      explainability.lime_explainer  LIME tabular explainer initialised | features=63
05:30:27  INFO      explainability.lime_explainer  LIME tabular explainer initialised | features=63
05:30:28  INFO      explainability.lime_explainer  LIME tabular explainer initialised | features=63
05:30:28  INFO      pipeline  LaTeX table → /Users/harekrishna/Downloads/credit-default-xai-benchmark/code v1/results/outputs/prosper_temporal/runs/cutoff_2012-07_seed_42/results/table5_explanation_quality.tex
05:30:28  INFO      pipeline  LaTeX table → /Users/harekrishna/Downloads/credit-default-xai-benchmark/code v1/results/outputs/prosper_temporal/runs/cutoff_2012-07_seed_42/results/table4_shap_lime_agreement.tex
05:30:28  INFO      pipeline  ============================================================
05:30:28  INFO      pipeline  STAGE 7: Revision Analyses
05:30:28  INFO      pipeline  ============================================================
05:33:53  INFO      pipeline  Reusing identical OOF pipeline fit.
05:33:59  INFO      pipeline  RUN cutoff_2012-07_seed_42 COMPLETE | champion XGBoost | OOF AUROC 0.6245 | test AUROC 0.7002
05:33:59  INFO      pipeline  ╔══════════════════════════════════════════════╗
05:33:59  INFO      pipeline  ║  Credit Default Prediction with XAI (v3)     ║
05:33:59  INFO      pipeline  ║  Dataset: prosper                            ║
05:33:59  INFO      pipeline  ║  Run: cutoff_2012-07_seed_99                 ║
05:33:59  INFO      pipeline  ╚══════════════════════════════════════════════╝
05:33:59  INFO      pipeline  ============================================================
05:33:59  INFO      pipeline  STAGE 1: Data Loading, Labelling & Partitioning
05:33:59  INFO      pipeline  ============================================================
05:33:59  INFO      data.data_loader  Loading Prosper loans from /Users/harekrishna/Downloads/credit-default-xai-benchmark/code v1/data/prosperLoanData.csv
05:34:01  INFO      data.data_loader  Prosper: 113937 rows, 113066 after LoanKey de-duplication
05:34:01  INFO      data.data_loader  Prosper horizon label (H=12 months, snapshot 2014-03-12): 72067 labelled, 40999 censored, default rate 9.70%
05:34:01  INFO      data.data_loader  Skipping UCI-specific engineered features; required columns not present.
05:34:01  INFO      data.data_loader  Skipping UCI-specific engineered features; required columns not present.
05:34:01  INFO      data.data_loader  Dataset loaded | prosper | train=40862  test=10057 | default rate train=11.67% test=6.65% | 8 nominal, 33 continuous
05:34:01  INFO      pipeline  Imbalance stats (train): {"n_total": 40862, "n_majority": 36092, "n_minority": 4770, "imbalance_ratio": 7.5665, "minority_pct": 11.67}
05:34:01  INFO      visualization.plots  Fig 1 saved → /Users/harekrishna/Downloads/credit-default-xai-benchmark/code v1/results/outputs/prosper_temporal/runs/cutoff_2012-07_seed_99/figures/fig01_class_distribution.pdf
05:34:01  INFO      pipeline  ============================================================
05:34:01  INFO      pipeline  STAGE 2: Imbalance Strategy Ablation (selected on OOF AUROC)
05:34:01  INFO      pipeline  ============================================================
05:34:18  INFO      pipeline  Ablation | SMOTE            | OOF AUROC=0.5973  test AUROC=0.6834
05:34:37  INFO      pipeline  Ablation | BorderlineSMOTE  | OOF AUROC=0.5857  test AUROC=0.6898
05:36:59  INFO      pipeline  Ablation | SVMSMOTE         | OOF AUROC=0.6005  test AUROC=0.6957
05:37:16  INFO      pipeline  Ablation | ADASYN           | OOF AUROC=0.5867  test AUROC=0.6853
05:37:20  INFO      pipeline  Ablation | None             | OOF AUROC=0.5911  test AUROC=0.6999
05:37:23  INFO      pipeline  Ablation | ClassWeight      | OOF AUROC=0.4617  test AUROC=0.6189
05:37:23  INFO      pipeline  Best imbalance strategy (OOF AUROC): SVMSMOTE → 0.6005 [probe: LightGBM]
05:37:23  INFO      pipeline  ============================================================
05:37:23  INFO      pipeline  STAGE 3: Model Training (training CV selection, OOF predictions, refit)
05:37:23  INFO      pipeline  ============================================================
05:37:23  INFO      pipeline  Training XGBoost …
05:38:34  INFO      pipeline  XGBoost | per-model strategy=ClassWeight | OOF AUROC by strategy={'SMOTE': 0.6025, 'BorderlineSMOTE': 0.6047, 'SVMSMOTE': 0.6117, 'ADASYN': 0.5994, 'None': 0.5918, 'ClassWeight': 0.6208}
05:38:34  INFO      pipeline  RandomizedSearchCV | model=XGBoost strategy=ClassWeight n_iter=12
05:38:54  INFO      pipeline  Training LightGBM …
05:38:54  INFO      pipeline  Reusing identical OOF pipeline fit.
05:38:54  INFO      pipeline  Reusing identical OOF pipeline fit.
05:38:54  INFO      pipeline  Reusing identical OOF pipeline fit.
05:38:54  INFO      pipeline  Reusing identical OOF pipeline fit.
05:38:54  INFO      pipeline  Reusing identical OOF pipeline fit.
05:38:54  INFO      pipeline  Reusing identical OOF pipeline fit.
05:38:54  INFO      pipeline  LightGBM | per-model strategy=SVMSMOTE | OOF AUROC by strategy={'SMOTE': 0.5973, 'BorderlineSMOTE': 0.5857, 'SVMSMOTE': 0.6005, 'ADASYN': 0.5867, 'None': 0.5911, 'ClassWeight': 0.4617}
05:38:54  INFO      pipeline  RandomizedSearchCV | model=LightGBM strategy=SVMSMOTE n_iter=12
05:50:21  INFO      pipeline  Training CatBoost …
05:51:49  INFO      pipeline  CatBoost | per-model strategy=ClassWeight | OOF AUROC by strategy={'SMOTE': 0.6006, 'BorderlineSMOTE': 0.6053, 'SVMSMOTE': 0.6066, 'ADASYN': 0.6054, 'None': 0.6109, 'ClassWeight': 0.6193}
05:51:49  INFO      pipeline  RandomizedSearchCV | model=CatBoost strategy=ClassWeight n_iter=12
05:52:26  INFO      pipeline  Training Random Forest …
05:54:01  INFO      pipeline  Random Forest | per-model strategy=ClassWeight | OOF AUROC by strategy={'SMOTE': 0.5229, 'BorderlineSMOTE': 0.522, 'SVMSMOTE': 0.5261, 'ADASYN': 0.5225, 'None': 0.5271, 'ClassWeight': 0.5376}
05:54:01  INFO      pipeline  RandomizedSearchCV | model=Random Forest strategy=ClassWeight n_iter=12
05:55:45  INFO      pipeline  Training Logistic Reg. …
05:56:45  INFO      pipeline  Logistic Reg. | per-model strategy=ClassWeight | OOF AUROC by strategy={'SMOTE': 0.5595, 'BorderlineSMOTE': 0.5379, 'SVMSMOTE': 0.5403, 'ADASYN': 0.5547, 'None': 0.5321, 'ClassWeight': 0.5962}
05:56:45  INFO      pipeline  RandomizedSearchCV | model=Logistic Reg. strategy=ClassWeight n_iter=12
05:56:53  INFO      pipeline  Reusing verified legacy final model: Logistic Reg.
05:56:53  INFO      pipeline  Training TabNet …
05:56:53  INFO      models.tabnet_model  Apple MPS backend passed smoke test — using GPU acceleration.
05:56:53  INFO      models.tabnet_model  TabNet starting | device=mps  max_epochs=200  patience=15  batch_size=1024  n_train=140
05:56:56  INFO      models.tabnet_model  TabNet trained | device=mps  best_epoch=20  elapsed=2.5s
05:57:00  INFO      models.tabnet_model  Apple MPS backend passed smoke test — using GPU acceleration.
05:57:00  INFO      models.tabnet_model  TabNet starting | device=mps  max_epochs=200  patience=15  batch_size=1024  n_train=20106

epoch 70 | loss: 0.05675 | val_auc: 0.95734 |  0:07:10s
epoch 71 | loss: 0.05234 | val_auc: 0.95653 |  0:07:17s
epoch 72 | loss: 0.04943 | val_auc: 0.9568  |  0:07:22s
epoch 73 | loss: 0.05373 | val_auc: 0.95308 |  0:07:28s
epoch 74 | loss: 0.04869 | val_auc: 0.95778 |  0:07:34s
epoch 75 | loss: 0.04411 | val_auc: 0.95701 |  0:07:40s
epoch 76 | loss: 0.04488 | val_auc: 0.95819 |  0:07:46s
epoch 77 | loss: 0.04242 | val_auc: 0.95935 |  0:07:52s
epoch 78 | loss: 0.04092 | val_auc: 0.95405 |  0:07:58s
epoch 79 | loss: 0.04426 | val_auc: 0.95715 |  0:08:04s
epoch 80 | loss: 0.04054 | val_auc: 0.95777 |  0:08:10s
epoch 81 | loss: 0.04245 | val_auc: 0.95871 |  0:08:16s
epoch 82 | loss: 0.0472  | val_auc: 0.95646 |  0:08:22s
epoch 83 | loss: 0.04194 | val_auc: 0.95871 |  0:08:28s
epoch 84 | loss: 0.03961 | val_auc: 0.96051 |  0:08:34s
epoch 85 | loss: 0.03966 | val_auc: 0.95865 |  0:08:39s
epoch 86 | loss: 0.03818 | val_auc: 0.95856 |  0:08:46s
epoch 87 | loss: 0.03821 | val_auc: 0.96002 |  0:08:52s
epoch 88 | loss: 0.03575 | val_auc: 0.92007 |  0:08:58s
epoch 89 | loss: 0.03792 | val_auc: 0.95912 |  0:09:04s
epoch 90 | loss: 0.03518 | val_auc: 0.95994 |  0:09:10s
epoch 91 | loss: 0.03289 | val_auc: 0.95917 |  0:09:16s
epoch 92 | loss: 0.0319  | val_auc: 0.95907 |  0:09:22s
epoch 93 | loss: 0.03102 | val_auc: 0.95735 |  0:09:28s
epoch 94 | loss: 0.03157 | val_auc: 0.95784 |  0:09:34s
epoch 95 | loss: 0.03343 | val_auc: 0.95948 |  0:09:40s
epoch 96 | loss: 0.03144 | val_auc: 0.96125 |  0:09:46s
epoch 97 | loss: 0.02908 | val_auc: 0.9599  |  0:09:52s
epoch 98 | loss: 0.02744 | val_auc: 0.95814 |  0:09:58s
epoch 99 | loss: 0.02645 | val_auc: 0.95866 |  0:10:03s
epoch 100| loss: 0.02719 | val_auc: 0.95904 |  0:10:09s
epoch 101| loss: 0.02893 | val_auc: 0.9598  |  0:10:15s
epoch 102| loss: 0.02707 | val_auc: 0.9602  |  0:10:21s
epoch 103| loss: 0.02868 | val_auc: 0.96082 |  0:10:27s
epoch 104| loss: 0.02551 | val_auc: 0.95949 |  0:10:33s
epoch 105| loss: 0.02701 | val_auc: 0.96023 |  0:10:39s
epoch 106| loss: 0.02597 | val_auc: 0.9595  |  0:10:45s
epoch 107| loss: 0.02551 | val_auc: 0.96051 |  0:10:51s
epoch 108| loss: 0.02658 | val_auc: 0.95961 |  0:10:57s
epoch 109| loss: 0.02474 | val_auc: 0.96119 |  0:11:04s
epoch 110| loss: 0.02297 | val_auc: 0.95974 |  0:11:10s
epoch 111| loss: 0.02287 | val_auc: 0.96064 |  0:11:15s

Early stopping occurred at epoch 111 with best_epoch = 96 and best_val_auc = 0.96125
Successfully saved model at /Users/harekrishna/Downloads/credit-default-xai-benchmark/code v1/results/outputs/prosper_temporal/runs/cutoff_2012-07_seed_42/models/tabnet.pkl.zip
epoch 0  | loss: 2.07457 | val_auc: 0.7     |  0:00:00s
epoch 1  | loss: 1.10972 | val_auc: 0.65    |  0:00:00s
epoch 2  | loss: 0.43011 | val_auc: 0.7     |  0:00:00s
epoch 3  | loss: 0.58275 | val_auc: 0.475   |  0:00:00s
epoch 4  | loss: 0.9636  | val_auc: 0.4375  |  0:00:00s
epoch 5  | loss: 0.45897 | val_auc: 0.275   |  0:00:00s
epoch 6  | loss: 0.37257 | val_auc: 0.9     |  0:00:00s
epoch 7  | loss: 0.48135 | val_auc: 0.7     |  0:00:00s
epoch 8  | loss: 0.31266 | val_auc: 0.525   |  0:00:00s
epoch 9  | loss: 0.47018 | val_auc: 0.6     |  0:00:00s
epoch 10 | loss: 0.40002 | val_auc: 0.475   |  0:00:00s
epoch 11 | loss: 0.42194 | val_auc: 0.125   |  0:00:00s
epoch 12 | loss: 0.43125 | val_auc: 0.4     |  0:00:00s
epoch 13 | loss: 0.45216 | val_auc: 0.7     |  0:00:00s
epoch 14 | loss: 0.39718 | val_auc: 0.9     |  0:00:01s
epoch 15 | loss: 0.33832 | val_auc: 0.85    |  0:00:01s
epoch 16 | loss: 0.31786 | val_auc: 0.775   |  0:00:01s
epoch 17 | loss: 0.46331 | val_auc: 0.825   |  0:00:01s
epoch 18 | loss: 0.54452 | val_auc: 0.825   |  0:00:01s
epoch 19 | loss: 0.37806 | val_auc: 0.975   |  0:00:01s
epoch 20 | loss: 0.32652 | val_auc: 1.0     |  0:00:01s
epoch 21 | loss: 0.36843 | val_auc: 0.975   |  0:00:01s
epoch 22 | loss: 0.29378 | val_auc: 0.975   |  0:00:01s
epoch 23 | loss: 0.27054 | val_auc: 0.95    |  0:00:01s
epoch 24 | loss: 0.25674 | val_auc: 0.975   |  0:00:01s
epoch 25 | loss: 0.27372 | val_auc: 0.975   |  0:00:01s
epoch 26 | loss: 0.19103 | val_auc: 0.975   |  0:00:01s
epoch 27 | loss: 0.15468 | val_auc: 0.975   |  0:00:01s
epoch 28 | loss: 0.13567 | val_auc: 1.0     |  0:00:01s
epoch 29 | loss: 0.139   | val_auc: 1.0     |  0:00:01s
epoch 30 | loss: 0.14548 | val_auc: 1.0     |  0:00:01s
epoch 31 | loss: 0.10637 | val_auc: 1.0     |  0:00:01s
epoch 32 | loss: 0.12978 | val_auc: 1.0     |  0:00:01s
epoch 33 | loss: 0.12355 | val_auc: 1.0     |  0:00:02s
epoch 34 | loss: 0.13241 | val_auc: 1.0     |  0:00:02s
epoch 35 | loss: 0.12372 | val_auc: 1.0     |  0:00:02s

Early stopping occurred at epoch 35 with best_epoch = 20 and best_val_auc = 1.0
epoch 0  | loss: 0.86376 | val_auc: 0.82784 |  0:00:01s
epoch 1  | loss: 0.57732 | val_auc: 0.86405 |  0:00:03s
epoch 2  | loss: 0.45503 | val_auc: 0.88048 |  0:00:05s
epoch 3  | loss: 0.41872 | val_auc: 0.88982 |  0:00:06s
epoch 4  | loss: 0.40414 | val_auc: 0.89437 |  0:00:08s
epoch 5  | loss: 0.3958  | val_auc: 0.89061 |  0:00:10s
epoch 6  | loss: 0.38627 | val_auc: 0.90057 |  0:00:11s
epoch 7  | loss: 0.37521 | val_auc: 0.9036  |  0:00:13s
epoch 8  | loss: 0.36906 | val_auc: 0.90449 |  0:00:14s
epoch 9  | loss: 0.36344 | val_auc: 0.90627 |  0:00:16s
epoch 10 | loss: 0.35824 | val_auc: 0.90428 |  0:00:18s
epoch 11 | loss: 0.34711 | val_auc: 0.91076 |  0:00:20s
epoch 12 | loss: 0.34797 | val_auc: 0.91591 |  0:00:21s
epoch 13 | loss: 0.3431  | val_auc: 0.91833 |  0:00:23s
epoch 14 | loss: 0.34273 | val_auc: 0.9147  |  0:00:25s
epoch 15 | loss: 0.34723 | val_auc: 0.91375 |  0:00:26s
epoch 16 | loss: 0.36979 | val_auc: 0.91169 |  0:00:28s
epoch 17 | loss: 0.35305 | val_auc: 0.91665 |  0:00:30s
epoch 18 | loss: 0.34351 | val_auc: 0.92092 |  0:00:31s
epoch 19 | loss: 0.33943 | val_auc: 0.92175 |  0:00:33s
epoch 20 | loss: 0.33452 | val_auc: 0.92203 |  0:00:34s
epoch 21 | loss: 0.33203 | val_auc: 0.92406 |  0:00:36s
epoch 22 | loss: 0.32552 | val_auc: 0.92624 |  0:00:38s
epoch 23 | loss: 0.32025 | val_auc: 0.92491 |  0:00:39s
epoch 24 | loss: 0.31418 | val_auc: 0.9215  |  0:00:41s
epoch 25 | loss: 0.31416 | val_auc: 0.92242 |  0:00:43s
epoch 26 | loss: 0.31398 | val_auc: 0.91992 |  0:00:44s
epoch 27 | loss: 0.31025 | val_auc: 0.92185 |  0:00:46s
epoch 28 | loss: 0.30861 | val_auc: 0.92298 |  0:00:48s
epoch 29 | loss: 0.32016 | val_auc: 0.91634 |  0:00:49s
epoch 30 | loss: 0.3177  | val_auc: 0.91926 |  0:00:51s
epoch 31 | loss: 0.30756 | val_auc: 0.91838 |  0:00:53s
epoch 32 | loss: 0.30178 | val_auc: 0.92169 |  0:00:54s
epoch 33 | loss: 0.29286 | val_auc: 0.92585 |  0:00:56s
epoch 34 | loss: 0.28458 | val_auc: 0.92262 |  0:00:57s
epoch 35 | loss: 0.27678 | val_auc: 0.92674 |  0:00:59s
epoch 36 | loss: 0.26897 | val_auc: 0.92729 |  0:01:01s
epoch 37 | loss: 0.27021 | val_auc: 0.92551 |  0:01:02s
epoch 38 | loss: 0.26139 | val_auc: 0.9297  |  0:01:04s
epoch 39 | loss: 0.25189 | val_auc: 0.92824 |  0:01:06s
epoch 40 | loss: 0.25483 | val_auc: 0.92791 |  0:01:07s
epoch 41 | loss: 0.24867 | val_auc: 0.93079 |  0:01:09s
epoch 42 | loss: 0.2427  | val_auc: 0.93072 |  0:01:11s
epoch 43 | loss: 0.23439 | val_auc: 0.92677 |  0:01:13s
epoch 44 | loss: 0.23332 | val_auc: 0.92939 |  0:01:14s
epoch 45 | loss: 0.2208  | val_auc: 0.93461 |  0:01:16s
epoch 46 | loss: 0.21783 | val_auc: 0.9332  |  0:01:17s
epoch 47 | loss: 0.21356 | val_auc: 0.93076 |  0:01:19s
epoch 48 | loss: 0.20711 | val_auc: 0.92922 |  0:01:21s
epoch 49 | loss: 0.19872 | val_auc: 0.92929 |  0:01:22s
epoch 50 | loss: 0.19158 | val_auc: 0.93391 |  0:01:24s
epoch 51 | loss: 0.18351 | val_auc: 0.93189 |  0:01:26s
epoch 52 | loss: 0.1724  | val_auc: 0.93874 |  0:01:27s
epoch 53 | loss: 0.18187 | val_auc: 0.93342 |  0:01:29s
epoch 54 | loss: 0.17803 | val_auc: 0.93001 |  0:01:31s
epoch 55 | loss: 0.18546 | val_auc: 0.93537 |  0:01:32s
epoch 56 | loss: 0.1669  | val_auc: 0.93715 |  0:01:34s
epoch 57 | loss: 0.1607  | val_auc: 0.93352 |  0:01:35s
epoch 58 | loss: 0.15238 | val_auc: 0.93261 |  0:01:37s
epoch 59 | loss: 0.1467  | val_auc: 0.93581 |  0:01:39s
epoch 60 | loss: 0.13364 | val_auc: 0.93427 |  0:01:40s
epoch 61 | loss: 0.12749 | val_auc: 0.93607 |  0:01:42s
epoch 62 | loss: 0.12632 | val_auc: 0.93348 |  0:01:44s05:58:54  INFO      models.tabnet_model  TabNet trained | device=mps  best_epoch=52  elapsed=113.4s
05:59:29  INFO      models.tabnet_model  Apple MPS backend passed smoke test — using GPU acceleration.
05:59:29  INFO      models.tabnet_model  TabNet starting | device=mps  max_epochs=200  patience=15  batch_size=1024  n_train=49858
06:06:25  INFO      models.tabnet_model  TabNet trained | device=mps  best_epoch=84  elapsed=415.7s
06:07:56  INFO      models.tabnet_model  Apple MPS backend passed smoke test — using GPU acceleration.
06:07:56  INFO      models.tabnet_model  TabNet starting | device=mps  max_epochs=200  patience=15  batch_size=1024  n_train=72184

epoch 63 | loss: 0.12159 | val_auc: 0.93611 |  0:01:45s
epoch 64 | loss: 0.11619 | val_auc: 0.93502 |  0:01:47s
epoch 65 | loss: 0.11758 | val_auc: 0.92977 |  0:01:49s
epoch 66 | loss: 0.11613 | val_auc: 0.93366 |  0:01:50s
epoch 67 | loss: 0.12007 | val_auc: 0.93224 |  0:01:52s

Early stopping occurred at epoch 67 with best_epoch = 52 and best_val_auc = 0.93874
epoch 0  | loss: 0.64557 | val_auc: 0.86108 |  0:00:04s
epoch 1  | loss: 0.44828 | val_auc: 0.8857  |  0:00:08s
epoch 2  | loss: 0.42471 | val_auc: 0.89289 |  0:00:12s
epoch 3  | loss: 0.41432 | val_auc: 0.89405 |  0:00:16s
epoch 4  | loss: 0.40521 | val_auc: 0.90653 |  0:00:20s
epoch 5  | loss: 0.38978 | val_auc: 0.91287 |  0:00:24s
epoch 6  | loss: 0.3852  | val_auc: 0.90542 |  0:00:28s
epoch 7  | loss: 0.37503 | val_auc: 0.91814 |  0:00:32s
epoch 8  | loss: 0.37571 | val_auc: 0.91986 |  0:00:36s
epoch 9  | loss: 0.37627 | val_auc: 0.9153  |  0:00:41s
epoch 10 | loss: 0.37678 | val_auc: 0.92106 |  0:00:45s
epoch 11 | loss: 0.3663  | val_auc: 0.92438 |  0:00:49s
epoch 12 | loss: 0.35166 | val_auc: 0.92519 |  0:00:53s
epoch 13 | loss: 0.34684 | val_auc: 0.92665 |  0:00:57s
epoch 14 | loss: 0.34588 | val_auc: 0.92771 |  0:01:01s
epoch 15 | loss: 0.33536 | val_auc: 0.92882 |  0:01:05s
epoch 16 | loss: 0.33518 | val_auc: 0.92834 |  0:01:10s
epoch 17 | loss: 0.33185 | val_auc: 0.93057 |  0:01:14s
epoch 18 | loss: 0.31949 | val_auc: 0.93267 |  0:01:18s
epoch 19 | loss: 0.31058 | val_auc: 0.92998 |  0:01:22s
epoch 20 | loss: 0.31534 | val_auc: 0.93276 |  0:01:26s
epoch 21 | loss: 0.30317 | val_auc: 0.93383 |  0:01:30s
epoch 22 | loss: 0.30377 | val_auc: 0.93478 |  0:01:34s
epoch 23 | loss: 0.29933 | val_auc: 0.93814 |  0:01:38s
epoch 24 | loss: 0.2904  | val_auc: 0.93709 |  0:01:43s
epoch 25 | loss: 0.28036 | val_auc: 0.94055 |  0:01:47s
epoch 26 | loss: 0.2718  | val_auc: 0.94164 |  0:01:51s
epoch 27 | loss: 0.26967 | val_auc: 0.94064 |  0:01:55s
epoch 28 | loss: 0.26493 | val_auc: 0.92913 |  0:01:59s
epoch 29 | loss: 0.28199 | val_auc: 0.93713 |  0:02:03s
epoch 30 | loss: 0.27587 | val_auc: 0.93824 |  0:02:07s
epoch 31 | loss: 0.2682  | val_auc: 0.93651 |  0:02:11s
epoch 32 | loss: 0.25598 | val_auc: 0.93777 |  0:02:15s
epoch 33 | loss: 0.24721 | val_auc: 0.94064 |  0:02:19s
epoch 34 | loss: 0.24028 | val_auc: 0.941   |  0:02:23s
epoch 35 | loss: 0.22846 | val_auc: 0.94199 |  0:02:27s
epoch 36 | loss: 0.21695 | val_auc: 0.94069 |  0:02:31s
epoch 37 | loss: 0.21062 | val_auc: 0.94357 |  0:02:35s
epoch 38 | loss: 0.19978 | val_auc: 0.94368 |  0:02:39s
epoch 39 | loss: 0.1916  | val_auc: 0.94409 |  0:02:44s
epoch 40 | loss: 0.18945 | val_auc: 0.94666 |  0:02:48s
epoch 41 | loss: 0.18495 | val_auc: 0.94375 |  0:02:52s
epoch 42 | loss: 0.17968 | val_auc: 0.94647 |  0:02:56s
epoch 43 | loss: 0.16771 | val_auc: 0.94806 |  0:03:00s
epoch 44 | loss: 0.16243 | val_auc: 0.94371 |  0:03:04s
epoch 45 | loss: 0.15761 | val_auc: 0.94567 |  0:03:08s
epoch 46 | loss: 0.15485 | val_auc: 0.94739 |  0:03:12s
epoch 47 | loss: 0.14573 | val_auc: 0.94393 |  0:03:16s
epoch 48 | loss: 0.15063 | val_auc: 0.94738 |  0:03:20s
epoch 49 | loss: 0.13129 | val_auc: 0.94689 |  0:03:24s
epoch 50 | loss: 0.12189 | val_auc: 0.94755 |  0:03:28s
epoch 51 | loss: 0.12211 | val_auc: 0.94565 |  0:03:32s
epoch 52 | loss: 0.11227 | val_auc: 0.94586 |  0:03:36s
epoch 53 | loss: 0.11144 | val_auc: 0.95042 |  0:03:41s
epoch 54 | loss: 0.11152 | val_auc: 0.9467  |  0:03:45s
epoch 55 | loss: 0.09894 | val_auc: 0.94515 |  0:03:49s
epoch 56 | loss: 0.09762 | val_auc: 0.9486  |  0:03:53s
epoch 57 | loss: 0.08916 | val_auc: 0.95172 |  0:03:57s
epoch 58 | loss: 0.09224 | val_auc: 0.94533 |  0:04:01s
epoch 59 | loss: 0.09242 | val_auc: 0.94914 |  0:04:05s
epoch 60 | loss: 0.08429 | val_auc: 0.94714 |  0:04:09s
epoch 61 | loss: 0.07615 | val_auc: 0.94842 |  0:04:14s
epoch 62 | loss: 0.07345 | val_auc: 0.94959 |  0:04:18s
epoch 63 | loss: 0.07127 | val_auc: 0.95005 |  0:04:22s
epoch 64 | loss: 0.07098 | val_auc: 0.95019 |  0:04:27s
epoch 65 | loss: 0.06868 | val_auc: 0.95087 |  0:04:31s
epoch 66 | loss: 0.06726 | val_auc: 0.95005 |  0:04:36s
epoch 67 | loss: 0.06514 | val_auc: 0.9483  |  0:04:40s
epoch 68 | loss: 0.05701 | val_auc: 0.95144 |  0:04:45s
epoch 69 | loss: 0.06415 | val_auc: 0.9483  |  0:04:49s
epoch 70 | loss: 0.05858 | val_auc: 0.94962 |  0:04:53s
epoch 71 | loss: 0.06055 | val_auc: 0.95012 |  0:04:57s
epoch 72 | loss: 0.05803 | val_auc: 0.95208 |  0:05:01s
epoch 73 | loss: 0.05288 | val_auc: 0.95047 |  0:05:05s
epoch 74 | loss: 0.04722 | val_auc: 0.95085 |  0:05:09s
epoch 75 | loss: 0.0482  | val_auc: 0.95108 |  0:05:14s
epoch 76 | loss: 0.04679 | val_auc: 0.94793 |  0:05:18s
epoch 77 | loss: 0.04837 | val_auc: 0.95155 |  0:05:22s
epoch 78 | loss: 0.04629 | val_auc: 0.94952 |  0:05:26s
epoch 79 | loss: 0.04583 | val_auc: 0.95042 |  0:05:30s
epoch 80 | loss: 0.04342 | val_auc: 0.95035 |  0:05:34s
epoch 81 | loss: 0.04326 | val_auc: 0.95135 |  0:05:38s
epoch 82 | loss: 0.04254 | val_auc: 0.94988 |  0:05:42s
epoch 83 | loss: 0.04171 | val_auc: 0.9517  |  0:05:47s
epoch 84 | loss: 0.04367 | val_auc: 0.95212 |  0:05:51s
epoch 85 | loss: 0.03945 | val_auc: 0.95167 |  0:05:55s
epoch 86 | loss: 0.03695 | val_auc: 0.95084 |  0:05:59s
epoch 87 | loss: 0.03617 | val_auc: 0.95144 |  0:06:03s
epoch 88 | loss: 0.03643 | val_auc: 0.95123 |  0:06:07s
epoch 89 | loss: 0.03745 | val_auc: 0.95133 |  0:06:11s
epoch 90 | loss: 0.03692 | val_auc: 0.95169 |  0:06:15s
epoch 91 | loss: 0.03106 | val_auc: 0.95138 |  0:06:19s
epoch 92 | loss: 0.03401 | val_auc: 0.95186 |  0:06:24s
epoch 93 | loss: 0.03058 | val_auc: 0.94993 |  0:06:28s
epoch 94 | loss: 0.03079 | val_auc: 0.95086 |  0:06:32s
epoch 95 | loss: 0.03117 | val_auc: 0.9474  |  0:06:36s
epoch 96 | loss: 0.03323 | val_auc: 0.95191 |  0:06:40s
epoch 97 | loss: 0.02949 | val_auc: 0.95028 |  0:06:44s
epoch 98 | loss: 0.0268  | val_auc: 0.95124 |  0:06:48s
epoch 99 | loss: 0.02871 | val_auc: 0.9507  |  0:06:52s

Early stopping occurred at epoch 99 with best_epoch = 84 and best_val_auc = 0.95212
epoch 0  | loss: 0.55671 | val_auc: 0.88182 |  0:00:06s
epoch 1  | loss: 0.39514 | val_auc: 0.89855 |  0:00:11s
epoch 2  | loss: 0.37188 | val_auc: 0.91067 |  0:00:17s
epoch 3  | loss: 0.36531 | val_auc: 0.91443 |  0:00:24s
epoch 4  | loss: 0.34285 | val_auc: 0.91823 |  0:00:29s
epoch 5  | loss: 0.33211 | val_auc: 0.91786 |  0:00:35s
epoch 6  | loss: 0.33789 | val_auc: 0.92112 |  0:00:41s
epoch 7  | loss: 0.32741 | val_auc: 0.92675 |  0:00:47s
epoch 8  | loss: 0.31802 | val_auc: 0.92407 |  0:00:53s
epoch 9  | loss: 0.3123  | val_auc: 0.93139 |  0:00:59s
epoch 10 | loss: 0.304   | val_auc: 0.92499 |  0:01:05s
epoch 11 | loss: 0.32783 | val_auc: 0.92111 |  0:01:11s
epoch 12 | loss: 0.31716 | val_auc: 0.92644 |  0:01:17s
epoch 13 | loss: 0.30711 | val_auc: 0.93139 |  0:01:23s
epoch 14 | loss: 0.29702 | val_auc: 0.936   |  0:01:29s
epoch 15 | loss: 0.29044 | val_auc: 0.93802 |  0:01:35s
epoch 16 | loss: 0.28334 | val_auc: 0.93573 |  0:01:41s
epoch 17 | loss: 0.28514 | val_auc: 0.9371  |  0:01:47s
epoch 18 | loss: 0.28001 | val_auc: 0.93978 |  0:01:53s
epoch 19 | loss: 0.26687 | val_auc: 0.94003 |  0:01:59s
epoch 20 | loss: 0.26089 | val_auc: 0.94189 |  0:02:05s
epoch 21 | loss: 0.25956 | val_auc: 0.9439  |  0:02:10s
epoch 22 | loss: 0.2492  | val_auc: 0.94461 |  0:02:17s
epoch 23 | loss: 0.2574  | val_auc: 0.93907 |  0:02:23s
epoch 24 | loss: 0.25104 | val_auc: 0.94165 |  0:02:29s
epoch 25 | loss: 0.23509 | val_auc: 0.94618 |  0:02:35s
epoch 26 | loss: 0.22379 | val_auc: 0.94664 |  0:02:41s
epoch 27 | loss: 0.219   | val_auc: 0.94399 |  0:02:47s
epoch 28 | loss: 0.24444 | val_auc: 0.94099 |  0:02:53s
epoch 29 | loss: 0.23204 | val_auc: 0.94256 |  0:02:59s
epoch 30 | loss: 0.23272 | val_auc: 0.94788 |  0:03:04s
epoch 31 | loss: 0.22513 | val_auc: 0.94572 |  0:03:10s
epoch 32 | loss: 0.21042 | val_auc: 0.94666 |  0:03:16s
epoch 33 | loss: 0.22396 | val_auc: 0.93469 |  0:03:22s
epoch 34 | loss: 0.24128 | val_auc: 0.94207 |  0:03:28s
epoch 35 | loss: 0.21009 | val_auc: 0.94597 |  0:03:34s
epoch 36 | loss: 0.19447 | val_auc: 0.94532 |  0:03:40s
epoch 37 | loss: 0.18992 | val_auc: 0.9483  |  0:03:46s
epoch 38 | loss: 0.24342 | val_auc: 0.9439  |  0:03:52s06:17:25  INFO      models.tabnet_model  TabNet trained | device=mps  best_epoch=79  elapsed=569.2s
06:17:25  INFO      models.tabnet_model  TabNet model saved to /Users/harekrishna/Downloads/credit-default-xai-benchmark/code v1/results/outputs/prosper_temporal/runs/cutoff_2012-07_seed_99/models/tabnet.pkl
06:17:25  INFO      pipeline  ============================================================
06:17:25  INFO      pipeline  STAGE 4: Evaluation (selection on OOF; held-out test reporting)
06:17:25  INFO      pipeline  ============================================================
06:17:26  INFO      pipeline  XGBoost | OOF AUROC=0.6280  f1*=0.2275 @ t=0.38 | test AUROC=0.6916  F1=0.1851  MCC=0.1392
06:17:26  INFO      pipeline  LightGBM | OOF AUROC=0.6087  f1*=0.2162 @ t=0.05 | test AUROC=0.6916  F1=0.1491  MCC=0.1029
06:17:27  INFO      pipeline  CatBoost | OOF AUROC=0.6246  f1*=0.2285 @ t=0.33 | test AUROC=0.7035  F1=0.1814  MCC=0.1443
06:17:27  INFO      pipeline  Random Forest | OOF AUROC=0.5580  f1*=0.1985 @ t=0.25 | test AUROC=0.6880  F1=0.1554  MCC=0.1067
06:17:27  INFO      pipeline  Logistic Reg. | OOF AUROC=0.6111  f1*=0.2273 @ t=0.38 | test AUROC=0.6561  F1=0.1698  MCC=0.1152
06:17:28  INFO      pipeline  TabNet | OOF AUROC=0.5816  f1*=0.2179 @ t=0.19 | test AUROC=0.6201  F1=0.1368  MCC=0.0706
06:17:28  INFO      pipeline  LaTeX table → /Users/harekrishna/Downloads/credit-default-xai-benchmark/code v1/results/outputs/prosper_temporal/runs/cutoff_2012-07_seed_99/results/table2_test_metrics.tex
06:17:28  INFO      pipeline  
                AUROC   AUPRC      F1  Precision  Recall  Specificity  G-Mean     MCC   Brier
Model                                                                                        
XGBoost        0.6916  0.1522  0.1851     0.1072  0.6786       0.5971  0.6366  0.1392  0.1492
LightGBM       0.6916  0.1429  0.1491     0.0811  0.9208       0.2568  0.4863  0.1029  0.0607
CatBoost       0.7035  0.1585  0.1814     0.1029  0.7638       0.5257  0.6337  0.1443  0.1382
Random Forest  0.6880  0.1479  0.1554     0.0855  0.8520       0.3503  0.5463  0.1067  0.1123
Logistic Reg.  0.6561  0.1093  0.1698     0.0969  0.6876       0.5431  0.6111  0.1152  0.1663
TabNet         0.6201  0.1035  0.1368     0.1272  0.1480       0.9277  0.3705  0.0706  0.0899
06:17:28  INFO      visualization.plots  Fig 2 saved → /Users/harekrishna/Downloads/credit-default-xai-benchmark/code v1/results/outputs/prosper_temporal/runs/cutoff_2012-07_seed_99/figures/fig02_roc_curves.pdf
06:17:28  INFO      visualization.plots  Fig 3 saved → /Users/harekrishna/Downloads/credit-default-xai-benchmark/code v1/results/outputs/prosper_temporal/runs/cutoff_2012-07_seed_99/figures/fig03_pr_curves.pdf
06:17:29  INFO      visualization.plots  Fig 4 saved → /Users/harekrishna/Downloads/credit-default-xai-benchmark/code v1/results/outputs/prosper_temporal/runs/cutoff_2012-07_seed_99/figures/fig04_confusion_xgboost.pdf
06:31:21  INFO      pipeline  ============================================================
06:31:21  INFO      pipeline  STAGE 5: SHAP Explanations
06:31:21  INFO      pipeline  ============================================================
06:31:21  INFO      explainability.shap_explainer  SHAP TreeExplainer initialised | output_space=log_odds
06:31:21  INFO      explainability.shap_explainer  SHAP values computed | shape=(2000, 63)
06:31:21  INFO      explainability.shap_explainer  SHAP additivity check | MAE=0.00000 | PASS ✓
06:31:22  INFO      explainability.shap_explainer  Saved SHAP summary → /Users/harekrishna/Downloads/credit-default-xai-benchmark/code v1/results/outputs/prosper_temporal/runs/cutoff_2012-07_seed_99/figures/fig05a_shap_summary_XGBoost.pdf
06:31:22  INFO      explainability.shap_explainer  Saved SHAP bar → /Users/harekrishna/Downloads/credit-default-xai-benchmark/code v1/results/outputs/prosper_temporal/runs/cutoff_2012-07_seed_99/figures/fig05b_shap_bar_XGBoost.pdf
06:31:23  INFO      explainability.shap_explainer  Saved SHAP dependence → /Users/harekrishna/Downloads/credit-default-xai-benchmark/code v1/results/outputs/prosper_temporal/runs/cutoff_2012-07_seed_99/figures/fig06_shap_dep_CreditScoreRangeLower.pdf
06:31:23  INFO      pipeline  LaTeX table → /Users/harekrishna/Downloads/credit-default-xai-benchmark/code v1/results/outputs/prosper_temporal/runs/cutoff_2012-07_seed_99/results/table3_shap_ranking.tex
06:31:23  INFO      visualization.plots  Fig 8 saved → /Users/harekrishna/Downloads/credit-default-xai-benchmark/code v1/results/outputs/prosper_temporal/runs/cutoff_2012-07_seed_99/figures/fig08_importance_comparison.pdf
06:31:24  INFO      visualization.plots  Fig 9 saved → /Users/harekrishna/Downloads/credit-default-xai-benchmark/code v1/results/outputs/prosper_temporal/runs/cutoff_2012-07_seed_99/figures/fig09_threshold_sweep.pdf
06:31:24  INFO      pipeline  ============================================================
06:31:24  INFO      pipeline  STAGE 6: LIME Explanations
06:31:24  INFO      pipeline  ============================================================
06:31:24  INFO      explainability.lime_explainer  LIME tabular explainer initialised | features=63
06:31:24  INFO      pipeline  Local instances selected: {'TP': 4451, 'FP': 3421, 'FN': 6809, 'TN': 7893}
06:31:25  INFO      explainability.lime_explainer  Saved LIME explanation → /Users/harekrishna/Downloads/credit-default-xai-benchmark/code v1/results/outputs/prosper_temporal/runs/cutoff_2012-07_seed_99/figures/fig07_tp_lime.pdf
06:31:25  INFO      explainability.lime_explainer  Saved LIME explanation → /Users/harekrishna/Downloads/credit-default-xai-benchmark/code v1/results/outputs/prosper_temporal/runs/cutoff_2012-07_seed_99/figures/fig07_fp_lime.pdf
06:31:25  INFO      explainability.lime_explainer  Saved LIME explanation → /Users/harekrishna/Downloads/credit-default-xai-benchmark/code v1/results/outputs/prosper_temporal/runs/cutoff_2012-07_seed_99/figures/fig07_fn_lime.pdf
06:31:25  INFO      explainability.lime_explainer  Saved LIME explanation → /Users/harekrishna/Downloads/credit-default-xai-benchmark/code v1/results/outputs/prosper_temporal/runs/cutoff_2012-07_seed_99/figures/fig07_tn_lime.pdf
06:31:26  INFO      explainability.lime_explainer  Saved LIME multi-instance grid → /Users/harekrishna/Downloads/credit-default-xai-benchmark/code v1/results/outputs/prosper_temporal/runs/cutoff_2012-07_seed_99/figures/fig07_lime_multi_instance.pdf
06:31:29  INFO      explainability.lime_explainer  LIME batch complete | n=200
06:31:30  INFO      explainability.lime_explainer  SHAP–LIME agreement | mean ρ=0.390 ± 0.220
06:31:30  INFO      explainability.lime_explainer  LIME tabular explainer initialised | features=63
06:31:30  INFO      explainability.lime_explainer  LIME tabular explainer initialised | features=63
06:31:31  INFO      explainability.lime_explainer  LIME tabular explainer initialised | features=63
06:31:31  INFO      explainability.lime_explainer  LIME tabular explainer initialised | features=63
06:31:31  INFO      explainability.lime_explainer  LIME tabular explainer initialised | features=63
06:31:32  INFO      explainability.lime_explainer  LIME tabular explainer initialised | features=63
06:31:32  INFO      explainability.lime_explainer  LIME tabular explainer initialised | features=63
06:31:33  INFO      explainability.lime_explainer  LIME tabular explainer initialised | features=63
06:31:33  INFO      explainability.lime_explainer  LIME tabular explainer initialised | features=63
06:31:33  INFO      explainability.lime_explainer  LIME tabular explainer initialised | features=63
06:31:34  INFO      explainability.lime_explainer  LIME tabular explainer initialised | features=63
06:31:34  INFO      explainability.lime_explainer  LIME tabular explainer initialised | features=63
06:31:34  INFO      explainability.lime_explainer  LIME tabular explainer initialised | features=63
06:31:35  INFO      explainability.lime_explainer  LIME tabular explainer initialised | features=63
06:31:35  INFO      explainability.lime_explainer  LIME tabular explainer initialised | features=63
06:31:36  INFO      explainability.lime_explainer  LIME tabular explainer initialised | features=63
06:31:36  INFO      explainability.lime_explainer  LIME tabular explainer initialised | features=63
06:31:36  INFO      explainability.lime_explainer  LIME tabular explainer initialised | features=63
06:31:37  INFO      explainability.lime_explainer  LIME tabular explainer initialised | features=63
06:31:37  INFO      explainability.lime_explainer  LIME tabular explainer initialised | features=63
06:31:37  INFO      explainability.lime_explainer  LIME tabular explainer initialised | features=63
06:31:38  INFO      explainability.lime_explainer  LIME tabular explainer initialised | features=63
06:31:38  INFO      explainability.lime_explainer  LIME tabular explainer initialised | features=63
06:31:39  INFO      explainability.lime_explainer  LIME tabular explainer initialised | features=63
06:31:39  INFO      explainability.lime_explainer  LIME tabular explainer initialised | features=63
06:31:39  INFO      explainability.lime_explainer  LIME tabular explainer initialised | features=63
06:31:40  INFO      explainability.lime_explainer  LIME tabular explainer initialised | features=63
06:31:40  INFO      explainability.lime_explainer  LIME tabular explainer initialised | features=63
06:31:40  INFO      explainability.lime_explainer  LIME tabular explainer initialised | features=63
06:31:41  INFO      explainability.lime_explainer  LIME tabular explainer initialised | features=63
06:31:41  INFO      explainability.lime_explainer  LIME tabular explainer initialised | features=63
06:31:41  INFO      explainability.lime_explainer  LIME tabular explainer initialised | features=63
06:31:42  INFO      explainability.lime_explainer  LIME tabular explainer initialised | features=63
06:31:42  INFO      explainability.lime_explainer  LIME tabular explainer initialised | features=63
06:31:43  INFO      explainability.lime_explainer  LIME tabular explainer initialised | features=63
06:31:43  INFO      explainability.lime_explainer  LIME tabular explainer initialised | features=63
06:31:43  INFO      explainability.lime_explainer  LIME tabular explainer initialised | features=63
06:31:44  INFO      explainability.lime_explainer  LIME tabular explainer initialised | features=63
06:31:44  INFO      explainability.lime_explainer  LIME tabular explainer initialised | features=63
06:31:45  INFO      explainability.lime_explainer  LIME tabular explainer initialised | features=63
06:31:45  INFO      explainability.lime_explainer  LIME tabular explainer initialised | features=63
06:31:45  INFO      explainability.lime_explainer  LIME tabular explainer initialised | features=63
06:31:46  INFO      explainability.lime_explainer  LIME tabular explainer initialised | features=63
06:31:46  INFO      explainability.lime_explainer  LIME tabular explainer initialised | features=63
06:31:46  INFO      explainability.lime_explainer  LIME tabular explainer initialised | features=63
06:31:47  INFO      explainability.lime_explainer  LIME tabular explainer initialised | features=63
06:31:47  INFO      explainability.lime_explainer  LIME tabular explainer initialised | features=63
06:31:47  INFO      explainability.lime_explainer  LIME tabular explainer initialised | features=63
06:31:48  INFO      explainability.lime_explainer  LIME tabular explainer initialised | features=63
06:31:48  INFO      explainability.lime_explainer  LIME tabular explainer initialised | features=63
06:31:49  INFO      explainability.lime_explainer  LIME tabular explainer initialised | features=63
06:31:49  INFO      explainability.lime_explainer  LIME tabular explainer initialised | features=63
06:31:49  INFO      explainability.lime_explainer  LIME tabular explainer initialised | features=63
06:31:50  INFO      explainability.lime_explainer  LIME tabular explainer initialised | features=63
06:31:50  INFO      explainability.lime_explainer  LIME tabular explainer initialised | features=63
06:31:50  INFO      explainability.lime_explainer  LIME tabular explainer initialised | features=63
06:31:51  INFO      explainability.lime_explainer  LIME tabular explainer initialised | features=63
06:31:51  INFO      explainability.lime_explainer  LIME tabular explainer initialised | features=63
06:31:52  INFO      explainability.lime_explainer  LIME tabular explainer initialised | features=63
06:31:52  INFO      explainability.lime_explainer  LIME tabular explainer initialised | features=63
06:31:52  INFO      explainability.lime_explainer  LIME tabular explainer initialised | features=63
06:31:53  INFO      explainability.lime_explainer  LIME tabular explainer initialised | features=63
06:31:53  INFO      explainability.lime_explainer  LIME tabular explainer initialised | features=63
06:31:53  INFO      explainability.lime_explainer  LIME tabular explainer initialised | features=63
06:31:54  INFO      explainability.lime_explainer  LIME tabular explainer initialised | features=63
06:31:54  INFO      explainability.lime_explainer  LIME tabular explainer initialised | features=63
06:31:55  INFO      explainability.lime_explainer  LIME tabular explainer initialised | features=63
06:31:55  INFO      explainability.lime_explainer  LIME tabular explainer initialised | features=63
06:31:55  INFO      explainability.lime_explainer  LIME tabular explainer initialised | features=63
06:31:56  INFO      explainability.lime_explainer  LIME tabular explainer initialised | features=63
06:31:56  INFO      explainability.lime_explainer  LIME tabular explainer initialised | features=63
06:31:56  INFO      explainability.lime_explainer  LIME tabular explainer initialised | features=63
06:31:57  INFO      explainability.lime_explainer  LIME tabular explainer initialised | features=63
06:31:57  INFO      explainability.lime_explainer  LIME tabular explainer initialised | features=63
06:31:58  INFO      explainability.lime_explainer  LIME tabular explainer initialised | features=63
06:31:58  INFO      explainability.lime_explainer  LIME tabular explainer initialised | features=63
06:31:58  INFO      explainability.lime_explainer  LIME tabular explainer initialised | features=63
06:31:59  INFO      explainability.lime_explainer  LIME tabular explainer initialised | features=63
06:31:59  INFO      explainability.lime_explainer  LIME tabular explainer initialised | features=63
06:31:59  INFO      explainability.lime_explainer  LIME tabular explainer initialised | features=63
06:32:00  INFO      explainability.lime_explainer  LIME tabular explainer initialised | features=63
06:32:00  INFO      explainability.lime_explainer  LIME tabular explainer initialised | features=63
06:32:01  INFO      explainability.lime_explainer  LIME tabular explainer initialised | features=63
06:32:01  INFO      explainability.lime_explainer  LIME tabular explainer initialised | features=63
06:32:01  INFO      explainability.lime_explainer  LIME tabular explainer initialised | features=63
06:32:02  INFO      explainability.lime_explainer  LIME tabular explainer initialised | features=63
06:32:02  INFO      explainability.lime_explainer  LIME tabular explainer initialised | features=63
06:32:02  INFO      explainability.lime_explainer  LIME tabular explainer initialised | features=63
06:32:03  INFO      explainability.lime_explainer  LIME tabular explainer initialised | features=63
06:32:03  INFO      explainability.lime_explainer  LIME tabular explainer initialised | features=63
06:32:04  INFO      explainability.lime_explainer  LIME tabular explainer initialised | features=63
06:32:04  INFO      explainability.lime_explainer  LIME tabular explainer initialised | features=63
06:32:04  INFO      explainability.lime_explainer  LIME tabular explainer initialised | features=63
06:32:05  INFO      explainability.lime_explainer  LIME tabular explainer initialised | features=63
06:32:05  INFO      explainability.lime_explainer  LIME tabular explainer initialised | features=63
06:32:05  INFO      explainability.lime_explainer  LIME tabular explainer initialised | features=63
06:32:06  INFO      explainability.lime_explainer  LIME tabular explainer initialised | features=63
06:32:06  INFO      explainability.lime_explainer  LIME tabular explainer initialised | features=63
06:32:07  INFO      explainability.lime_explainer  LIME tabular explainer initialised | features=63
06:32:07  INFO      explainability.lime_explainer  LIME tabular explainer initialised | features=63
06:32:07  INFO      explainability.lime_explainer  LIME tabular explainer initialised | features=63
06:32:08  INFO      explainability.lime_explainer  LIME tabular explainer initialised | features=63
06:32:08  INFO      explainability.lime_explainer  LIME tabular explainer initialised | features=63
06:32:08  INFO      explainability.lime_explainer  LIME tabular explainer initialised | features=63
06:32:09  INFO      explainability.lime_explainer  LIME tabular explainer initialised | features=63
06:32:09  INFO      explainability.lime_explainer  LIME tabular explainer initialised | features=63
06:32:10  INFO      explainability.lime_explainer  LIME tabular explainer initialised | features=63
06:32:10  INFO      explainability.lime_explainer  LIME tabular explainer initialised | features=63
06:32:11  INFO      explainability.lime_explainer  LIME tabular explainer initialised | features=63
06:32:11  INFO      explainability.lime_explainer  LIME tabular explainer initialised | features=63
06:32:11  INFO      explainability.lime_explainer  LIME tabular explainer initialised | features=63
06:32:12  INFO      explainability.lime_explainer  LIME tabular explainer initialised | features=63
06:32:12  INFO      explainability.lime_explainer  LIME tabular explainer initialised | features=63
06:32:12  INFO      explainability.lime_explainer  LIME tabular explainer initialised | features=63
06:32:13  INFO      explainability.lime_explainer  LIME tabular explainer initialised | features=63
06:32:13  INFO      explainability.lime_explainer  LIME tabular explainer initialised | features=63
06:32:14  INFO      explainability.lime_explainer  LIME tabular explainer initialised | features=63
06:32:14  INFO      explainability.lime_explainer  LIME tabular explainer initialised | features=63
06:32:14  INFO      explainability.lime_explainer  LIME tabular explainer initialised | features=63
06:32:15  INFO      explainability.lime_explainer  LIME tabular explainer initialised | features=63
06:32:15  INFO      explainability.lime_explainer  LIME tabular explainer initialised | features=63
06:32:15  INFO      explainability.lime_explainer  LIME tabular explainer initialised | features=63
06:32:16  INFO      explainability.lime_explainer  LIME tabular explainer initialised | features=63
06:32:16  INFO      explainability.lime_explainer  LIME tabular explainer initialised | features=63
06:32:17  INFO      explainability.lime_explainer  LIME tabular explainer initialised | features=63
06:32:17  INFO      explainability.lime_explainer  LIME tabular explainer initialised | features=63
06:32:17  INFO      explainability.lime_explainer  LIME tabular explainer initialised | features=63
06:32:18  INFO      explainability.lime_explainer  LIME tabular explainer initialised | features=63
06:32:18  INFO      explainability.lime_explainer  LIME tabular explainer initialised | features=63
06:32:18  INFO      explainability.lime_explainer  LIME tabular explainer initialised | features=63
06:32:19  INFO      explainability.lime_explainer  LIME tabular explainer initialised | features=63
06:32:19  INFO      explainability.lime_explainer  LIME tabular explainer initialised | features=63
06:32:20  INFO      explainability.lime_explainer  LIME tabular explainer initialised | features=63
06:32:20  INFO      explainability.lime_explainer  LIME tabular explainer initialised | features=63
06:32:20  INFO      explainability.lime_explainer  LIME tabular explainer initialised | features=63
06:32:21  INFO      explainability.lime_explainer  LIME tabular explainer initialised | features=63
06:32:21  INFO      explainability.lime_explainer  LIME tabular explainer initialised | features=63
06:32:21  INFO      explainability.lime_explainer  LIME tabular explainer initialised | features=63
06:32:22  INFO      explainability.lime_explainer  LIME tabular explainer initialised | features=63
06:32:22  INFO      explainability.lime_explainer  LIME tabular explainer initialised | features=63
06:32:23  INFO      explainability.lime_explainer  LIME tabular explainer initialised | features=63
06:32:23  INFO      explainability.lime_explainer  LIME tabular explainer initialised | features=63
06:32:23  INFO      explainability.lime_explainer  LIME tabular explainer initialised | features=63
06:32:24  INFO      explainability.lime_explainer  LIME tabular explainer initialised | features=63
06:32:24  INFO      explainability.lime_explainer  LIME tabular explainer initialised | features=63
06:32:24  INFO      explainability.lime_explainer  LIME tabular explainer initialised | features=63
06:32:25  INFO      explainability.lime_explainer  LIME tabular explainer initialised | features=63
06:32:25  INFO      explainability.lime_explainer  LIME tabular explainer initialised | features=63
06:32:26  INFO      explainability.lime_explainer  LIME tabular explainer initialised | features=63
06:32:26  INFO      explainability.lime_explainer  LIME tabular explainer initialised | features=63
06:32:26  INFO      explainability.lime_explainer  LIME tabular explainer initialised | features=63
06:32:27  INFO      explainability.lime_explainer  LIME tabular explainer initialised | features=63
06:32:27  INFO      explainability.lime_explainer  LIME tabular explainer initialised | features=63
06:32:27  INFO      explainability.lime_explainer  LIME tabular explainer initialised | features=63
06:32:28  INFO      explainability.lime_explainer  LIME tabular explainer initialised | features=63
06:32:28  INFO      explainability.lime_explainer  LIME tabular explainer initialised | features=63
06:32:29  INFO      explainability.lime_explainer  LIME tabular explainer initialised | features=63
06:32:29  INFO      explainability.lime_explainer  LIME tabular explainer initialised | features=63
06:32:29  INFO      explainability.lime_explainer  LIME tabular explainer initialised | features=63
06:32:30  INFO      explainability.lime_explainer  LIME tabular explainer initialised | features=63
06:32:30  INFO      explainability.lime_explainer  LIME tabular explainer initialised | features=63
06:32:30  INFO      explainability.lime_explainer  LIME tabular explainer initialised | features=63
06:32:31  INFO      explainability.lime_explainer  LIME tabular explainer initialised | features=63
06:32:31  INFO      explainability.lime_explainer  LIME tabular explainer initialised | features=63
06:32:32  INFO      explainability.lime_explainer  LIME tabular explainer initialised | features=63
06:32:32  INFO      explainability.lime_explainer  LIME tabular explainer initialised | features=63
06:32:32  INFO      explainability.lime_explainer  LIME tabular explainer initialised | features=63
06:32:33  INFO      explainability.lime_explainer  LIME tabular explainer initialised | features=63
06:32:33  INFO      explainability.lime_explainer  LIME tabular explainer initialised | features=63
06:32:33  INFO      explainability.lime_explainer  LIME tabular explainer initialised | features=63
06:32:34  INFO      explainability.lime_explainer  LIME tabular explainer initialised | features=63
06:32:34  INFO      explainability.lime_explainer  LIME tabular explainer initialised | features=63
06:32:35  INFO      explainability.lime_explainer  LIME tabular explainer initialised | features=63
06:32:35  INFO      explainability.lime_explainer  LIME tabular explainer initialised | features=63
06:32:35  INFO      explainability.lime_explainer  LIME tabular explainer initialised | features=63
06:32:36  INFO      explainability.lime_explainer  LIME tabular explainer initialised | features=63
06:32:36  INFO      explainability.lime_explainer  LIME tabular explainer initialised | features=63
06:32:36  INFO      explainability.lime_explainer  LIME tabular explainer initialised | features=63
06:32:37  INFO      explainability.lime_explainer  LIME tabular explainer initialised | features=63
06:32:37  INFO      explainability.lime_explainer  LIME tabular explainer initialised | features=63
06:32:38  INFO      explainability.lime_explainer  LIME tabular explainer initialised | features=63
06:32:38  INFO      explainability.lime_explainer  LIME tabular explainer initialised | features=63
06:32:38  INFO      explainability.lime_explainer  LIME tabular explainer initialised | features=63
06:32:39  INFO      explainability.lime_explainer  LIME tabular explainer initialised | features=63
06:32:39  INFO      explainability.lime_explainer  LIME tabular explainer initialised | features=63
06:32:40  INFO      explainability.lime_explainer  LIME tabular explainer initialised | features=63
06:32:40  INFO      explainability.lime_explainer  LIME tabular explainer initialised | features=63
06:32:40  INFO      explainability.lime_explainer  LIME tabular explainer initialised | features=63
06:32:41  INFO      explainability.lime_explainer  LIME tabular explainer initialised | features=63
06:32:41  INFO      explainability.lime_explainer  LIME tabular explainer initialised | features=63
06:32:41  INFO      explainability.lime_explainer  LIME tabular explainer initialised | features=63
06:32:42  INFO      explainability.lime_explainer  LIME tabular explainer initialised | features=63
06:32:42  INFO      explainability.lime_explainer  LIME tabular explainer initialised | features=63
06:32:43  INFO      explainability.lime_explainer  LIME tabular explainer initialised | features=63
06:32:43  INFO      explainability.lime_explainer  LIME tabular explainer initialised | features=63
06:32:43  INFO      explainability.lime_explainer  LIME tabular explainer initialised | features=63
06:32:44  INFO      explainability.lime_explainer  LIME tabular explainer initialised | features=63
06:32:44  INFO      explainability.lime_explainer  LIME tabular explainer initialised | features=63
06:32:44  INFO      explainability.lime_explainer  LIME tabular explainer initialised | features=63
06:32:45  INFO      explainability.lime_explainer  LIME tabular explainer initialised | features=63
06:32:45  INFO      explainability.lime_explainer  LIME tabular explainer initialised | features=63
06:32:46  INFO      explainability.lime_explainer  LIME tabular explainer initialised | features=63
06:32:46  INFO      explainability.lime_explainer  LIME tabular explainer initialised | features=63
06:32:46  INFO      explainability.lime_explainer  LIME tabular explainer initialised | features=63
06:32:47  INFO      explainability.lime_explainer  LIME tabular explainer initialised | features=63
06:32:47  INFO      explainability.lime_explainer  LIME tabular explainer initialised | features=63
06:32:47  INFO      explainability.lime_explainer  LIME tabular explainer initialised | features=63
06:32:48  INFO      explainability.lime_explainer  LIME tabular explainer initialised | features=63
06:32:48  INFO      explainability.lime_explainer  LIME tabular explainer initialised | features=63
06:32:49  INFO      explainability.lime_explainer  LIME tabular explainer initialised | features=63
06:32:49  INFO      explainability.lime_explainer  LIME tabular explainer initialised | features=63
06:32:49  INFO      explainability.lime_explainer  LIME tabular explainer initialised | features=63
06:32:50  INFO      explainability.lime_explainer  LIME tabular explainer initialised | features=63
06:32:50  INFO      explainability.lime_explainer  LIME tabular explainer initialised | features=63
06:32:50  INFO      explainability.lime_explainer  LIME tabular explainer initialised | features=63
06:32:51  INFO      explainability.lime_explainer  LIME tabular explainer initialised | features=63
06:32:51  INFO      explainability.lime_explainer  LIME tabular explainer initialised | features=63
06:32:52  INFO      explainability.lime_explainer  LIME tabular explainer initialised | features=63
06:32:52  INFO      explainability.lime_explainer  LIME tabular explainer initialised | features=63
06:32:52  INFO      explainability.lime_explainer  LIME tabular explainer initialised | features=63
06:32:53  INFO      explainability.lime_explainer  LIME tabular explainer initialised | features=63
06:32:53  INFO      explainability.lime_explainer  LIME tabular explainer initialised | features=63
06:32:53  INFO      explainability.lime_explainer  LIME tabular explainer initialised | features=63
06:32:54  INFO      explainability.lime_explainer  LIME tabular explainer initialised | features=63
06:32:54  INFO      explainability.lime_explainer  LIME tabular explainer initialised | features=63
06:32:55  INFO      explainability.lime_explainer  LIME tabular explainer initialised | features=63
06:32:55  INFO      explainability.lime_explainer  LIME tabular explainer initialised | features=63
06:32:55  INFO      explainability.lime_explainer  LIME tabular explainer initialised | features=63
06:32:56  INFO      explainability.lime_explainer  LIME tabular explainer initialised | features=63
06:32:56  INFO      explainability.lime_explainer  LIME tabular explainer initialised | features=63
06:32:56  INFO      explainability.lime_explainer  LIME tabular explainer initialised | features=63
06:32:57  INFO      explainability.lime_explainer  LIME tabular explainer initialised | features=63
06:32:57  INFO      explainability.lime_explainer  LIME tabular explainer initialised | features=63
06:32:58  INFO      explainability.lime_explainer  LIME tabular explainer initialised | features=63
06:32:58  INFO      explainability.lime_explainer  LIME tabular explainer initialised | features=63
06:32:58  INFO      explainability.lime_explainer  LIME tabular explainer initialised | features=63
06:32:59  INFO      explainability.lime_explainer  LIME tabular explainer initialised | features=63
06:32:59  INFO      explainability.lime_explainer  LIME tabular explainer initialised | features=63
06:32:59  INFO      explainability.lime_explainer  LIME tabular explainer initialised | features=63
06:33:00  INFO      explainability.lime_explainer  LIME tabular explainer initialised | features=63
06:33:00  INFO      explainability.lime_explainer  LIME tabular explainer initialised | features=63
06:33:01  INFO      explainability.lime_explainer  LIME tabular explainer initialised | features=63
06:33:01  INFO      explainability.lime_explainer  LIME tabular explainer initialised | features=63
06:33:02  INFO      explainability.lime_explainer  LIME tabular explainer initialised | features=63
06:33:02  INFO      explainability.lime_explainer  LIME tabular explainer initialised | features=63
06:33:02  INFO      explainability.lime_explainer  LIME tabular explainer initialised | features=63
06:33:03  INFO      explainability.lime_explainer  LIME tabular explainer initialised | features=63
06:33:03  INFO      explainability.lime_explainer  LIME tabular explainer initialised | features=63
06:33:03  INFO      explainability.lime_explainer  LIME tabular explainer initialised | features=63
06:33:04  INFO      explainability.lime_explainer  LIME tabular explainer initialised | features=63
06:33:04  INFO      explainability.lime_explainer  LIME tabular explainer initialised | features=63
06:33:05  INFO      explainability.lime_explainer  LIME tabular explainer initialised | features=63
06:33:05  INFO      explainability.lime_explainer  LIME tabular explainer initialised | features=63
06:33:05  INFO      explainability.lime_explainer  LIME tabular explainer initialised | features=63
06:33:06  INFO      explainability.lime_explainer  LIME tabular explainer initialised | features=63
06:33:06  INFO      explainability.lime_explainer  LIME tabular explainer initialised | features=63
06:33:06  INFO      explainability.lime_explainer  LIME tabular explainer initialised | features=63
06:33:07  INFO      explainability.lime_explainer  LIME tabular explainer initialised | features=63
06:33:07  INFO      explainability.lime_explainer  LIME tabular explainer initialised | features=63
06:33:08  INFO      explainability.lime_explainer  LIME tabular explainer initialised | features=63
06:33:08  INFO      explainability.lime_explainer  LIME tabular explainer initialised | features=63
06:33:08  INFO      explainability.lime_explainer  LIME tabular explainer initialised | features=63
06:33:09  INFO      explainability.lime_explainer  LIME tabular explainer initialised | features=63
06:33:09  INFO      explainability.lime_explainer  LIME tabular explainer initialised | features=63
06:33:09  INFO      explainability.lime_explainer  LIME tabular explainer initialised | features=63
06:33:10  INFO      explainability.lime_explainer  LIME tabular explainer initialised | features=63
06:33:10  INFO      explainability.lime_explainer  LIME tabular explainer initialised | features=63
06:33:11  INFO      explainability.lime_explainer  LIME tabular explainer initialised | features=63
06:33:11  INFO      explainability.lime_explainer  LIME tabular explainer initialised | features=63
06:33:11  INFO      explainability.lime_explainer  LIME tabular explainer initialised | features=63
06:33:12  INFO      explainability.lime_explainer  LIME tabular explainer initialised | features=63
06:33:12  INFO      explainability.lime_explainer  LIME tabular explainer initialised | features=63
06:33:13  INFO      explainability.lime_explainer  LIME tabular explainer initialised | features=63
06:33:13  INFO      explainability.lime_explainer  LIME tabular explainer initialised | features=63
06:33:13  INFO      explainability.lime_explainer  LIME tabular explainer initialised | features=63
06:33:14  INFO      explainability.lime_explainer  LIME tabular explainer initialised | features=63
06:33:14  INFO      explainability.lime_explainer  LIME tabular explainer initialised | features=63
06:33:15  INFO      explainability.lime_explainer  LIME tabular explainer initialised | features=63
06:33:15  INFO      explainability.lime_explainer  LIME tabular explainer initialised | features=63
06:33:15  INFO      explainability.lime_explainer  LIME tabular explainer initialised | features=63
06:33:16  INFO      explainability.lime_explainer  LIME tabular explainer initialised | features=63
06:33:16  INFO      explainability.lime_explainer  LIME tabular explainer initialised | features=63
06:33:16  INFO      explainability.lime_explainer  LIME tabular explainer initialised | features=63
06:33:17  INFO      explainability.lime_explainer  LIME tabular explainer initialised | features=63
06:33:17  INFO      explainability.lime_explainer  LIME tabular explainer initialised | features=63
06:33:18  INFO      explainability.lime_explainer  LIME tabular explainer initialised | features=63
06:33:18  INFO      explainability.lime_explainer  LIME tabular explainer initialised | features=63
06:33:18  INFO      explainability.lime_explainer  LIME tabular explainer initialised | features=63
06:33:19  INFO      explainability.lime_explainer  LIME tabular explainer initialised | features=63
06:33:19  INFO      explainability.lime_explainer  LIME tabular explainer initialised | features=63
06:33:19  INFO      explainability.lime_explainer  LIME tabular explainer initialised | features=63
06:33:20  INFO      explainability.lime_explainer  LIME tabular explainer initialised | features=63
06:33:20  INFO      explainability.lime_explainer  LIME tabular explainer initialised | features=63
06:33:21  INFO      explainability.lime_explainer  LIME tabular explainer initialised | features=63
06:33:21  INFO      explainability.lime_explainer  LIME tabular explainer initialised | features=63
06:33:21  INFO      explainability.lime_explainer  LIME tabular explainer initialised | features=63
06:33:22  INFO      explainability.lime_explainer  LIME tabular explainer initialised | features=63
06:33:22  INFO      explainability.lime_explainer  LIME tabular explainer initialised | features=63
06:33:22  INFO      explainability.lime_explainer  LIME tabular explainer initialised | features=63
06:33:23  INFO      explainability.lime_explainer  LIME tabular explainer initialised | features=63
06:33:23  INFO      pipeline  LaTeX table → /Users/harekrishna/Downloads/credit-default-xai-benchmark/code v1/results/outputs/prosper_temporal/runs/cutoff_2012-07_seed_99/results/table5_explanation_quality.tex
06:33:23  INFO      pipeline  LaTeX table → /Users/harekrishna/Downloads/credit-default-xai-benchmark/code v1/results/outputs/prosper_temporal/runs/cutoff_2012-07_seed_99/results/table4_shap_lime_agreement.tex
06:33:23  INFO      pipeline  ============================================================
06:33:23  INFO      pipeline  STAGE 7: Revision Analyses
06:33:23  INFO      pipeline  ============================================================
06:36:41  INFO      pipeline  Reusing identical OOF pipeline fit.
06:36:46  INFO      pipeline  RUN cutoff_2012-07_seed_99 COMPLETE | champion XGBoost | OOF AUROC 0.6280 | test AUROC 0.6916
06:36:46  INFO      pipeline  Multi-run summary -> /Users/harekrishna/Downloads/credit-default-xai-benchmark/code v1/results/outputs/prosper_temporal/runs/summary
06:36:46  INFO      pipeline  ALL RUNS COMPLETE | runs=['cutoff_2010-01_seed_42', 'cutoff_2010-01_seed_99', 'cutoff_2010-07_seed_42', 'cutoff_2010-07_seed_99', 'cutoff_2011-01_seed_42', 'cutoff_2011-01_seed_99', 'cutoff_2011-07_seed_42', 'cutoff_2011-07_seed_99', 'cutoff_2012-01_seed_42', 'cutoff_2012-01_seed_99', 'cutoff_2012-07_seed_42', 'cutoff_2012-07_seed_99']

epoch 39 | loss: 0.21705 | val_auc: 0.94435 |  0:03:58s
epoch 40 | loss: 0.21158 | val_auc: 0.94752 |  0:04:04s
epoch 41 | loss: 0.20878 | val_auc: 0.94638 |  0:04:09s
epoch 42 | loss: 0.19763 | val_auc: 0.94537 |  0:04:16s
epoch 43 | loss: 0.21597 | val_auc: 0.94929 |  0:04:21s
epoch 44 | loss: 0.18261 | val_auc: 0.95109 |  0:04:27s
epoch 45 | loss: 0.17335 | val_auc: 0.93992 |  0:04:33s
epoch 46 | loss: 0.22864 | val_auc: 0.92451 |  0:04:39s
epoch 47 | loss: 0.20452 | val_auc: 0.91337 |  0:04:45s
epoch 48 | loss: 0.18169 | val_auc: 0.9466  |  0:04:51s
epoch 49 | loss: 0.17597 | val_auc: 0.94043 |  0:04:57s
epoch 50 | loss: 0.16865 | val_auc: 0.94177 |  0:05:03s
epoch 51 | loss: 0.14831 | val_auc: 0.84789 |  0:05:09s
epoch 52 | loss: 0.14738 | val_auc: 0.95054 |  0:05:15s
epoch 53 | loss: 0.14078 | val_auc: 0.9506  |  0:05:21s
epoch 54 | loss: 0.14593 | val_auc: 0.95093 |  0:05:27s
epoch 55 | loss: 0.13656 | val_auc: 0.93681 |  0:05:33s
epoch 56 | loss: 0.13192 | val_auc: 0.95129 |  0:05:39s
epoch 57 | loss: 0.12942 | val_auc: 0.89269 |  0:05:45s
epoch 58 | loss: 0.13038 | val_auc: 0.95191 |  0:05:50s
epoch 59 | loss: 0.11799 | val_auc: 0.94475 |  0:05:56s
epoch 60 | loss: 0.10844 | val_auc: 0.9525  |  0:06:02s
epoch 61 | loss: 0.09906 | val_auc: 0.95344 |  0:06:08s
epoch 62 | loss: 0.1104  | val_auc: 0.95398 |  0:06:14s
epoch 63 | loss: 0.10003 | val_auc: 0.9359  |  0:06:20s
epoch 64 | loss: 0.09325 | val_auc: 0.95452 |  0:06:26s
epoch 65 | loss: 0.088   | val_auc: 0.94431 |  0:06:32s
epoch 66 | loss: 0.08735 | val_auc: 0.95117 |  0:06:38s
epoch 67 | loss: 0.09196 | val_auc: 0.73481 |  0:06:44s
epoch 68 | loss: 0.094   | val_auc: 0.95304 |  0:06:50s
epoch 69 | loss: 0.09548 | val_auc: 0.95298 |  0:06:56s
epoch 70 | loss: 0.08044 | val_auc: 0.95121 |  0:07:02s
epoch 71 | loss: 0.08712 | val_auc: 0.95368 |  0:07:08s
epoch 72 | loss: 0.07777 | val_auc: 0.95409 |  0:07:14s
epoch 73 | loss: 0.07548 | val_auc: 0.95345 |  0:07:20s
epoch 74 | loss: 0.06721 | val_auc: 0.95469 |  0:07:26s
epoch 75 | loss: 0.06302 | val_auc: 0.95254 |  0:07:32s
epoch 76 | loss: 0.06655 | val_auc: 0.95402 |  0:07:38s
epoch 77 | loss: 0.06361 | val_auc: 0.95275 |  0:07:43s
epoch 78 | loss: 0.06245 | val_auc: 0.87216 |  0:07:49s
epoch 79 | loss: 0.06334 | val_auc: 0.95647 |  0:07:55s
epoch 80 | loss: 0.05598 | val_auc: 0.95464 |  0:08:01s
epoch 81 | loss: 0.05757 | val_auc: 0.93546 |  0:08:07s
epoch 82 | loss: 0.05367 | val_auc: 0.95467 |  0:08:13s
epoch 83 | loss: 0.05565 | val_auc: 0.95418 |  0:08:19s
epoch 84 | loss: 0.05172 | val_auc: 0.95311 |  0:08:25s
epoch 85 | loss: 0.04877 | val_auc: 0.90358 |  0:08:31s
epoch 86 | loss: 0.04974 | val_auc: 0.94789 |  0:08:37s
epoch 87 | loss: 0.04616 | val_auc: 0.94805 |  0:08:43s
epoch 88 | loss: 0.04486 | val_auc: 0.9536  |  0:08:49s
epoch 89 | loss: 0.05498 | val_auc: 0.95397 |  0:08:54s
epoch 90 | loss: 0.0491  | val_auc: 0.95456 |  0:09:00s
epoch 91 | loss: 0.0447  | val_auc: 0.9559  |  0:09:06s
epoch 92 | loss: 0.03858 | val_auc: 0.95478 |  0:09:12s
epoch 93 | loss: 0.03933 | val_auc: 0.95458 |  0:09:18s
epoch 94 | loss: 0.04665 | val_auc: 0.95495 |  0:09:24s

Early stopping occurred at epoch 94 with best_epoch = 79 and best_val_auc = 0.95647
Successfully saved model at /Users/harekrishna/Downloads/credit-default-xai-benchmark/code v1/results/outputs/prosper_temporal/runs/cutoff_2012-07_seed_99/models/tabnet.pkl.zip
