08:13:40  INFO      pipeline  ╔══════════════════════════════════════════════╗
08:13:40  INFO      pipeline  ║  Credit Default Prediction with XAI (v3)     ║
08:13:40  INFO      pipeline  ║  Dataset: prosper                            ║
08:13:40  INFO      pipeline  ║  Run: cutoff_2010-01_seed_42                 ║
08:13:40  INFO      pipeline  ╚══════════════════════════════════════════════╝
08:13:40  INFO      pipeline  ============================================================
08:13:40  INFO      pipeline  STAGE 1: Data Loading, Labelling & Partitioning
08:13:40  INFO      pipeline  ============================================================
08:13:40  INFO      data.data_loader  Loading Prosper loans from /Users/harekrishna/Downloads/credit-default-xai-benchmark 2/data/prosperLoanData.csv
08:13:42  INFO      data.data_loader  Prosper: 113937 rows, 113066 after LoanKey de-duplication
08:13:42  INFO      data.data_loader  Prosper horizon label (H=12 months, snapshot 2014-03-12): 72067 labelled, 40999 censored, default rate 9.70%
08:13:42  INFO      data.data_loader  Skipping UCI-specific engineered features; required columns not present.
08:13:42  INFO      data.data_loader  Skipping UCI-specific engineered features; required columns not present.
08:13:43  INFO      data.data_loader  Dataset loaded | prosper | train=28935  test=2782 | default rate train=13.84% test=5.57% | 8 nominal, 33 continuous
08:13:43  INFO      pipeline  Imbalance stats (train): {"n_total": 28935, "n_majority": 24929, "n_minority": 4006, "imbalance_ratio": 6.2229, "minority_pct": 13.84}
08:13:43  INFO      visualization.plots  Fig 1 saved → /Users/harekrishna/Downloads/credit-default-xai-benchmark 2/results/outputs/prosper_temporal/runs/cutoff_2010-01_seed_42/figures/fig01_class_distribution.pdf
08:13:43  INFO      pipeline  ============================================================
08:13:43  INFO      pipeline  STAGE 2: Imbalance Strategy Ablation (selected on OOF AUROC)
08:13:43  INFO      pipeline  ============================================================
08:14:02  INFO      pipeline  Ablation | SMOTE            | OOF AUROC=0.7047  test AUROC=0.6821
08:14:22  INFO      pipeline  Ablation | BorderlineSMOTE  | OOF AUROC=0.7077  test AUROC=0.6740
08:15:32  INFO      pipeline  Ablation | SVMSMOTE         | OOF AUROC=0.7073  test AUROC=0.6837
08:15:50  INFO      pipeline  Ablation | ADASYN           | OOF AUROC=0.7021  test AUROC=0.6689
08:15:54  INFO      pipeline  Ablation | None             | OOF AUROC=0.7163  test AUROC=0.7042
08:15:56  INFO      pipeline  Ablation | ClassWeight      | OOF AUROC=0.6881  test AUROC=0.6385
08:15:56  INFO      pipeline  Best imbalance strategy (OOF AUROC): None → 0.7163 [probe: LightGBM]
08:15:56  INFO      pipeline  ============================================================
08:15:56  INFO      pipeline  STAGE 3: Model Training (nested tuning, OOF predictions, refit)
08:15:56  INFO      pipeline  ============================================================
08:15:56  INFO      pipeline  Training XGBoost …
08:16:52  INFO      pipeline  XGBoost | per-model strategy=None | OOF AUROC by strategy={'SMOTE': 0.7103, 'BorderlineSMOTE': 0.7096, 'SVMSMOTE': 0.7124, 'ADASYN': 0.7066, 'None': 0.7166, 'ClassWeight': 0.7148}
08:16:52  INFO      pipeline  RandomizedSearchCV | model=XGBoost strategy=None n_iter=12
08:17:16  INFO      pipeline  Training LightGBM …
08:18:27  INFO      pipeline  LightGBM | per-model strategy=None | OOF AUROC by strategy={'SMOTE': 0.7047, 'BorderlineSMOTE': 0.7077, 'SVMSMOTE': 0.7073, 'ADASYN': 0.7021, 'None': 0.7163, 'ClassWeight': 0.6881}
08:18:27  INFO      pipeline  RandomizedSearchCV | model=LightGBM strategy=None n_iter=12
08:19:17  INFO      pipeline  Training CatBoost …
08:20:42  INFO      pipeline  CatBoost | per-model strategy=ClassWeight | OOF AUROC by strategy={'SMOTE': 0.7086, 'BorderlineSMOTE': 0.7127, 'SVMSMOTE': 0.7168, 'ADASYN': 0.709, 'None': 0.719, 'ClassWeight': 0.7224}
08:20:42  INFO      pipeline  RandomizedSearchCV | model=CatBoost strategy=ClassWeight n_iter=12
08:21:36  INFO      pipeline  Training Random Forest …
08:22:53  INFO      pipeline  Random Forest | per-model strategy=ClassWeight | OOF AUROC by strategy={'SMOTE': 0.7089, 'BorderlineSMOTE': 0.7135, 'SVMSMOTE': 0.7157, 'ADASYN': 0.7102, 'None': 0.714, 'ClassWeight': 0.7177}
08:22:53  INFO      pipeline  RandomizedSearchCV | model=Random Forest strategy=ClassWeight n_iter=12
08:25:37  INFO      pipeline  Training Logistic Reg. …
08:26:20  INFO      pipeline  Logistic Reg. | per-model strategy=ClassWeight | OOF AUROC by strategy={'SMOTE': 0.6586, 'BorderlineSMOTE': 0.6659, 'SVMSMOTE': 0.6702, 'ADASYN': 0.6554, 'None': 0.6773, 'ClassWeight': 0.7006}
08:26:20  INFO      pipeline  RandomizedSearchCV | model=Logistic Reg. strategy=ClassWeight n_iter=12
08:26:28  INFO      pipeline  Training TabNet …
08:26:29  INFO      models.tabnet_model  Apple MPS backend passed smoke test — using GPU acceleration.
08:26:29  INFO      models.tabnet_model  TabNet starting | device=mps  max_epochs=200  patience=15  batch_size=1024  n_train=7236
08:26:58  INFO      models.tabnet_model  TabNet trained | device=mps  best_epoch=24  elapsed=28.2s
08:26:58  INFO      models.tabnet_model  Apple MPS backend passed smoke test — using GPU acceleration.
08:26:58  INFO      models.tabnet_model  TabNet starting | device=mps  max_epochs=200  patience=15  batch_size=1024  n_train=14469
08:27:44  INFO      models.tabnet_model  TabNet trained | device=mps  best_epoch=21  elapsed=45.9s
08:27:44  INFO      models.tabnet_model  Apple MPS backend passed smoke test — using GPU acceleration.
08:27:44  INFO      models.tabnet_model  TabNet starting | device=mps  max_epochs=200  patience=15  batch_size=1024  n_train=21702
08:28:47  INFO      models.tabnet_model  TabNet trained | device=mps  best_epoch=18  elapsed=62.6s
08:28:47  INFO      models.tabnet_model  Apple MPS backend passed smoke test — using GPU acceleration.
08:28:47  INFO      models.tabnet_model  TabNet starting | device=mps  max_epochs=200  patience=15  batch_size=1024  n_train=28935
epoch 0  | loss: 0.7739  | val_auc: 0.67583 |  0:00:02s
epoch 1  | loss: 0.57536 | val_auc: 0.67276 |  0:00:03s
epoch 2  | loss: 0.48053 | val_auc: 0.73291 |  0:00:04s
epoch 3  | loss: 0.50938 | val_auc: 0.75971 |  0:00:04s
epoch 4  | loss: 0.431   | val_auc: 0.79468 |  0:00:05s
epoch 5  | loss: 0.39857 | val_auc: 0.81146 |  0:00:05s
epoch 6  | loss: 0.37927 | val_auc: 0.82082 |  0:00:06s
epoch 7  | loss: 0.36732 | val_auc: 0.83058 |  0:00:07s
epoch 8  | loss: 0.35979 | val_auc: 0.83428 |  0:00:07s
epoch 9  | loss: 0.35576 | val_auc: 0.83488 |  0:00:08s
epoch 10 | loss: 0.35124 | val_auc: 0.83678 |  0:00:08s
epoch 11 | loss: 0.34971 | val_auc: 0.83231 |  0:00:09s
epoch 12 | loss: 0.34633 | val_auc: 0.83219 |  0:00:09s
epoch 13 | loss: 0.34409 | val_auc: 0.82956 |  0:00:10s
epoch 14 | loss: 0.3417  | val_auc: 0.83371 |  0:00:11s
epoch 15 | loss: 0.33767 | val_auc: 0.83037 |  0:00:11s
epoch 16 | loss: 0.33463 | val_auc: 0.83147 |  0:00:12s
epoch 17 | loss: 0.33295 | val_auc: 0.83084 |  0:00:12s
epoch 18 | loss: 0.33348 | val_auc: 0.83155 |  0:00:13s
epoch 19 | loss: 0.33235 | val_auc: 0.82381 |  0:00:14s
epoch 20 | loss: 0.32625 | val_auc: 0.81938 |  0:00:15s
epoch 21 | loss: 0.32308 | val_auc: 0.81995 |  0:00:15s
epoch 22 | loss: 0.32281 | val_auc: 0.81575 |  0:00:16s
epoch 23 | loss: 0.32596 | val_auc: 0.82785 |  0:00:16s
epoch 24 | loss: 0.31909 | val_auc: 0.83939 |  0:00:17s
epoch 25 | loss: 0.31992 | val_auc: 0.82448 |  0:00:18s
epoch 26 | loss: 0.3162  | val_auc: 0.82019 |  0:00:18s
epoch 27 | loss: 0.31063 | val_auc: 0.81779 |  0:00:19s
epoch 28 | loss: 0.31839 | val_auc: 0.82074 |  0:00:19s
epoch 29 | loss: 0.30814 | val_auc: 0.81364 |  0:00:20s
epoch 30 | loss: 0.30201 | val_auc: 0.82806 |  0:00:21s
epoch 31 | loss: 0.299   | val_auc: 0.82218 |  0:00:21s
epoch 32 | loss: 0.29887 | val_auc: 0.81661 |  0:00:22s
epoch 33 | loss: 0.29204 | val_auc: 0.8156  |  0:00:22s
epoch 34 | loss: 0.29434 | val_auc: 0.82778 |  0:00:23s
epoch 35 | loss: 0.29095 | val_auc: 0.81385 |  0:00:24s
epoch 36 | loss: 0.29172 | val_auc: 0.83124 |  0:00:24s
epoch 37 | loss: 0.29417 | val_auc: 0.82722 |  0:00:25s
epoch 38 | loss: 0.28728 | val_auc: 0.81026 |  0:00:25s
epoch 39 | loss: 0.28269 | val_auc: 0.81137 |  0:00:26s

Early stopping occurred at epoch 39 with best_epoch = 24 and best_val_auc = 0.83939
epoch 0  | loss: 0.72828 | val_auc: 0.62633 |  0:00:01s
epoch 1  | loss: 0.51025 | val_auc: 0.70152 |  0:00:03s
epoch 2  | loss: 0.42342 | val_auc: 0.71686 |  0:00:04s
epoch 3  | loss: 0.40242 | val_auc: 0.73385 |  0:00:05s
epoch 4  | loss: 0.38811 | val_auc: 0.75034 |  0:00:06s
epoch 5  | loss: 0.37991 | val_auc: 0.77004 |  0:00:08s
epoch 6  | loss: 0.37466 | val_auc: 0.7595  |  0:00:09s
epoch 7  | loss: 0.37508 | val_auc: 0.77554 |  0:00:10s
epoch 8  | loss: 0.37146 | val_auc: 0.76794 |  0:00:11s
epoch 9  | loss: 0.36737 | val_auc: 0.77445 |  0:00:12s
epoch 10 | loss: 0.36797 | val_auc: 0.7829  |  0:00:13s
epoch 11 | loss: 0.36737 | val_auc: 0.77835 |  0:00:15s
epoch 12 | loss: 0.36821 | val_auc: 0.7892  |  0:00:16s
epoch 13 | loss: 0.36493 | val_auc: 0.78328 |  0:00:17s
epoch 14 | loss: 0.36295 | val_auc: 0.7874  |  0:00:19s
epoch 15 | loss: 0.36286 | val_auc: 0.7945  |  0:00:20s
epoch 16 | loss: 0.35948 | val_auc: 0.79527 |  0:00:21s
epoch 17 | loss: 0.3566  | val_auc: 0.79329 |  0:00:22s
epoch 18 | loss: 0.35801 | val_auc: 0.79934 |  0:00:23s
epoch 19 | loss: 0.35847 | val_auc: 0.80399 |  0:00:24s
epoch 20 | loss: 0.35403 | val_auc: 0.79498 |  0:00:26s
epoch 21 | loss: 0.35008 | val_auc: 0.80623 |  0:00:27s
epoch 22 | loss: 0.35288 | val_auc: 0.80296 |  0:00:28s
epoch 23 | loss: 0.35005 | val_auc: 0.80603 |  0:00:29s
epoch 24 | loss: 0.34757 | val_auc: 0.79814 |  0:00:31s
epoch 25 | loss: 0.34723 | val_auc: 0.7962  |  0:00:32s
epoch 26 | loss: 0.34488 | val_auc: 0.80512 |  0:00:33s
epoch 27 | loss: 0.34211 | val_auc: 0.80101 |  0:00:34s
epoch 28 | loss: 0.33864 | val_auc: 0.78489 |  0:00:35s
epoch 29 | loss: 0.33783 | val_auc: 0.78442 |  0:00:36s
epoch 30 | loss: 0.33478 | val_auc: 0.79707 |  0:00:38s
epoch 31 | loss: 0.33406 | val_auc: 0.78944 |  0:00:39s
epoch 32 | loss: 0.32997 | val_auc: 0.78609 |  0:00:40s
epoch 33 | loss: 0.33164 | val_auc: 0.78396 |  0:00:41s
epoch 34 | loss: 0.33042 | val_auc: 0.7829  |  0:00:42s
epoch 35 | loss: 0.33008 | val_auc: 0.79044 |  0:00:43s
epoch 36 | loss: 0.32666 | val_auc: 0.78888 |  0:00:44s

Early stopping occurred at epoch 36 with best_epoch = 21 and best_val_auc = 0.80623
epoch 0  | loss: 0.59808 | val_auc: 0.63253 |  0:00:02s
epoch 1  | loss: 0.44301 | val_auc: 0.68971 |  0:00:04s
epoch 2  | loss: 0.39248 | val_auc: 0.71529 |  0:00:06s
epoch 3  | loss: 0.38578 | val_auc: 0.74115 |  0:00:07s
epoch 4  | loss: 0.36838 | val_auc: 0.73963 |  0:00:09s
epoch 5  | loss: 0.36467 | val_auc: 0.75939 |  0:00:11s
epoch 6  | loss: 0.35921 | val_auc: 0.75768 |  0:00:13s
epoch 7  | loss: 0.35649 | val_auc: 0.75607 |  0:00:15s
epoch 8  | loss: 0.36234 | val_auc: 0.74978 |  0:00:16s
epoch 9  | loss: 0.36227 | val_auc: 0.75707 |  0:00:18s
epoch 10 | loss: 0.36158 | val_auc: 0.75672 |  0:00:20s
epoch 11 | loss: 0.35593 | val_auc: 0.75908 |  0:00:22s
epoch 12 | loss: 0.3557  | val_auc: 0.76118 |  0:00:23s
epoch 13 | loss: 0.35253 | val_auc: 0.76084 |  0:00:25s
epoch 14 | loss: 0.35141 | val_auc: 0.75668 |  0:00:27s
epoch 15 | loss: 0.35261 | val_auc: 0.76233 |  0:00:29s
epoch 16 | loss: 0.35026 | val_auc: 0.7639  |  0:00:31s
epoch 17 | loss: 0.35071 | val_auc: 0.75916 |  0:00:32s
epoch 18 | loss: 0.34878 | val_auc: 0.77114 |  0:00:34s
epoch 19 | loss: 0.34682 | val_auc: 0.76744 |  0:00:36s
epoch 20 | loss: 0.34558 | val_auc: 0.76868 |  0:00:38s
epoch 21 | loss: 0.34173 | val_auc: 0.76694 |  0:00:39s
epoch 22 | loss: 0.34359 | val_auc: 0.7665  |  0:00:41s
epoch 23 | loss: 0.34111 | val_auc: 0.76892 |  0:00:43s
epoch 24 | loss: 0.33807 | val_auc: 0.76643 |  0:00:45s
epoch 25 | loss: 0.33433 | val_auc: 0.76355 |  0:00:46s
epoch 26 | loss: 0.33167 | val_auc: 0.77099 |  0:00:48s
epoch 27 | loss: 0.33212 | val_auc: 0.76451 |  0:00:50s
epoch 28 | loss: 0.32942 | val_auc: 0.76263 |  0:00:52s
epoch 29 | loss: 0.3271  | val_auc: 0.76227 |  0:00:53s
epoch 30 | loss: 0.32416 | val_auc: 0.76855 |  0:00:55s
epoch 31 | loss: 0.31961 | val_auc: 0.76669 |  0:00:57s
epoch 32 | loss: 0.31442 | val_auc: 0.76134 |  0:00:59s
epoch 33 | loss: 0.31819 | val_auc: 0.7673  |  0:01:01s

Early stopping occurred at epoch 33 with best_epoch = 18 and best_val_auc = 0.77114
epoch 0  | loss: 0.55544 | val_auc: 0.63019 |  0:00:04s
epoch 1  | loss: 0.40809 | val_auc: 0.62248 |  0:00:06s
epoch 2  | loss: 0.37875 | val_auc: 0.66215 |  0:00:09s
epoch 3  | loss: 0.36762 | val_auc: 0.69879 |  0:00:11s
epoch 4  | loss: 0.36227 | val_auc: 0.70094 |  0:00:13s
epoch 5  | loss: 0.36699 | val_auc: 0.70588 |  0:00:16s
epoch 6  | loss: 0.35887 | val_auc: 0.71496 |  0:00:18s
epoch 7  | loss: 0.35578 | val_auc: 0.7214  |  0:00:20s
epoch 8  | loss: 0.35904 | val_auc: 0.71826 |  0:00:23s
epoch 9  | loss: 0.35499 | val_auc: 0.70501 |  0:00:25s
epoch 10 | loss: 0.35477 | val_auc: 0.71156 |  0:00:28s
epoch 11 | loss: 0.35298 | val_auc: 0.71628 |  0:00:30s
epoch 12 | loss: 0.35308 | val_auc: 0.72398 |  0:00:32s
epoch 13 | loss: 0.34933 | val_auc: 0.71877 |  0:00:35s
epoch 14 | loss: 0.34907 | val_auc: 0.72297 |  0:00:37s
epoch 15 | loss: 0.34956 | val_auc: 0.7311  |  0:00:40s
epoch 16 | loss: 0.34902 | val_auc: 0.72564 |  0:00:42s
epoch 17 | loss: 0.35026 | val_auc: 0.7127  |  0:00:44s
epoch 18 | loss: 0.35355 | val_auc: 0.71867 |  0:00:46s
epoch 19 | loss: 0.35269 | val_auc: 0.70727 |  0:00:49s
epoch 20 | loss: 0.35463 | val_auc: 0.73444 |  0:00:51s
epoch 21 | loss: 0.34885 | val_auc: 0.73258 |  0:00:53s
epoch 22 | loss: 0.34626 | val_auc: 0.73093 |  0:00:55s
epoch 23 | loss: 0.34603 | val_auc: 0.73336 |  0:00:58s
epoch 24 | loss: 0.34668 | val_auc: 0.74278 |  0:01:00s
epoch 25 | loss: 0.34583 | val_auc: 0.73312 |  0:01:02s
epoch 26 | loss: 0.34445 | val_auc: 0.74107 |  0:01:05s
epoch 27 | loss: 0.34245 | val_auc: 0.74026 |  0:01:07s
epoch 28 | loss: 0.3431  | val_auc: 0.74102 |  0:01:09s
epoch 29 | loss: 0.34221 | val_auc: 0.74668 |  0:01:12s
epoch 30 | loss: 0.3433  | val_auc: 0.74673 |  0:01:14s08:30:53  INFO      models.tabnet_model  TabNet trained | device=mps  best_epoch=36  elapsed=125.1s
08:30:53  INFO      models.tabnet_model  TabNet model saved to /Users/harekrishna/Downloads/credit-default-xai-benchmark 2/results/outputs/prosper_temporal/runs/cutoff_2010-01_seed_42/models/tabnet.pkl
08:30:53  INFO      pipeline  ============================================================
08:30:53  INFO      pipeline  STAGE 4: Evaluation (selection on OOF; test scored once)
08:30:53  INFO      pipeline  ============================================================
08:30:53  INFO      pipeline  XGBoost | OOF AUROC=0.7211  f1*=0.3366 @ t=0.15 | test AUROC=0.6922  F1=0.1145  MCC=0.0887
08:30:53  INFO      pipeline  LightGBM | OOF AUROC=0.7223  f1*=0.3398 @ t=0.16 | test AUROC=0.6942  F1=0.0971  MCC=0.0836
08:30:53  INFO      pipeline  CatBoost | OOF AUROC=0.7224  f1*=0.3365 @ t=0.47 | test AUROC=0.6950  F1=0.1357  MCC=0.1166
08:30:54  INFO      pipeline  Random Forest | OOF AUROC=0.7223  f1*=0.3373 @ t=0.35 | test AUROC=0.7019  F1=0.1526  MCC=0.1194
08:30:54  INFO      pipeline  Logistic Reg. | OOF AUROC=0.7140  f1*=0.3354 @ t=0.51 | test AUROC=0.7160  F1=0.0335  MCC=0.0282
08:30:54  INFO      pipeline  TabNet | OOF AUROC=0.6884  f1*=0.3161 @ t=0.15 | test AUROC=0.6960  F1=0.1337  MCC=0.0760
08:30:54  INFO      pipeline  LaTeX table → /Users/harekrishna/Downloads/credit-default-xai-benchmark 2/results/outputs/prosper_temporal/runs/cutoff_2010-01_seed_42/results/table2_test_metrics.tex
08:30:54  INFO      pipeline  
                AUROC   AUPRC      F1  Precision  Recall  Specificity  G-Mean     MCC   Brier
Model                                                                                        
XGBoost        0.6922  0.1195  0.1145     0.1806  0.0839       0.9775  0.2863  0.0887  0.0513
LightGBM       0.6942  0.1178  0.0971     0.1961  0.0645       0.9844  0.2520  0.0836  0.0513
CatBoost       0.6950  0.1294  0.1357     0.2273  0.0968       0.9806  0.3081  0.1166  0.0747
Random Forest  0.7019  0.1292  0.1526     0.2021  0.1226       0.9715  0.3451  0.1194  0.0678
Logistic Reg.  0.7160  0.1332  0.0335     0.1250  0.0194       0.9920  0.1386  0.0282  0.0835
TabNet         0.6960  0.1144  0.1337     0.1176  0.1548       0.9315  0.3798  0.0760  0.0518
08:30:54  INFO      visualization.plots  Fig 2 saved → /Users/harekrishna/Downloads/credit-default-xai-benchmark 2/results/outputs/prosper_temporal/runs/cutoff_2010-01_seed_42/figures/fig02_roc_curves.pdf
08:30:55  INFO      visualization.plots  Fig 3 saved → /Users/harekrishna/Downloads/credit-default-xai-benchmark 2/results/outputs/prosper_temporal/runs/cutoff_2010-01_seed_42/figures/fig03_pr_curves.pdf
08:30:55  INFO      visualization.plots  Fig 4 saved → /Users/harekrishna/Downloads/credit-default-xai-benchmark 2/results/outputs/prosper_temporal/runs/cutoff_2010-01_seed_42/figures/fig04_confusion_catboost.pdf
08:44:09  INFO      pipeline  Skipping TabNet in Fig 10 ablation (pass --full-ablation to include).
08:44:09  INFO      visualization.plots  Fig 10 saved → /Users/harekrishna/Downloads/credit-default-xai-benchmark 2/results/outputs/prosper_temporal/runs/cutoff_2010-01_seed_42/figures/fig10_smote_ablation.pdf
08:44:09  INFO      pipeline  ============================================================
08:44:09  INFO      pipeline  STAGE 5: SHAP Explanations
08:44:09  INFO      pipeline  ============================================================
08:44:10  INFO      explainability.shap_explainer  SHAP TreeExplainer initialised | output_space=log_odds
08:44:10  INFO      explainability.shap_explainer  SHAP values computed | shape=(2000, 63)
08:44:10  INFO      explainability.shap_explainer  SHAP additivity check | MAE=0.00000 | PASS ✓
08:44:11  INFO      explainability.shap_explainer  Saved SHAP summary → /Users/harekrishna/Downloads/credit-default-xai-benchmark 2/results/outputs/prosper_temporal/runs/cutoff_2010-01_seed_42/figures/fig05a_shap_summary_CatBoost.pdf
08:44:11  INFO      explainability.shap_explainer  Saved SHAP bar → /Users/harekrishna/Downloads/credit-default-xai-benchmark 2/results/outputs/prosper_temporal/runs/cutoff_2010-01_seed_42/figures/fig05b_shap_bar_CatBoost.pdf
08:44:11  INFO      explainability.shap_explainer  Saved SHAP dependence → /Users/harekrishna/Downloads/credit-default-xai-benchmark 2/results/outputs/prosper_temporal/runs/cutoff_2010-01_seed_42/figures/fig06_shap_dep_CreditScoreRangeLower.pdf
08:44:11  INFO      pipeline  LaTeX table → /Users/harekrishna/Downloads/credit-default-xai-benchmark 2/results/outputs/prosper_temporal/runs/cutoff_2010-01_seed_42/results/table3_shap_ranking.tex
08:44:11  INFO      visualization.plots  Fig 8 saved → /Users/harekrishna/Downloads/credit-default-xai-benchmark 2/results/outputs/prosper_temporal/runs/cutoff_2010-01_seed_42/figures/fig08_importance_comparison.pdf
08:44:12  INFO      visualization.plots  Fig 9 saved → /Users/harekrishna/Downloads/credit-default-xai-benchmark 2/results/outputs/prosper_temporal/runs/cutoff_2010-01_seed_42/figures/fig09_threshold_sweep.pdf
08:44:12  INFO      pipeline  ============================================================
08:44:12  INFO      pipeline  STAGE 6: LIME Explanations
08:44:12  INFO      pipeline  ============================================================
08:44:12  INFO      explainability.lime_explainer  LIME tabular explainer initialised | features=63
08:44:12  INFO      pipeline  Local instances selected: {'TP': 83, 'FP': 1567, 'FN': 2104, 'TN': 1688}
08:44:12  INFO      explainability.lime_explainer  Saved LIME explanation → /Users/harekrishna/Downloads/credit-default-xai-benchmark 2/results/outputs/prosper_temporal/runs/cutoff_2010-01_seed_42/figures/fig07_tp_lime.pdf
08:44:13  INFO      explainability.lime_explainer  Saved LIME explanation → /Users/harekrishna/Downloads/credit-default-xai-benchmark 2/results/outputs/prosper_temporal/runs/cutoff_2010-01_seed_42/figures/fig07_fp_lime.pdf
08:44:13  INFO      explainability.lime_explainer  Saved LIME explanation → /Users/harekrishna/Downloads/credit-default-xai-benchmark 2/results/outputs/prosper_temporal/runs/cutoff_2010-01_seed_42/figures/fig07_fn_lime.pdf
08:44:13  INFO      explainability.lime_explainer  Saved LIME explanation → /Users/harekrishna/Downloads/credit-default-xai-benchmark 2/results/outputs/prosper_temporal/runs/cutoff_2010-01_seed_42/figures/fig07_tn_lime.pdf
08:44:13  INFO      explainability.lime_explainer  Saved LIME multi-instance grid → /Users/harekrishna/Downloads/credit-default-xai-benchmark 2/results/outputs/prosper_temporal/runs/cutoff_2010-01_seed_42/figures/fig07_lime_multi_instance.pdf
08:44:17  INFO      explainability.lime_explainer  LIME batch complete | n=200
08:44:17  INFO      explainability.lime_explainer  SHAP–LIME agreement | mean ρ=0.493 ± 0.229
08:44:18  INFO      explainability.lime_explainer  LIME tabular explainer initialised | features=63
08:44:18  INFO      explainability.lime_explainer  LIME tabular explainer initialised | features=63
08:44:18  INFO      explainability.lime_explainer  LIME tabular explainer initialised | features=63
08:44:18  INFO      explainability.lime_explainer  LIME tabular explainer initialised | features=63
08:44:19  INFO      explainability.lime_explainer  LIME tabular explainer initialised | features=63
08:44:19  INFO      explainability.lime_explainer  LIME tabular explainer initialised | features=63
08:44:19  INFO      explainability.lime_explainer  LIME tabular explainer initialised | features=63
08:44:20  INFO      explainability.lime_explainer  LIME tabular explainer initialised | features=63
08:44:20  INFO      explainability.lime_explainer  LIME tabular explainer initialised | features=63
08:44:20  INFO      explainability.lime_explainer  LIME tabular explainer initialised | features=63
08:44:20  INFO      explainability.lime_explainer  LIME tabular explainer initialised | features=63
08:44:21  INFO      explainability.lime_explainer  LIME tabular explainer initialised | features=63
08:44:21  INFO      explainability.lime_explainer  LIME tabular explainer initialised | features=63
08:44:21  INFO      explainability.lime_explainer  LIME tabular explainer initialised | features=63
08:44:22  INFO      explainability.lime_explainer  LIME tabular explainer initialised | features=63
08:44:22  INFO      explainability.lime_explainer  LIME tabular explainer initialised | features=63
08:44:22  INFO      explainability.lime_explainer  LIME tabular explainer initialised | features=63
08:44:22  INFO      explainability.lime_explainer  LIME tabular explainer initialised | features=63
08:44:23  INFO      explainability.lime_explainer  LIME tabular explainer initialised | features=63
08:44:23  INFO      explainability.lime_explainer  LIME tabular explainer initialised | features=63
08:44:23  INFO      explainability.lime_explainer  LIME tabular explainer initialised | features=63
08:44:23  INFO      explainability.lime_explainer  LIME tabular explainer initialised | features=63
08:44:24  INFO      explainability.lime_explainer  LIME tabular explainer initialised | features=63
08:44:24  INFO      explainability.lime_explainer  LIME tabular explainer initialised | features=63
08:44:24  INFO      explainability.lime_explainer  LIME tabular explainer initialised | features=63
08:44:25  INFO      explainability.lime_explainer  LIME tabular explainer initialised | features=63
08:44:25  INFO      explainability.lime_explainer  LIME tabular explainer initialised | features=63
08:44:25  INFO      explainability.lime_explainer  LIME tabular explainer initialised | features=63
08:44:25  INFO      explainability.lime_explainer  LIME tabular explainer initialised | features=63
08:44:26  INFO      explainability.lime_explainer  LIME tabular explainer initialised | features=63
08:44:26  INFO      explainability.lime_explainer  LIME tabular explainer initialised | features=63
08:44:26  INFO      explainability.lime_explainer  LIME tabular explainer initialised | features=63
08:44:26  INFO      explainability.lime_explainer  LIME tabular explainer initialised | features=63
08:44:27  INFO      explainability.lime_explainer  LIME tabular explainer initialised | features=63
08:44:27  INFO      explainability.lime_explainer  LIME tabular explainer initialised | features=63
08:44:27  INFO      explainability.lime_explainer  LIME tabular explainer initialised | features=63
08:44:27  INFO      explainability.lime_explainer  LIME tabular explainer initialised | features=63
08:44:28  INFO      explainability.lime_explainer  LIME tabular explainer initialised | features=63
08:44:28  INFO      explainability.lime_explainer  LIME tabular explainer initialised | features=63
08:44:28  INFO      explainability.lime_explainer  LIME tabular explainer initialised | features=63
08:44:29  INFO      explainability.lime_explainer  LIME tabular explainer initialised | features=63
08:44:29  INFO      explainability.lime_explainer  LIME tabular explainer initialised | features=63
08:44:29  INFO      explainability.lime_explainer  LIME tabular explainer initialised | features=63
08:44:30  INFO      explainability.lime_explainer  LIME tabular explainer initialised | features=63
08:44:30  INFO      explainability.lime_explainer  LIME tabular explainer initialised | features=63
08:44:30  INFO      explainability.lime_explainer  LIME tabular explainer initialised | features=63
08:44:30  INFO      explainability.lime_explainer  LIME tabular explainer initialised | features=63
08:44:31  INFO      explainability.lime_explainer  LIME tabular explainer initialised | features=63
08:44:31  INFO      explainability.lime_explainer  LIME tabular explainer initialised | features=63
08:44:31  INFO      explainability.lime_explainer  LIME tabular explainer initialised | features=63
08:44:31  INFO      explainability.lime_explainer  LIME tabular explainer initialised | features=63
08:44:32  INFO      explainability.lime_explainer  LIME tabular explainer initialised | features=63
08:44:32  INFO      explainability.lime_explainer  LIME tabular explainer initialised | features=63
08:44:32  INFO      explainability.lime_explainer  LIME tabular explainer initialised | features=63
08:44:32  INFO      explainability.lime_explainer  LIME tabular explainer initialised | features=63
08:44:33  INFO      explainability.lime_explainer  LIME tabular explainer initialised | features=63
08:44:33  INFO      explainability.lime_explainer  LIME tabular explainer initialised | features=63
08:44:33  INFO      explainability.lime_explainer  LIME tabular explainer initialised | features=63
08:44:34  INFO      explainability.lime_explainer  LIME tabular explainer initialised | features=63
08:44:34  INFO      explainability.lime_explainer  LIME tabular explainer initialised | features=63
08:44:34  INFO      explainability.lime_explainer  LIME tabular explainer initialised | features=63
08:44:34  INFO      explainability.lime_explainer  LIME tabular explainer initialised | features=63
08:44:35  INFO      explainability.lime_explainer  LIME tabular explainer initialised | features=63
08:44:35  INFO      explainability.lime_explainer  LIME tabular explainer initialised | features=63
08:44:35  INFO      explainability.lime_explainer  LIME tabular explainer initialised | features=63
08:44:36  INFO      explainability.lime_explainer  LIME tabular explainer initialised | features=63
08:44:36  INFO      explainability.lime_explainer  LIME tabular explainer initialised | features=63
08:44:36  INFO      explainability.lime_explainer  LIME tabular explainer initialised | features=63
08:44:36  INFO      explainability.lime_explainer  LIME tabular explainer initialised | features=63
08:44:37  INFO      explainability.lime_explainer  LIME tabular explainer initialised | features=63
08:44:37  INFO      explainability.lime_explainer  LIME tabular explainer initialised | features=63
08:44:37  INFO      explainability.lime_explainer  LIME tabular explainer initialised | features=63
08:44:37  INFO      explainability.lime_explainer  LIME tabular explainer initialised | features=63
08:44:38  INFO      explainability.lime_explainer  LIME tabular explainer initialised | features=63
08:44:38  INFO      explainability.lime_explainer  LIME tabular explainer initialised | features=63
08:44:38  INFO      explainability.lime_explainer  LIME tabular explainer initialised | features=63
08:44:38  INFO      explainability.lime_explainer  LIME tabular explainer initialised | features=63
08:44:39  INFO      explainability.lime_explainer  LIME tabular explainer initialised | features=63
08:44:39  INFO      explainability.lime_explainer  LIME tabular explainer initialised | features=63
08:44:39  INFO      explainability.lime_explainer  LIME tabular explainer initialised | features=63
08:44:40  INFO      explainability.lime_explainer  LIME tabular explainer initialised | features=63
08:44:40  INFO      explainability.lime_explainer  LIME tabular explainer initialised | features=63
08:44:40  INFO      explainability.lime_explainer  LIME tabular explainer initialised | features=63
08:44:40  INFO      explainability.lime_explainer  LIME tabular explainer initialised | features=63
08:44:41  INFO      explainability.lime_explainer  LIME tabular explainer initialised | features=63
08:44:41  INFO      explainability.lime_explainer  LIME tabular explainer initialised | features=63
08:44:41  INFO      explainability.lime_explainer  LIME tabular explainer initialised | features=63
08:44:41  INFO      explainability.lime_explainer  LIME tabular explainer initialised | features=63
08:44:42  INFO      explainability.lime_explainer  LIME tabular explainer initialised | features=63
08:44:42  INFO      explainability.lime_explainer  LIME tabular explainer initialised | features=63
08:44:42  INFO      explainability.lime_explainer  LIME tabular explainer initialised | features=63
08:44:43  INFO      explainability.lime_explainer  LIME tabular explainer initialised | features=63
08:44:43  INFO      explainability.lime_explainer  LIME tabular explainer initialised | features=63
08:44:43  INFO      explainability.lime_explainer  LIME tabular explainer initialised | features=63
08:44:43  INFO      explainability.lime_explainer  LIME tabular explainer initialised | features=63
08:44:44  INFO      explainability.lime_explainer  LIME tabular explainer initialised | features=63
08:44:44  INFO      explainability.lime_explainer  LIME tabular explainer initialised | features=63
08:44:44  INFO      explainability.lime_explainer  LIME tabular explainer initialised | features=63
08:44:44  INFO      explainability.lime_explainer  LIME tabular explainer initialised | features=63
08:44:45  INFO      explainability.lime_explainer  LIME tabular explainer initialised | features=63
08:44:45  INFO      explainability.lime_explainer  LIME tabular explainer initialised | features=63
08:44:45  INFO      explainability.lime_explainer  LIME tabular explainer initialised | features=63
08:44:45  INFO      explainability.lime_explainer  LIME tabular explainer initialised | features=63
08:44:46  INFO      explainability.lime_explainer  LIME tabular explainer initialised | features=63
08:44:46  INFO      explainability.lime_explainer  LIME tabular explainer initialised | features=63
08:44:46  INFO      explainability.lime_explainer  LIME tabular explainer initialised | features=63
08:44:47  INFO      explainability.lime_explainer  LIME tabular explainer initialised | features=63
08:44:47  INFO      explainability.lime_explainer  LIME tabular explainer initialised | features=63
08:44:47  INFO      explainability.lime_explainer  LIME tabular explainer initialised | features=63
08:44:47  INFO      explainability.lime_explainer  LIME tabular explainer initialised | features=63
08:44:48  INFO      explainability.lime_explainer  LIME tabular explainer initialised | features=63
08:44:48  INFO      explainability.lime_explainer  LIME tabular explainer initialised | features=63
08:44:48  INFO      explainability.lime_explainer  LIME tabular explainer initialised | features=63
08:44:48  INFO      explainability.lime_explainer  LIME tabular explainer initialised | features=63
08:44:49  INFO      explainability.lime_explainer  LIME tabular explainer initialised | features=63
08:44:49  INFO      explainability.lime_explainer  LIME tabular explainer initialised | features=63
08:44:49  INFO      explainability.lime_explainer  LIME tabular explainer initialised | features=63
08:44:49  INFO      explainability.lime_explainer  LIME tabular explainer initialised | features=63
08:44:50  INFO      explainability.lime_explainer  LIME tabular explainer initialised | features=63
08:44:50  INFO      explainability.lime_explainer  LIME tabular explainer initialised | features=63
08:44:50  INFO      explainability.lime_explainer  LIME tabular explainer initialised | features=63
08:44:51  INFO      explainability.lime_explainer  LIME tabular explainer initialised | features=63
08:44:51  INFO      explainability.lime_explainer  LIME tabular explainer initialised | features=63
08:44:51  INFO      explainability.lime_explainer  LIME tabular explainer initialised | features=63
08:44:51  INFO      explainability.lime_explainer  LIME tabular explainer initialised | features=63
08:44:52  INFO      explainability.lime_explainer  LIME tabular explainer initialised | features=63
08:44:52  INFO      explainability.lime_explainer  LIME tabular explainer initialised | features=63
08:44:52  INFO      explainability.lime_explainer  LIME tabular explainer initialised | features=63
08:44:52  INFO      explainability.lime_explainer  LIME tabular explainer initialised | features=63
08:44:53  INFO      explainability.lime_explainer  LIME tabular explainer initialised | features=63
08:44:53  INFO      explainability.lime_explainer  LIME tabular explainer initialised | features=63
08:44:53  INFO      explainability.lime_explainer  LIME tabular explainer initialised | features=63
08:44:54  INFO      explainability.lime_explainer  LIME tabular explainer initialised | features=63
08:44:54  INFO      explainability.lime_explainer  LIME tabular explainer initialised | features=63
08:44:54  INFO      explainability.lime_explainer  LIME tabular explainer initialised | features=63
08:44:54  INFO      explainability.lime_explainer  LIME tabular explainer initialised | features=63
08:44:55  INFO      explainability.lime_explainer  LIME tabular explainer initialised | features=63
08:44:55  INFO      explainability.lime_explainer  LIME tabular explainer initialised | features=63
08:44:55  INFO      explainability.lime_explainer  LIME tabular explainer initialised | features=63
08:44:55  INFO      explainability.lime_explainer  LIME tabular explainer initialised | features=63
08:44:56  INFO      explainability.lime_explainer  LIME tabular explainer initialised | features=63
08:44:56  INFO      explainability.lime_explainer  LIME tabular explainer initialised | features=63
08:44:56  INFO      explainability.lime_explainer  LIME tabular explainer initialised | features=63
08:44:57  INFO      explainability.lime_explainer  LIME tabular explainer initialised | features=63
08:44:57  INFO      explainability.lime_explainer  LIME tabular explainer initialised | features=63
08:44:57  INFO      explainability.lime_explainer  LIME tabular explainer initialised | features=63
08:44:57  INFO      explainability.lime_explainer  LIME tabular explainer initialised | features=63
08:44:58  INFO      explainability.lime_explainer  LIME tabular explainer initialised | features=63
08:44:58  INFO      explainability.lime_explainer  LIME tabular explainer initialised | features=63
08:44:58  INFO      explainability.lime_explainer  LIME tabular explainer initialised | features=63
08:44:58  INFO      explainability.lime_explainer  LIME tabular explainer initialised | features=63
08:44:59  INFO      explainability.lime_explainer  LIME tabular explainer initialised | features=63
08:44:59  INFO      explainability.lime_explainer  LIME tabular explainer initialised | features=63
08:44:59  INFO      explainability.lime_explainer  LIME tabular explainer initialised | features=63
08:44:59  INFO      explainability.lime_explainer  LIME tabular explainer initialised | features=63
08:45:00  INFO      explainability.lime_explainer  LIME tabular explainer initialised | features=63
08:45:00  INFO      explainability.lime_explainer  LIME tabular explainer initialised | features=63
08:45:00  INFO      explainability.lime_explainer  LIME tabular explainer initialised | features=63
08:45:01  INFO      explainability.lime_explainer  LIME tabular explainer initialised | features=63
08:45:01  INFO      explainability.lime_explainer  LIME tabular explainer initialised | features=63
08:45:01  INFO      explainability.lime_explainer  LIME tabular explainer initialised | features=63
08:45:01  INFO      explainability.lime_explainer  LIME tabular explainer initialised | features=63
08:45:02  INFO      explainability.lime_explainer  LIME tabular explainer initialised | features=63
08:45:02  INFO      explainability.lime_explainer  LIME tabular explainer initialised | features=63
08:45:02  INFO      explainability.lime_explainer  LIME tabular explainer initialised | features=63
08:45:02  INFO      explainability.lime_explainer  LIME tabular explainer initialised | features=63
08:45:03  INFO      explainability.lime_explainer  LIME tabular explainer initialised | features=63
08:45:03  INFO      explainability.lime_explainer  LIME tabular explainer initialised | features=63
08:45:03  INFO      explainability.lime_explainer  LIME tabular explainer initialised | features=63
08:45:03  INFO      explainability.lime_explainer  LIME tabular explainer initialised | features=63
08:45:04  INFO      explainability.lime_explainer  LIME tabular explainer initialised | features=63
08:45:04  INFO      explainability.lime_explainer  LIME tabular explainer initialised | features=63
08:45:04  INFO      explainability.lime_explainer  LIME tabular explainer initialised | features=63
08:45:05  INFO      explainability.lime_explainer  LIME tabular explainer initialised | features=63
08:45:05  INFO      explainability.lime_explainer  LIME tabular explainer initialised | features=63
08:45:05  INFO      explainability.lime_explainer  LIME tabular explainer initialised | features=63
08:45:05  INFO      explainability.lime_explainer  LIME tabular explainer initialised | features=63
08:45:06  INFO      explainability.lime_explainer  LIME tabular explainer initialised | features=63
08:45:06  INFO      explainability.lime_explainer  LIME tabular explainer initialised | features=63
08:45:06  INFO      explainability.lime_explainer  LIME tabular explainer initialised | features=63
08:45:07  INFO      explainability.lime_explainer  LIME tabular explainer initialised | features=63
08:45:07  INFO      explainability.lime_explainer  LIME tabular explainer initialised | features=63
08:45:07  INFO      explainability.lime_explainer  LIME tabular explainer initialised | features=63
08:45:07  INFO      explainability.lime_explainer  LIME tabular explainer initialised | features=63
08:45:08  INFO      explainability.lime_explainer  LIME tabular explainer initialised | features=63
08:45:08  INFO      explainability.lime_explainer  LIME tabular explainer initialised | features=63
08:45:08  INFO      explainability.lime_explainer  LIME tabular explainer initialised | features=63
08:45:08  INFO      explainability.lime_explainer  LIME tabular explainer initialised | features=63
08:45:09  INFO      explainability.lime_explainer  LIME tabular explainer initialised | features=63
08:45:09  INFO      explainability.lime_explainer  LIME tabular explainer initialised | features=63
08:45:09  INFO      explainability.lime_explainer  LIME tabular explainer initialised | features=63
08:45:09  INFO      explainability.lime_explainer  LIME tabular explainer initialised | features=63
08:45:10  INFO      explainability.lime_explainer  LIME tabular explainer initialised | features=63
08:45:10  INFO      explainability.lime_explainer  LIME tabular explainer initialised | features=63
08:45:10  INFO      explainability.lime_explainer  LIME tabular explainer initialised | features=63
08:45:11  INFO      explainability.lime_explainer  LIME tabular explainer initialised | features=63
08:45:11  INFO      explainability.lime_explainer  LIME tabular explainer initialised | features=63
08:45:11  INFO      explainability.lime_explainer  LIME tabular explainer initialised | features=63
08:45:11  INFO      explainability.lime_explainer  LIME tabular explainer initialised | features=63
08:45:12  INFO      explainability.lime_explainer  LIME tabular explainer initialised | features=63
08:45:12  INFO      explainability.lime_explainer  LIME tabular explainer initialised | features=63
08:45:12  INFO      explainability.lime_explainer  LIME tabular explainer initialised | features=63
08:45:12  INFO      explainability.lime_explainer  LIME tabular explainer initialised | features=63
08:45:13  INFO      explainability.lime_explainer  LIME tabular explainer initialised | features=63
08:45:13  INFO      explainability.lime_explainer  LIME tabular explainer initialised | features=63
08:45:13  INFO      explainability.lime_explainer  LIME tabular explainer initialised | features=63
08:45:14  INFO      explainability.lime_explainer  LIME tabular explainer initialised | features=63
08:45:14  INFO      explainability.lime_explainer  LIME tabular explainer initialised | features=63
08:45:14  INFO      explainability.lime_explainer  LIME tabular explainer initialised | features=63
08:45:14  INFO      explainability.lime_explainer  LIME tabular explainer initialised | features=63
08:45:15  INFO      explainability.lime_explainer  LIME tabular explainer initialised | features=63
08:45:15  INFO      explainability.lime_explainer  LIME tabular explainer initialised | features=63
08:45:15  INFO      explainability.lime_explainer  LIME tabular explainer initialised | features=63
08:45:15  INFO      explainability.lime_explainer  LIME tabular explainer initialised | features=63
08:45:16  INFO      explainability.lime_explainer  LIME tabular explainer initialised | features=63
08:45:16  INFO      explainability.lime_explainer  LIME tabular explainer initialised | features=63
08:45:16  INFO      explainability.lime_explainer  LIME tabular explainer initialised | features=63
08:45:16  INFO      explainability.lime_explainer  LIME tabular explainer initialised | features=63
08:45:17  INFO      explainability.lime_explainer  LIME tabular explainer initialised | features=63
08:45:17  INFO      explainability.lime_explainer  LIME tabular explainer initialised | features=63
08:45:17  INFO      explainability.lime_explainer  LIME tabular explainer initialised | features=63
08:45:18  INFO      explainability.lime_explainer  LIME tabular explainer initialised | features=63
08:45:18  INFO      explainability.lime_explainer  LIME tabular explainer initialised | features=63
08:45:18  INFO      explainability.lime_explainer  LIME tabular explainer initialised | features=63
08:45:18  INFO      explainability.lime_explainer  LIME tabular explainer initialised | features=63
08:45:19  INFO      explainability.lime_explainer  LIME tabular explainer initialised | features=63
08:45:19  INFO      explainability.lime_explainer  LIME tabular explainer initialised | features=63
08:45:19  INFO      explainability.lime_explainer  LIME tabular explainer initialised | features=63
08:45:19  INFO      explainability.lime_explainer  LIME tabular explainer initialised | features=63
08:45:20  INFO      explainability.lime_explainer  LIME tabular explainer initialised | features=63
08:45:20  INFO      explainability.lime_explainer  LIME tabular explainer initialised | features=63
08:45:20  INFO      explainability.lime_explainer  LIME tabular explainer initialised | features=63
08:45:20  INFO      explainability.lime_explainer  LIME tabular explainer initialised | features=63
08:45:21  INFO      explainability.lime_explainer  LIME tabular explainer initialised | features=63
08:45:21  INFO      explainability.lime_explainer  LIME tabular explainer initialised | features=63
08:45:21  INFO      explainability.lime_explainer  LIME tabular explainer initialised | features=63
08:45:22  INFO      explainability.lime_explainer  LIME tabular explainer initialised | features=63
08:45:22  INFO      explainability.lime_explainer  LIME tabular explainer initialised | features=63
08:45:22  INFO      explainability.lime_explainer  LIME tabular explainer initialised | features=63
08:45:22  INFO      explainability.lime_explainer  LIME tabular explainer initialised | features=63
08:45:23  INFO      explainability.lime_explainer  LIME tabular explainer initialised | features=63
08:45:23  INFO      explainability.lime_explainer  LIME tabular explainer initialised | features=63
08:45:23  INFO      explainability.lime_explainer  LIME tabular explainer initialised | features=63
08:45:23  INFO      explainability.lime_explainer  LIME tabular explainer initialised | features=63
08:45:24  INFO      explainability.lime_explainer  LIME tabular explainer initialised | features=63
08:45:24  INFO      explainability.lime_explainer  LIME tabular explainer initialised | features=63
08:45:24  INFO      explainability.lime_explainer  LIME tabular explainer initialised | features=63
08:45:25  INFO      explainability.lime_explainer  LIME tabular explainer initialised | features=63
08:45:25  INFO      explainability.lime_explainer  LIME tabular explainer initialised | features=63
08:45:25  INFO      explainability.lime_explainer  LIME tabular explainer initialised | features=63
08:45:25  INFO      explainability.lime_explainer  LIME tabular explainer initialised | features=63
08:45:26  INFO      explainability.lime_explainer  LIME tabular explainer initialised | features=63
08:45:26  INFO      explainability.lime_explainer  LIME tabular explainer initialised | features=63
08:45:26  INFO      explainability.lime_explainer  LIME tabular explainer initialised | features=63
08:45:26  INFO      explainability.lime_explainer  LIME tabular explainer initialised | features=63
08:45:27  INFO      explainability.lime_explainer  LIME tabular explainer initialised | features=63
08:45:27  INFO      explainability.lime_explainer  LIME tabular explainer initialised | features=63
08:45:27  INFO      explainability.lime_explainer  LIME tabular explainer initialised | features=63
08:45:27  INFO      explainability.lime_explainer  LIME tabular explainer initialised | features=63
08:45:28  INFO      explainability.lime_explainer  LIME tabular explainer initialised | features=63
08:45:28  INFO      explainability.lime_explainer  LIME tabular explainer initialised | features=63
08:45:28  INFO      explainability.lime_explainer  LIME tabular explainer initialised | features=63
08:45:29  INFO      explainability.lime_explainer  LIME tabular explainer initialised | features=63
08:45:29  INFO      explainability.lime_explainer  LIME tabular explainer initialised | features=63
08:45:29  INFO      explainability.lime_explainer  LIME tabular explainer initialised | features=63
08:45:29  INFO      explainability.lime_explainer  LIME tabular explainer initialised | features=63
08:45:30  INFO      explainability.lime_explainer  LIME tabular explainer initialised | features=63
08:45:30  INFO      explainability.lime_explainer  LIME tabular explainer initialised | features=63
08:45:30  INFO      explainability.lime_explainer  LIME tabular explainer initialised | features=63
08:45:30  INFO      explainability.lime_explainer  LIME tabular explainer initialised | features=63
08:45:31  INFO      explainability.lime_explainer  LIME tabular explainer initialised | features=63
08:45:31  INFO      explainability.lime_explainer  LIME tabular explainer initialised | features=63
08:45:31  INFO      explainability.lime_explainer  LIME tabular explainer initialised | features=63
08:45:32  INFO      explainability.lime_explainer  LIME tabular explainer initialised | features=63
08:45:32  INFO      explainability.lime_explainer  LIME tabular explainer initialised | features=63
08:45:32  INFO      explainability.lime_explainer  LIME tabular explainer initialised | features=63
08:45:32  INFO      explainability.lime_explainer  LIME tabular explainer initialised | features=63
08:45:33  INFO      explainability.lime_explainer  LIME tabular explainer initialised | features=63
08:45:33  INFO      explainability.lime_explainer  LIME tabular explainer initialised | features=63
08:45:33  INFO      explainability.lime_explainer  LIME tabular explainer initialised | features=63
08:45:33  INFO      explainability.lime_explainer  LIME tabular explainer initialised | features=63
08:45:34  INFO      explainability.lime_explainer  LIME tabular explainer initialised | features=63
08:45:34  INFO      explainability.lime_explainer  LIME tabular explainer initialised | features=63
08:45:34  INFO      explainability.lime_explainer  LIME tabular explainer initialised | features=63
08:45:34  INFO      explainability.lime_explainer  LIME tabular explainer initialised | features=63
08:45:35  INFO      explainability.lime_explainer  LIME tabular explainer initialised | features=63
08:45:35  INFO      explainability.lime_explainer  LIME tabular explainer initialised | features=63
08:45:35  INFO      explainability.lime_explainer  LIME tabular explainer initialised | features=63
08:45:36  INFO      explainability.lime_explainer  LIME tabular explainer initialised | features=63
08:45:36  INFO      explainability.lime_explainer  LIME tabular explainer initialised | features=63
08:45:36  INFO      explainability.lime_explainer  LIME tabular explainer initialised | features=63
08:45:36  INFO      explainability.lime_explainer  LIME tabular explainer initialised | features=63
08:45:37  INFO      explainability.lime_explainer  LIME tabular explainer initialised | features=63
08:45:37  INFO      explainability.lime_explainer  LIME tabular explainer initialised | features=63
08:45:37  INFO      explainability.lime_explainer  LIME tabular explainer initialised | features=63
08:45:38  INFO      explainability.lime_explainer  LIME tabular explainer initialised | features=63
08:45:38  INFO      explainability.lime_explainer  LIME tabular explainer initialised | features=63
08:45:38  INFO      explainability.lime_explainer  LIME tabular explainer initialised | features=63
08:45:38  INFO      explainability.lime_explainer  LIME tabular explainer initialised | features=63
08:45:39  INFO      explainability.lime_explainer  LIME tabular explainer initialised | features=63
08:45:39  INFO      pipeline  LaTeX table → /Users/harekrishna/Downloads/credit-default-xai-benchmark 2/results/outputs/prosper_temporal/runs/cutoff_2010-01_seed_42/results/table5_explanation_quality.tex
08:45:39  INFO      pipeline  LaTeX table → /Users/harekrishna/Downloads/credit-default-xai-benchmark 2/results/outputs/prosper_temporal/runs/cutoff_2010-01_seed_42/results/table4_shap_lime_agreement.tex
08:45:39  INFO      pipeline  ============================================================
08:45:39  INFO      pipeline  STAGE 7: Revision Analyses
08:45:39  INFO      pipeline  ============================================================
08:48:32  INFO      pipeline  RUN cutoff_2010-01_seed_42 COMPLETE | champion CatBoost | OOF AUROC 0.7224 | test AUROC 0.6950
08:48:32  INFO      pipeline  ╔══════════════════════════════════════════════╗
08:48:32  INFO      pipeline  ║  Credit Default Prediction with XAI (v3)     ║
08:48:32  INFO      pipeline  ║  Dataset: prosper                            ║
08:48:32  INFO      pipeline  ║  Run: cutoff_2010-01_seed_99                 ║
08:48:32  INFO      pipeline  ╚══════════════════════════════════════════════╝
08:48:32  INFO      pipeline  ============================================================
08:48:32  INFO      pipeline  STAGE 1: Data Loading, Labelling & Partitioning
08:48:32  INFO      pipeline  ============================================================
08:48:32  INFO      data.data_loader  Loading Prosper loans from /Users/harekrishna/Downloads/credit-default-xai-benchmark 2/data/prosperLoanData.csv
08:48:34  INFO      data.data_loader  Prosper: 113937 rows, 113066 after LoanKey de-duplication
08:48:34  INFO      data.data_loader  Prosper horizon label (H=12 months, snapshot 2014-03-12): 72067 labelled, 40999 censored, default rate 9.70%
08:48:34  INFO      data.data_loader  Skipping UCI-specific engineered features; required columns not present.
08:48:34  INFO      data.data_loader  Skipping UCI-specific engineered features; required columns not present.
08:48:34  INFO      data.data_loader  Dataset loaded | prosper | train=28935  test=2782 | default rate train=13.84% test=5.57% | 8 nominal, 33 continuous
08:48:34  INFO      pipeline  Imbalance stats (train): {"n_total": 28935, "n_majority": 24929, "n_minority": 4006, "imbalance_ratio": 6.2229, "minority_pct": 13.84}
08:48:34  INFO      visualization.plots  Fig 1 saved → /Users/harekrishna/Downloads/credit-default-xai-benchmark 2/results/outputs/prosper_temporal/runs/cutoff_2010-01_seed_99/figures/fig01_class_distribution.pdf
08:48:34  INFO      pipeline  ============================================================
08:48:34  INFO      pipeline  STAGE 2: Imbalance Strategy Ablation (selected on OOF AUROC)
08:48:34  INFO      pipeline  ============================================================
08:48:52  INFO      pipeline  Ablation | SMOTE            | OOF AUROC=0.7059  test AUROC=0.6785
08:49:11  INFO      pipeline  Ablation | BorderlineSMOTE  | OOF AUROC=0.7058  test AUROC=0.6811
08:50:20  INFO      pipeline  Ablation | SVMSMOTE         | OOF AUROC=0.7103  test AUROC=0.6837
08:50:37  INFO      pipeline  Ablation | ADASYN           | OOF AUROC=0.7039  test AUROC=0.6818
08:50:41  INFO      pipeline  Ablation | None             | OOF AUROC=0.7160  test AUROC=0.6949
08:50:43  INFO      pipeline  Ablation | ClassWeight      | OOF AUROC=0.6890  test AUROC=0.6587
08:50:43  INFO      pipeline  Best imbalance strategy (OOF AUROC): None → 0.7160 [probe: LightGBM]
08:50:43  INFO      pipeline  ============================================================
08:50:43  INFO      pipeline  STAGE 3: Model Training (nested tuning, OOF predictions, refit)
08:50:43  INFO      pipeline  ============================================================
08:50:43  INFO      pipeline  Training XGBoost …
08:51:42  INFO      pipeline  XGBoost | per-model strategy=SVMSMOTE | OOF AUROC by strategy={'SMOTE': 0.7112, 'BorderlineSMOTE': 0.7095, 'SVMSMOTE': 0.713, 'ADASYN': 0.7096, 'None': 0.7098, 'ClassWeight': 0.7125}
08:51:42  INFO      pipeline  RandomizedSearchCV | model=XGBoost strategy=SVMSMOTE n_iter=12
08:58:23  INFO      pipeline  Training LightGBM …
08:59:34  INFO      pipeline  LightGBM | per-model strategy=None | OOF AUROC by strategy={'SMOTE': 0.7059, 'BorderlineSMOTE': 0.7058, 'SVMSMOTE': 0.7103, 'ADASYN': 0.7039, 'None': 0.716, 'ClassWeight': 0.689}
08:59:34  INFO      pipeline  RandomizedSearchCV | model=LightGBM strategy=None n_iter=12
09:00:11  INFO      pipeline  Training CatBoost …
09:01:36  INFO      pipeline  CatBoost | per-model strategy=ClassWeight | OOF AUROC by strategy={'SMOTE': 0.7098, 'BorderlineSMOTE': 0.7146, 'SVMSMOTE': 0.7133, 'ADASYN': 0.7105, 'None': 0.7163, 'ClassWeight': 0.7191}
09:01:36  INFO      pipeline  RandomizedSearchCV | model=CatBoost strategy=ClassWeight n_iter=12
09:02:16  INFO      pipeline  Training Random Forest …
09:03:32  INFO      pipeline  Random Forest | per-model strategy=ClassWeight | OOF AUROC by strategy={'SMOTE': 0.7097, 'BorderlineSMOTE': 0.7114, 'SVMSMOTE': 0.7165, 'ADASYN': 0.7098, 'None': 0.7134, 'ClassWeight': 0.7175}
09:03:32  INFO      pipeline  RandomizedSearchCV | model=Random Forest strategy=ClassWeight n_iter=12
09:05:15  INFO      pipeline  Training Logistic Reg. …
09:06:00  INFO      pipeline  Logistic Reg. | per-model strategy=ClassWeight | OOF AUROC by strategy={'SMOTE': 0.6627, 'BorderlineSMOTE': 0.6662, 'SVMSMOTE': 0.6741, 'ADASYN': 0.6557, 'None': 0.6773, 'ClassWeight': 0.7006}
09:06:00  INFO      pipeline  RandomizedSearchCV | model=Logistic Reg. strategy=ClassWeight n_iter=12
09:06:07  INFO      pipeline  Training TabNet …
09:06:07  INFO      models.tabnet_model  Apple MPS backend passed smoke test — using GPU acceleration.
09:06:07  INFO      models.tabnet_model  TabNet starting | device=mps  max_epochs=200  patience=15  batch_size=1024  n_train=7236
09:06:32  INFO      models.tabnet_model  TabNet trained | device=mps  best_epoch=23  elapsed=24.9s
09:06:33  INFO      models.tabnet_model  Apple MPS backend passed smoke test — using GPU acceleration.
09:06:33  INFO      models.tabnet_model  TabNet starting | device=mps  max_epochs=200  patience=15  batch_size=1024  n_train=14469
09:07:22  INFO      models.tabnet_model  TabNet trained | device=mps  best_epoch=25  elapsed=49.4s
09:07:22  INFO      models.tabnet_model  Apple MPS backend passed smoke test — using GPU acceleration.
09:07:22  INFO      models.tabnet_model  TabNet starting | device=mps  max_epochs=200  patience=15  batch_size=1024  n_train=21702

epoch 31 | loss: 0.33995 | val_auc: 0.74574 |  0:01:16s
epoch 32 | loss: 0.33809 | val_auc: 0.74707 |  0:01:19s
epoch 33 | loss: 0.33615 | val_auc: 0.75272 |  0:01:21s
epoch 34 | loss: 0.33416 | val_auc: 0.74899 |  0:01:23s
epoch 35 | loss: 0.33481 | val_auc: 0.75292 |  0:01:25s
epoch 36 | loss: 0.33371 | val_auc: 0.75417 |  0:01:28s
epoch 37 | loss: 0.3306  | val_auc: 0.74791 |  0:01:30s
epoch 38 | loss: 0.3292  | val_auc: 0.74937 |  0:01:32s
epoch 39 | loss: 0.32774 | val_auc: 0.7533  |  0:01:35s
epoch 40 | loss: 0.32563 | val_auc: 0.75208 |  0:01:37s
epoch 41 | loss: 0.32553 | val_auc: 0.75206 |  0:01:39s
epoch 42 | loss: 0.32328 | val_auc: 0.74653 |  0:01:41s
epoch 43 | loss: 0.3208  | val_auc: 0.7491  |  0:01:44s
epoch 44 | loss: 0.32069 | val_auc: 0.7469  |  0:01:46s
epoch 45 | loss: 0.31863 | val_auc: 0.74067 |  0:01:48s
epoch 46 | loss: 0.3184  | val_auc: 0.74759 |  0:01:51s
epoch 47 | loss: 0.31709 | val_auc: 0.74439 |  0:01:53s
epoch 48 | loss: 0.31563 | val_auc: 0.74903 |  0:01:56s
epoch 49 | loss: 0.31244 | val_auc: 0.73801 |  0:01:58s
epoch 50 | loss: 0.30992 | val_auc: 0.73823 |  0:02:00s
epoch 51 | loss: 0.30855 | val_auc: 0.7382  |  0:02:03s

Early stopping occurred at epoch 51 with best_epoch = 36 and best_val_auc = 0.75417
Successfully saved model at /Users/harekrishna/Downloads/credit-default-xai-benchmark 2/results/outputs/prosper_temporal/runs/cutoff_2010-01_seed_42/models/tabnet.pkl.zip
epoch 0  | loss: 0.76255 | val_auc: 0.66118 |  0:00:00s
epoch 1  | loss: 0.56374 | val_auc: 0.71056 |  0:00:01s
epoch 2  | loss: 0.51574 | val_auc: 0.67547 |  0:00:02s
epoch 3  | loss: 0.45808 | val_auc: 0.70791 |  0:00:02s
epoch 4  | loss: 0.42276 | val_auc: 0.75191 |  0:00:03s
epoch 5  | loss: 0.40256 | val_auc: 0.75788 |  0:00:03s
epoch 6  | loss: 0.39118 | val_auc: 0.77818 |  0:00:04s
epoch 7  | loss: 0.38253 | val_auc: 0.75573 |  0:00:05s
epoch 8  | loss: 0.37303 | val_auc: 0.77653 |  0:00:05s
epoch 9  | loss: 0.36364 | val_auc: 0.78861 |  0:00:06s
epoch 10 | loss: 0.3591  | val_auc: 0.80097 |  0:00:06s
epoch 11 | loss: 0.34981 | val_auc: 0.81909 |  0:00:07s
epoch 12 | loss: 0.35163 | val_auc: 0.81607 |  0:00:07s
epoch 13 | loss: 0.35183 | val_auc: 0.81198 |  0:00:08s
epoch 14 | loss: 0.34859 | val_auc: 0.80325 |  0:00:09s
epoch 15 | loss: 0.33842 | val_auc: 0.81042 |  0:00:09s
epoch 16 | loss: 0.33808 | val_auc: 0.81231 |  0:00:10s
epoch 17 | loss: 0.33665 | val_auc: 0.8162  |  0:00:10s
epoch 18 | loss: 0.33558 | val_auc: 0.81015 |  0:00:11s
epoch 19 | loss: 0.33166 | val_auc: 0.81461 |  0:00:12s
epoch 20 | loss: 0.32924 | val_auc: 0.81779 |  0:00:12s
epoch 21 | loss: 0.327   | val_auc: 0.81571 |  0:00:13s
epoch 22 | loss: 0.32601 | val_auc: 0.81613 |  0:00:14s
epoch 23 | loss: 0.32619 | val_auc: 0.8267  |  0:00:14s
epoch 24 | loss: 0.32042 | val_auc: 0.81511 |  0:00:15s
epoch 25 | loss: 0.32066 | val_auc: 0.8236  |  0:00:15s
epoch 26 | loss: 0.31901 | val_auc: 0.82555 |  0:00:16s
epoch 27 | loss: 0.31724 | val_auc: 0.80946 |  0:00:17s
epoch 28 | loss: 0.31649 | val_auc: 0.81337 |  0:00:17s
epoch 29 | loss: 0.31812 | val_auc: 0.81584 |  0:00:18s
epoch 30 | loss: 0.31422 | val_auc: 0.80971 |  0:00:18s
epoch 31 | loss: 0.30908 | val_auc: 0.80934 |  0:00:19s
epoch 32 | loss: 0.30892 | val_auc: 0.81987 |  0:00:20s
epoch 33 | loss: 0.30744 | val_auc: 0.81446 |  0:00:20s
epoch 34 | loss: 0.30721 | val_auc: 0.81374 |  0:00:21s
epoch 35 | loss: 0.30386 | val_auc: 0.81663 |  0:00:22s
epoch 36 | loss: 0.29505 | val_auc: 0.80908 |  0:00:23s
epoch 37 | loss: 0.29744 | val_auc: 0.80703 |  0:00:23s
epoch 38 | loss: 0.2919  | val_auc: 0.80558 |  0:00:24s

Early stopping occurred at epoch 38 with best_epoch = 23 and best_val_auc = 0.8267
epoch 0  | loss: 0.66749 | val_auc: 0.65544 |  0:00:01s
epoch 1  | loss: 0.47964 | val_auc: 0.66363 |  0:00:02s
epoch 2  | loss: 0.43277 | val_auc: 0.70669 |  0:00:03s
epoch 3  | loss: 0.40802 | val_auc: 0.73711 |  0:00:05s
epoch 4  | loss: 0.38942 | val_auc: 0.74241 |  0:00:06s
epoch 5  | loss: 0.38135 | val_auc: 0.76485 |  0:00:07s
epoch 6  | loss: 0.38089 | val_auc: 0.74923 |  0:00:08s
epoch 7  | loss: 0.37876 | val_auc: 0.77095 |  0:00:09s
epoch 8  | loss: 0.38279 | val_auc: 0.76127 |  0:00:10s
epoch 9  | loss: 0.38599 | val_auc: 0.7661  |  0:00:12s
epoch 10 | loss: 0.37191 | val_auc: 0.78405 |  0:00:13s
epoch 11 | loss: 0.37186 | val_auc: 0.77185 |  0:00:14s
epoch 12 | loss: 0.37263 | val_auc: 0.77728 |  0:00:15s
epoch 13 | loss: 0.36416 | val_auc: 0.78365 |  0:00:16s
epoch 14 | loss: 0.36472 | val_auc: 0.78513 |  0:00:17s
epoch 15 | loss: 0.362   | val_auc: 0.78542 |  0:00:19s
epoch 16 | loss: 0.36132 | val_auc: 0.78472 |  0:00:20s
epoch 17 | loss: 0.36196 | val_auc: 0.77912 |  0:00:21s
epoch 18 | loss: 0.36014 | val_auc: 0.78412 |  0:00:22s
epoch 19 | loss: 0.35986 | val_auc: 0.7848  |  0:00:23s
epoch 20 | loss: 0.35921 | val_auc: 0.78825 |  0:00:24s
epoch 21 | loss: 0.35828 | val_auc: 0.78857 |  0:00:25s
epoch 22 | loss: 0.35695 | val_auc: 0.78468 |  0:00:27s
epoch 23 | loss: 0.35839 | val_auc: 0.7786  |  0:00:28s
epoch 24 | loss: 0.35685 | val_auc: 0.77736 |  0:00:29s
epoch 25 | loss: 0.35901 | val_auc: 0.79018 |  0:00:30s
epoch 26 | loss: 0.35423 | val_auc: 0.78642 |  0:00:31s
epoch 27 | loss: 0.35302 | val_auc: 0.77625 |  0:00:32s
epoch 28 | loss: 0.35375 | val_auc: 0.77889 |  0:00:34s
epoch 29 | loss: 0.35242 | val_auc: 0.78661 |  0:00:35s
epoch 30 | loss: 0.35131 | val_auc: 0.77927 |  0:00:36s
epoch 31 | loss: 0.35314 | val_auc: 0.78317 |  0:00:37s
epoch 32 | loss: 0.35215 | val_auc: 0.77652 |  0:00:38s
epoch 33 | loss: 0.35276 | val_auc: 0.78757 |  0:00:40s
epoch 34 | loss: 0.35249 | val_auc: 0.78016 |  0:00:41s
epoch 35 | loss: 0.35261 | val_auc: 0.78702 |  0:00:42s
epoch 36 | loss: 0.35032 | val_auc: 0.78842 |  0:00:43s
epoch 37 | loss: 0.35215 | val_auc: 0.77647 |  0:00:44s
epoch 38 | loss: 0.354   | val_auc: 0.78181 |  0:00:45s
epoch 39 | loss: 0.35026 | val_auc: 0.7845  |  0:00:47s
epoch 40 | loss: 0.34843 | val_auc: 0.78972 |  0:00:48s

Early stopping occurred at epoch 40 with best_epoch = 25 and best_val_auc = 0.79018
epoch 0  | loss: 0.58339 | val_auc: 0.60325 |  0:00:01s
epoch 1  | loss: 0.43584 | val_auc: 0.63994 |  0:00:03s
epoch 2  | loss: 0.38982 | val_auc: 0.7085  |  0:00:05s
epoch 3  | loss: 0.37573 | val_auc: 0.73556 |  0:00:07s
epoch 4  | loss: 0.37453 | val_auc: 0.74749 |  0:00:09s
epoch 5  | loss: 0.36419 | val_auc: 0.73818 |  0:00:10s
epoch 6  | loss: 0.36199 | val_auc: 0.74428 |  0:00:13s
epoch 7  | loss: 0.36494 | val_auc: 0.74862 |  0:00:15s
epoch 8  | loss: 0.35974 | val_auc: 0.75447 |  0:00:17s
epoch 9  | loss: 0.35973 | val_auc: 0.75829 |  0:00:19s
epoch 10 | loss: 0.35922 | val_auc: 0.76091 |  0:00:20s
epoch 11 | loss: 0.36587 | val_auc: 0.75013 |  0:00:23s
epoch 12 | loss: 0.36428 | val_auc: 0.76605 |  0:00:25s
epoch 13 | loss: 0.35669 | val_auc: 0.76453 |  0:00:26s
epoch 14 | loss: 0.35821 | val_auc: 0.76613 |  0:00:28s
epoch 15 | loss: 0.35679 | val_auc: 0.76552 |  0:00:30s
epoch 16 | loss: 0.35731 | val_auc: 0.75944 |  0:00:32s
epoch 17 | loss: 0.35655 | val_auc: 0.75704 |  0:00:33s
epoch 18 | loss: 0.35286 | val_auc: 0.76385 |  0:00:35s
epoch 19 | loss: 0.35354 | val_auc: 0.77234 |  0:00:37s
epoch 20 | loss: 0.35444 | val_auc: 0.76174 |  0:00:38s
epoch 21 | loss: 0.35694 | val_auc: 0.76654 |  0:00:41s
epoch 22 | loss: 0.35218 | val_auc: 0.77159 |  0:00:42s
epoch 23 | loss: 0.35411 | val_auc: 0.75968 |  0:00:44s
epoch 24 | loss: 0.35412 | val_auc: 0.77065 |  0:00:46s
epoch 25 | loss: 0.34974 | val_auc: 0.76396 |  0:00:47s
epoch 26 | loss: 0.34706 | val_auc: 0.76053 |  0:00:49s
epoch 27 | loss: 0.34827 | val_auc: 0.77195 |  0:00:51s
epoch 28 | loss: 0.34861 | val_auc: 0.76459 |  0:00:53s
epoch 29 | loss: 0.34718 | val_auc: 0.77248 |  0:00:55s
epoch 30 | loss: 0.34527 | val_auc: 0.77666 |  0:00:56s
epoch 31 | loss: 0.3428  | val_auc: 0.77278 |  0:00:58s
epoch 32 | loss: 0.34138 | val_auc: 0.77786 |  0:01:00s
epoch 33 | loss: 0.33966 | val_auc: 0.78348 |  0:01:02s
epoch 34 | loss: 0.33863 | val_auc: 0.77527 |  0:01:03s
epoch 35 | loss: 0.33662 | val_auc: 0.77686 |  0:01:05s
epoch 36 | loss: 0.3374  | val_auc: 0.77361 |  0:01:07s
epoch 37 | loss: 0.33535 | val_auc: 0.77527 |  0:01:09s09:08:52  INFO      models.tabnet_model  TabNet trained | device=mps  best_epoch=33  elapsed=89.6s
09:08:52  INFO      models.tabnet_model  Apple MPS backend passed smoke test — using GPU acceleration.
09:08:52  INFO      models.tabnet_model  TabNet starting | device=mps  max_epochs=200  patience=15  batch_size=1024  n_train=28935
09:10:19  INFO      models.tabnet_model  TabNet trained | device=mps  best_epoch=20  elapsed=86.4s
09:10:19  INFO      models.tabnet_model  TabNet model saved to /Users/harekrishna/Downloads/credit-default-xai-benchmark 2/results/outputs/prosper_temporal/runs/cutoff_2010-01_seed_99/models/tabnet.pkl
09:10:19  INFO      pipeline  ============================================================
09:10:19  INFO      pipeline  STAGE 4: Evaluation (selection on OOF; test scored once)
09:10:19  INFO      pipeline  ============================================================
09:10:19  INFO      pipeline  XGBoost | OOF AUROC=0.7198  f1*=0.3310 @ t=0.18 | test AUROC=0.6755  F1=0.1343  MCC=0.0888
09:10:19  INFO      pipeline  LightGBM | OOF AUROC=0.7191  f1*=0.3347 @ t=0.17 | test AUROC=0.7033  F1=0.0749  MCC=0.0767
09:10:20  INFO      pipeline  CatBoost | OOF AUROC=0.7224  f1*=0.3382 @ t=0.46 | test AUROC=0.7031  F1=0.1429  MCC=0.1140
09:10:20  INFO      pipeline  Random Forest | OOF AUROC=0.7205  f1*=0.3323 @ t=0.38 | test AUROC=0.6780  F1=0.1393  MCC=0.1406
09:10:20  INFO      pipeline  Logistic Reg. | OOF AUROC=0.7140  f1*=0.3354 @ t=0.51 | test AUROC=0.7160  F1=0.0335  MCC=0.0282
09:10:21  INFO      pipeline  TabNet | OOF AUROC=0.6921  f1*=0.3134 @ t=0.16 | test AUROC=0.6996  F1=0.1240  MCC=0.0852
09:10:21  INFO      pipeline  LaTeX table → /Users/harekrishna/Downloads/credit-default-xai-benchmark 2/results/outputs/prosper_temporal/runs/cutoff_2010-01_seed_99/results/table2_test_metrics.tex
09:10:21  INFO      pipeline  
                AUROC   AUPRC      F1  Precision  Recall  Specificity  G-Mean     MCC   Brier
Model                                                                                        
XGBoost        0.6755  0.1052  0.1343     0.1484  0.1226       0.9585  0.3428  0.0888  0.0524
LightGBM       0.7033  0.1273  0.0749     0.2188  0.0452       0.9905  0.2115  0.0767  0.0511
CatBoost       0.7031  0.1305  0.1429     0.2048  0.1097       0.9749  0.3270  0.1140  0.0788
Random Forest  0.6780  0.1133  0.1393     0.3043  0.0903       0.9878  0.2987  0.1406  0.0677
Logistic Reg.  0.7160  0.1332  0.0335     0.1250  0.0194       0.9920  0.1386  0.0282  0.0835
TabNet         0.6996  0.1179  0.1240     0.1553  0.1032       0.9669  0.3159  0.0852  0.0514
09:10:21  INFO      visualization.plots  Fig 2 saved → /Users/harekrishna/Downloads/credit-default-xai-benchmark 2/results/outputs/prosper_temporal/runs/cutoff_2010-01_seed_99/figures/fig02_roc_curves.pdf
09:10:21  INFO      visualization.plots  Fig 3 saved → /Users/harekrishna/Downloads/credit-default-xai-benchmark 2/results/outputs/prosper_temporal/runs/cutoff_2010-01_seed_99/figures/fig03_pr_curves.pdf
09:10:21  INFO      visualization.plots  Fig 4 saved → /Users/harekrishna/Downloads/credit-default-xai-benchmark 2/results/outputs/prosper_temporal/runs/cutoff_2010-01_seed_99/figures/fig04_confusion_catboost.pdf
09:23:30  INFO      pipeline  Skipping TabNet in Fig 10 ablation (pass --full-ablation to include).
09:23:31  INFO      visualization.plots  Fig 10 saved → /Users/harekrishna/Downloads/credit-default-xai-benchmark 2/results/outputs/prosper_temporal/runs/cutoff_2010-01_seed_99/figures/fig10_smote_ablation.pdf
09:23:31  INFO      pipeline  ============================================================
09:23:31  INFO      pipeline  STAGE 5: SHAP Explanations
09:23:31  INFO      pipeline  ============================================================
09:23:31  INFO      explainability.shap_explainer  SHAP TreeExplainer initialised | output_space=log_odds
09:23:31  INFO      explainability.shap_explainer  SHAP values computed | shape=(2000, 63)
09:23:31  INFO      explainability.shap_explainer  SHAP additivity check | MAE=0.00000 | PASS ✓
09:23:32  INFO      explainability.shap_explainer  Saved SHAP summary → /Users/harekrishna/Downloads/credit-default-xai-benchmark 2/results/outputs/prosper_temporal/runs/cutoff_2010-01_seed_99/figures/fig05a_shap_summary_CatBoost.pdf
09:23:32  INFO      explainability.shap_explainer  Saved SHAP bar → /Users/harekrishna/Downloads/credit-default-xai-benchmark 2/results/outputs/prosper_temporal/runs/cutoff_2010-01_seed_99/figures/fig05b_shap_bar_CatBoost.pdf
09:23:32  INFO      explainability.shap_explainer  Saved SHAP dependence → /Users/harekrishna/Downloads/credit-default-xai-benchmark 2/results/outputs/prosper_temporal/runs/cutoff_2010-01_seed_99/figures/fig06_shap_dep_CreditScoreRangeLower.pdf
09:23:32  INFO      pipeline  LaTeX table → /Users/harekrishna/Downloads/credit-default-xai-benchmark 2/results/outputs/prosper_temporal/runs/cutoff_2010-01_seed_99/results/table3_shap_ranking.tex
09:23:32  INFO      visualization.plots  Fig 8 saved → /Users/harekrishna/Downloads/credit-default-xai-benchmark 2/results/outputs/prosper_temporal/runs/cutoff_2010-01_seed_99/figures/fig08_importance_comparison.pdf
09:23:33  INFO      visualization.plots  Fig 9 saved → /Users/harekrishna/Downloads/credit-default-xai-benchmark 2/results/outputs/prosper_temporal/runs/cutoff_2010-01_seed_99/figures/fig09_threshold_sweep.pdf
09:23:33  INFO      pipeline  ============================================================
09:23:33  INFO      pipeline  STAGE 6: LIME Explanations
09:23:33  INFO      pipeline  ============================================================
09:23:33  INFO      explainability.lime_explainer  LIME tabular explainer initialised | features=63
09:23:33  INFO      pipeline  Local instances selected: {'TP': 2104, 'FP': 23, 'FN': 1373, 'TN': 165}
09:23:33  INFO      explainability.lime_explainer  Saved LIME explanation → /Users/harekrishna/Downloads/credit-default-xai-benchmark 2/results/outputs/prosper_temporal/runs/cutoff_2010-01_seed_99/figures/fig07_tp_lime.pdf
09:23:33  INFO      explainability.lime_explainer  Saved LIME explanation → /Users/harekrishna/Downloads/credit-default-xai-benchmark 2/results/outputs/prosper_temporal/runs/cutoff_2010-01_seed_99/figures/fig07_fp_lime.pdf
09:23:33  INFO      explainability.lime_explainer  Saved LIME explanation → /Users/harekrishna/Downloads/credit-default-xai-benchmark 2/results/outputs/prosper_temporal/runs/cutoff_2010-01_seed_99/figures/fig07_fn_lime.pdf
09:23:34  INFO      explainability.lime_explainer  Saved LIME explanation → /Users/harekrishna/Downloads/credit-default-xai-benchmark 2/results/outputs/prosper_temporal/runs/cutoff_2010-01_seed_99/figures/fig07_tn_lime.pdf
09:23:34  INFO      explainability.lime_explainer  Saved LIME multi-instance grid → /Users/harekrishna/Downloads/credit-default-xai-benchmark 2/results/outputs/prosper_temporal/runs/cutoff_2010-01_seed_99/figures/fig07_lime_multi_instance.pdf
09:23:38  INFO      explainability.lime_explainer  LIME batch complete | n=200
09:23:38  INFO      explainability.lime_explainer  SHAP–LIME agreement | mean ρ=0.485 ± 0.272
09:23:38  INFO      explainability.lime_explainer  LIME tabular explainer initialised | features=63
09:23:39  INFO      explainability.lime_explainer  LIME tabular explainer initialised | features=63
09:23:39  INFO      explainability.lime_explainer  LIME tabular explainer initialised | features=63
09:23:39  INFO      explainability.lime_explainer  LIME tabular explainer initialised | features=63
09:23:40  INFO      explainability.lime_explainer  LIME tabular explainer initialised | features=63
09:23:40  INFO      explainability.lime_explainer  LIME tabular explainer initialised | features=63
09:23:40  INFO      explainability.lime_explainer  LIME tabular explainer initialised | features=63
09:23:40  INFO      explainability.lime_explainer  LIME tabular explainer initialised | features=63
09:23:41  INFO      explainability.lime_explainer  LIME tabular explainer initialised | features=63
09:23:41  INFO      explainability.lime_explainer  LIME tabular explainer initialised | features=63
09:23:41  INFO      explainability.lime_explainer  LIME tabular explainer initialised | features=63
09:23:41  INFO      explainability.lime_explainer  LIME tabular explainer initialised | features=63
09:23:42  INFO      explainability.lime_explainer  LIME tabular explainer initialised | features=63
09:23:42  INFO      explainability.lime_explainer  LIME tabular explainer initialised | features=63
09:23:42  INFO      explainability.lime_explainer  LIME tabular explainer initialised | features=63
09:23:43  INFO      explainability.lime_explainer  LIME tabular explainer initialised | features=63
09:23:43  INFO      explainability.lime_explainer  LIME tabular explainer initialised | features=63
09:23:43  INFO      explainability.lime_explainer  LIME tabular explainer initialised | features=63
09:23:43  INFO      explainability.lime_explainer  LIME tabular explainer initialised | features=63
09:23:44  INFO      explainability.lime_explainer  LIME tabular explainer initialised | features=63
09:23:44  INFO      explainability.lime_explainer  LIME tabular explainer initialised | features=63
09:23:44  INFO      explainability.lime_explainer  LIME tabular explainer initialised | features=63
09:23:44  INFO      explainability.lime_explainer  LIME tabular explainer initialised | features=63
09:23:45  INFO      explainability.lime_explainer  LIME tabular explainer initialised | features=63
09:23:45  INFO      explainability.lime_explainer  LIME tabular explainer initialised | features=63
09:23:45  INFO      explainability.lime_explainer  LIME tabular explainer initialised | features=63
09:23:45  INFO      explainability.lime_explainer  LIME tabular explainer initialised | features=63
09:23:46  INFO      explainability.lime_explainer  LIME tabular explainer initialised | features=63
09:23:46  INFO      explainability.lime_explainer  LIME tabular explainer initialised | features=63
09:23:46  INFO      explainability.lime_explainer  LIME tabular explainer initialised | features=63
09:23:47  INFO      explainability.lime_explainer  LIME tabular explainer initialised | features=63
09:23:47  INFO      explainability.lime_explainer  LIME tabular explainer initialised | features=63
09:23:47  INFO      explainability.lime_explainer  LIME tabular explainer initialised | features=63
09:23:47  INFO      explainability.lime_explainer  LIME tabular explainer initialised | features=63
09:23:48  INFO      explainability.lime_explainer  LIME tabular explainer initialised | features=63
09:23:48  INFO      explainability.lime_explainer  LIME tabular explainer initialised | features=63
09:23:48  INFO      explainability.lime_explainer  LIME tabular explainer initialised | features=63
09:23:48  INFO      explainability.lime_explainer  LIME tabular explainer initialised | features=63
09:23:49  INFO      explainability.lime_explainer  LIME tabular explainer initialised | features=63
09:23:49  INFO      explainability.lime_explainer  LIME tabular explainer initialised | features=63
09:23:49  INFO      explainability.lime_explainer  LIME tabular explainer initialised | features=63
09:23:50  INFO      explainability.lime_explainer  LIME tabular explainer initialised | features=63
09:23:50  INFO      explainability.lime_explainer  LIME tabular explainer initialised | features=63
09:23:50  INFO      explainability.lime_explainer  LIME tabular explainer initialised | features=63
09:23:50  INFO      explainability.lime_explainer  LIME tabular explainer initialised | features=63
09:23:51  INFO      explainability.lime_explainer  LIME tabular explainer initialised | features=63
09:23:51  INFO      explainability.lime_explainer  LIME tabular explainer initialised | features=63
09:23:51  INFO      explainability.lime_explainer  LIME tabular explainer initialised | features=63
09:23:51  INFO      explainability.lime_explainer  LIME tabular explainer initialised | features=63
09:23:52  INFO      explainability.lime_explainer  LIME tabular explainer initialised | features=63
09:23:52  INFO      explainability.lime_explainer  LIME tabular explainer initialised | features=63
09:23:52  INFO      explainability.lime_explainer  LIME tabular explainer initialised | features=63
09:23:52  INFO      explainability.lime_explainer  LIME tabular explainer initialised | features=63
09:23:53  INFO      explainability.lime_explainer  LIME tabular explainer initialised | features=63
09:23:53  INFO      explainability.lime_explainer  LIME tabular explainer initialised | features=63
09:23:53  INFO      explainability.lime_explainer  LIME tabular explainer initialised | features=63
09:23:54  INFO      explainability.lime_explainer  LIME tabular explainer initialised | features=63
09:23:54  INFO      explainability.lime_explainer  LIME tabular explainer initialised | features=63
09:23:54  INFO      explainability.lime_explainer  LIME tabular explainer initialised | features=63
09:23:54  INFO      explainability.lime_explainer  LIME tabular explainer initialised | features=63
09:23:55  INFO      explainability.lime_explainer  LIME tabular explainer initialised | features=63
09:23:55  INFO      explainability.lime_explainer  LIME tabular explainer initialised | features=63
09:23:55  INFO      explainability.lime_explainer  LIME tabular explainer initialised | features=63
09:23:55  INFO      explainability.lime_explainer  LIME tabular explainer initialised | features=63
09:23:56  INFO      explainability.lime_explainer  LIME tabular explainer initialised | features=63
09:23:56  INFO      explainability.lime_explainer  LIME tabular explainer initialised | features=63
09:23:56  INFO      explainability.lime_explainer  LIME tabular explainer initialised | features=63
09:23:57  INFO      explainability.lime_explainer  LIME tabular explainer initialised | features=63
09:23:57  INFO      explainability.lime_explainer  LIME tabular explainer initialised | features=63
09:23:57  INFO      explainability.lime_explainer  LIME tabular explainer initialised | features=63
09:23:57  INFO      explainability.lime_explainer  LIME tabular explainer initialised | features=63
09:23:58  INFO      explainability.lime_explainer  LIME tabular explainer initialised | features=63
09:23:58  INFO      explainability.lime_explainer  LIME tabular explainer initialised | features=63
09:23:58  INFO      explainability.lime_explainer  LIME tabular explainer initialised | features=63
09:23:58  INFO      explainability.lime_explainer  LIME tabular explainer initialised | features=63
09:23:59  INFO      explainability.lime_explainer  LIME tabular explainer initialised | features=63
09:23:59  INFO      explainability.lime_explainer  LIME tabular explainer initialised | features=63
09:23:59  INFO      explainability.lime_explainer  LIME tabular explainer initialised | features=63
09:24:00  INFO      explainability.lime_explainer  LIME tabular explainer initialised | features=63
09:24:00  INFO      explainability.lime_explainer  LIME tabular explainer initialised | features=63
09:24:00  INFO      explainability.lime_explainer  LIME tabular explainer initialised | features=63
09:24:00  INFO      explainability.lime_explainer  LIME tabular explainer initialised | features=63
09:24:01  INFO      explainability.lime_explainer  LIME tabular explainer initialised | features=63
09:24:01  INFO      explainability.lime_explainer  LIME tabular explainer initialised | features=63
09:24:01  INFO      explainability.lime_explainer  LIME tabular explainer initialised | features=63
09:24:01  INFO      explainability.lime_explainer  LIME tabular explainer initialised | features=63
09:24:02  INFO      explainability.lime_explainer  LIME tabular explainer initialised | features=63
09:24:02  INFO      explainability.lime_explainer  LIME tabular explainer initialised | features=63
09:24:02  INFO      explainability.lime_explainer  LIME tabular explainer initialised | features=63
09:24:02  INFO      explainability.lime_explainer  LIME tabular explainer initialised | features=63
09:24:03  INFO      explainability.lime_explainer  LIME tabular explainer initialised | features=63
09:24:03  INFO      explainability.lime_explainer  LIME tabular explainer initialised | features=63
09:24:03  INFO      explainability.lime_explainer  LIME tabular explainer initialised | features=63
09:24:04  INFO      explainability.lime_explainer  LIME tabular explainer initialised | features=63
09:24:04  INFO      explainability.lime_explainer  LIME tabular explainer initialised | features=63
09:24:04  INFO      explainability.lime_explainer  LIME tabular explainer initialised | features=63
09:24:04  INFO      explainability.lime_explainer  LIME tabular explainer initialised | features=63
09:24:05  INFO      explainability.lime_explainer  LIME tabular explainer initialised | features=63
09:24:05  INFO      explainability.lime_explainer  LIME tabular explainer initialised | features=63
09:24:05  INFO      explainability.lime_explainer  LIME tabular explainer initialised | features=63
09:24:05  INFO      explainability.lime_explainer  LIME tabular explainer initialised | features=63
09:24:06  INFO      explainability.lime_explainer  LIME tabular explainer initialised | features=63
09:24:06  INFO      explainability.lime_explainer  LIME tabular explainer initialised | features=63
09:24:06  INFO      explainability.lime_explainer  LIME tabular explainer initialised | features=63
09:24:07  INFO      explainability.lime_explainer  LIME tabular explainer initialised | features=63
09:24:07  INFO      explainability.lime_explainer  LIME tabular explainer initialised | features=63
09:24:07  INFO      explainability.lime_explainer  LIME tabular explainer initialised | features=63
09:24:07  INFO      explainability.lime_explainer  LIME tabular explainer initialised | features=63
09:24:08  INFO      explainability.lime_explainer  LIME tabular explainer initialised | features=63
09:24:08  INFO      explainability.lime_explainer  LIME tabular explainer initialised | features=63
09:24:08  INFO      explainability.lime_explainer  LIME tabular explainer initialised | features=63
09:24:08  INFO      explainability.lime_explainer  LIME tabular explainer initialised | features=63
09:24:09  INFO      explainability.lime_explainer  LIME tabular explainer initialised | features=63
09:24:09  INFO      explainability.lime_explainer  LIME tabular explainer initialised | features=63
09:24:09  INFO      explainability.lime_explainer  LIME tabular explainer initialised | features=63
09:24:10  INFO      explainability.lime_explainer  LIME tabular explainer initialised | features=63
09:24:10  INFO      explainability.lime_explainer  LIME tabular explainer initialised | features=63
09:24:10  INFO      explainability.lime_explainer  LIME tabular explainer initialised | features=63
09:24:10  INFO      explainability.lime_explainer  LIME tabular explainer initialised | features=63
09:24:11  INFO      explainability.lime_explainer  LIME tabular explainer initialised | features=63
09:24:11  INFO      explainability.lime_explainer  LIME tabular explainer initialised | features=63
09:24:11  INFO      explainability.lime_explainer  LIME tabular explainer initialised | features=63
09:24:11  INFO      explainability.lime_explainer  LIME tabular explainer initialised | features=63
09:24:12  INFO      explainability.lime_explainer  LIME tabular explainer initialised | features=63
09:24:12  INFO      explainability.lime_explainer  LIME tabular explainer initialised | features=63
09:24:12  INFO      explainability.lime_explainer  LIME tabular explainer initialised | features=63
09:24:12  INFO      explainability.lime_explainer  LIME tabular explainer initialised | features=63
09:24:13  INFO      explainability.lime_explainer  LIME tabular explainer initialised | features=63
09:24:13  INFO      explainability.lime_explainer  LIME tabular explainer initialised | features=63
09:24:13  INFO      explainability.lime_explainer  LIME tabular explainer initialised | features=63
09:24:14  INFO      explainability.lime_explainer  LIME tabular explainer initialised | features=63
09:24:14  INFO      explainability.lime_explainer  LIME tabular explainer initialised | features=63
09:24:14  INFO      explainability.lime_explainer  LIME tabular explainer initialised | features=63
09:24:14  INFO      explainability.lime_explainer  LIME tabular explainer initialised | features=63
09:24:15  INFO      explainability.lime_explainer  LIME tabular explainer initialised | features=63
09:24:15  INFO      explainability.lime_explainer  LIME tabular explainer initialised | features=63
09:24:15  INFO      explainability.lime_explainer  LIME tabular explainer initialised | features=63
09:24:15  INFO      explainability.lime_explainer  LIME tabular explainer initialised | features=63
09:24:16  INFO      explainability.lime_explainer  LIME tabular explainer initialised | features=63
09:24:16  INFO      explainability.lime_explainer  LIME tabular explainer initialised | features=63
09:24:16  INFO      explainability.lime_explainer  LIME tabular explainer initialised | features=63
09:24:16  INFO      explainability.lime_explainer  LIME tabular explainer initialised | features=63
09:24:17  INFO      explainability.lime_explainer  LIME tabular explainer initialised | features=63
09:24:17  INFO      explainability.lime_explainer  LIME tabular explainer initialised | features=63
09:24:17  INFO      explainability.lime_explainer  LIME tabular explainer initialised | features=63
09:24:18  INFO      explainability.lime_explainer  LIME tabular explainer initialised | features=63
09:24:18  INFO      explainability.lime_explainer  LIME tabular explainer initialised | features=63
09:24:18  INFO      explainability.lime_explainer  LIME tabular explainer initialised | features=63
09:24:18  INFO      explainability.lime_explainer  LIME tabular explainer initialised | features=63
09:24:19  INFO      explainability.lime_explainer  LIME tabular explainer initialised | features=63
09:24:19  INFO      explainability.lime_explainer  LIME tabular explainer initialised | features=63
09:24:19  INFO      explainability.lime_explainer  LIME tabular explainer initialised | features=63
09:24:19  INFO      explainability.lime_explainer  LIME tabular explainer initialised | features=63
09:24:20  INFO      explainability.lime_explainer  LIME tabular explainer initialised | features=63
09:24:20  INFO      explainability.lime_explainer  LIME tabular explainer initialised | features=63
09:24:20  INFO      explainability.lime_explainer  LIME tabular explainer initialised | features=63
09:24:21  INFO      explainability.lime_explainer  LIME tabular explainer initialised | features=63
09:24:21  INFO      explainability.lime_explainer  LIME tabular explainer initialised | features=63
09:24:21  INFO      explainability.lime_explainer  LIME tabular explainer initialised | features=63
09:24:21  INFO      explainability.lime_explainer  LIME tabular explainer initialised | features=63
09:24:22  INFO      explainability.lime_explainer  LIME tabular explainer initialised | features=63
09:24:22  INFO      explainability.lime_explainer  LIME tabular explainer initialised | features=63
09:24:22  INFO      explainability.lime_explainer  LIME tabular explainer initialised | features=63
09:24:22  INFO      explainability.lime_explainer  LIME tabular explainer initialised | features=63
09:24:23  INFO      explainability.lime_explainer  LIME tabular explainer initialised | features=63
09:24:23  INFO      explainability.lime_explainer  LIME tabular explainer initialised | features=63
09:24:23  INFO      explainability.lime_explainer  LIME tabular explainer initialised | features=63
09:24:23  INFO      explainability.lime_explainer  LIME tabular explainer initialised | features=63
09:24:24  INFO      explainability.lime_explainer  LIME tabular explainer initialised | features=63
09:24:24  INFO      explainability.lime_explainer  LIME tabular explainer initialised | features=63
09:24:24  INFO      explainability.lime_explainer  LIME tabular explainer initialised | features=63
09:24:25  INFO      explainability.lime_explainer  LIME tabular explainer initialised | features=63
09:24:25  INFO      explainability.lime_explainer  LIME tabular explainer initialised | features=63
09:24:25  INFO      explainability.lime_explainer  LIME tabular explainer initialised | features=63
09:24:25  INFO      explainability.lime_explainer  LIME tabular explainer initialised | features=63
09:24:26  INFO      explainability.lime_explainer  LIME tabular explainer initialised | features=63
09:24:26  INFO      explainability.lime_explainer  LIME tabular explainer initialised | features=63
09:24:26  INFO      explainability.lime_explainer  LIME tabular explainer initialised | features=63
09:24:26  INFO      explainability.lime_explainer  LIME tabular explainer initialised | features=63
09:24:27  INFO      explainability.lime_explainer  LIME tabular explainer initialised | features=63
09:24:27  INFO      explainability.lime_explainer  LIME tabular explainer initialised | features=63
09:24:27  INFO      explainability.lime_explainer  LIME tabular explainer initialised | features=63
09:24:27  INFO      explainability.lime_explainer  LIME tabular explainer initialised | features=63
09:24:28  INFO      explainability.lime_explainer  LIME tabular explainer initialised | features=63
09:24:28  INFO      explainability.lime_explainer  LIME tabular explainer initialised | features=63
09:24:28  INFO      explainability.lime_explainer  LIME tabular explainer initialised | features=63
09:24:29  INFO      explainability.lime_explainer  LIME tabular explainer initialised | features=63
09:24:29  INFO      explainability.lime_explainer  LIME tabular explainer initialised | features=63
09:24:29  INFO      explainability.lime_explainer  LIME tabular explainer initialised | features=63
09:24:29  INFO      explainability.lime_explainer  LIME tabular explainer initialised | features=63
09:24:30  INFO      explainability.lime_explainer  LIME tabular explainer initialised | features=63
09:24:30  INFO      explainability.lime_explainer  LIME tabular explainer initialised | features=63
09:24:30  INFO      explainability.lime_explainer  LIME tabular explainer initialised | features=63
09:24:31  INFO      explainability.lime_explainer  LIME tabular explainer initialised | features=63
09:24:31  INFO      explainability.lime_explainer  LIME tabular explainer initialised | features=63
09:24:31  INFO      explainability.lime_explainer  LIME tabular explainer initialised | features=63
09:24:31  INFO      explainability.lime_explainer  LIME tabular explainer initialised | features=63
09:24:32  INFO      explainability.lime_explainer  LIME tabular explainer initialised | features=63
09:24:32  INFO      explainability.lime_explainer  LIME tabular explainer initialised | features=63
09:24:32  INFO      explainability.lime_explainer  LIME tabular explainer initialised | features=63
09:24:32  INFO      explainability.lime_explainer  LIME tabular explainer initialised | features=63
09:24:33  INFO      explainability.lime_explainer  LIME tabular explainer initialised | features=63
09:24:33  INFO      explainability.lime_explainer  LIME tabular explainer initialised | features=63
09:24:33  INFO      explainability.lime_explainer  LIME tabular explainer initialised | features=63
09:24:34  INFO      explainability.lime_explainer  LIME tabular explainer initialised | features=63
09:24:34  INFO      explainability.lime_explainer  LIME tabular explainer initialised | features=63
09:24:34  INFO      explainability.lime_explainer  LIME tabular explainer initialised | features=63
09:24:34  INFO      explainability.lime_explainer  LIME tabular explainer initialised | features=63
09:24:35  INFO      explainability.lime_explainer  LIME tabular explainer initialised | features=63
09:24:35  INFO      explainability.lime_explainer  LIME tabular explainer initialised | features=63
09:24:35  INFO      explainability.lime_explainer  LIME tabular explainer initialised | features=63
09:24:35  INFO      explainability.lime_explainer  LIME tabular explainer initialised | features=63
09:24:36  INFO      explainability.lime_explainer  LIME tabular explainer initialised | features=63
09:24:36  INFO      explainability.lime_explainer  LIME tabular explainer initialised | features=63
09:24:36  INFO      explainability.lime_explainer  LIME tabular explainer initialised | features=63
09:24:36  INFO      explainability.lime_explainer  LIME tabular explainer initialised | features=63
09:24:37  INFO      explainability.lime_explainer  LIME tabular explainer initialised | features=63
09:24:37  INFO      explainability.lime_explainer  LIME tabular explainer initialised | features=63
09:24:37  INFO      explainability.lime_explainer  LIME tabular explainer initialised | features=63
09:24:38  INFO      explainability.lime_explainer  LIME tabular explainer initialised | features=63
09:24:38  INFO      explainability.lime_explainer  LIME tabular explainer initialised | features=63
09:24:38  INFO      explainability.lime_explainer  LIME tabular explainer initialised | features=63
09:24:38  INFO      explainability.lime_explainer  LIME tabular explainer initialised | features=63
09:24:39  INFO      explainability.lime_explainer  LIME tabular explainer initialised | features=63
09:24:39  INFO      explainability.lime_explainer  LIME tabular explainer initialised | features=63
09:24:39  INFO      explainability.lime_explainer  LIME tabular explainer initialised | features=63
09:24:39  INFO      explainability.lime_explainer  LIME tabular explainer initialised | features=63
09:24:40  INFO      explainability.lime_explainer  LIME tabular explainer initialised | features=63
09:24:40  INFO      explainability.lime_explainer  LIME tabular explainer initialised | features=63
09:24:40  INFO      explainability.lime_explainer  LIME tabular explainer initialised | features=63
09:24:40  INFO      explainability.lime_explainer  LIME tabular explainer initialised | features=63
09:24:41  INFO      explainability.lime_explainer  LIME tabular explainer initialised | features=63
09:24:41  INFO      explainability.lime_explainer  LIME tabular explainer initialised | features=63
09:24:41  INFO      explainability.lime_explainer  LIME tabular explainer initialised | features=63
09:24:42  INFO      explainability.lime_explainer  LIME tabular explainer initialised | features=63
09:24:42  INFO      explainability.lime_explainer  LIME tabular explainer initialised | features=63
09:24:42  INFO      explainability.lime_explainer  LIME tabular explainer initialised | features=63
09:24:42  INFO      explainability.lime_explainer  LIME tabular explainer initialised | features=63
09:24:43  INFO      explainability.lime_explainer  LIME tabular explainer initialised | features=63
09:24:43  INFO      explainability.lime_explainer  LIME tabular explainer initialised | features=63
09:24:43  INFO      explainability.lime_explainer  LIME tabular explainer initialised | features=63
09:24:43  INFO      explainability.lime_explainer  LIME tabular explainer initialised | features=63
09:24:44  INFO      explainability.lime_explainer  LIME tabular explainer initialised | features=63
09:24:44  INFO      explainability.lime_explainer  LIME tabular explainer initialised | features=63
09:24:44  INFO      explainability.lime_explainer  LIME tabular explainer initialised | features=63
09:24:44  INFO      explainability.lime_explainer  LIME tabular explainer initialised | features=63
09:24:45  INFO      explainability.lime_explainer  LIME tabular explainer initialised | features=63
09:24:45  INFO      explainability.lime_explainer  LIME tabular explainer initialised | features=63
09:24:45  INFO      explainability.lime_explainer  LIME tabular explainer initialised | features=63
09:24:46  INFO      explainability.lime_explainer  LIME tabular explainer initialised | features=63
09:24:46  INFO      explainability.lime_explainer  LIME tabular explainer initialised | features=63
09:24:46  INFO      explainability.lime_explainer  LIME tabular explainer initialised | features=63
09:24:46  INFO      explainability.lime_explainer  LIME tabular explainer initialised | features=63
09:24:47  INFO      explainability.lime_explainer  LIME tabular explainer initialised | features=63
09:24:47  INFO      explainability.lime_explainer  LIME tabular explainer initialised | features=63
09:24:47  INFO      explainability.lime_explainer  LIME tabular explainer initialised | features=63
09:24:47  INFO      explainability.lime_explainer  LIME tabular explainer initialised | features=63
09:24:48  INFO      explainability.lime_explainer  LIME tabular explainer initialised | features=63
09:24:48  INFO      explainability.lime_explainer  LIME tabular explainer initialised | features=63
09:24:48  INFO      explainability.lime_explainer  LIME tabular explainer initialised | features=63
09:24:49  INFO      explainability.lime_explainer  LIME tabular explainer initialised | features=63
09:24:49  INFO      explainability.lime_explainer  LIME tabular explainer initialised | features=63
09:24:49  INFO      explainability.lime_explainer  LIME tabular explainer initialised | features=63
09:24:49  INFO      explainability.lime_explainer  LIME tabular explainer initialised | features=63
09:24:50  INFO      explainability.lime_explainer  LIME tabular explainer initialised | features=63
09:24:50  INFO      explainability.lime_explainer  LIME tabular explainer initialised | features=63
09:24:50  INFO      explainability.lime_explainer  LIME tabular explainer initialised | features=63
09:24:50  INFO      explainability.lime_explainer  LIME tabular explainer initialised | features=63
09:24:51  INFO      explainability.lime_explainer  LIME tabular explainer initialised | features=63
09:24:51  INFO      explainability.lime_explainer  LIME tabular explainer initialised | features=63
09:24:51  INFO      explainability.lime_explainer  LIME tabular explainer initialised | features=63
09:24:51  INFO      explainability.lime_explainer  LIME tabular explainer initialised | features=63
09:24:52  INFO      explainability.lime_explainer  LIME tabular explainer initialised | features=63
09:24:52  INFO      explainability.lime_explainer  LIME tabular explainer initialised | features=63
09:24:52  INFO      explainability.lime_explainer  LIME tabular explainer initialised | features=63
09:24:53  INFO      explainability.lime_explainer  LIME tabular explainer initialised | features=63
09:24:53  INFO      explainability.lime_explainer  LIME tabular explainer initialised | features=63
09:24:53  INFO      explainability.lime_explainer  LIME tabular explainer initialised | features=63
09:24:53  INFO      explainability.lime_explainer  LIME tabular explainer initialised | features=63
09:24:54  INFO      explainability.lime_explainer  LIME tabular explainer initialised | features=63
09:24:54  INFO      explainability.lime_explainer  LIME tabular explainer initialised | features=63
09:24:54  INFO      explainability.lime_explainer  LIME tabular explainer initialised | features=63
09:24:54  INFO      explainability.lime_explainer  LIME tabular explainer initialised | features=63
09:24:55  INFO      explainability.lime_explainer  LIME tabular explainer initialised | features=63
09:24:55  INFO      explainability.lime_explainer  LIME tabular explainer initialised | features=63
09:24:55  INFO      explainability.lime_explainer  LIME tabular explainer initialised | features=63
09:24:56  INFO      explainability.lime_explainer  LIME tabular explainer initialised | features=63
09:24:56  INFO      explainability.lime_explainer  LIME tabular explainer initialised | features=63
09:24:56  INFO      explainability.lime_explainer  LIME tabular explainer initialised | features=63
09:24:56  INFO      explainability.lime_explainer  LIME tabular explainer initialised | features=63
09:24:57  INFO      explainability.lime_explainer  LIME tabular explainer initialised | features=63
09:24:57  INFO      explainability.lime_explainer  LIME tabular explainer initialised | features=63
09:24:57  INFO      explainability.lime_explainer  LIME tabular explainer initialised | features=63
09:24:57  INFO      explainability.lime_explainer  LIME tabular explainer initialised | features=63
09:24:58  INFO      explainability.lime_explainer  LIME tabular explainer initialised | features=63
09:24:58  INFO      explainability.lime_explainer  LIME tabular explainer initialised | features=63
09:24:58  INFO      explainability.lime_explainer  LIME tabular explainer initialised | features=63
09:24:58  INFO      explainability.lime_explainer  LIME tabular explainer initialised | features=63
09:24:59  INFO      explainability.lime_explainer  LIME tabular explainer initialised | features=63
09:24:59  INFO      explainability.lime_explainer  LIME tabular explainer initialised | features=63
09:24:59  INFO      pipeline  LaTeX table → /Users/harekrishna/Downloads/credit-default-xai-benchmark 2/results/outputs/prosper_temporal/runs/cutoff_2010-01_seed_99/results/table5_explanation_quality.tex
09:24:59  INFO      pipeline  LaTeX table → /Users/harekrishna/Downloads/credit-default-xai-benchmark 2/results/outputs/prosper_temporal/runs/cutoff_2010-01_seed_99/results/table4_shap_lime_agreement.tex
09:24:59  INFO      pipeline  ============================================================
09:24:59  INFO      pipeline  STAGE 7: Revision Analyses
09:24:59  INFO      pipeline  ============================================================
09:27:03  INFO      pipeline  RUN cutoff_2010-01_seed_99 COMPLETE | champion CatBoost | OOF AUROC 0.7224 | test AUROC 0.7031
09:27:03  INFO      pipeline  ╔══════════════════════════════════════════════╗
09:27:03  INFO      pipeline  ║  Credit Default Prediction with XAI (v3)     ║
09:27:03  INFO      pipeline  ║  Dataset: prosper                            ║
09:27:03  INFO      pipeline  ║  Run: cutoff_2010-07_seed_42                 ║
09:27:03  INFO      pipeline  ╚══════════════════════════════════════════════╝
09:27:03  INFO      pipeline  ============================================================
09:27:03  INFO      pipeline  STAGE 1: Data Loading, Labelling & Partitioning
09:27:03  INFO      pipeline  ============================================================
09:27:03  INFO      data.data_loader  Loading Prosper loans from /Users/harekrishna/Downloads/credit-default-xai-benchmark 2/data/prosperLoanData.csv
09:27:05  INFO      data.data_loader  Prosper: 113937 rows, 113066 after LoanKey de-duplication
09:27:05  INFO      data.data_loader  Prosper horizon label (H=12 months, snapshot 2014-03-12): 72067 labelled, 40999 censored, default rate 9.70%
09:27:05  INFO      data.data_loader  Skipping UCI-specific engineered features; required columns not present.
09:27:05  INFO      data.data_loader  Skipping UCI-specific engineered features; required columns not present.
09:27:05  INFO      data.data_loader  Dataset loaded | prosper | train=28948  test=2870 | default rate train=13.84% test=5.82% | 8 nominal, 33 continuous
09:27:05  INFO      pipeline  Imbalance stats (train): {"n_total": 28948, "n_majority": 24941, "n_minority": 4007, "imbalance_ratio": 6.2244, "minority_pct": 13.84}
09:27:05  INFO      visualization.plots  Fig 1 saved → /Users/harekrishna/Downloads/credit-default-xai-benchmark 2/results/outputs/prosper_temporal/runs/cutoff_2010-07_seed_42/figures/fig01_class_distribution.pdf
09:27:05  INFO      pipeline  ============================================================
09:27:05  INFO      pipeline  STAGE 2: Imbalance Strategy Ablation (selected on OOF AUROC)
09:27:05  INFO      pipeline  ============================================================
09:27:22  INFO      pipeline  Ablation | SMOTE            | OOF AUROC=0.7045  test AUROC=0.6771
09:27:40  INFO      pipeline  Ablation | BorderlineSMOTE  | OOF AUROC=0.7076  test AUROC=0.6700
09:28:49  INFO      pipeline  Ablation | SVMSMOTE         | OOF AUROC=0.7097  test AUROC=0.6876
09:29:07  INFO      pipeline  Ablation | ADASYN           | OOF AUROC=0.7042  test AUROC=0.6719
09:29:11  INFO      pipeline  Ablation | None             | OOF AUROC=0.7174  test AUROC=0.6704
09:29:13  INFO      pipeline  Ablation | ClassWeight      | OOF AUROC=0.6888  test AUROC=0.6055
09:29:13  INFO      pipeline  Best imbalance strategy (OOF AUROC): None → 0.7174 [probe: LightGBM]
09:29:13  INFO      pipeline  ============================================================
09:29:13  INFO      pipeline  STAGE 3: Model Training (nested tuning, OOF predictions, refit)
09:29:13  INFO      pipeline  ============================================================
09:29:13  INFO      pipeline  Training XGBoost …
09:30:10  INFO      pipeline  XGBoost | per-model strategy=SVMSMOTE | OOF AUROC by strategy={'SMOTE': 0.7089, 'BorderlineSMOTE': 0.7092, 'SVMSMOTE': 0.7113, 'ADASYN': 0.7078, 'None': 0.7089, 'ClassWeight': 0.6829}
09:30:10  INFO      pipeline  RandomizedSearchCV | model=XGBoost strategy=SVMSMOTE n_iter=12
09:37:08  INFO      pipeline  Training LightGBM …
09:38:19  INFO      pipeline  LightGBM | per-model strategy=None | OOF AUROC by strategy={'SMOTE': 0.7045, 'BorderlineSMOTE': 0.7076, 'SVMSMOTE': 0.7097, 'ADASYN': 0.7042, 'None': 0.7174, 'ClassWeight': 0.6888}
09:38:19  INFO      pipeline  RandomizedSearchCV | model=LightGBM strategy=None n_iter=12
09:39:08  INFO      pipeline  Training CatBoost …
09:40:32  INFO      pipeline  CatBoost | per-model strategy=None | OOF AUROC by strategy={'SMOTE': 0.7105, 'BorderlineSMOTE': 0.7113, 'SVMSMOTE': 0.7147, 'ADASYN': 0.7075, 'None': 0.7217, 'ClassWeight': 0.7182}
09:40:32  INFO      pipeline  RandomizedSearchCV | model=CatBoost strategy=None n_iter=12
09:41:30  INFO      pipeline  Training Random Forest …
09:42:45  INFO      pipeline  Random Forest | per-model strategy=ClassWeight | OOF AUROC by strategy={'SMOTE': 0.7125, 'BorderlineSMOTE': 0.7141, 'SVMSMOTE': 0.7145, 'ADASYN': 0.7085, 'None': 0.7135, 'ClassWeight': 0.7187}
09:42:45  INFO      pipeline  RandomizedSearchCV | model=Random Forest strategy=ClassWeight n_iter=12
09:45:27  INFO      pipeline  Training Logistic Reg. …
09:46:09  INFO      pipeline  Logistic Reg. | per-model strategy=ClassWeight | OOF AUROC by strategy={'SMOTE': 0.6609, 'BorderlineSMOTE': 0.6645, 'SVMSMOTE': 0.671, 'ADASYN': 0.6551, 'None': 0.6769, 'ClassWeight': 0.7005}
09:46:09  INFO      pipeline  RandomizedSearchCV | model=Logistic Reg. strategy=ClassWeight n_iter=12
09:46:17  INFO      pipeline  Training TabNet …
09:46:17  INFO      models.tabnet_model  Apple MPS backend passed smoke test — using GPU acceleration.
09:46:17  INFO      models.tabnet_model  TabNet starting | device=mps  max_epochs=200  patience=15  batch_size=1024  n_train=7237
09:46:38  INFO      models.tabnet_model  TabNet trained | device=mps  best_epoch=16  elapsed=21.6s
09:46:39  INFO      models.tabnet_model  Apple MPS backend passed smoke test — using GPU acceleration.
09:46:39  INFO      models.tabnet_model  TabNet starting | device=mps  max_epochs=200  patience=15  batch_size=1024  n_train=14474
09:47:45  INFO      models.tabnet_model  TabNet trained | device=mps  best_epoch=38  elapsed=66.0s
09:47:45  INFO      models.tabnet_model  Apple MPS backend passed smoke test — using GPU acceleration.
09:47:45  INFO      models.tabnet_model  TabNet starting | device=mps  max_epochs=200  patience=15  batch_size=1024  n_train=21711

epoch 38 | loss: 0.33776 | val_auc: 0.77457 |  0:01:10s
epoch 39 | loss: 0.33788 | val_auc: 0.77956 |  0:01:12s
epoch 40 | loss: 0.33729 | val_auc: 0.77488 |  0:01:14s
epoch 41 | loss: 0.33961 | val_auc: 0.76609 |  0:01:16s
epoch 42 | loss: 0.33468 | val_auc: 0.76817 |  0:01:17s
epoch 43 | loss: 0.33468 | val_auc: 0.7738  |  0:01:19s
epoch 44 | loss: 0.33448 | val_auc: 0.77525 |  0:01:21s
epoch 45 | loss: 0.33373 | val_auc: 0.76638 |  0:01:23s
epoch 46 | loss: 0.33617 | val_auc: 0.76846 |  0:01:24s
epoch 47 | loss: 0.33367 | val_auc: 0.76669 |  0:01:26s
epoch 48 | loss: 0.33416 | val_auc: 0.77107 |  0:01:28s

Early stopping occurred at epoch 48 with best_epoch = 33 and best_val_auc = 0.78348
epoch 0  | loss: 0.54256 | val_auc: 0.58924 |  0:00:02s
epoch 1  | loss: 0.40236 | val_auc: 0.65932 |  0:00:05s
epoch 2  | loss: 0.3839  | val_auc: 0.6794  |  0:00:07s
epoch 3  | loss: 0.37038 | val_auc: 0.70386 |  0:00:09s
epoch 4  | loss: 0.36443 | val_auc: 0.70844 |  0:00:12s
epoch 5  | loss: 0.36171 | val_auc: 0.70307 |  0:00:14s
epoch 6  | loss: 0.35606 | val_auc: 0.72368 |  0:00:17s
epoch 7  | loss: 0.35664 | val_auc: 0.72526 |  0:00:19s
epoch 8  | loss: 0.34999 | val_auc: 0.73291 |  0:00:21s
epoch 9  | loss: 0.35006 | val_auc: 0.74846 |  0:00:24s
epoch 10 | loss: 0.34669 | val_auc: 0.74493 |  0:00:26s
epoch 11 | loss: 0.34292 | val_auc: 0.74919 |  0:00:28s
epoch 12 | loss: 0.34168 | val_auc: 0.75256 |  0:00:31s
epoch 13 | loss: 0.33839 | val_auc: 0.75209 |  0:00:33s
epoch 14 | loss: 0.33669 | val_auc: 0.76126 |  0:00:36s
epoch 15 | loss: 0.33769 | val_auc: 0.74383 |  0:00:38s
epoch 16 | loss: 0.33902 | val_auc: 0.7553  |  0:00:40s
epoch 17 | loss: 0.33963 | val_auc: 0.75022 |  0:00:43s
epoch 18 | loss: 0.33498 | val_auc: 0.75832 |  0:00:45s
epoch 19 | loss: 0.33293 | val_auc: 0.75928 |  0:00:47s
epoch 20 | loss: 0.33202 | val_auc: 0.76827 |  0:00:50s
epoch 21 | loss: 0.32851 | val_auc: 0.76189 |  0:00:52s
epoch 22 | loss: 0.3287  | val_auc: 0.75348 |  0:00:54s
epoch 23 | loss: 0.3251  | val_auc: 0.76005 |  0:00:56s
epoch 24 | loss: 0.32298 | val_auc: 0.75116 |  0:00:59s
epoch 25 | loss: 0.32074 | val_auc: 0.7504  |  0:01:01s
epoch 26 | loss: 0.3177  | val_auc: 0.75778 |  0:01:03s
epoch 27 | loss: 0.31526 | val_auc: 0.7593  |  0:01:06s
epoch 28 | loss: 0.31375 | val_auc: 0.74842 |  0:01:08s
epoch 29 | loss: 0.31574 | val_auc: 0.73895 |  0:01:11s
epoch 30 | loss: 0.30993 | val_auc: 0.74727 |  0:01:13s
epoch 31 | loss: 0.30504 | val_auc: 0.75016 |  0:01:15s
epoch 32 | loss: 0.30568 | val_auc: 0.7337  |  0:01:17s
epoch 33 | loss: 0.31035 | val_auc: 0.7477  |  0:01:20s
epoch 34 | loss: 0.3065  | val_auc: 0.72806 |  0:01:22s
epoch 35 | loss: 0.31392 | val_auc: 0.74547 |  0:01:24s

Early stopping occurred at epoch 35 with best_epoch = 20 and best_val_auc = 0.76827
Successfully saved model at /Users/harekrishna/Downloads/credit-default-xai-benchmark 2/results/outputs/prosper_temporal/runs/cutoff_2010-01_seed_99/models/tabnet.pkl.zip
epoch 0  | loss: 0.76973 | val_auc: 0.59018 |  0:00:01s
epoch 1  | loss: 0.55878 | val_auc: 0.70476 |  0:00:02s
epoch 2  | loss: 0.49302 | val_auc: 0.74626 |  0:00:02s
epoch 3  | loss: 0.46132 | val_auc: 0.76657 |  0:00:03s
epoch 4  | loss: 0.41123 | val_auc: 0.77644 |  0:00:03s
epoch 5  | loss: 0.41499 | val_auc: 0.78723 |  0:00:04s
epoch 6  | loss: 0.39475 | val_auc: 0.79936 |  0:00:05s
epoch 7  | loss: 0.38376 | val_auc: 0.82599 |  0:00:05s
epoch 8  | loss: 0.37954 | val_auc: 0.83838 |  0:00:06s
epoch 9  | loss: 0.37275 | val_auc: 0.83555 |  0:00:06s
epoch 10 | loss: 0.37005 | val_auc: 0.8371  |  0:00:07s
epoch 11 | loss: 0.36893 | val_auc: 0.83852 |  0:00:08s
epoch 12 | loss: 0.36343 | val_auc: 0.8363  |  0:00:08s
epoch 13 | loss: 0.36663 | val_auc: 0.83513 |  0:00:09s
epoch 14 | loss: 0.35773 | val_auc: 0.83244 |  0:00:10s
epoch 15 | loss: 0.36209 | val_auc: 0.83734 |  0:00:11s
epoch 16 | loss: 0.35298 | val_auc: 0.83947 |  0:00:11s
epoch 17 | loss: 0.34665 | val_auc: 0.83669 |  0:00:12s
epoch 18 | loss: 0.35052 | val_auc: 0.83037 |  0:00:12s
epoch 19 | loss: 0.34625 | val_auc: 0.83289 |  0:00:13s
epoch 20 | loss: 0.34532 | val_auc: 0.82722 |  0:00:14s
epoch 21 | loss: 0.3414  | val_auc: 0.83132 |  0:00:14s
epoch 22 | loss: 0.34085 | val_auc: 0.83141 |  0:00:15s
epoch 23 | loss: 0.34173 | val_auc: 0.82623 |  0:00:15s
epoch 24 | loss: 0.33329 | val_auc: 0.82855 |  0:00:16s
epoch 25 | loss: 0.33697 | val_auc: 0.82412 |  0:00:17s
epoch 26 | loss: 0.3319  | val_auc: 0.82762 |  0:00:17s
epoch 27 | loss: 0.33176 | val_auc: 0.82404 |  0:00:18s
epoch 28 | loss: 0.32887 | val_auc: 0.82515 |  0:00:18s
epoch 29 | loss: 0.32204 | val_auc: 0.82709 |  0:00:19s
epoch 30 | loss: 0.32542 | val_auc: 0.83022 |  0:00:20s
epoch 31 | loss: 0.31753 | val_auc: 0.82825 |  0:00:20s

Early stopping occurred at epoch 31 with best_epoch = 16 and best_val_auc = 0.83947
epoch 0  | loss: 0.71853 | val_auc: 0.61792 |  0:00:01s
epoch 1  | loss: 0.50822 | val_auc: 0.632   |  0:00:02s
epoch 2  | loss: 0.44887 | val_auc: 0.72093 |  0:00:04s
epoch 3  | loss: 0.41148 | val_auc: 0.73959 |  0:00:05s
epoch 4  | loss: 0.41198 | val_auc: 0.74226 |  0:00:06s
epoch 5  | loss: 0.39665 | val_auc: 0.75803 |  0:00:07s
epoch 6  | loss: 0.38685 | val_auc: 0.76436 |  0:00:09s
epoch 7  | loss: 0.37864 | val_auc: 0.76621 |  0:00:10s
epoch 8  | loss: 0.3739  | val_auc: 0.76493 |  0:00:11s
epoch 9  | loss: 0.37716 | val_auc: 0.76955 |  0:00:12s
epoch 10 | loss: 0.37138 | val_auc: 0.77176 |  0:00:13s
epoch 11 | loss: 0.36948 | val_auc: 0.77747 |  0:00:15s
epoch 12 | loss: 0.3693  | val_auc: 0.77003 |  0:00:16s
epoch 13 | loss: 0.36628 | val_auc: 0.77157 |  0:00:17s
epoch 14 | loss: 0.368   | val_auc: 0.76932 |  0:00:18s
epoch 15 | loss: 0.36772 | val_auc: 0.782   |  0:00:20s
epoch 16 | loss: 0.36414 | val_auc: 0.78064 |  0:00:21s
epoch 17 | loss: 0.36213 | val_auc: 0.78971 |  0:00:22s
epoch 18 | loss: 0.36381 | val_auc: 0.79415 |  0:00:23s
epoch 19 | loss: 0.36188 | val_auc: 0.78873 |  0:00:24s
epoch 20 | loss: 0.35898 | val_auc: 0.78267 |  0:00:25s
epoch 21 | loss: 0.35767 | val_auc: 0.78722 |  0:00:27s
epoch 22 | loss: 0.35744 | val_auc: 0.77999 |  0:00:28s
epoch 23 | loss: 0.3594  | val_auc: 0.79281 |  0:00:29s
epoch 24 | loss: 0.36035 | val_auc: 0.78286 |  0:00:30s
epoch 25 | loss: 0.35783 | val_auc: 0.78344 |  0:00:31s
epoch 26 | loss: 0.35758 | val_auc: 0.79581 |  0:00:32s
epoch 27 | loss: 0.35706 | val_auc: 0.79043 |  0:00:34s
epoch 28 | loss: 0.35493 | val_auc: 0.80215 |  0:00:35s
epoch 29 | loss: 0.35702 | val_auc: 0.79659 |  0:00:36s
epoch 30 | loss: 0.35361 | val_auc: 0.78817 |  0:00:37s
epoch 31 | loss: 0.35141 | val_auc: 0.79655 |  0:00:38s
epoch 32 | loss: 0.35104 | val_auc: 0.79413 |  0:00:39s
epoch 33 | loss: 0.34981 | val_auc: 0.79607 |  0:00:41s
epoch 34 | loss: 0.35135 | val_auc: 0.79912 |  0:00:42s
epoch 35 | loss: 0.35021 | val_auc: 0.80128 |  0:00:43s
epoch 36 | loss: 0.35176 | val_auc: 0.79005 |  0:00:44s
epoch 37 | loss: 0.34629 | val_auc: 0.79199 |  0:00:45s
epoch 38 | loss: 0.348   | val_auc: 0.80552 |  0:00:47s
epoch 39 | loss: 0.34473 | val_auc: 0.80488 |  0:00:48s
epoch 40 | loss: 0.3445  | val_auc: 0.8037  |  0:00:49s
epoch 41 | loss: 0.34385 | val_auc: 0.79751 |  0:00:50s
epoch 42 | loss: 0.34206 | val_auc: 0.79972 |  0:00:52s
epoch 43 | loss: 0.34081 | val_auc: 0.80031 |  0:00:53s
epoch 44 | loss: 0.33867 | val_auc: 0.7974  |  0:00:54s
epoch 45 | loss: 0.33645 | val_auc: 0.7967  |  0:00:55s
epoch 46 | loss: 0.3384  | val_auc: 0.78542 |  0:00:56s
epoch 47 | loss: 0.33863 | val_auc: 0.78764 |  0:00:57s
epoch 48 | loss: 0.33875 | val_auc: 0.78044 |  0:00:59s
epoch 49 | loss: 0.33602 | val_auc: 0.79072 |  0:01:00s
epoch 50 | loss: 0.33228 | val_auc: 0.79878 |  0:01:01s
epoch 51 | loss: 0.32522 | val_auc: 0.79239 |  0:01:02s
epoch 52 | loss: 0.32426 | val_auc: 0.78824 |  0:01:03s
epoch 53 | loss: 0.32184 | val_auc: 0.79015 |  0:01:05s

Early stopping occurred at epoch 53 with best_epoch = 38 and best_val_auc = 0.80552
epoch 0  | loss: 0.61134 | val_auc: 0.61641 |  0:00:02s
epoch 1  | loss: 0.4418  | val_auc: 0.66759 |  0:00:04s
epoch 2  | loss: 0.39648 | val_auc: 0.72173 |  0:00:06s
epoch 3  | loss: 0.37848 | val_auc: 0.71123 |  0:00:07s
epoch 4  | loss: 0.37831 | val_auc: 0.73168 |  0:00:09s09:49:00  INFO      models.tabnet_model  TabNet trained | device=mps  best_epoch=24  elapsed=74.6s
09:49:00  INFO      models.tabnet_model  Apple MPS backend passed smoke test — using GPU acceleration.
09:49:00  INFO      models.tabnet_model  TabNet starting | device=mps  max_epochs=200  patience=15  batch_size=1024  n_train=28948
09:50:47  INFO      models.tabnet_model  TabNet trained | device=mps  best_epoch=28  elapsed=106.7s
09:50:47  INFO      models.tabnet_model  TabNet model saved to /Users/harekrishna/Downloads/credit-default-xai-benchmark 2/results/outputs/prosper_temporal/runs/cutoff_2010-07_seed_42/models/tabnet.pkl
09:50:47  INFO      pipeline  ============================================================
09:50:47  INFO      pipeline  STAGE 4: Evaluation (selection on OOF; test scored once)
09:50:47  INFO      pipeline  ============================================================
09:50:47  INFO      pipeline  XGBoost | OOF AUROC=0.7198  f1*=0.3287 @ t=0.20 | test AUROC=0.6667  F1=0.0643  MCC=0.0288
09:50:48  INFO      pipeline  LightGBM | OOF AUROC=0.7218  f1*=0.3362 @ t=0.14 | test AUROC=0.6652  F1=0.1367  MCC=0.0968
09:50:48  INFO      pipeline  CatBoost | OOF AUROC=0.7221  f1*=0.3364 @ t=0.19 | test AUROC=0.6780  F1=0.0113  MCC=0.0106
09:50:48  INFO      pipeline  Random Forest | OOF AUROC=0.7223  f1*=0.3328 @ t=0.37 | test AUROC=0.6792  F1=0.0992  MCC=0.0712
09:50:48  INFO      pipeline  Logistic Reg. | OOF AUROC=0.7140  f1*=0.3362 @ t=0.51 | test AUROC=0.7112  F1=0.0755  MCC=0.0645
09:50:49  INFO      pipeline  TabNet | OOF AUROC=0.6818  f1*=0.3027 @ t=0.15 | test AUROC=0.6538  F1=0.1678  MCC=0.1073
09:50:49  INFO      pipeline  LaTeX table → /Users/harekrishna/Downloads/credit-default-xai-benchmark 2/results/outputs/prosper_temporal/runs/cutoff_2010-07_seed_42/results/table2_test_metrics.tex
09:50:49  INFO      pipeline  
                AUROC   AUPRC      F1  Precision  Recall  Specificity  G-Mean     MCC   Brier
Model                                                                                        
XGBoost        0.6667  0.0976  0.0643     0.0976  0.0479       0.9726  0.2159  0.0288  0.0547
LightGBM       0.6652  0.1193  0.1367     0.1712  0.1138       0.9660  0.3315  0.0968  0.0537
CatBoost       0.6780  0.1060  0.0113     0.1000  0.0060       0.9967  0.0773  0.0106  0.0537
Random Forest  0.6792  0.1078  0.0992     0.1600  0.0719       0.9767  0.2649  0.0712  0.0760
Logistic Reg.  0.7112  0.1266  0.0755     0.1778  0.0479       0.9863  0.2174  0.0645  0.0916
TabNet         0.6538  0.1058  0.1678     0.1374  0.2156       0.9164  0.4445  0.1073  0.0546
09:50:49  INFO      visualization.plots  Fig 2 saved → /Users/harekrishna/Downloads/credit-default-xai-benchmark 2/results/outputs/prosper_temporal/runs/cutoff_2010-07_seed_42/figures/fig02_roc_curves.pdf
09:50:49  INFO      visualization.plots  Fig 3 saved → /Users/harekrishna/Downloads/credit-default-xai-benchmark 2/results/outputs/prosper_temporal/runs/cutoff_2010-07_seed_42/figures/fig03_pr_curves.pdf
09:50:49  INFO      visualization.plots  Fig 4 saved → /Users/harekrishna/Downloads/credit-default-xai-benchmark 2/results/outputs/prosper_temporal/runs/cutoff_2010-07_seed_42/figures/fig04_confusion_random_forest.pdf
10:04:04  INFO      pipeline  Skipping TabNet in Fig 10 ablation (pass --full-ablation to include).
10:04:04  INFO      visualization.plots  Fig 10 saved → /Users/harekrishna/Downloads/credit-default-xai-benchmark 2/results/outputs/prosper_temporal/runs/cutoff_2010-07_seed_42/figures/fig10_smote_ablation.pdf
10:04:04  INFO      pipeline  ============================================================
10:04:04  INFO      pipeline  STAGE 5: SHAP Explanations
10:04:04  INFO      pipeline  ============================================================
10:04:05  INFO      explainability.shap_explainer  SHAP TreeExplainer initialised | output_space=probability
10:11:42  INFO      explainability.shap_explainer  SHAP values computed | shape=(2000, 63)
10:11:42  INFO      explainability.shap_explainer  SHAP additivity check | MAE=0.00000 | PASS ✓
10:11:42  INFO      explainability.shap_explainer  Saved SHAP summary → /Users/harekrishna/Downloads/credit-default-xai-benchmark 2/results/outputs/prosper_temporal/runs/cutoff_2010-07_seed_42/figures/fig05a_shap_summary_Random_Forest.pdf
10:11:43  INFO      explainability.shap_explainer  Saved SHAP bar → /Users/harekrishna/Downloads/credit-default-xai-benchmark 2/results/outputs/prosper_temporal/runs/cutoff_2010-07_seed_42/figures/fig05b_shap_bar_Random_Forest.pdf
10:11:43  INFO      explainability.shap_explainer  Saved SHAP dependence → /Users/harekrishna/Downloads/credit-default-xai-benchmark 2/results/outputs/prosper_temporal/runs/cutoff_2010-07_seed_42/figures/fig06_shap_dep_TotalInquiries.pdf
10:11:43  INFO      pipeline  LaTeX table → /Users/harekrishna/Downloads/credit-default-xai-benchmark 2/results/outputs/prosper_temporal/runs/cutoff_2010-07_seed_42/results/table3_shap_ranking.tex
10:11:43  INFO      visualization.plots  Fig 8 saved → /Users/harekrishna/Downloads/credit-default-xai-benchmark 2/results/outputs/prosper_temporal/runs/cutoff_2010-07_seed_42/figures/fig08_importance_comparison.pdf
10:11:44  INFO      visualization.plots  Fig 9 saved → /Users/harekrishna/Downloads/credit-default-xai-benchmark 2/results/outputs/prosper_temporal/runs/cutoff_2010-07_seed_42/figures/fig09_threshold_sweep.pdf
10:11:44  INFO      pipeline  ============================================================
10:11:44  INFO      pipeline  STAGE 6: LIME Explanations
10:11:44  INFO      pipeline  ============================================================
10:11:44  INFO      explainability.lime_explainer  LIME tabular explainer initialised | features=63
10:11:44  INFO      pipeline  Local instances selected: {'TP': 87, 'FP': 530, 'FN': 211, 'TN': 403}
10:11:44  INFO      explainability.lime_explainer  Saved LIME explanation → /Users/harekrishna/Downloads/credit-default-xai-benchmark 2/results/outputs/prosper_temporal/runs/cutoff_2010-07_seed_42/figures/fig07_tp_lime.pdf
10:11:44  INFO      explainability.lime_explainer  Saved LIME explanation → /Users/harekrishna/Downloads/credit-default-xai-benchmark 2/results/outputs/prosper_temporal/runs/cutoff_2010-07_seed_42/figures/fig07_fp_lime.pdf
10:11:45  INFO      explainability.lime_explainer  Saved LIME explanation → /Users/harekrishna/Downloads/credit-default-xai-benchmark 2/results/outputs/prosper_temporal/runs/cutoff_2010-07_seed_42/figures/fig07_fn_lime.pdf
10:11:45  INFO      explainability.lime_explainer  Saved LIME explanation → /Users/harekrishna/Downloads/credit-default-xai-benchmark 2/results/outputs/prosper_temporal/runs/cutoff_2010-07_seed_42/figures/fig07_tn_lime.pdf
10:11:45  INFO      explainability.lime_explainer  Saved LIME multi-instance grid → /Users/harekrishna/Downloads/credit-default-xai-benchmark 2/results/outputs/prosper_temporal/runs/cutoff_2010-07_seed_42/figures/fig07_lime_multi_instance.pdf
10:11:54  INFO      explainability.lime_explainer  LIME batch complete | n=200
10:11:55  INFO      explainability.lime_explainer  SHAP–LIME agreement | mean ρ=0.475 ± 0.221
10:11:55  INFO      explainability.lime_explainer  LIME tabular explainer initialised | features=63
10:11:55  INFO      explainability.lime_explainer  LIME tabular explainer initialised | features=63
10:11:55  INFO      explainability.lime_explainer  LIME tabular explainer initialised | features=63
10:11:56  INFO      explainability.lime_explainer  LIME tabular explainer initialised | features=63
10:11:56  INFO      explainability.lime_explainer  LIME tabular explainer initialised | features=63
10:11:56  INFO      explainability.lime_explainer  LIME tabular explainer initialised | features=63
10:11:57  INFO      explainability.lime_explainer  LIME tabular explainer initialised | features=63
10:11:57  INFO      explainability.lime_explainer  LIME tabular explainer initialised | features=63
10:11:57  INFO      explainability.lime_explainer  LIME tabular explainer initialised | features=63
10:11:57  INFO      explainability.lime_explainer  LIME tabular explainer initialised | features=63
10:11:58  INFO      explainability.lime_explainer  LIME tabular explainer initialised | features=63
10:11:58  INFO      explainability.lime_explainer  LIME tabular explainer initialised | features=63
10:11:58  INFO      explainability.lime_explainer  LIME tabular explainer initialised | features=63
10:11:59  INFO      explainability.lime_explainer  LIME tabular explainer initialised | features=63
10:11:59  INFO      explainability.lime_explainer  LIME tabular explainer initialised | features=63
10:11:59  INFO      explainability.lime_explainer  LIME tabular explainer initialised | features=63
10:12:00  INFO      explainability.lime_explainer  LIME tabular explainer initialised | features=63
10:12:00  INFO      explainability.lime_explainer  LIME tabular explainer initialised | features=63
10:12:00  INFO      explainability.lime_explainer  LIME tabular explainer initialised | features=63
10:12:00  INFO      explainability.lime_explainer  LIME tabular explainer initialised | features=63
10:12:01  INFO      explainability.lime_explainer  LIME tabular explainer initialised | features=63
10:12:01  INFO      explainability.lime_explainer  LIME tabular explainer initialised | features=63
10:12:01  INFO      explainability.lime_explainer  LIME tabular explainer initialised | features=63
10:12:02  INFO      explainability.lime_explainer  LIME tabular explainer initialised | features=63
10:12:02  INFO      explainability.lime_explainer  LIME tabular explainer initialised | features=63
10:12:02  INFO      explainability.lime_explainer  LIME tabular explainer initialised | features=63
10:12:03  INFO      explainability.lime_explainer  LIME tabular explainer initialised | features=63
10:12:03  INFO      explainability.lime_explainer  LIME tabular explainer initialised | features=63
10:12:03  INFO      explainability.lime_explainer  LIME tabular explainer initialised | features=63
10:12:03  INFO      explainability.lime_explainer  LIME tabular explainer initialised | features=63
10:12:04  INFO      explainability.lime_explainer  LIME tabular explainer initialised | features=63
10:12:04  INFO      explainability.lime_explainer  LIME tabular explainer initialised | features=63
10:12:04  INFO      explainability.lime_explainer  LIME tabular explainer initialised | features=63
10:12:05  INFO      explainability.lime_explainer  LIME tabular explainer initialised | features=63
10:12:05  INFO      explainability.lime_explainer  LIME tabular explainer initialised | features=63
10:12:05  INFO      explainability.lime_explainer  LIME tabular explainer initialised | features=63
10:12:06  INFO      explainability.lime_explainer  LIME tabular explainer initialised | features=63
10:12:06  INFO      explainability.lime_explainer  LIME tabular explainer initialised | features=63
10:12:06  INFO      explainability.lime_explainer  LIME tabular explainer initialised | features=63
10:12:06  INFO      explainability.lime_explainer  LIME tabular explainer initialised | features=63
10:12:07  INFO      explainability.lime_explainer  LIME tabular explainer initialised | features=63
10:12:07  INFO      explainability.lime_explainer  LIME tabular explainer initialised | features=63
10:12:07  INFO      explainability.lime_explainer  LIME tabular explainer initialised | features=63
10:12:08  INFO      explainability.lime_explainer  LIME tabular explainer initialised | features=63
10:12:08  INFO      explainability.lime_explainer  LIME tabular explainer initialised | features=63
10:12:08  INFO      explainability.lime_explainer  LIME tabular explainer initialised | features=63
10:12:08  INFO      explainability.lime_explainer  LIME tabular explainer initialised | features=63
10:12:09  INFO      explainability.lime_explainer  LIME tabular explainer initialised | features=63
10:12:09  INFO      explainability.lime_explainer  LIME tabular explainer initialised | features=63
10:12:09  INFO      explainability.lime_explainer  LIME tabular explainer initialised | features=63
10:12:10  INFO      explainability.lime_explainer  LIME tabular explainer initialised | features=63
10:12:10  INFO      explainability.lime_explainer  LIME tabular explainer initialised | features=63
10:12:10  INFO      explainability.lime_explainer  LIME tabular explainer initialised | features=63
10:12:11  INFO      explainability.lime_explainer  LIME tabular explainer initialised | features=63
10:12:11  INFO      explainability.lime_explainer  LIME tabular explainer initialised | features=63
10:12:11  INFO      explainability.lime_explainer  LIME tabular explainer initialised | features=63
10:12:11  INFO      explainability.lime_explainer  LIME tabular explainer initialised | features=63
10:12:12  INFO      explainability.lime_explainer  LIME tabular explainer initialised | features=63
10:12:12  INFO      explainability.lime_explainer  LIME tabular explainer initialised | features=63
10:12:12  INFO      explainability.lime_explainer  LIME tabular explainer initialised | features=63
10:12:13  INFO      explainability.lime_explainer  LIME tabular explainer initialised | features=63
10:12:13  INFO      explainability.lime_explainer  LIME tabular explainer initialised | features=63
10:12:13  INFO      explainability.lime_explainer  LIME tabular explainer initialised | features=63
10:12:13  INFO      explainability.lime_explainer  LIME tabular explainer initialised | features=63
10:12:14  INFO      explainability.lime_explainer  LIME tabular explainer initialised | features=63
10:12:14  INFO      explainability.lime_explainer  LIME tabular explainer initialised | features=63
10:12:14  INFO      explainability.lime_explainer  LIME tabular explainer initialised | features=63
10:12:15  INFO      explainability.lime_explainer  LIME tabular explainer initialised | features=63
10:12:15  INFO      explainability.lime_explainer  LIME tabular explainer initialised | features=63
10:12:15  INFO      explainability.lime_explainer  LIME tabular explainer initialised | features=63
10:12:16  INFO      explainability.lime_explainer  LIME tabular explainer initialised | features=63
10:12:16  INFO      explainability.lime_explainer  LIME tabular explainer initialised | features=63
10:12:16  INFO      explainability.lime_explainer  LIME tabular explainer initialised | features=63
10:12:16  INFO      explainability.lime_explainer  LIME tabular explainer initialised | features=63
10:12:17  INFO      explainability.lime_explainer  LIME tabular explainer initialised | features=63
10:12:17  INFO      explainability.lime_explainer  LIME tabular explainer initialised | features=63
10:12:17  INFO      explainability.lime_explainer  LIME tabular explainer initialised | features=63
10:12:18  INFO      explainability.lime_explainer  LIME tabular explainer initialised | features=63
10:12:18  INFO      explainability.lime_explainer  LIME tabular explainer initialised | features=63
10:12:18  INFO      explainability.lime_explainer  LIME tabular explainer initialised | features=63
10:12:18  INFO      explainability.lime_explainer  LIME tabular explainer initialised | features=63
10:12:19  INFO      explainability.lime_explainer  LIME tabular explainer initialised | features=63
10:12:19  INFO      explainability.lime_explainer  LIME tabular explainer initialised | features=63
10:12:19  INFO      explainability.lime_explainer  LIME tabular explainer initialised | features=63
10:12:20  INFO      explainability.lime_explainer  LIME tabular explainer initialised | features=63
10:12:20  INFO      explainability.lime_explainer  LIME tabular explainer initialised | features=63
10:12:20  INFO      explainability.lime_explainer  LIME tabular explainer initialised | features=63
10:12:21  INFO      explainability.lime_explainer  LIME tabular explainer initialised | features=63
10:12:21  INFO      explainability.lime_explainer  LIME tabular explainer initialised | features=63
10:12:21  INFO      explainability.lime_explainer  LIME tabular explainer initialised | features=63
10:12:21  INFO      explainability.lime_explainer  LIME tabular explainer initialised | features=63
10:12:22  INFO      explainability.lime_explainer  LIME tabular explainer initialised | features=63
10:12:22  INFO      explainability.lime_explainer  LIME tabular explainer initialised | features=63
10:12:22  INFO      explainability.lime_explainer  LIME tabular explainer initialised | features=63
10:12:23  INFO      explainability.lime_explainer  LIME tabular explainer initialised | features=63
10:12:23  INFO      explainability.lime_explainer  LIME tabular explainer initialised | features=63
10:12:23  INFO      explainability.lime_explainer  LIME tabular explainer initialised | features=63
10:12:23  INFO      explainability.lime_explainer  LIME tabular explainer initialised | features=63
10:12:24  INFO      explainability.lime_explainer  LIME tabular explainer initialised | features=63
10:12:24  INFO      explainability.lime_explainer  LIME tabular explainer initialised | features=63
10:12:24  INFO      explainability.lime_explainer  LIME tabular explainer initialised | features=63
10:12:25  INFO      explainability.lime_explainer  LIME tabular explainer initialised | features=63
10:12:25  INFO      explainability.lime_explainer  LIME tabular explainer initialised | features=63
10:12:25  INFO      explainability.lime_explainer  LIME tabular explainer initialised | features=63
10:12:26  INFO      explainability.lime_explainer  LIME tabular explainer initialised | features=63
10:12:26  INFO      explainability.lime_explainer  LIME tabular explainer initialised | features=63
10:12:26  INFO      explainability.lime_explainer  LIME tabular explainer initialised | features=63
10:12:26  INFO      explainability.lime_explainer  LIME tabular explainer initialised | features=63
10:12:27  INFO      explainability.lime_explainer  LIME tabular explainer initialised | features=63
10:12:27  INFO      explainability.lime_explainer  LIME tabular explainer initialised | features=63
10:12:27  INFO      explainability.lime_explainer  LIME tabular explainer initialised | features=63
10:12:28  INFO      explainability.lime_explainer  LIME tabular explainer initialised | features=63
10:12:28  INFO      explainability.lime_explainer  LIME tabular explainer initialised | features=63
10:12:28  INFO      explainability.lime_explainer  LIME tabular explainer initialised | features=63
10:12:29  INFO      explainability.lime_explainer  LIME tabular explainer initialised | features=63
10:12:29  INFO      explainability.lime_explainer  LIME tabular explainer initialised | features=63
10:12:29  INFO      explainability.lime_explainer  LIME tabular explainer initialised | features=63
10:12:30  INFO      explainability.lime_explainer  LIME tabular explainer initialised | features=63
10:12:30  INFO      explainability.lime_explainer  LIME tabular explainer initialised | features=63
10:12:30  INFO      explainability.lime_explainer  LIME tabular explainer initialised | features=63
10:12:30  INFO      explainability.lime_explainer  LIME tabular explainer initialised | features=63
10:12:31  INFO      explainability.lime_explainer  LIME tabular explainer initialised | features=63
10:12:31  INFO      explainability.lime_explainer  LIME tabular explainer initialised | features=63
10:12:31  INFO      explainability.lime_explainer  LIME tabular explainer initialised | features=63
10:12:32  INFO      explainability.lime_explainer  LIME tabular explainer initialised | features=63
10:12:32  INFO      explainability.lime_explainer  LIME tabular explainer initialised | features=63
10:12:32  INFO      explainability.lime_explainer  LIME tabular explainer initialised | features=63
10:12:32  INFO      explainability.lime_explainer  LIME tabular explainer initialised | features=63
10:12:33  INFO      explainability.lime_explainer  LIME tabular explainer initialised | features=63
10:12:33  INFO      explainability.lime_explainer  LIME tabular explainer initialised | features=63
10:12:33  INFO      explainability.lime_explainer  LIME tabular explainer initialised | features=63
10:12:34  INFO      explainability.lime_explainer  LIME tabular explainer initialised | features=63
10:12:34  INFO      explainability.lime_explainer  LIME tabular explainer initialised | features=63
10:12:34  INFO      explainability.lime_explainer  LIME tabular explainer initialised | features=63
10:12:35  INFO      explainability.lime_explainer  LIME tabular explainer initialised | features=63
10:12:35  INFO      explainability.lime_explainer  LIME tabular explainer initialised | features=63
10:12:35  INFO      explainability.lime_explainer  LIME tabular explainer initialised | features=63
10:12:35  INFO      explainability.lime_explainer  LIME tabular explainer initialised | features=63
10:12:36  INFO      explainability.lime_explainer  LIME tabular explainer initialised | features=63
10:12:36  INFO      explainability.lime_explainer  LIME tabular explainer initialised | features=63
10:12:36  INFO      explainability.lime_explainer  LIME tabular explainer initialised | features=63
10:12:37  INFO      explainability.lime_explainer  LIME tabular explainer initialised | features=63
10:12:37  INFO      explainability.lime_explainer  LIME tabular explainer initialised | features=63
10:12:37  INFO      explainability.lime_explainer  LIME tabular explainer initialised | features=63
10:12:37  INFO      explainability.lime_explainer  LIME tabular explainer initialised | features=63
10:12:38  INFO      explainability.lime_explainer  LIME tabular explainer initialised | features=63
10:12:38  INFO      explainability.lime_explainer  LIME tabular explainer initialised | features=63
10:12:38  INFO      explainability.lime_explainer  LIME tabular explainer initialised | features=63
10:12:39  INFO      explainability.lime_explainer  LIME tabular explainer initialised | features=63
10:12:39  INFO      explainability.lime_explainer  LIME tabular explainer initialised | features=63
10:12:39  INFO      explainability.lime_explainer  LIME tabular explainer initialised | features=63
10:12:40  INFO      explainability.lime_explainer  LIME tabular explainer initialised | features=63
10:12:40  INFO      explainability.lime_explainer  LIME tabular explainer initialised | features=63
10:12:40  INFO      explainability.lime_explainer  LIME tabular explainer initialised | features=63
10:12:41  INFO      explainability.lime_explainer  LIME tabular explainer initialised | features=63
10:12:41  INFO      explainability.lime_explainer  LIME tabular explainer initialised | features=63
10:12:41  INFO      explainability.lime_explainer  LIME tabular explainer initialised | features=63
10:12:41  INFO      explainability.lime_explainer  LIME tabular explainer initialised | features=63
10:12:42  INFO      explainability.lime_explainer  LIME tabular explainer initialised | features=63
10:12:42  INFO      explainability.lime_explainer  LIME tabular explainer initialised | features=63
10:12:42  INFO      explainability.lime_explainer  LIME tabular explainer initialised | features=63
10:12:43  INFO      explainability.lime_explainer  LIME tabular explainer initialised | features=63
10:12:43  INFO      explainability.lime_explainer  LIME tabular explainer initialised | features=63
10:12:43  INFO      explainability.lime_explainer  LIME tabular explainer initialised | features=63
10:12:44  INFO      explainability.lime_explainer  LIME tabular explainer initialised | features=63
10:12:44  INFO      explainability.lime_explainer  LIME tabular explainer initialised | features=63
10:12:44  INFO      explainability.lime_explainer  LIME tabular explainer initialised | features=63
10:12:44  INFO      explainability.lime_explainer  LIME tabular explainer initialised | features=63
10:12:45  INFO      explainability.lime_explainer  LIME tabular explainer initialised | features=63
10:12:45  INFO      explainability.lime_explainer  LIME tabular explainer initialised | features=63
10:12:45  INFO      explainability.lime_explainer  LIME tabular explainer initialised | features=63
10:12:46  INFO      explainability.lime_explainer  LIME tabular explainer initialised | features=63
10:12:46  INFO      explainability.lime_explainer  LIME tabular explainer initialised | features=63
10:12:46  INFO      explainability.lime_explainer  LIME tabular explainer initialised | features=63
10:12:46  INFO      explainability.lime_explainer  LIME tabular explainer initialised | features=63
10:12:47  INFO      explainability.lime_explainer  LIME tabular explainer initialised | features=63
10:12:47  INFO      explainability.lime_explainer  LIME tabular explainer initialised | features=63
10:12:47  INFO      explainability.lime_explainer  LIME tabular explainer initialised | features=63
10:12:48  INFO      explainability.lime_explainer  LIME tabular explainer initialised | features=63
10:12:48  INFO      explainability.lime_explainer  LIME tabular explainer initialised | features=63
10:12:48  INFO      explainability.lime_explainer  LIME tabular explainer initialised | features=63
10:12:49  INFO      explainability.lime_explainer  LIME tabular explainer initialised | features=63
10:12:49  INFO      explainability.lime_explainer  LIME tabular explainer initialised | features=63
10:12:49  INFO      explainability.lime_explainer  LIME tabular explainer initialised | features=63
10:12:49  INFO      explainability.lime_explainer  LIME tabular explainer initialised | features=63
10:12:50  INFO      explainability.lime_explainer  LIME tabular explainer initialised | features=63
10:12:50  INFO      explainability.lime_explainer  LIME tabular explainer initialised | features=63
10:12:50  INFO      explainability.lime_explainer  LIME tabular explainer initialised | features=63
10:12:51  INFO      explainability.lime_explainer  LIME tabular explainer initialised | features=63
10:12:51  INFO      explainability.lime_explainer  LIME tabular explainer initialised | features=63
10:12:51  INFO      explainability.lime_explainer  LIME tabular explainer initialised | features=63
10:12:52  INFO      explainability.lime_explainer  LIME tabular explainer initialised | features=63
10:12:52  INFO      explainability.lime_explainer  LIME tabular explainer initialised | features=63
10:12:52  INFO      explainability.lime_explainer  LIME tabular explainer initialised | features=63
10:12:52  INFO      explainability.lime_explainer  LIME tabular explainer initialised | features=63
10:12:53  INFO      explainability.lime_explainer  LIME tabular explainer initialised | features=63
10:12:53  INFO      explainability.lime_explainer  LIME tabular explainer initialised | features=63
10:12:53  INFO      explainability.lime_explainer  LIME tabular explainer initialised | features=63
10:12:54  INFO      explainability.lime_explainer  LIME tabular explainer initialised | features=63
10:12:54  INFO      explainability.lime_explainer  LIME tabular explainer initialised | features=63
10:12:54  INFO      explainability.lime_explainer  LIME tabular explainer initialised | features=63
10:12:54  INFO      explainability.lime_explainer  LIME tabular explainer initialised | features=63
10:12:55  INFO      explainability.lime_explainer  LIME tabular explainer initialised | features=63
10:12:55  INFO      explainability.lime_explainer  LIME tabular explainer initialised | features=63
10:12:55  INFO      explainability.lime_explainer  LIME tabular explainer initialised | features=63
10:12:56  INFO      explainability.lime_explainer  LIME tabular explainer initialised | features=63
10:12:56  INFO      explainability.lime_explainer  LIME tabular explainer initialised | features=63
10:12:56  INFO      explainability.lime_explainer  LIME tabular explainer initialised | features=63
10:12:57  INFO      explainability.lime_explainer  LIME tabular explainer initialised | features=63
10:12:57  INFO      explainability.lime_explainer  LIME tabular explainer initialised | features=63
10:12:57  INFO      explainability.lime_explainer  LIME tabular explainer initialised | features=63
10:12:57  INFO      explainability.lime_explainer  LIME tabular explainer initialised | features=63
10:12:58  INFO      explainability.lime_explainer  LIME tabular explainer initialised | features=63
10:12:58  INFO      explainability.lime_explainer  LIME tabular explainer initialised | features=63
10:12:58  INFO      explainability.lime_explainer  LIME tabular explainer initialised | features=63
10:12:59  INFO      explainability.lime_explainer  LIME tabular explainer initialised | features=63
10:12:59  INFO      explainability.lime_explainer  LIME tabular explainer initialised | features=63
10:12:59  INFO      explainability.lime_explainer  LIME tabular explainer initialised | features=63
10:12:59  INFO      explainability.lime_explainer  LIME tabular explainer initialised | features=63
10:13:00  INFO      explainability.lime_explainer  LIME tabular explainer initialised | features=63
10:13:00  INFO      explainability.lime_explainer  LIME tabular explainer initialised | features=63
10:13:00  INFO      explainability.lime_explainer  LIME tabular explainer initialised | features=63
10:13:01  INFO      explainability.lime_explainer  LIME tabular explainer initialised | features=63
10:13:01  INFO      explainability.lime_explainer  LIME tabular explainer initialised | features=63
10:13:01  INFO      explainability.lime_explainer  LIME tabular explainer initialised | features=63
10:13:02  INFO      explainability.lime_explainer  LIME tabular explainer initialised | features=63
10:13:02  INFO      explainability.lime_explainer  LIME tabular explainer initialised | features=63
10:13:02  INFO      explainability.lime_explainer  LIME tabular explainer initialised | features=63
10:13:02  INFO      explainability.lime_explainer  LIME tabular explainer initialised | features=63
10:13:03  INFO      explainability.lime_explainer  LIME tabular explainer initialised | features=63
10:13:03  INFO      explainability.lime_explainer  LIME tabular explainer initialised | features=63
10:13:03  INFO      explainability.lime_explainer  LIME tabular explainer initialised | features=63
10:13:04  INFO      explainability.lime_explainer  LIME tabular explainer initialised | features=63
10:13:04  INFO      explainability.lime_explainer  LIME tabular explainer initialised | features=63
10:13:04  INFO      explainability.lime_explainer  LIME tabular explainer initialised | features=63
10:13:05  INFO      explainability.lime_explainer  LIME tabular explainer initialised | features=63
10:13:05  INFO      explainability.lime_explainer  LIME tabular explainer initialised | features=63
10:13:05  INFO      explainability.lime_explainer  LIME tabular explainer initialised | features=63
10:13:05  INFO      explainability.lime_explainer  LIME tabular explainer initialised | features=63
10:13:06  INFO      explainability.lime_explainer  LIME tabular explainer initialised | features=63
10:13:06  INFO      explainability.lime_explainer  LIME tabular explainer initialised | features=63
10:13:06  INFO      explainability.lime_explainer  LIME tabular explainer initialised | features=63
10:13:07  INFO      explainability.lime_explainer  LIME tabular explainer initialised | features=63
10:13:07  INFO      explainability.lime_explainer  LIME tabular explainer initialised | features=63
10:13:07  INFO      explainability.lime_explainer  LIME tabular explainer initialised | features=63
10:13:07  INFO      explainability.lime_explainer  LIME tabular explainer initialised | features=63
10:13:08  INFO      explainability.lime_explainer  LIME tabular explainer initialised | features=63
10:13:08  INFO      explainability.lime_explainer  LIME tabular explainer initialised | features=63
10:13:08  INFO      explainability.lime_explainer  LIME tabular explainer initialised | features=63
10:13:09  INFO      explainability.lime_explainer  LIME tabular explainer initialised | features=63
10:13:09  INFO      explainability.lime_explainer  LIME tabular explainer initialised | features=63
10:13:09  INFO      explainability.lime_explainer  LIME tabular explainer initialised | features=63
10:13:10  INFO      explainability.lime_explainer  LIME tabular explainer initialised | features=63
10:13:10  INFO      explainability.lime_explainer  LIME tabular explainer initialised | features=63
10:13:10  INFO      explainability.lime_explainer  LIME tabular explainer initialised | features=63
10:13:10  INFO      explainability.lime_explainer  LIME tabular explainer initialised | features=63
10:13:11  INFO      explainability.lime_explainer  LIME tabular explainer initialised | features=63
10:13:11  INFO      explainability.lime_explainer  LIME tabular explainer initialised | features=63
10:13:11  INFO      explainability.lime_explainer  LIME tabular explainer initialised | features=63
10:13:12  INFO      explainability.lime_explainer  LIME tabular explainer initialised | features=63
10:13:12  INFO      explainability.lime_explainer  LIME tabular explainer initialised | features=63
10:13:12  INFO      explainability.lime_explainer  LIME tabular explainer initialised | features=63
10:13:12  INFO      explainability.lime_explainer  LIME tabular explainer initialised | features=63
10:13:13  INFO      explainability.lime_explainer  LIME tabular explainer initialised | features=63
10:13:13  INFO      explainability.lime_explainer  LIME tabular explainer initialised | features=63
10:13:13  INFO      explainability.lime_explainer  LIME tabular explainer initialised | features=63
10:13:14  INFO      explainability.lime_explainer  LIME tabular explainer initialised | features=63
10:13:14  INFO      explainability.lime_explainer  LIME tabular explainer initialised | features=63
10:13:14  INFO      explainability.lime_explainer  LIME tabular explainer initialised | features=63
10:13:15  INFO      explainability.lime_explainer  LIME tabular explainer initialised | features=63
10:13:15  INFO      explainability.lime_explainer  LIME tabular explainer initialised | features=63
10:13:15  INFO      explainability.lime_explainer  LIME tabular explainer initialised | features=63
10:13:15  INFO      explainability.lime_explainer  LIME tabular explainer initialised | features=63
10:13:16  INFO      explainability.lime_explainer  LIME tabular explainer initialised | features=63
10:13:16  INFO      explainability.lime_explainer  LIME tabular explainer initialised | features=63
10:13:16  INFO      explainability.lime_explainer  LIME tabular explainer initialised | features=63
10:13:17  INFO      explainability.lime_explainer  LIME tabular explainer initialised | features=63
10:13:17  INFO      explainability.lime_explainer  LIME tabular explainer initialised | features=63
10:13:17  INFO      explainability.lime_explainer  LIME tabular explainer initialised | features=63
10:13:17  INFO      explainability.lime_explainer  LIME tabular explainer initialised | features=63
10:13:18  INFO      explainability.lime_explainer  LIME tabular explainer initialised | features=63
10:13:18  INFO      explainability.lime_explainer  LIME tabular explainer initialised | features=63
10:13:18  INFO      explainability.lime_explainer  LIME tabular explainer initialised | features=63
10:13:19  INFO      explainability.lime_explainer  LIME tabular explainer initialised | features=63
10:13:19  INFO      explainability.lime_explainer  LIME tabular explainer initialised | features=63
10:13:19  INFO      explainability.lime_explainer  LIME tabular explainer initialised | features=63
10:13:20  INFO      explainability.lime_explainer  LIME tabular explainer initialised | features=63
10:13:20  INFO      explainability.lime_explainer  LIME tabular explainer initialised | features=63
10:13:20  INFO      explainability.lime_explainer  LIME tabular explainer initialised | features=63
10:13:20  INFO      explainability.lime_explainer  LIME tabular explainer initialised | features=63
10:13:21  INFO      explainability.lime_explainer  LIME tabular explainer initialised | features=63
10:13:21  INFO      explainability.lime_explainer  LIME tabular explainer initialised | features=63
10:13:21  INFO      explainability.lime_explainer  LIME tabular explainer initialised | features=63
10:13:22  INFO      explainability.lime_explainer  LIME tabular explainer initialised | features=63
10:13:22  INFO      explainability.lime_explainer  LIME tabular explainer initialised | features=63
10:13:22  INFO      explainability.lime_explainer  LIME tabular explainer initialised | features=63
10:13:22  INFO      explainability.lime_explainer  LIME tabular explainer initialised | features=63
10:13:23  INFO      explainability.lime_explainer  LIME tabular explainer initialised | features=63
10:13:23  INFO      explainability.lime_explainer  LIME tabular explainer initialised | features=63
10:13:23  INFO      explainability.lime_explainer  LIME tabular explainer initialised | features=63
10:13:24  INFO      pipeline  LaTeX table → /Users/harekrishna/Downloads/credit-default-xai-benchmark 2/results/outputs/prosper_temporal/runs/cutoff_2010-07_seed_42/results/table5_explanation_quality.tex
10:13:24  INFO      pipeline  LaTeX table → /Users/harekrishna/Downloads/credit-default-xai-benchmark 2/results/outputs/prosper_temporal/runs/cutoff_2010-07_seed_42/results/table4_shap_lime_agreement.tex
10:13:24  INFO      pipeline  ============================================================
10:13:24  INFO      pipeline  STAGE 7: Revision Analyses
10:13:24  INFO      pipeline  ============================================================
10:15:39  INFO      pipeline  RUN cutoff_2010-07_seed_42 COMPLETE | champion Random Forest | OOF AUROC 0.7223 | test AUROC 0.6792
10:15:39  INFO      pipeline  ╔══════════════════════════════════════════════╗
10:15:39  INFO      pipeline  ║  Credit Default Prediction with XAI (v3)     ║
10:15:39  INFO      pipeline  ║  Dataset: prosper                            ║
10:15:39  INFO      pipeline  ║  Run: cutoff_2010-07_seed_99                 ║
10:15:39  INFO      pipeline  ╚══════════════════════════════════════════════╝
10:15:39  INFO      pipeline  ============================================================
10:15:39  INFO      pipeline  STAGE 1: Data Loading, Labelling & Partitioning
10:15:39  INFO      pipeline  ============================================================
10:15:39  INFO      data.data_loader  Loading Prosper loans from /Users/harekrishna/Downloads/credit-default-xai-benchmark 2/data/prosperLoanData.csv
10:15:41  INFO      data.data_loader  Prosper: 113937 rows, 113066 after LoanKey de-duplication
10:15:41  INFO      data.data_loader  Prosper horizon label (H=12 months, snapshot 2014-03-12): 72067 labelled, 40999 censored, default rate 9.70%
10:15:41  INFO      data.data_loader  Skipping UCI-specific engineered features; required columns not present.
10:15:41  INFO      data.data_loader  Skipping UCI-specific engineered features; required columns not present.
10:15:41  INFO      data.data_loader  Dataset loaded | prosper | train=28948  test=2870 | default rate train=13.84% test=5.82% | 8 nominal, 33 continuous
10:15:41  INFO      pipeline  Imbalance stats (train): {"n_total": 28948, "n_majority": 24941, "n_minority": 4007, "imbalance_ratio": 6.2244, "minority_pct": 13.84}
10:15:41  INFO      visualization.plots  Fig 1 saved → /Users/harekrishna/Downloads/credit-default-xai-benchmark 2/results/outputs/prosper_temporal/runs/cutoff_2010-07_seed_99/figures/fig01_class_distribution.pdf
10:15:41  INFO      pipeline  ============================================================
10:15:41  INFO      pipeline  STAGE 2: Imbalance Strategy Ablation (selected on OOF AUROC)
10:15:41  INFO      pipeline  ============================================================
10:15:59  INFO      pipeline  Ablation | SMOTE            | OOF AUROC=0.7049  test AUROC=0.6803
10:16:17  INFO      pipeline  Ablation | BorderlineSMOTE  | OOF AUROC=0.7075  test AUROC=0.6777
10:17:26  INFO      pipeline  Ablation | SVMSMOTE         | OOF AUROC=0.7104  test AUROC=0.6855
10:17:43  INFO      pipeline  Ablation | ADASYN           | OOF AUROC=0.7027  test AUROC=0.6718
10:17:47  INFO      pipeline  Ablation | None             | OOF AUROC=0.7178  test AUROC=0.6811
10:17:49  INFO      pipeline  Ablation | ClassWeight      | OOF AUROC=0.6896  test AUROC=0.6134
10:17:49  INFO      pipeline  Best imbalance strategy (OOF AUROC): None → 0.7178 [probe: LightGBM]
10:17:49  INFO      pipeline  ============================================================
10:17:49  INFO      pipeline  STAGE 3: Model Training (nested tuning, OOF predictions, refit)
10:17:49  INFO      pipeline  ============================================================
10:17:49  INFO      pipeline  Training XGBoost …
10:18:47  INFO      pipeline  XGBoost | per-model strategy=None | OOF AUROC by strategy={'SMOTE': 0.709, 'BorderlineSMOTE': 0.709, 'SVMSMOTE': 0.7124, 'ADASYN': 0.7098, 'None': 0.7185, 'ClassWeight': 0.713}
10:18:47  INFO      pipeline  RandomizedSearchCV | model=XGBoost strategy=None n_iter=12
10:19:08  INFO      pipeline  Training LightGBM …
10:20:18  INFO      pipeline  LightGBM | per-model strategy=None | OOF AUROC by strategy={'SMOTE': 0.7049, 'BorderlineSMOTE': 0.7075, 'SVMSMOTE': 0.7104, 'ADASYN': 0.7027, 'None': 0.7178, 'ClassWeight': 0.6896}
10:20:18  INFO      pipeline  RandomizedSearchCV | model=LightGBM strategy=None n_iter=12
10:20:55  INFO      pipeline  Training CatBoost …
10:22:17  INFO      pipeline  CatBoost | per-model strategy=ClassWeight | OOF AUROC by strategy={'SMOTE': 0.7088, 'BorderlineSMOTE': 0.7108, 'SVMSMOTE': 0.7138, 'ADASYN': 0.7098, 'None': 0.7176, 'ClassWeight': 0.718}
10:22:17  INFO      pipeline  RandomizedSearchCV | model=CatBoost strategy=ClassWeight n_iter=12
10:22:55  INFO      pipeline  Training Random Forest …
10:24:13  INFO      pipeline  Random Forest | per-model strategy=ClassWeight | OOF AUROC by strategy={'SMOTE': 0.7114, 'BorderlineSMOTE': 0.7135, 'SVMSMOTE': 0.7147, 'ADASYN': 0.7091, 'None': 0.7147, 'ClassWeight': 0.7183}
10:24:13  INFO      pipeline  RandomizedSearchCV | model=Random Forest strategy=ClassWeight n_iter=12
10:26:00  INFO      pipeline  Training Logistic Reg. …
10:26:45  INFO      pipeline  Logistic Reg. | per-model strategy=ClassWeight | OOF AUROC by strategy={'SMOTE': 0.6613, 'BorderlineSMOTE': 0.6664, 'SVMSMOTE': 0.6734, 'ADASYN': 0.6564, 'None': 0.6769, 'ClassWeight': 0.7005}
10:26:45  INFO      pipeline  RandomizedSearchCV | model=Logistic Reg. strategy=ClassWeight n_iter=12
10:26:54  INFO      pipeline  Training TabNet …
10:26:54  INFO      models.tabnet_model  Apple MPS backend passed smoke test — using GPU acceleration.
10:26:54  INFO      models.tabnet_model  TabNet starting | device=mps  max_epochs=200  patience=15  batch_size=1024  n_train=7237
10:27:21  INFO      models.tabnet_model  TabNet trained | device=mps  best_epoch=23  elapsed=26.9s
10:27:22  INFO      models.tabnet_model  Apple MPS backend passed smoke test — using GPU acceleration.
10:27:22  INFO      models.tabnet_model  TabNet starting | device=mps  max_epochs=200  patience=15  batch_size=1024  n_train=14474

epoch 5  | loss: 0.37397 | val_auc: 0.7414  |  0:00:11s
epoch 6  | loss: 0.36579 | val_auc: 0.75765 |  0:00:13s
epoch 7  | loss: 0.36525 | val_auc: 0.75804 |  0:00:15s
epoch 8  | loss: 0.36007 | val_auc: 0.76197 |  0:00:16s
epoch 9  | loss: 0.35528 | val_auc: 0.77038 |  0:00:18s
epoch 10 | loss: 0.35308 | val_auc: 0.76521 |  0:00:20s
epoch 11 | loss: 0.34968 | val_auc: 0.76872 |  0:00:22s
epoch 12 | loss: 0.35003 | val_auc: 0.76988 |  0:00:23s
epoch 13 | loss: 0.35073 | val_auc: 0.76524 |  0:00:25s
epoch 14 | loss: 0.35005 | val_auc: 0.76615 |  0:00:27s
epoch 15 | loss: 0.35106 | val_auc: 0.76994 |  0:00:29s
epoch 16 | loss: 0.35273 | val_auc: 0.76855 |  0:00:31s
epoch 17 | loss: 0.34743 | val_auc: 0.77591 |  0:00:32s
epoch 18 | loss: 0.34614 | val_auc: 0.7744  |  0:00:34s
epoch 19 | loss: 0.34551 | val_auc: 0.77133 |  0:00:36s
epoch 20 | loss: 0.34139 | val_auc: 0.77768 |  0:00:38s
epoch 21 | loss: 0.34066 | val_auc: 0.7764  |  0:00:39s
epoch 22 | loss: 0.34056 | val_auc: 0.7685  |  0:00:41s
epoch 23 | loss: 0.34103 | val_auc: 0.77271 |  0:00:43s
epoch 24 | loss: 0.33805 | val_auc: 0.78051 |  0:00:45s
epoch 25 | loss: 0.33542 | val_auc: 0.78008 |  0:00:46s
epoch 26 | loss: 0.3333  | val_auc: 0.77551 |  0:00:48s
epoch 27 | loss: 0.33241 | val_auc: 0.78014 |  0:00:50s
epoch 28 | loss: 0.32995 | val_auc: 0.77873 |  0:00:52s
epoch 29 | loss: 0.32855 | val_auc: 0.77894 |  0:00:54s
epoch 30 | loss: 0.32754 | val_auc: 0.77401 |  0:00:56s
epoch 31 | loss: 0.32493 | val_auc: 0.77937 |  0:00:57s
epoch 32 | loss: 0.3227  | val_auc: 0.76984 |  0:00:59s
epoch 33 | loss: 0.32035 | val_auc: 0.77502 |  0:01:01s
epoch 34 | loss: 0.31876 | val_auc: 0.76776 |  0:01:03s
epoch 35 | loss: 0.31777 | val_auc: 0.76395 |  0:01:04s
epoch 36 | loss: 0.31749 | val_auc: 0.77634 |  0:01:06s
epoch 37 | loss: 0.31676 | val_auc: 0.77349 |  0:01:08s
epoch 38 | loss: 0.31173 | val_auc: 0.77101 |  0:01:10s
epoch 39 | loss: 0.30714 | val_auc: 0.75609 |  0:01:12s

Early stopping occurred at epoch 39 with best_epoch = 24 and best_val_auc = 0.78051
epoch 0  | loss: 0.53518 | val_auc: 0.63053 |  0:00:03s
epoch 1  | loss: 0.39596 | val_auc: 0.67364 |  0:00:05s
epoch 2  | loss: 0.37934 | val_auc: 0.67901 |  0:00:08s
epoch 3  | loss: 0.36753 | val_auc: 0.69589 |  0:00:10s
epoch 4  | loss: 0.36464 | val_auc: 0.68801 |  0:00:12s
epoch 5  | loss: 0.36398 | val_auc: 0.67856 |  0:00:15s
epoch 6  | loss: 0.3618  | val_auc: 0.70304 |  0:00:17s
epoch 7  | loss: 0.3572  | val_auc: 0.70864 |  0:00:20s
epoch 8  | loss: 0.35534 | val_auc: 0.71607 |  0:00:22s
epoch 9  | loss: 0.35382 | val_auc: 0.71444 |  0:00:24s
epoch 10 | loss: 0.35278 | val_auc: 0.70292 |  0:00:27s
epoch 11 | loss: 0.35577 | val_auc: 0.71484 |  0:00:29s
epoch 12 | loss: 0.35242 | val_auc: 0.71733 |  0:00:32s
epoch 13 | loss: 0.35038 | val_auc: 0.71373 |  0:00:34s
epoch 14 | loss: 0.35069 | val_auc: 0.7153  |  0:00:36s
epoch 15 | loss: 0.35204 | val_auc: 0.71241 |  0:00:39s
epoch 16 | loss: 0.35087 | val_auc: 0.72118 |  0:00:41s
epoch 17 | loss: 0.34835 | val_auc: 0.72163 |  0:00:43s
epoch 18 | loss: 0.34853 | val_auc: 0.70301 |  0:00:45s
epoch 19 | loss: 0.34814 | val_auc: 0.72473 |  0:00:48s
epoch 20 | loss: 0.34665 | val_auc: 0.73537 |  0:00:50s
epoch 21 | loss: 0.34693 | val_auc: 0.71256 |  0:00:53s
epoch 22 | loss: 0.34582 | val_auc: 0.72515 |  0:00:55s
epoch 23 | loss: 0.34567 | val_auc: 0.72925 |  0:00:57s
epoch 24 | loss: 0.34152 | val_auc: 0.73965 |  0:01:00s
epoch 25 | loss: 0.33845 | val_auc: 0.73751 |  0:01:02s
epoch 26 | loss: 0.33569 | val_auc: 0.74127 |  0:01:04s
epoch 27 | loss: 0.3326  | val_auc: 0.74796 |  0:01:07s
epoch 28 | loss: 0.33294 | val_auc: 0.74828 |  0:01:09s
epoch 29 | loss: 0.3289  | val_auc: 0.74486 |  0:01:12s
epoch 30 | loss: 0.32867 | val_auc: 0.74453 |  0:01:14s
epoch 31 | loss: 0.32506 | val_auc: 0.74737 |  0:01:16s
epoch 32 | loss: 0.32333 | val_auc: 0.73906 |  0:01:19s
epoch 33 | loss: 0.32356 | val_auc: 0.74644 |  0:01:21s
epoch 34 | loss: 0.31998 | val_auc: 0.74592 |  0:01:23s
epoch 35 | loss: 0.31668 | val_auc: 0.73738 |  0:01:26s
epoch 36 | loss: 0.31434 | val_auc: 0.73786 |  0:01:28s
epoch 37 | loss: 0.30975 | val_auc: 0.72896 |  0:01:31s
epoch 38 | loss: 0.30914 | val_auc: 0.73104 |  0:01:33s
epoch 39 | loss: 0.30491 | val_auc: 0.73474 |  0:01:35s
epoch 40 | loss: 0.30044 | val_auc: 0.72721 |  0:01:38s
epoch 41 | loss: 0.30188 | val_auc: 0.72285 |  0:01:40s
epoch 42 | loss: 0.29762 | val_auc: 0.73173 |  0:01:42s
epoch 43 | loss: 0.29558 | val_auc: 0.72039 |  0:01:45s

Early stopping occurred at epoch 43 with best_epoch = 28 and best_val_auc = 0.74828
Successfully saved model at /Users/harekrishna/Downloads/credit-default-xai-benchmark 2/results/outputs/prosper_temporal/runs/cutoff_2010-07_seed_42/models/tabnet.pkl.zip
epoch 0  | loss: 0.7262  | val_auc: 0.57215 |  0:00:01s
epoch 1  | loss: 0.55319 | val_auc: 0.64175 |  0:00:01s
epoch 2  | loss: 0.47422 | val_auc: 0.70292 |  0:00:02s
epoch 3  | loss: 0.45708 | val_auc: 0.73641 |  0:00:03s
epoch 4  | loss: 0.4216  | val_auc: 0.74303 |  0:00:04s
epoch 5  | loss: 0.40204 | val_auc: 0.75581 |  0:00:04s
epoch 6  | loss: 0.38988 | val_auc: 0.74706 |  0:00:05s
epoch 7  | loss: 0.38112 | val_auc: 0.76144 |  0:00:05s
epoch 8  | loss: 0.37013 | val_auc: 0.7873  |  0:00:06s
epoch 9  | loss: 0.35996 | val_auc: 0.78186 |  0:00:07s
epoch 10 | loss: 0.35967 | val_auc: 0.7943  |  0:00:07s
epoch 11 | loss: 0.36315 | val_auc: 0.79977 |  0:00:08s
epoch 12 | loss: 0.35965 | val_auc: 0.79844 |  0:00:09s
epoch 13 | loss: 0.35313 | val_auc: 0.79419 |  0:00:10s
epoch 14 | loss: 0.34887 | val_auc: 0.79704 |  0:00:10s
epoch 15 | loss: 0.34261 | val_auc: 0.80115 |  0:00:11s
epoch 16 | loss: 0.34457 | val_auc: 0.8004  |  0:00:12s
epoch 17 | loss: 0.34498 | val_auc: 0.7978  |  0:00:12s
epoch 18 | loss: 0.33821 | val_auc: 0.80323 |  0:00:13s
epoch 19 | loss: 0.33483 | val_auc: 0.80235 |  0:00:14s
epoch 20 | loss: 0.33202 | val_auc: 0.80246 |  0:00:14s
epoch 21 | loss: 0.33315 | val_auc: 0.79614 |  0:00:15s
epoch 22 | loss: 0.32682 | val_auc: 0.79183 |  0:00:15s
epoch 23 | loss: 0.32913 | val_auc: 0.80769 |  0:00:16s
epoch 24 | loss: 0.32716 | val_auc: 0.80012 |  0:00:17s
epoch 25 | loss: 0.33115 | val_auc: 0.79929 |  0:00:17s
epoch 26 | loss: 0.33256 | val_auc: 0.79406 |  0:00:18s
epoch 27 | loss: 0.32365 | val_auc: 0.79495 |  0:00:18s
epoch 28 | loss: 0.32287 | val_auc: 0.79168 |  0:00:19s
epoch 29 | loss: 0.32274 | val_auc: 0.79081 |  0:00:20s
epoch 30 | loss: 0.31952 | val_auc: 0.78758 |  0:00:20s
epoch 31 | loss: 0.31499 | val_auc: 0.79042 |  0:00:21s
epoch 32 | loss: 0.31671 | val_auc: 0.79399 |  0:00:22s
epoch 33 | loss: 0.31256 | val_auc: 0.79452 |  0:00:22s
epoch 34 | loss: 0.31388 | val_auc: 0.79236 |  0:00:23s
epoch 35 | loss: 0.31506 | val_auc: 0.79916 |  0:00:24s
epoch 36 | loss: 0.31436 | val_auc: 0.79788 |  0:00:24s
epoch 37 | loss: 0.30595 | val_auc: 0.78691 |  0:00:25s
epoch 38 | loss: 0.30606 | val_auc: 0.79249 |  0:00:26s

Early stopping occurred at epoch 38 with best_epoch = 23 and best_val_auc = 0.80769
epoch 0  | loss: 0.67722 | val_auc: 0.65695 |  0:00:01s
epoch 1  | loss: 0.48651 | val_auc: 0.67232 |  0:00:02s
epoch 2  | loss: 0.42728 | val_auc: 0.73884 |  0:00:04s
epoch 3  | loss: 0.40204 | val_auc: 0.74806 |  0:00:05s
epoch 4  | loss: 0.39586 | val_auc: 0.75542 |  0:00:07s
epoch 5  | loss: 0.39352 | val_auc: 0.7574  |  0:00:08s
epoch 6  | loss: 0.38906 | val_auc: 0.7687  |  0:00:10s
epoch 7  | loss: 0.38654 | val_auc: 0.77316 |  0:00:11s
epoch 8  | loss: 0.37558 | val_auc: 0.77265 |  0:00:12s
epoch 9  | loss: 0.37527 | val_auc: 0.76137 |  0:00:13s
epoch 10 | loss: 0.37807 | val_auc: 0.76258 |  0:00:14s
epoch 11 | loss: 0.37866 | val_auc: 0.77376 |  0:00:15s
epoch 12 | loss: 0.3765  | val_auc: 0.76917 |  0:00:17s
epoch 13 | loss: 0.37    | val_auc: 0.76776 |  0:00:18s
epoch 14 | loss: 0.36849 | val_auc: 0.78258 |  0:00:19s
epoch 15 | loss: 0.36446 | val_auc: 0.77888 |  0:00:20s
epoch 16 | loss: 0.36181 | val_auc: 0.77379 |  0:00:21s
epoch 17 | loss: 0.36399 | val_auc: 0.78489 |  0:00:22s
epoch 18 | loss: 0.36395 | val_auc: 0.78467 |  0:00:24s
epoch 19 | loss: 0.36366 | val_auc: 0.77951 |  0:00:25s
epoch 20 | loss: 0.36115 | val_auc: 0.78098 |  0:00:26s10:28:20  INFO      models.tabnet_model  TabNet trained | device=mps  best_epoch=31  elapsed=58.1s
10:28:20  INFO      models.tabnet_model  Apple MPS backend passed smoke test — using GPU acceleration.
10:28:20  INFO      models.tabnet_model  TabNet starting | device=mps  max_epochs=200  patience=15  batch_size=1024  n_train=21711
10:29:28  INFO      models.tabnet_model  TabNet trained | device=mps  best_epoch=21  elapsed=67.3s
10:29:28  INFO      models.tabnet_model  Apple MPS backend passed smoke test — using GPU acceleration.
10:29:28  INFO      models.tabnet_model  TabNet starting | device=mps  max_epochs=200  patience=15  batch_size=1024  n_train=28948
10:30:44  INFO      models.tabnet_model  TabNet trained | device=mps  best_epoch=15  elapsed=75.7s
10:30:44  INFO      models.tabnet_model  TabNet model saved to /Users/harekrishna/Downloads/credit-default-xai-benchmark 2/results/outputs/prosper_temporal/runs/cutoff_2010-07_seed_99/models/tabnet.pkl
10:30:44  INFO      pipeline  ============================================================
10:30:44  INFO      pipeline  STAGE 4: Evaluation (selection on OOF; test scored once)
10:30:44  INFO      pipeline  ============================================================
10:30:44  INFO      pipeline  XGBoost | OOF AUROC=0.7217  f1*=0.3385 @ t=0.15 | test AUROC=0.6986  F1=0.0987  MCC=0.0833
10:30:44  INFO      pipeline  LightGBM | OOF AUROC=0.7195  f1*=0.3333 @ t=0.17 | test AUROC=0.6847  F1=0.0711  MCC=0.0769
10:30:45  INFO      pipeline  CatBoost | OOF AUROC=0.7227  f1*=0.3378 @ t=0.48 | test AUROC=0.6827  F1=0.1083  MCC=0.0827
10:30:45  INFO      pipeline  Random Forest | OOF AUROC=0.7226  f1*=0.3358 @ t=0.34 | test AUROC=0.6701  F1=0.1290  MCC=0.0883
10:30:45  INFO      pipeline  Logistic Reg. | OOF AUROC=0.7140  f1*=0.3362 @ t=0.51 | test AUROC=0.7112  F1=0.0755  MCC=0.0645
10:30:45  INFO      pipeline  TabNet | OOF AUROC=0.6933  f1*=0.3123 @ t=0.14 | test AUROC=0.6468  F1=0.1264  MCC=0.0679
10:30:45  INFO      pipeline  LaTeX table → /Users/harekrishna/Downloads/credit-default-xai-benchmark 2/results/outputs/prosper_temporal/runs/cutoff_2010-07_seed_99/results/table2_test_metrics.tex
10:30:45  INFO      pipeline  
                AUROC   AUPRC      F1  Precision  Recall  Specificity  G-Mean     MCC   Brier
Model                                                                                        
XGBoost        0.6986  0.1182  0.0987     0.1964  0.0659       0.9834  0.2545  0.0833  0.0535
LightGBM       0.6847  0.1225  0.0711     0.2333  0.0419       0.9915  0.2039  0.0769  0.0534
CatBoost       0.6827  0.1105  0.1083     0.1781  0.0778       0.9778  0.2759  0.0827  0.0882
Random Forest  0.6701  0.1050  0.1290     0.1607  0.1078       0.9652  0.3225  0.0883  0.0718
Logistic Reg.  0.7112  0.1266  0.0755     0.1778  0.0479       0.9863  0.2174  0.0645  0.0916
TabNet         0.6468  0.0878  0.1264     0.1168  0.1377       0.9356  0.3590  0.0679  0.0552
10:30:46  INFO      visualization.plots  Fig 2 saved → /Users/harekrishna/Downloads/credit-default-xai-benchmark 2/results/outputs/prosper_temporal/runs/cutoff_2010-07_seed_99/figures/fig02_roc_curves.pdf
10:30:46  INFO      visualization.plots  Fig 3 saved → /Users/harekrishna/Downloads/credit-default-xai-benchmark 2/results/outputs/prosper_temporal/runs/cutoff_2010-07_seed_99/figures/fig03_pr_curves.pdf
10:30:46  INFO      visualization.plots  Fig 4 saved → /Users/harekrishna/Downloads/credit-default-xai-benchmark 2/results/outputs/prosper_temporal/runs/cutoff_2010-07_seed_99/figures/fig04_confusion_catboost.pdf
10:44:01  INFO      pipeline  Skipping TabNet in Fig 10 ablation (pass --full-ablation to include).
10:44:01  INFO      visualization.plots  Fig 10 saved → /Users/harekrishna/Downloads/credit-default-xai-benchmark 2/results/outputs/prosper_temporal/runs/cutoff_2010-07_seed_99/figures/fig10_smote_ablation.pdf
10:44:01  INFO      pipeline  ============================================================
10:44:01  INFO      pipeline  STAGE 5: SHAP Explanations
10:44:01  INFO      pipeline  ============================================================
10:44:01  INFO      explainability.shap_explainer  SHAP TreeExplainer initialised | output_space=log_odds
10:44:01  INFO      explainability.shap_explainer  SHAP values computed | shape=(2000, 63)
10:44:01  INFO      explainability.shap_explainer  SHAP additivity check | MAE=0.00000 | PASS ✓
10:44:02  INFO      explainability.shap_explainer  Saved SHAP summary → /Users/harekrishna/Downloads/credit-default-xai-benchmark 2/results/outputs/prosper_temporal/runs/cutoff_2010-07_seed_99/figures/fig05a_shap_summary_CatBoost.pdf
10:44:02  INFO      explainability.shap_explainer  Saved SHAP bar → /Users/harekrishna/Downloads/credit-default-xai-benchmark 2/results/outputs/prosper_temporal/runs/cutoff_2010-07_seed_99/figures/fig05b_shap_bar_CatBoost.pdf
10:44:03  INFO      explainability.shap_explainer  Saved SHAP dependence → /Users/harekrishna/Downloads/credit-default-xai-benchmark 2/results/outputs/prosper_temporal/runs/cutoff_2010-07_seed_99/figures/fig06_shap_dep_LoanOriginalAmount.pdf
10:44:03  INFO      pipeline  LaTeX table → /Users/harekrishna/Downloads/credit-default-xai-benchmark 2/results/outputs/prosper_temporal/runs/cutoff_2010-07_seed_99/results/table3_shap_ranking.tex
10:44:03  INFO      visualization.plots  Fig 8 saved → /Users/harekrishna/Downloads/credit-default-xai-benchmark 2/results/outputs/prosper_temporal/runs/cutoff_2010-07_seed_99/figures/fig08_importance_comparison.pdf
10:44:03  INFO      visualization.plots  Fig 9 saved → /Users/harekrishna/Downloads/credit-default-xai-benchmark 2/results/outputs/prosper_temporal/runs/cutoff_2010-07_seed_99/figures/fig09_threshold_sweep.pdf
10:44:03  INFO      pipeline  ============================================================
10:44:03  INFO      pipeline  STAGE 6: LIME Explanations
10:44:03  INFO      pipeline  ============================================================
10:44:04  INFO      explainability.lime_explainer  LIME tabular explainer initialised | features=63
10:44:04  INFO      pipeline  Local instances selected: {'TP': 2323, 'FP': 313, 'FN': 1857, 'TN': 2384}
10:44:04  INFO      explainability.lime_explainer  Saved LIME explanation → /Users/harekrishna/Downloads/credit-default-xai-benchmark 2/results/outputs/prosper_temporal/runs/cutoff_2010-07_seed_99/figures/fig07_tp_lime.pdf
10:44:04  INFO      explainability.lime_explainer  Saved LIME explanation → /Users/harekrishna/Downloads/credit-default-xai-benchmark 2/results/outputs/prosper_temporal/runs/cutoff_2010-07_seed_99/figures/fig07_fp_lime.pdf
10:44:04  INFO      explainability.lime_explainer  Saved LIME explanation → /Users/harekrishna/Downloads/credit-default-xai-benchmark 2/results/outputs/prosper_temporal/runs/cutoff_2010-07_seed_99/figures/fig07_fn_lime.pdf
10:44:04  INFO      explainability.lime_explainer  Saved LIME explanation → /Users/harekrishna/Downloads/credit-default-xai-benchmark 2/results/outputs/prosper_temporal/runs/cutoff_2010-07_seed_99/figures/fig07_tn_lime.pdf
10:44:05  INFO      explainability.lime_explainer  Saved LIME multi-instance grid → /Users/harekrishna/Downloads/credit-default-xai-benchmark 2/results/outputs/prosper_temporal/runs/cutoff_2010-07_seed_99/figures/fig07_lime_multi_instance.pdf
10:44:09  INFO      explainability.lime_explainer  LIME batch complete | n=200
10:44:09  INFO      explainability.lime_explainer  SHAP–LIME agreement | mean ρ=0.494 ± 0.247
10:44:09  INFO      explainability.lime_explainer  LIME tabular explainer initialised | features=63
10:44:09  INFO      explainability.lime_explainer  LIME tabular explainer initialised | features=63
10:44:10  INFO      explainability.lime_explainer  LIME tabular explainer initialised | features=63
10:44:10  INFO      explainability.lime_explainer  LIME tabular explainer initialised | features=63
10:44:10  INFO      explainability.lime_explainer  LIME tabular explainer initialised | features=63
10:44:10  INFO      explainability.lime_explainer  LIME tabular explainer initialised | features=63
10:44:11  INFO      explainability.lime_explainer  LIME tabular explainer initialised | features=63
10:44:11  INFO      explainability.lime_explainer  LIME tabular explainer initialised | features=63
10:44:11  INFO      explainability.lime_explainer  LIME tabular explainer initialised | features=63
10:44:12  INFO      explainability.lime_explainer  LIME tabular explainer initialised | features=63
10:44:12  INFO      explainability.lime_explainer  LIME tabular explainer initialised | features=63
10:44:12  INFO      explainability.lime_explainer  LIME tabular explainer initialised | features=63
10:44:12  INFO      explainability.lime_explainer  LIME tabular explainer initialised | features=63
10:44:13  INFO      explainability.lime_explainer  LIME tabular explainer initialised | features=63
10:44:13  INFO      explainability.lime_explainer  LIME tabular explainer initialised | features=63
10:44:13  INFO      explainability.lime_explainer  LIME tabular explainer initialised | features=63
10:44:13  INFO      explainability.lime_explainer  LIME tabular explainer initialised | features=63
10:44:14  INFO      explainability.lime_explainer  LIME tabular explainer initialised | features=63
10:44:14  INFO      explainability.lime_explainer  LIME tabular explainer initialised | features=63
10:44:14  INFO      explainability.lime_explainer  LIME tabular explainer initialised | features=63
10:44:14  INFO      explainability.lime_explainer  LIME tabular explainer initialised | features=63
10:44:15  INFO      explainability.lime_explainer  LIME tabular explainer initialised | features=63
10:44:15  INFO      explainability.lime_explainer  LIME tabular explainer initialised | features=63
10:44:15  INFO      explainability.lime_explainer  LIME tabular explainer initialised | features=63
10:44:16  INFO      explainability.lime_explainer  LIME tabular explainer initialised | features=63
10:44:16  INFO      explainability.lime_explainer  LIME tabular explainer initialised | features=63
10:44:16  INFO      explainability.lime_explainer  LIME tabular explainer initialised | features=63
10:44:16  INFO      explainability.lime_explainer  LIME tabular explainer initialised | features=63
10:44:17  INFO      explainability.lime_explainer  LIME tabular explainer initialised | features=63
10:44:17  INFO      explainability.lime_explainer  LIME tabular explainer initialised | features=63
10:44:17  INFO      explainability.lime_explainer  LIME tabular explainer initialised | features=63
10:44:17  INFO      explainability.lime_explainer  LIME tabular explainer initialised | features=63
10:44:18  INFO      explainability.lime_explainer  LIME tabular explainer initialised | features=63
10:44:18  INFO      explainability.lime_explainer  LIME tabular explainer initialised | features=63
10:44:18  INFO      explainability.lime_explainer  LIME tabular explainer initialised | features=63
10:44:19  INFO      explainability.lime_explainer  LIME tabular explainer initialised | features=63
10:44:19  INFO      explainability.lime_explainer  LIME tabular explainer initialised | features=63
10:44:19  INFO      explainability.lime_explainer  LIME tabular explainer initialised | features=63
10:44:19  INFO      explainability.lime_explainer  LIME tabular explainer initialised | features=63
10:44:20  INFO      explainability.lime_explainer  LIME tabular explainer initialised | features=63
10:44:20  INFO      explainability.lime_explainer  LIME tabular explainer initialised | features=63
10:44:20  INFO      explainability.lime_explainer  LIME tabular explainer initialised | features=63
10:44:21  INFO      explainability.lime_explainer  LIME tabular explainer initialised | features=63
10:44:21  INFO      explainability.lime_explainer  LIME tabular explainer initialised | features=63
10:44:21  INFO      explainability.lime_explainer  LIME tabular explainer initialised | features=63
10:44:21  INFO      explainability.lime_explainer  LIME tabular explainer initialised | features=63
10:44:22  INFO      explainability.lime_explainer  LIME tabular explainer initialised | features=63
10:44:22  INFO      explainability.lime_explainer  LIME tabular explainer initialised | features=63
10:44:22  INFO      explainability.lime_explainer  LIME tabular explainer initialised | features=63
10:44:22  INFO      explainability.lime_explainer  LIME tabular explainer initialised | features=63
10:44:23  INFO      explainability.lime_explainer  LIME tabular explainer initialised | features=63
10:44:23  INFO      explainability.lime_explainer  LIME tabular explainer initialised | features=63
10:44:23  INFO      explainability.lime_explainer  LIME tabular explainer initialised | features=63
10:44:24  INFO      explainability.lime_explainer  LIME tabular explainer initialised | features=63
10:44:24  INFO      explainability.lime_explainer  LIME tabular explainer initialised | features=63
10:44:24  INFO      explainability.lime_explainer  LIME tabular explainer initialised | features=63
10:44:24  INFO      explainability.lime_explainer  LIME tabular explainer initialised | features=63
10:44:25  INFO      explainability.lime_explainer  LIME tabular explainer initialised | features=63
10:44:25  INFO      explainability.lime_explainer  LIME tabular explainer initialised | features=63
10:44:25  INFO      explainability.lime_explainer  LIME tabular explainer initialised | features=63
10:44:25  INFO      explainability.lime_explainer  LIME tabular explainer initialised | features=63
10:44:26  INFO      explainability.lime_explainer  LIME tabular explainer initialised | features=63
10:44:26  INFO      explainability.lime_explainer  LIME tabular explainer initialised | features=63
10:44:26  INFO      explainability.lime_explainer  LIME tabular explainer initialised | features=63
10:44:26  INFO      explainability.lime_explainer  LIME tabular explainer initialised | features=63
10:44:27  INFO      explainability.lime_explainer  LIME tabular explainer initialised | features=63
10:44:27  INFO      explainability.lime_explainer  LIME tabular explainer initialised | features=63
10:44:27  INFO      explainability.lime_explainer  LIME tabular explainer initialised | features=63
10:44:28  INFO      explainability.lime_explainer  LIME tabular explainer initialised | features=63
10:44:28  INFO      explainability.lime_explainer  LIME tabular explainer initialised | features=63
10:44:28  INFO      explainability.lime_explainer  LIME tabular explainer initialised | features=63
10:44:29  INFO      explainability.lime_explainer  LIME tabular explainer initialised | features=63
10:44:29  INFO      explainability.lime_explainer  LIME tabular explainer initialised | features=63
10:44:29  INFO      explainability.lime_explainer  LIME tabular explainer initialised | features=63
10:44:30  INFO      explainability.lime_explainer  LIME tabular explainer initialised | features=63
10:44:30  INFO      explainability.lime_explainer  LIME tabular explainer initialised | features=63
10:44:30  INFO      explainability.lime_explainer  LIME tabular explainer initialised | features=63
10:44:30  INFO      explainability.lime_explainer  LIME tabular explainer initialised | features=63
10:44:31  INFO      explainability.lime_explainer  LIME tabular explainer initialised | features=63
10:44:31  INFO      explainability.lime_explainer  LIME tabular explainer initialised | features=63
10:44:31  INFO      explainability.lime_explainer  LIME tabular explainer initialised | features=63
10:44:31  INFO      explainability.lime_explainer  LIME tabular explainer initialised | features=63
10:44:32  INFO      explainability.lime_explainer  LIME tabular explainer initialised | features=63
10:44:32  INFO      explainability.lime_explainer  LIME tabular explainer initialised | features=63
10:44:32  INFO      explainability.lime_explainer  LIME tabular explainer initialised | features=63
10:44:32  INFO      explainability.lime_explainer  LIME tabular explainer initialised | features=63
10:44:33  INFO      explainability.lime_explainer  LIME tabular explainer initialised | features=63
10:44:33  INFO      explainability.lime_explainer  LIME tabular explainer initialised | features=63
10:44:33  INFO      explainability.lime_explainer  LIME tabular explainer initialised | features=63
10:44:34  INFO      explainability.lime_explainer  LIME tabular explainer initialised | features=63
10:44:34  INFO      explainability.lime_explainer  LIME tabular explainer initialised | features=63
10:44:34  INFO      explainability.lime_explainer  LIME tabular explainer initialised | features=63
10:44:34  INFO      explainability.lime_explainer  LIME tabular explainer initialised | features=63
10:44:35  INFO      explainability.lime_explainer  LIME tabular explainer initialised | features=63
10:44:35  INFO      explainability.lime_explainer  LIME tabular explainer initialised | features=63
10:44:35  INFO      explainability.lime_explainer  LIME tabular explainer initialised | features=63
10:44:35  INFO      explainability.lime_explainer  LIME tabular explainer initialised | features=63
10:44:36  INFO      explainability.lime_explainer  LIME tabular explainer initialised | features=63
10:44:36  INFO      explainability.lime_explainer  LIME tabular explainer initialised | features=63
10:44:36  INFO      explainability.lime_explainer  LIME tabular explainer initialised | features=63
10:44:37  INFO      explainability.lime_explainer  LIME tabular explainer initialised | features=63
10:44:37  INFO      explainability.lime_explainer  LIME tabular explainer initialised | features=63
10:44:37  INFO      explainability.lime_explainer  LIME tabular explainer initialised | features=63
10:44:37  INFO      explainability.lime_explainer  LIME tabular explainer initialised | features=63
10:44:38  INFO      explainability.lime_explainer  LIME tabular explainer initialised | features=63
10:44:38  INFO      explainability.lime_explainer  LIME tabular explainer initialised | features=63
10:44:38  INFO      explainability.lime_explainer  LIME tabular explainer initialised | features=63
10:44:38  INFO      explainability.lime_explainer  LIME tabular explainer initialised | features=63
10:44:39  INFO      explainability.lime_explainer  LIME tabular explainer initialised | features=63
10:44:39  INFO      explainability.lime_explainer  LIME tabular explainer initialised | features=63
10:44:39  INFO      explainability.lime_explainer  LIME tabular explainer initialised | features=63
10:44:40  INFO      explainability.lime_explainer  LIME tabular explainer initialised | features=63
10:44:40  INFO      explainability.lime_explainer  LIME tabular explainer initialised | features=63
10:44:40  INFO      explainability.lime_explainer  LIME tabular explainer initialised | features=63
10:44:40  INFO      explainability.lime_explainer  LIME tabular explainer initialised | features=63
10:44:41  INFO      explainability.lime_explainer  LIME tabular explainer initialised | features=63
10:44:41  INFO      explainability.lime_explainer  LIME tabular explainer initialised | features=63
10:44:41  INFO      explainability.lime_explainer  LIME tabular explainer initialised | features=63
10:44:41  INFO      explainability.lime_explainer  LIME tabular explainer initialised | features=63
10:44:42  INFO      explainability.lime_explainer  LIME tabular explainer initialised | features=63
10:44:42  INFO      explainability.lime_explainer  LIME tabular explainer initialised | features=63
10:44:42  INFO      explainability.lime_explainer  LIME tabular explainer initialised | features=63
10:44:43  INFO      explainability.lime_explainer  LIME tabular explainer initialised | features=63
10:44:43  INFO      explainability.lime_explainer  LIME tabular explainer initialised | features=63
10:44:43  INFO      explainability.lime_explainer  LIME tabular explainer initialised | features=63
10:44:43  INFO      explainability.lime_explainer  LIME tabular explainer initialised | features=63
10:44:44  INFO      explainability.lime_explainer  LIME tabular explainer initialised | features=63
10:44:44  INFO      explainability.lime_explainer  LIME tabular explainer initialised | features=63
10:44:44  INFO      explainability.lime_explainer  LIME tabular explainer initialised | features=63
10:44:44  INFO      explainability.lime_explainer  LIME tabular explainer initialised | features=63
10:44:45  INFO      explainability.lime_explainer  LIME tabular explainer initialised | features=63
10:44:45  INFO      explainability.lime_explainer  LIME tabular explainer initialised | features=63
10:44:45  INFO      explainability.lime_explainer  LIME tabular explainer initialised | features=63
10:44:45  INFO      explainability.lime_explainer  LIME tabular explainer initialised | features=63
10:44:46  INFO      explainability.lime_explainer  LIME tabular explainer initialised | features=63
10:44:46  INFO      explainability.lime_explainer  LIME tabular explainer initialised | features=63
10:44:46  INFO      explainability.lime_explainer  LIME tabular explainer initialised | features=63
10:44:47  INFO      explainability.lime_explainer  LIME tabular explainer initialised | features=63
10:44:47  INFO      explainability.lime_explainer  LIME tabular explainer initialised | features=63
10:44:47  INFO      explainability.lime_explainer  LIME tabular explainer initialised | features=63
10:44:47  INFO      explainability.lime_explainer  LIME tabular explainer initialised | features=63
10:44:48  INFO      explainability.lime_explainer  LIME tabular explainer initialised | features=63
10:44:48  INFO      explainability.lime_explainer  LIME tabular explainer initialised | features=63
10:44:48  INFO      explainability.lime_explainer  LIME tabular explainer initialised | features=63
10:44:48  INFO      explainability.lime_explainer  LIME tabular explainer initialised | features=63
10:44:49  INFO      explainability.lime_explainer  LIME tabular explainer initialised | features=63
10:44:49  INFO      explainability.lime_explainer  LIME tabular explainer initialised | features=63
10:44:49  INFO      explainability.lime_explainer  LIME tabular explainer initialised | features=63
10:44:50  INFO      explainability.lime_explainer  LIME tabular explainer initialised | features=63
10:44:50  INFO      explainability.lime_explainer  LIME tabular explainer initialised | features=63
10:44:50  INFO      explainability.lime_explainer  LIME tabular explainer initialised | features=63
10:44:50  INFO      explainability.lime_explainer  LIME tabular explainer initialised | features=63
10:44:51  INFO      explainability.lime_explainer  LIME tabular explainer initialised | features=63
10:44:51  INFO      explainability.lime_explainer  LIME tabular explainer initialised | features=63
10:44:51  INFO      explainability.lime_explainer  LIME tabular explainer initialised | features=63
10:44:51  INFO      explainability.lime_explainer  LIME tabular explainer initialised | features=63
10:44:52  INFO      explainability.lime_explainer  LIME tabular explainer initialised | features=63
10:44:52  INFO      explainability.lime_explainer  LIME tabular explainer initialised | features=63
10:44:52  INFO      explainability.lime_explainer  LIME tabular explainer initialised | features=63
10:44:53  INFO      explainability.lime_explainer  LIME tabular explainer initialised | features=63
10:44:53  INFO      explainability.lime_explainer  LIME tabular explainer initialised | features=63
10:44:53  INFO      explainability.lime_explainer  LIME tabular explainer initialised | features=63
10:44:53  INFO      explainability.lime_explainer  LIME tabular explainer initialised | features=63
10:44:54  INFO      explainability.lime_explainer  LIME tabular explainer initialised | features=63
10:44:54  INFO      explainability.lime_explainer  LIME tabular explainer initialised | features=63
10:44:54  INFO      explainability.lime_explainer  LIME tabular explainer initialised | features=63
10:44:54  INFO      explainability.lime_explainer  LIME tabular explainer initialised | features=63
10:44:55  INFO      explainability.lime_explainer  LIME tabular explainer initialised | features=63
10:44:55  INFO      explainability.lime_explainer  LIME tabular explainer initialised | features=63
10:44:55  INFO      explainability.lime_explainer  LIME tabular explainer initialised | features=63
10:44:56  INFO      explainability.lime_explainer  LIME tabular explainer initialised | features=63
10:44:56  INFO      explainability.lime_explainer  LIME tabular explainer initialised | features=63
10:44:56  INFO      explainability.lime_explainer  LIME tabular explainer initialised | features=63
10:44:56  INFO      explainability.lime_explainer  LIME tabular explainer initialised | features=63
10:44:57  INFO      explainability.lime_explainer  LIME tabular explainer initialised | features=63
10:44:57  INFO      explainability.lime_explainer  LIME tabular explainer initialised | features=63
10:44:57  INFO      explainability.lime_explainer  LIME tabular explainer initialised | features=63
10:44:57  INFO      explainability.lime_explainer  LIME tabular explainer initialised | features=63
10:44:58  INFO      explainability.lime_explainer  LIME tabular explainer initialised | features=63
10:44:58  INFO      explainability.lime_explainer  LIME tabular explainer initialised | features=63
10:44:58  INFO      explainability.lime_explainer  LIME tabular explainer initialised | features=63
10:44:58  INFO      explainability.lime_explainer  LIME tabular explainer initialised | features=63
10:44:59  INFO      explainability.lime_explainer  LIME tabular explainer initialised | features=63
10:44:59  INFO      explainability.lime_explainer  LIME tabular explainer initialised | features=63
10:44:59  INFO      explainability.lime_explainer  LIME tabular explainer initialised | features=63
10:45:00  INFO      explainability.lime_explainer  LIME tabular explainer initialised | features=63
10:45:00  INFO      explainability.lime_explainer  LIME tabular explainer initialised | features=63
10:45:00  INFO      explainability.lime_explainer  LIME tabular explainer initialised | features=63
10:45:00  INFO      explainability.lime_explainer  LIME tabular explainer initialised | features=63
10:45:01  INFO      explainability.lime_explainer  LIME tabular explainer initialised | features=63
10:45:01  INFO      explainability.lime_explainer  LIME tabular explainer initialised | features=63
10:45:01  INFO      explainability.lime_explainer  LIME tabular explainer initialised | features=63
10:45:01  INFO      explainability.lime_explainer  LIME tabular explainer initialised | features=63
10:45:02  INFO      explainability.lime_explainer  LIME tabular explainer initialised | features=63
10:45:02  INFO      explainability.lime_explainer  LIME tabular explainer initialised | features=63
10:45:02  INFO      explainability.lime_explainer  LIME tabular explainer initialised | features=63
10:45:03  INFO      explainability.lime_explainer  LIME tabular explainer initialised | features=63
10:45:03  INFO      explainability.lime_explainer  LIME tabular explainer initialised | features=63
10:45:03  INFO      explainability.lime_explainer  LIME tabular explainer initialised | features=63
10:45:03  INFO      explainability.lime_explainer  LIME tabular explainer initialised | features=63
10:45:04  INFO      explainability.lime_explainer  LIME tabular explainer initialised | features=63
10:45:04  INFO      explainability.lime_explainer  LIME tabular explainer initialised | features=63
10:45:04  INFO      explainability.lime_explainer  LIME tabular explainer initialised | features=63
10:45:04  INFO      explainability.lime_explainer  LIME tabular explainer initialised | features=63
10:45:05  INFO      explainability.lime_explainer  LIME tabular explainer initialised | features=63
10:45:05  INFO      explainability.lime_explainer  LIME tabular explainer initialised | features=63
10:45:05  INFO      explainability.lime_explainer  LIME tabular explainer initialised | features=63
10:45:05  INFO      explainability.lime_explainer  LIME tabular explainer initialised | features=63
10:45:06  INFO      explainability.lime_explainer  LIME tabular explainer initialised | features=63
10:45:06  INFO      explainability.lime_explainer  LIME tabular explainer initialised | features=63
10:45:06  INFO      explainability.lime_explainer  LIME tabular explainer initialised | features=63
10:45:07  INFO      explainability.lime_explainer  LIME tabular explainer initialised | features=63
10:45:07  INFO      explainability.lime_explainer  LIME tabular explainer initialised | features=63
10:45:07  INFO      explainability.lime_explainer  LIME tabular explainer initialised | features=63
10:45:07  INFO      explainability.lime_explainer  LIME tabular explainer initialised | features=63
10:45:08  INFO      explainability.lime_explainer  LIME tabular explainer initialised | features=63
10:45:08  INFO      explainability.lime_explainer  LIME tabular explainer initialised | features=63
10:45:08  INFO      explainability.lime_explainer  LIME tabular explainer initialised | features=63
10:45:08  INFO      explainability.lime_explainer  LIME tabular explainer initialised | features=63
10:45:09  INFO      explainability.lime_explainer  LIME tabular explainer initialised | features=63
10:45:09  INFO      explainability.lime_explainer  LIME tabular explainer initialised | features=63
10:45:09  INFO      explainability.lime_explainer  LIME tabular explainer initialised | features=63
10:45:10  INFO      explainability.lime_explainer  LIME tabular explainer initialised | features=63
10:45:10  INFO      explainability.lime_explainer  LIME tabular explainer initialised | features=63
10:45:10  INFO      explainability.lime_explainer  LIME tabular explainer initialised | features=63
10:45:10  INFO      explainability.lime_explainer  LIME tabular explainer initialised | features=63
10:45:11  INFO      explainability.lime_explainer  LIME tabular explainer initialised | features=63
10:45:11  INFO      explainability.lime_explainer  LIME tabular explainer initialised | features=63
10:45:11  INFO      explainability.lime_explainer  LIME tabular explainer initialised | features=63
10:45:11  INFO      explainability.lime_explainer  LIME tabular explainer initialised | features=63
10:45:12  INFO      explainability.lime_explainer  LIME tabular explainer initialised | features=63
10:45:12  INFO      explainability.lime_explainer  LIME tabular explainer initialised | features=63
10:45:12  INFO      explainability.lime_explainer  LIME tabular explainer initialised | features=63
10:45:12  INFO      explainability.lime_explainer  LIME tabular explainer initialised | features=63
10:45:13  INFO      explainability.lime_explainer  LIME tabular explainer initialised | features=63
10:45:13  INFO      explainability.lime_explainer  LIME tabular explainer initialised | features=63
10:45:13  INFO      explainability.lime_explainer  LIME tabular explainer initialised | features=63
10:45:14  INFO      explainability.lime_explainer  LIME tabular explainer initialised | features=63
10:45:14  INFO      explainability.lime_explainer  LIME tabular explainer initialised | features=63
10:45:14  INFO      explainability.lime_explainer  LIME tabular explainer initialised | features=63
10:45:14  INFO      explainability.lime_explainer  LIME tabular explainer initialised | features=63
10:45:15  INFO      explainability.lime_explainer  LIME tabular explainer initialised | features=63
10:45:15  INFO      explainability.lime_explainer  LIME tabular explainer initialised | features=63
10:45:15  INFO      explainability.lime_explainer  LIME tabular explainer initialised | features=63
10:45:15  INFO      explainability.lime_explainer  LIME tabular explainer initialised | features=63
10:45:16  INFO      explainability.lime_explainer  LIME tabular explainer initialised | features=63
10:45:16  INFO      explainability.lime_explainer  LIME tabular explainer initialised | features=63
10:45:16  INFO      explainability.lime_explainer  LIME tabular explainer initialised | features=63
10:45:17  INFO      explainability.lime_explainer  LIME tabular explainer initialised | features=63
10:45:17  INFO      explainability.lime_explainer  LIME tabular explainer initialised | features=63
10:45:17  INFO      explainability.lime_explainer  LIME tabular explainer initialised | features=63
10:45:17  INFO      explainability.lime_explainer  LIME tabular explainer initialised | features=63
10:45:18  INFO      explainability.lime_explainer  LIME tabular explainer initialised | features=63
10:45:18  INFO      explainability.lime_explainer  LIME tabular explainer initialised | features=63
10:45:18  INFO      explainability.lime_explainer  LIME tabular explainer initialised | features=63
10:45:18  INFO      explainability.lime_explainer  LIME tabular explainer initialised | features=63
10:45:19  INFO      explainability.lime_explainer  LIME tabular explainer initialised | features=63
10:45:19  INFO      explainability.lime_explainer  LIME tabular explainer initialised | features=63
10:45:19  INFO      explainability.lime_explainer  LIME tabular explainer initialised | features=63
10:45:19  INFO      explainability.lime_explainer  LIME tabular explainer initialised | features=63
10:45:20  INFO      explainability.lime_explainer  LIME tabular explainer initialised | features=63
10:45:20  INFO      explainability.lime_explainer  LIME tabular explainer initialised | features=63
10:45:20  INFO      explainability.lime_explainer  LIME tabular explainer initialised | features=63
10:45:21  INFO      explainability.lime_explainer  LIME tabular explainer initialised | features=63
10:45:21  INFO      explainability.lime_explainer  LIME tabular explainer initialised | features=63
10:45:21  INFO      explainability.lime_explainer  LIME tabular explainer initialised | features=63
10:45:21  INFO      explainability.lime_explainer  LIME tabular explainer initialised | features=63
10:45:22  INFO      explainability.lime_explainer  LIME tabular explainer initialised | features=63
10:45:22  INFO      explainability.lime_explainer  LIME tabular explainer initialised | features=63
10:45:22  INFO      explainability.lime_explainer  LIME tabular explainer initialised | features=63
10:45:22  INFO      explainability.lime_explainer  LIME tabular explainer initialised | features=63
10:45:23  INFO      explainability.lime_explainer  LIME tabular explainer initialised | features=63
10:45:23  INFO      explainability.lime_explainer  LIME tabular explainer initialised | features=63
10:45:23  INFO      explainability.lime_explainer  LIME tabular explainer initialised | features=63
10:45:24  INFO      explainability.lime_explainer  LIME tabular explainer initialised | features=63
10:45:24  INFO      explainability.lime_explainer  LIME tabular explainer initialised | features=63
10:45:24  INFO      explainability.lime_explainer  LIME tabular explainer initialised | features=63
10:45:24  INFO      explainability.lime_explainer  LIME tabular explainer initialised | features=63
10:45:25  INFO      explainability.lime_explainer  LIME tabular explainer initialised | features=63
10:45:25  INFO      explainability.lime_explainer  LIME tabular explainer initialised | features=63
10:45:25  INFO      explainability.lime_explainer  LIME tabular explainer initialised | features=63
10:45:25  INFO      explainability.lime_explainer  LIME tabular explainer initialised | features=63
10:45:26  INFO      explainability.lime_explainer  LIME tabular explainer initialised | features=63
10:45:26  INFO      explainability.lime_explainer  LIME tabular explainer initialised | features=63
10:45:26  INFO      explainability.lime_explainer  LIME tabular explainer initialised | features=63
10:45:27  INFO      explainability.lime_explainer  LIME tabular explainer initialised | features=63
10:45:27  INFO      explainability.lime_explainer  LIME tabular explainer initialised | features=63
10:45:27  INFO      explainability.lime_explainer  LIME tabular explainer initialised | features=63
10:45:27  INFO      explainability.lime_explainer  LIME tabular explainer initialised | features=63
10:45:28  INFO      explainability.lime_explainer  LIME tabular explainer initialised | features=63
10:45:28  INFO      explainability.lime_explainer  LIME tabular explainer initialised | features=63
10:45:28  INFO      explainability.lime_explainer  LIME tabular explainer initialised | features=63
10:45:28  INFO      explainability.lime_explainer  LIME tabular explainer initialised | features=63
10:45:29  INFO      explainability.lime_explainer  LIME tabular explainer initialised | features=63
10:45:29  INFO      explainability.lime_explainer  LIME tabular explainer initialised | features=63
10:45:29  INFO      explainability.lime_explainer  LIME tabular explainer initialised | features=63
10:45:30  INFO      explainability.lime_explainer  LIME tabular explainer initialised | features=63
10:45:30  INFO      explainability.lime_explainer  LIME tabular explainer initialised | features=63
10:45:30  INFO      explainability.lime_explainer  LIME tabular explainer initialised | features=63
10:45:30  INFO      explainability.lime_explainer  LIME tabular explainer initialised | features=63
10:45:31  INFO      pipeline  LaTeX table → /Users/harekrishna/Downloads/credit-default-xai-benchmark 2/results/outputs/prosper_temporal/runs/cutoff_2010-07_seed_99/results/table5_explanation_quality.tex
10:45:31  INFO      pipeline  LaTeX table → /Users/harekrishna/Downloads/credit-default-xai-benchmark 2/results/outputs/prosper_temporal/runs/cutoff_2010-07_seed_99/results/table4_shap_lime_agreement.tex
10:45:31  INFO      pipeline  ============================================================
10:45:31  INFO      pipeline  STAGE 7: Revision Analyses
10:45:31  INFO      pipeline  ============================================================
10:47:49  INFO      pipeline  RUN cutoff_2010-07_seed_99 COMPLETE | champion CatBoost | OOF AUROC 0.7227 | test AUROC 0.6827
10:47:49  INFO      pipeline  ╔══════════════════════════════════════════════╗
10:47:49  INFO      pipeline  ║  Credit Default Prediction with XAI (v3)     ║
10:47:49  INFO      pipeline  ║  Dataset: prosper                            ║
10:47:49  INFO      pipeline  ║  Run: cutoff_2011-01_seed_42                 ║
10:47:49  INFO      pipeline  ╚══════════════════════════════════════════════╝
10:47:49  INFO      pipeline  ============================================================
10:47:49  INFO      pipeline  STAGE 1: Data Loading, Labelling & Partitioning
10:47:49  INFO      pipeline  ============================================================
10:47:49  INFO      data.data_loader  Loading Prosper loans from /Users/harekrishna/Downloads/credit-default-xai-benchmark 2/data/prosperLoanData.csv
10:47:51  INFO      data.data_loader  Prosper: 113937 rows, 113066 after LoanKey de-duplication
10:47:51  INFO      data.data_loader  Prosper horizon label (H=12 months, snapshot 2014-03-12): 72067 labelled, 40999 censored, default rate 9.70%
10:47:51  INFO      data.data_loader  Skipping UCI-specific engineered features; required columns not present.
10:47:51  INFO      data.data_loader  Skipping UCI-specific engineered features; required columns not present.
10:47:51  INFO      data.data_loader  Dataset loaded | prosper | train=30982  test=4222 | default rate train=13.29% test=7.79% | 8 nominal, 33 continuous
10:47:51  INFO      pipeline  Imbalance stats (train): {"n_total": 30982, "n_majority": 26863, "n_minority": 4119, "imbalance_ratio": 6.5217, "minority_pct": 13.29}
10:47:51  INFO      visualization.plots  Fig 1 saved → /Users/harekrishna/Downloads/credit-default-xai-benchmark 2/results/outputs/prosper_temporal/runs/cutoff_2011-01_seed_42/figures/fig01_class_distribution.pdf
10:47:51  INFO      pipeline  ============================================================
10:47:51  INFO      pipeline  STAGE 2: Imbalance Strategy Ablation (selected on OOF AUROC)
10:47:51  INFO      pipeline  ============================================================
10:48:10  INFO      pipeline  Ablation | SMOTE            | OOF AUROC=0.7090  test AUROC=0.6667
10:48:29  INFO      pipeline  Ablation | BorderlineSMOTE  | OOF AUROC=0.7090  test AUROC=0.6747
10:49:49  INFO      pipeline  Ablation | SVMSMOTE         | OOF AUROC=0.7126  test AUROC=0.6775
10:50:07  INFO      pipeline  Ablation | ADASYN           | OOF AUROC=0.7085  test AUROC=0.6670
10:50:12  INFO      pipeline  Ablation | None             | OOF AUROC=0.7195  test AUROC=0.6800
10:50:14  INFO      pipeline  Ablation | ClassWeight      | OOF AUROC=0.6835  test AUROC=0.6392
10:50:14  INFO      pipeline  Best imbalance strategy (OOF AUROC): None → 0.7195 [probe: LightGBM]
10:50:14  INFO      pipeline  ============================================================
10:50:14  INFO      pipeline  STAGE 3: Model Training (nested tuning, OOF predictions, refit)
10:50:14  INFO      pipeline  ============================================================
10:50:14  INFO      pipeline  Training XGBoost …
10:51:15  INFO      pipeline  XGBoost | per-model strategy=ClassWeight | OOF AUROC by strategy={'SMOTE': 0.7107, 'BorderlineSMOTE': 0.7088, 'SVMSMOTE': 0.713, 'ADASYN': 0.713, 'None': 0.7179, 'ClassWeight': 0.7183}
10:51:15  INFO      pipeline  RandomizedSearchCV | model=XGBoost strategy=ClassWeight n_iter=12
10:51:44  INFO      pipeline  Training LightGBM …
10:52:58  INFO      pipeline  LightGBM | per-model strategy=None | OOF AUROC by strategy={'SMOTE': 0.709, 'BorderlineSMOTE': 0.709, 'SVMSMOTE': 0.7126, 'ADASYN': 0.7085, 'None': 0.7195, 'ClassWeight': 0.6835}
10:52:58  INFO      pipeline  RandomizedSearchCV | model=LightGBM strategy=None n_iter=12
10:53:50  INFO      pipeline  Training CatBoost …
10:55:17  INFO      pipeline  CatBoost | per-model strategy=ClassWeight | OOF AUROC by strategy={'SMOTE': 0.7178, 'BorderlineSMOTE': 0.7157, 'SVMSMOTE': 0.7146, 'ADASYN': 0.7143, 'None': 0.7144, 'ClassWeight': 0.7181}
10:55:17  INFO      pipeline  RandomizedSearchCV | model=CatBoost strategy=ClassWeight n_iter=12
10:56:16  INFO      pipeline  Training Random Forest …
10:57:39  INFO      pipeline  Random Forest | per-model strategy=ClassWeight | OOF AUROC by strategy={'SMOTE': 0.7083, 'BorderlineSMOTE': 0.7097, 'SVMSMOTE': 0.7104, 'ADASYN': 0.7079, 'None': 0.7015, 'ClassWeight': 0.7116}
10:57:39  INFO      pipeline  RandomizedSearchCV | model=Random Forest strategy=ClassWeight n_iter=12
11:00:40  INFO      pipeline  Training Logistic Reg. …
11:01:25  INFO      pipeline  Logistic Reg. | per-model strategy=ClassWeight | OOF AUROC by strategy={'SMOTE': 0.6681, 'BorderlineSMOTE': 0.6685, 'SVMSMOTE': 0.6773, 'ADASYN': 0.6554, 'None': 0.6922, 'ClassWeight': 0.6968}
11:01:25  INFO      pipeline  RandomizedSearchCV | model=Logistic Reg. strategy=ClassWeight n_iter=12
11:01:34  INFO      pipeline  Training TabNet …
11:01:34  INFO      models.tabnet_model  Apple MPS backend passed smoke test — using GPU acceleration.
11:01:34  INFO      models.tabnet_model  TabNet starting | device=mps  max_epochs=200  patience=15  batch_size=1024  n_train=7747
11:01:55  INFO      models.tabnet_model  TabNet trained | device=mps  best_epoch=14  elapsed=20.9s
11:01:56  INFO      models.tabnet_model  Apple MPS backend passed smoke test — using GPU acceleration.
11:01:56  INFO      models.tabnet_model  TabNet starting | device=mps  max_epochs=200  patience=15  batch_size=1024  n_train=15492

epoch 21 | loss: 0.35927 | val_auc: 0.77225 |  0:00:27s
epoch 22 | loss: 0.35846 | val_auc: 0.76955 |  0:00:28s
epoch 23 | loss: 0.35805 | val_auc: 0.78139 |  0:00:30s
epoch 24 | loss: 0.35641 | val_auc: 0.77462 |  0:00:31s
epoch 25 | loss: 0.35659 | val_auc: 0.76924 |  0:00:32s
epoch 26 | loss: 0.35289 | val_auc: 0.77391 |  0:00:33s
epoch 27 | loss: 0.35246 | val_auc: 0.78494 |  0:00:34s
epoch 28 | loss: 0.34977 | val_auc: 0.77642 |  0:00:35s
epoch 29 | loss: 0.34999 | val_auc: 0.78388 |  0:00:36s
epoch 30 | loss: 0.349   | val_auc: 0.78445 |  0:00:38s
epoch 31 | loss: 0.35054 | val_auc: 0.78667 |  0:00:39s
epoch 32 | loss: 0.34779 | val_auc: 0.77974 |  0:00:40s
epoch 33 | loss: 0.34694 | val_auc: 0.76523 |  0:00:41s
epoch 34 | loss: 0.34901 | val_auc: 0.77807 |  0:00:42s
epoch 35 | loss: 0.34139 | val_auc: 0.78309 |  0:00:44s
epoch 36 | loss: 0.33993 | val_auc: 0.78203 |  0:00:45s
epoch 37 | loss: 0.3368  | val_auc: 0.78558 |  0:00:46s
epoch 38 | loss: 0.33418 | val_auc: 0.78054 |  0:00:47s
epoch 39 | loss: 0.334   | val_auc: 0.7815  |  0:00:48s
epoch 40 | loss: 0.33257 | val_auc: 0.78202 |  0:00:49s
epoch 41 | loss: 0.33283 | val_auc: 0.7836  |  0:00:51s
epoch 42 | loss: 0.33729 | val_auc: 0.78358 |  0:00:52s
epoch 43 | loss: 0.33975 | val_auc: 0.77725 |  0:00:53s
epoch 44 | loss: 0.33696 | val_auc: 0.78009 |  0:00:54s
epoch 45 | loss: 0.33432 | val_auc: 0.76991 |  0:00:55s
epoch 46 | loss: 0.3336  | val_auc: 0.78089 |  0:00:57s

Early stopping occurred at epoch 46 with best_epoch = 31 and best_val_auc = 0.78667
epoch 0  | loss: 0.58979 | val_auc: 0.63353 |  0:00:01s
epoch 1  | loss: 0.42621 | val_auc: 0.67691 |  0:00:03s
epoch 2  | loss: 0.3855  | val_auc: 0.71504 |  0:00:05s
epoch 3  | loss: 0.37859 | val_auc: 0.74883 |  0:00:07s
epoch 4  | loss: 0.37323 | val_auc: 0.74634 |  0:00:09s
epoch 5  | loss: 0.36831 | val_auc: 0.75594 |  0:00:11s
epoch 6  | loss: 0.3648  | val_auc: 0.75762 |  0:00:13s
epoch 7  | loss: 0.36528 | val_auc: 0.7463  |  0:00:14s
epoch 8  | loss: 0.36245 | val_auc: 0.74592 |  0:00:16s
epoch 9  | loss: 0.36268 | val_auc: 0.7451  |  0:00:18s
epoch 10 | loss: 0.36153 | val_auc: 0.75209 |  0:00:20s
epoch 11 | loss: 0.35592 | val_auc: 0.76763 |  0:00:21s
epoch 12 | loss: 0.35264 | val_auc: 0.74479 |  0:00:23s
epoch 13 | loss: 0.34928 | val_auc: 0.7496  |  0:00:25s
epoch 14 | loss: 0.34822 | val_auc: 0.77363 |  0:00:27s
epoch 15 | loss: 0.34617 | val_auc: 0.78162 |  0:00:28s
epoch 16 | loss: 0.34566 | val_auc: 0.76917 |  0:00:30s
epoch 17 | loss: 0.34802 | val_auc: 0.77132 |  0:00:32s
epoch 18 | loss: 0.34747 | val_auc: 0.7527  |  0:00:34s
epoch 19 | loss: 0.34773 | val_auc: 0.77868 |  0:00:35s
epoch 20 | loss: 0.34297 | val_auc: 0.77237 |  0:00:37s
epoch 21 | loss: 0.33951 | val_auc: 0.78589 |  0:00:39s
epoch 22 | loss: 0.33899 | val_auc: 0.78304 |  0:00:41s
epoch 23 | loss: 0.33435 | val_auc: 0.77674 |  0:00:43s
epoch 24 | loss: 0.33282 | val_auc: 0.77668 |  0:00:44s
epoch 25 | loss: 0.33046 | val_auc: 0.78002 |  0:00:46s
epoch 26 | loss: 0.33009 | val_auc: 0.7658  |  0:00:48s
epoch 27 | loss: 0.33029 | val_auc: 0.76704 |  0:00:50s
epoch 28 | loss: 0.3249  | val_auc: 0.7708  |  0:00:51s
epoch 29 | loss: 0.32138 | val_auc: 0.76805 |  0:00:53s
epoch 30 | loss: 0.32391 | val_auc: 0.7709  |  0:00:55s
epoch 31 | loss: 0.31887 | val_auc: 0.7661  |  0:00:57s
epoch 32 | loss: 0.32045 | val_auc: 0.76272 |  0:00:58s
epoch 33 | loss: 0.31896 | val_auc: 0.7648  |  0:01:00s
epoch 34 | loss: 0.31018 | val_auc: 0.75327 |  0:01:02s
epoch 35 | loss: 0.3052  | val_auc: 0.75567 |  0:01:04s
epoch 36 | loss: 0.30697 | val_auc: 0.73733 |  0:01:05s

Early stopping occurred at epoch 36 with best_epoch = 21 and best_val_auc = 0.78589
epoch 0  | loss: 0.52383 | val_auc: 0.63275 |  0:00:02s
epoch 1  | loss: 0.41    | val_auc: 0.67702 |  0:00:05s
epoch 2  | loss: 0.37621 | val_auc: 0.70529 |  0:00:07s
epoch 3  | loss: 0.36377 | val_auc: 0.73391 |  0:00:09s
epoch 4  | loss: 0.36426 | val_auc: 0.74167 |  0:00:12s
epoch 5  | loss: 0.35466 | val_auc: 0.74137 |  0:00:14s
epoch 6  | loss: 0.34775 | val_auc: 0.74723 |  0:00:17s
epoch 7  | loss: 0.34988 | val_auc: 0.74824 |  0:00:19s
epoch 8  | loss: 0.34728 | val_auc: 0.74382 |  0:00:21s
epoch 9  | loss: 0.34719 | val_auc: 0.74077 |  0:00:24s
epoch 10 | loss: 0.34427 | val_auc: 0.7515  |  0:00:26s
epoch 11 | loss: 0.34123 | val_auc: 0.75302 |  0:00:28s
epoch 12 | loss: 0.34037 | val_auc: 0.75211 |  0:00:31s
epoch 13 | loss: 0.3415  | val_auc: 0.75516 |  0:00:33s
epoch 14 | loss: 0.33905 | val_auc: 0.75755 |  0:00:35s
epoch 15 | loss: 0.33632 | val_auc: 0.76289 |  0:00:38s
epoch 16 | loss: 0.33541 | val_auc: 0.74355 |  0:00:40s
epoch 17 | loss: 0.33973 | val_auc: 0.75351 |  0:00:43s
epoch 18 | loss: 0.33461 | val_auc: 0.75649 |  0:00:45s
epoch 19 | loss: 0.33032 | val_auc: 0.75699 |  0:00:48s
epoch 20 | loss: 0.32876 | val_auc: 0.75019 |  0:00:50s
epoch 21 | loss: 0.32595 | val_auc: 0.7559  |  0:00:53s
epoch 22 | loss: 0.32335 | val_auc: 0.75326 |  0:00:55s
epoch 23 | loss: 0.31856 | val_auc: 0.74637 |  0:00:57s
epoch 24 | loss: 0.31346 | val_auc: 0.74477 |  0:01:00s
epoch 25 | loss: 0.31241 | val_auc: 0.75276 |  0:01:02s
epoch 26 | loss: 0.30834 | val_auc: 0.73643 |  0:01:04s
epoch 27 | loss: 0.3042  | val_auc: 0.73785 |  0:01:07s
epoch 28 | loss: 0.30459 | val_auc: 0.72212 |  0:01:09s
epoch 29 | loss: 0.30152 | val_auc: 0.73469 |  0:01:11s
epoch 30 | loss: 0.29517 | val_auc: 0.72956 |  0:01:14s

Early stopping occurred at epoch 30 with best_epoch = 15 and best_val_auc = 0.76289
Successfully saved model at /Users/harekrishna/Downloads/credit-default-xai-benchmark 2/results/outputs/prosper_temporal/runs/cutoff_2010-07_seed_99/models/tabnet.pkl.zip
epoch 0  | loss: 0.8507  | val_auc: 0.60254 |  0:00:01s
epoch 1  | loss: 0.58952 | val_auc: 0.70348 |  0:00:02s
epoch 2  | loss: 0.52727 | val_auc: 0.73886 |  0:00:02s
epoch 3  | loss: 0.50825 | val_auc: 0.74037 |  0:00:03s
epoch 4  | loss: 0.44318 | val_auc: 0.76261 |  0:00:04s
epoch 5  | loss: 0.41829 | val_auc: 0.77506 |  0:00:04s
epoch 6  | loss: 0.40027 | val_auc: 0.79946 |  0:00:05s
epoch 7  | loss: 0.40192 | val_auc: 0.81943 |  0:00:06s
epoch 8  | loss: 0.39194 | val_auc: 0.82558 |  0:00:06s
epoch 9  | loss: 0.37651 | val_auc: 0.83256 |  0:00:07s
epoch 10 | loss: 0.37292 | val_auc: 0.82451 |  0:00:08s
epoch 11 | loss: 0.3747  | val_auc: 0.83261 |  0:00:08s
epoch 12 | loss: 0.37891 | val_auc: 0.83224 |  0:00:09s
epoch 13 | loss: 0.36995 | val_auc: 0.83835 |  0:00:09s
epoch 14 | loss: 0.3673  | val_auc: 0.84356 |  0:00:10s
epoch 15 | loss: 0.36679 | val_auc: 0.84074 |  0:00:11s
epoch 16 | loss: 0.36363 | val_auc: 0.84044 |  0:00:11s
epoch 17 | loss: 0.35979 | val_auc: 0.84222 |  0:00:12s
epoch 18 | loss: 0.35988 | val_auc: 0.83872 |  0:00:13s
epoch 19 | loss: 0.359   | val_auc: 0.83809 |  0:00:13s
epoch 20 | loss: 0.35576 | val_auc: 0.83525 |  0:00:14s
epoch 21 | loss: 0.3497  | val_auc: 0.8306  |  0:00:15s
epoch 22 | loss: 0.35245 | val_auc: 0.84111 |  0:00:15s
epoch 23 | loss: 0.35011 | val_auc: 0.83975 |  0:00:16s
epoch 24 | loss: 0.35058 | val_auc: 0.83383 |  0:00:17s
epoch 25 | loss: 0.34715 | val_auc: 0.8323  |  0:00:17s
epoch 26 | loss: 0.34465 | val_auc: 0.83433 |  0:00:18s
epoch 27 | loss: 0.34072 | val_auc: 0.83664 |  0:00:18s
epoch 28 | loss: 0.34379 | val_auc: 0.8376  |  0:00:19s
epoch 29 | loss: 0.34191 | val_auc: 0.84184 |  0:00:20s

Early stopping occurred at epoch 29 with best_epoch = 14 and best_val_auc = 0.84356
epoch 0  | loss: 0.75771 | val_auc: 0.61794 |  0:00:01s
epoch 1  | loss: 0.48815 | val_auc: 0.67917 |  0:00:03s
epoch 2  | loss: 0.4375  | val_auc: 0.72067 |  0:00:04s
epoch 3  | loss: 0.39603 | val_auc: 0.7516  |  0:00:05s
epoch 4  | loss: 0.38732 | val_auc: 0.75756 |  0:00:07s
epoch 5  | loss: 0.37926 | val_auc: 0.76283 |  0:00:08s
epoch 6  | loss: 0.3783  | val_auc: 0.74851 |  0:00:09s
epoch 7  | loss: 0.37424 | val_auc: 0.76216 |  0:00:10s
epoch 8  | loss: 0.37328 | val_auc: 0.76503 |  0:00:12s
epoch 9  | loss: 0.36967 | val_auc: 0.76211 |  0:00:13s
epoch 10 | loss: 0.36937 | val_auc: 0.77157 |  0:00:15s
epoch 11 | loss: 0.36807 | val_auc: 0.77535 |  0:00:16s
epoch 12 | loss: 0.36986 | val_auc: 0.75845 |  0:00:17s
epoch 13 | loss: 0.36749 | val_auc: 0.77462 |  0:00:18s11:03:03  INFO      models.tabnet_model  TabNet trained | device=mps  best_epoch=35  elapsed=67.1s
11:03:03  INFO      models.tabnet_model  Apple MPS backend passed smoke test — using GPU acceleration.
11:03:03  INFO      models.tabnet_model  TabNet starting | device=mps  max_epochs=200  patience=15  batch_size=1024  n_train=23237
11:04:00  INFO      models.tabnet_model  TabNet trained | device=mps  best_epoch=12  elapsed=56.7s
11:04:01  INFO      models.tabnet_model  Apple MPS backend passed smoke test — using GPU acceleration.
11:04:01  INFO      models.tabnet_model  TabNet starting | device=mps  max_epochs=200  patience=15  batch_size=1024  n_train=30982
11:06:27  INFO      models.tabnet_model  TabNet trained | device=mps  best_epoch=39  elapsed=146.1s
11:06:27  INFO      models.tabnet_model  TabNet model saved to /Users/harekrishna/Downloads/credit-default-xai-benchmark 2/results/outputs/prosper_temporal/runs/cutoff_2011-01_seed_42/models/tabnet.pkl
11:06:27  INFO      pipeline  ============================================================
11:06:27  INFO      pipeline  STAGE 4: Evaluation (selection on OOF; test scored once)
11:06:27  INFO      pipeline  ============================================================
11:06:27  INFO      pipeline  XGBoost | OOF AUROC=0.7221  f1*=0.3206 @ t=0.45 | test AUROC=0.6922  F1=0.2277  MCC=0.1501
11:06:27  INFO      pipeline  LightGBM | OOF AUROC=0.7215  f1*=0.3208 @ t=0.16 | test AUROC=0.6806  F1=0.1565  MCC=0.0951
11:06:27  INFO      pipeline  CatBoost | OOF AUROC=0.7236  f1*=0.3219 @ t=0.45 | test AUROC=0.6856  F1=0.1892  MCC=0.1077
11:06:28  INFO      pipeline  Random Forest | OOF AUROC=0.7148  f1*=0.3168 @ t=0.39 | test AUROC=0.6751  F1=0.0863  MCC=0.0857
11:06:28  INFO      pipeline  Logistic Reg. | OOF AUROC=0.7059  f1*=0.3088 @ t=0.56 | test AUROC=0.6777  F1=0.0766  MCC=0.0558
11:06:29  INFO      pipeline  TabNet | OOF AUROC=0.6298  f1*=0.2556 @ t=0.10 | test AUROC=0.6093  F1=0.1843  MCC=0.0945
11:06:29  INFO      pipeline  LaTeX table → /Users/harekrishna/Downloads/credit-default-xai-benchmark 2/results/outputs/prosper_temporal/runs/cutoff_2011-01_seed_42/results/table2_test_metrics.tex
11:06:29  INFO      pipeline  
                AUROC   AUPRC      F1  Precision  Recall  Specificity  G-Mean     MCC   Brier
Model                                                                                        
XGBoost        0.6922  0.1546  0.2277     0.1810  0.3070       0.8826  0.5205  0.1501  0.1181
LightGBM       0.6806  0.1504  0.1565     0.1776  0.1398       0.9453  0.3635  0.0951  0.0698
CatBoost       0.6856  0.1480  0.1892     0.1561  0.2401       0.8903  0.4624  0.1077  0.1223
Random Forest  0.6751  0.1489  0.0863     0.2615  0.0517       0.9877  0.2259  0.0857  0.0882
Logistic Reg.  0.6777  0.1328  0.0766     0.1798  0.0486       0.9812  0.2184  0.0558  0.1241
TabNet         0.6093  0.1155  0.1843     0.1135  0.4894       0.6771  0.5756  0.0945  0.0731
11:06:29  INFO      visualization.plots  Fig 2 saved → /Users/harekrishna/Downloads/credit-default-xai-benchmark 2/results/outputs/prosper_temporal/runs/cutoff_2011-01_seed_42/figures/fig02_roc_curves.pdf
11:06:29  INFO      visualization.plots  Fig 3 saved → /Users/harekrishna/Downloads/credit-default-xai-benchmark 2/results/outputs/prosper_temporal/runs/cutoff_2011-01_seed_42/figures/fig03_pr_curves.pdf
11:06:29  INFO      visualization.plots  Fig 4 saved → /Users/harekrishna/Downloads/credit-default-xai-benchmark 2/results/outputs/prosper_temporal/runs/cutoff_2011-01_seed_42/figures/fig04_confusion_catboost.pdf
11:21:37  INFO      pipeline  Skipping TabNet in Fig 10 ablation (pass --full-ablation to include).
11:21:37  INFO      visualization.plots  Fig 10 saved → /Users/harekrishna/Downloads/credit-default-xai-benchmark 2/results/outputs/prosper_temporal/runs/cutoff_2011-01_seed_42/figures/fig10_smote_ablation.pdf
11:21:37  INFO      pipeline  ============================================================
11:21:37  INFO      pipeline  STAGE 5: SHAP Explanations
11:21:37  INFO      pipeline  ============================================================
11:21:37  INFO      explainability.shap_explainer  SHAP TreeExplainer initialised | output_space=log_odds
11:21:38  INFO      explainability.shap_explainer  SHAP values computed | shape=(2000, 63)
11:21:38  INFO      explainability.shap_explainer  SHAP additivity check | MAE=0.00000 | PASS ✓
11:21:38  INFO      explainability.shap_explainer  Saved SHAP summary → /Users/harekrishna/Downloads/credit-default-xai-benchmark 2/results/outputs/prosper_temporal/runs/cutoff_2011-01_seed_42/figures/fig05a_shap_summary_CatBoost.pdf
11:21:38  INFO      explainability.shap_explainer  Saved SHAP bar → /Users/harekrishna/Downloads/credit-default-xai-benchmark 2/results/outputs/prosper_temporal/runs/cutoff_2011-01_seed_42/figures/fig05b_shap_bar_CatBoost.pdf
11:21:39  INFO      explainability.shap_explainer  Saved SHAP dependence → /Users/harekrishna/Downloads/credit-default-xai-benchmark 2/results/outputs/prosper_temporal/runs/cutoff_2011-01_seed_42/figures/fig06_shap_dep_CreditScoreRangeUpper.pdf
11:21:39  INFO      pipeline  LaTeX table → /Users/harekrishna/Downloads/credit-default-xai-benchmark 2/results/outputs/prosper_temporal/runs/cutoff_2011-01_seed_42/results/table3_shap_ranking.tex
11:21:39  INFO      visualization.plots  Fig 8 saved → /Users/harekrishna/Downloads/credit-default-xai-benchmark 2/results/outputs/prosper_temporal/runs/cutoff_2011-01_seed_42/figures/fig08_importance_comparison.pdf
11:21:40  INFO      visualization.plots  Fig 9 saved → /Users/harekrishna/Downloads/credit-default-xai-benchmark 2/results/outputs/prosper_temporal/runs/cutoff_2011-01_seed_42/figures/fig09_threshold_sweep.pdf
11:21:40  INFO      pipeline  ============================================================
11:21:40  INFO      pipeline  STAGE 6: LIME Explanations
11:21:40  INFO      pipeline  ============================================================
11:21:40  INFO      explainability.lime_explainer  LIME tabular explainer initialised | features=63
11:21:40  INFO      pipeline  Local instances selected: {'TP': 895, 'FP': 1526, 'FN': 767, 'TN': 771}
11:21:40  INFO      explainability.lime_explainer  Saved LIME explanation → /Users/harekrishna/Downloads/credit-default-xai-benchmark 2/results/outputs/prosper_temporal/runs/cutoff_2011-01_seed_42/figures/fig07_tp_lime.pdf
11:21:40  INFO      explainability.lime_explainer  Saved LIME explanation → /Users/harekrishna/Downloads/credit-default-xai-benchmark 2/results/outputs/prosper_temporal/runs/cutoff_2011-01_seed_42/figures/fig07_fp_lime.pdf
11:21:40  INFO      explainability.lime_explainer  Saved LIME explanation → /Users/harekrishna/Downloads/credit-default-xai-benchmark 2/results/outputs/prosper_temporal/runs/cutoff_2011-01_seed_42/figures/fig07_fn_lime.pdf
11:21:41  INFO      explainability.lime_explainer  Saved LIME explanation → /Users/harekrishna/Downloads/credit-default-xai-benchmark 2/results/outputs/prosper_temporal/runs/cutoff_2011-01_seed_42/figures/fig07_tn_lime.pdf
11:21:41  INFO      explainability.lime_explainer  Saved LIME multi-instance grid → /Users/harekrishna/Downloads/credit-default-xai-benchmark 2/results/outputs/prosper_temporal/runs/cutoff_2011-01_seed_42/figures/fig07_lime_multi_instance.pdf
11:21:45  INFO      explainability.lime_explainer  LIME batch complete | n=200
11:21:45  INFO      explainability.lime_explainer  SHAP–LIME agreement | mean ρ=0.435 ± 0.293
11:21:45  INFO      explainability.lime_explainer  LIME tabular explainer initialised | features=63
11:21:46  INFO      explainability.lime_explainer  LIME tabular explainer initialised | features=63
11:21:46  INFO      explainability.lime_explainer  LIME tabular explainer initialised | features=63
11:21:46  INFO      explainability.lime_explainer  LIME tabular explainer initialised | features=63
11:21:47  INFO      explainability.lime_explainer  LIME tabular explainer initialised | features=63
11:21:47  INFO      explainability.lime_explainer  LIME tabular explainer initialised | features=63
11:21:47  INFO      explainability.lime_explainer  LIME tabular explainer initialised | features=63
11:21:47  INFO      explainability.lime_explainer  LIME tabular explainer initialised | features=63
11:21:48  INFO      explainability.lime_explainer  LIME tabular explainer initialised | features=63
11:21:48  INFO      explainability.lime_explainer  LIME tabular explainer initialised | features=63
11:21:48  INFO      explainability.lime_explainer  LIME tabular explainer initialised | features=63
11:21:49  INFO      explainability.lime_explainer  LIME tabular explainer initialised | features=63
11:21:49  INFO      explainability.lime_explainer  LIME tabular explainer initialised | features=63
11:21:49  INFO      explainability.lime_explainer  LIME tabular explainer initialised | features=63
11:21:49  INFO      explainability.lime_explainer  LIME tabular explainer initialised | features=63
11:21:50  INFO      explainability.lime_explainer  LIME tabular explainer initialised | features=63
11:21:50  INFO      explainability.lime_explainer  LIME tabular explainer initialised | features=63
11:21:50  INFO      explainability.lime_explainer  LIME tabular explainer initialised | features=63
11:21:51  INFO      explainability.lime_explainer  LIME tabular explainer initialised | features=63
11:21:51  INFO      explainability.lime_explainer  LIME tabular explainer initialised | features=63
11:21:51  INFO      explainability.lime_explainer  LIME tabular explainer initialised | features=63
11:21:51  INFO      explainability.lime_explainer  LIME tabular explainer initialised | features=63
11:21:52  INFO      explainability.lime_explainer  LIME tabular explainer initialised | features=63
11:21:52  INFO      explainability.lime_explainer  LIME tabular explainer initialised | features=63
11:21:52  INFO      explainability.lime_explainer  LIME tabular explainer initialised | features=63
11:21:53  INFO      explainability.lime_explainer  LIME tabular explainer initialised | features=63
11:21:53  INFO      explainability.lime_explainer  LIME tabular explainer initialised | features=63
11:21:53  INFO      explainability.lime_explainer  LIME tabular explainer initialised | features=63
11:21:53  INFO      explainability.lime_explainer  LIME tabular explainer initialised | features=63
11:21:54  INFO      explainability.lime_explainer  LIME tabular explainer initialised | features=63
11:21:54  INFO      explainability.lime_explainer  LIME tabular explainer initialised | features=63
11:21:54  INFO      explainability.lime_explainer  LIME tabular explainer initialised | features=63
11:21:55  INFO      explainability.lime_explainer  LIME tabular explainer initialised | features=63
11:21:55  INFO      explainability.lime_explainer  LIME tabular explainer initialised | features=63
11:21:55  INFO      explainability.lime_explainer  LIME tabular explainer initialised | features=63
11:21:55  INFO      explainability.lime_explainer  LIME tabular explainer initialised | features=63
11:21:56  INFO      explainability.lime_explainer  LIME tabular explainer initialised | features=63
11:21:56  INFO      explainability.lime_explainer  LIME tabular explainer initialised | features=63
11:21:56  INFO      explainability.lime_explainer  LIME tabular explainer initialised | features=63
11:21:57  INFO      explainability.lime_explainer  LIME tabular explainer initialised | features=63
11:21:57  INFO      explainability.lime_explainer  LIME tabular explainer initialised | features=63
11:21:57  INFO      explainability.lime_explainer  LIME tabular explainer initialised | features=63
11:21:57  INFO      explainability.lime_explainer  LIME tabular explainer initialised | features=63
11:21:58  INFO      explainability.lime_explainer  LIME tabular explainer initialised | features=63
11:21:58  INFO      explainability.lime_explainer  LIME tabular explainer initialised | features=63
11:21:58  INFO      explainability.lime_explainer  LIME tabular explainer initialised | features=63
11:21:59  INFO      explainability.lime_explainer  LIME tabular explainer initialised | features=63
11:21:59  INFO      explainability.lime_explainer  LIME tabular explainer initialised | features=63
11:21:59  INFO      explainability.lime_explainer  LIME tabular explainer initialised | features=63
11:21:59  INFO      explainability.lime_explainer  LIME tabular explainer initialised | features=63
11:22:00  INFO      explainability.lime_explainer  LIME tabular explainer initialised | features=63
11:22:00  INFO      explainability.lime_explainer  LIME tabular explainer initialised | features=63
11:22:00  INFO      explainability.lime_explainer  LIME tabular explainer initialised | features=63
11:22:01  INFO      explainability.lime_explainer  LIME tabular explainer initialised | features=63
11:22:01  INFO      explainability.lime_explainer  LIME tabular explainer initialised | features=63
11:22:01  INFO      explainability.lime_explainer  LIME tabular explainer initialised | features=63
11:22:01  INFO      explainability.lime_explainer  LIME tabular explainer initialised | features=63
11:22:02  INFO      explainability.lime_explainer  LIME tabular explainer initialised | features=63
11:22:02  INFO      explainability.lime_explainer  LIME tabular explainer initialised | features=63
11:22:02  INFO      explainability.lime_explainer  LIME tabular explainer initialised | features=63
11:22:03  INFO      explainability.lime_explainer  LIME tabular explainer initialised | features=63
11:22:03  INFO      explainability.lime_explainer  LIME tabular explainer initialised | features=63
11:22:03  INFO      explainability.lime_explainer  LIME tabular explainer initialised | features=63
11:22:03  INFO      explainability.lime_explainer  LIME tabular explainer initialised | features=63
11:22:04  INFO      explainability.lime_explainer  LIME tabular explainer initialised | features=63
11:22:04  INFO      explainability.lime_explainer  LIME tabular explainer initialised | features=63
11:22:04  INFO      explainability.lime_explainer  LIME tabular explainer initialised | features=63
11:22:05  INFO      explainability.lime_explainer  LIME tabular explainer initialised | features=63
11:22:05  INFO      explainability.lime_explainer  LIME tabular explainer initialised | features=63
11:22:05  INFO      explainability.lime_explainer  LIME tabular explainer initialised | features=63
11:22:05  INFO      explainability.lime_explainer  LIME tabular explainer initialised | features=63
11:22:06  INFO      explainability.lime_explainer  LIME tabular explainer initialised | features=63
11:22:06  INFO      explainability.lime_explainer  LIME tabular explainer initialised | features=63
11:22:06  INFO      explainability.lime_explainer  LIME tabular explainer initialised | features=63
11:22:07  INFO      explainability.lime_explainer  LIME tabular explainer initialised | features=63
11:22:07  INFO      explainability.lime_explainer  LIME tabular explainer initialised | features=63
11:22:07  INFO      explainability.lime_explainer  LIME tabular explainer initialised | features=63
11:22:08  INFO      explainability.lime_explainer  LIME tabular explainer initialised | features=63
11:22:08  INFO      explainability.lime_explainer  LIME tabular explainer initialised | features=63
11:22:08  INFO      explainability.lime_explainer  LIME tabular explainer initialised | features=63
11:22:08  INFO      explainability.lime_explainer  LIME tabular explainer initialised | features=63
11:22:09  INFO      explainability.lime_explainer  LIME tabular explainer initialised | features=63
11:22:09  INFO      explainability.lime_explainer  LIME tabular explainer initialised | features=63
11:22:09  INFO      explainability.lime_explainer  LIME tabular explainer initialised | features=63
11:22:10  INFO      explainability.lime_explainer  LIME tabular explainer initialised | features=63
11:22:10  INFO      explainability.lime_explainer  LIME tabular explainer initialised | features=63
11:22:10  INFO      explainability.lime_explainer  LIME tabular explainer initialised | features=63
11:22:10  INFO      explainability.lime_explainer  LIME tabular explainer initialised | features=63
11:22:11  INFO      explainability.lime_explainer  LIME tabular explainer initialised | features=63
11:22:11  INFO      explainability.lime_explainer  LIME tabular explainer initialised | features=63
11:22:11  INFO      explainability.lime_explainer  LIME tabular explainer initialised | features=63
11:22:12  INFO      explainability.lime_explainer  LIME tabular explainer initialised | features=63
11:22:12  INFO      explainability.lime_explainer  LIME tabular explainer initialised | features=63
11:22:12  INFO      explainability.lime_explainer  LIME tabular explainer initialised | features=63
11:22:12  INFO      explainability.lime_explainer  LIME tabular explainer initialised | features=63
11:22:13  INFO      explainability.lime_explainer  LIME tabular explainer initialised | features=63
11:22:13  INFO      explainability.lime_explainer  LIME tabular explainer initialised | features=63
11:22:13  INFO      explainability.lime_explainer  LIME tabular explainer initialised | features=63
11:22:14  INFO      explainability.lime_explainer  LIME tabular explainer initialised | features=63
11:22:14  INFO      explainability.lime_explainer  LIME tabular explainer initialised | features=63
11:22:14  INFO      explainability.lime_explainer  LIME tabular explainer initialised | features=63
11:22:14  INFO      explainability.lime_explainer  LIME tabular explainer initialised | features=63
11:22:15  INFO      explainability.lime_explainer  LIME tabular explainer initialised | features=63
11:22:15  INFO      explainability.lime_explainer  LIME tabular explainer initialised | features=63
11:22:15  INFO      explainability.lime_explainer  LIME tabular explainer initialised | features=63
11:22:16  INFO      explainability.lime_explainer  LIME tabular explainer initialised | features=63
11:22:16  INFO      explainability.lime_explainer  LIME tabular explainer initialised | features=63
11:22:16  INFO      explainability.lime_explainer  LIME tabular explainer initialised | features=63
11:22:16  INFO      explainability.lime_explainer  LIME tabular explainer initialised | features=63
11:22:17  INFO      explainability.lime_explainer  LIME tabular explainer initialised | features=63
11:22:17  INFO      explainability.lime_explainer  LIME tabular explainer initialised | features=63
11:22:17  INFO      explainability.lime_explainer  LIME tabular explainer initialised | features=63
11:22:18  INFO      explainability.lime_explainer  LIME tabular explainer initialised | features=63
11:22:18  INFO      explainability.lime_explainer  LIME tabular explainer initialised | features=63
11:22:18  INFO      explainability.lime_explainer  LIME tabular explainer initialised | features=63
11:22:18  INFO      explainability.lime_explainer  LIME tabular explainer initialised | features=63
11:22:19  INFO      explainability.lime_explainer  LIME tabular explainer initialised | features=63
11:22:19  INFO      explainability.lime_explainer  LIME tabular explainer initialised | features=63
11:22:19  INFO      explainability.lime_explainer  LIME tabular explainer initialised | features=63
11:22:20  INFO      explainability.lime_explainer  LIME tabular explainer initialised | features=63
11:22:20  INFO      explainability.lime_explainer  LIME tabular explainer initialised | features=63
11:22:20  INFO      explainability.lime_explainer  LIME tabular explainer initialised | features=63
11:22:20  INFO      explainability.lime_explainer  LIME tabular explainer initialised | features=63
11:22:21  INFO      explainability.lime_explainer  LIME tabular explainer initialised | features=63
11:22:21  INFO      explainability.lime_explainer  LIME tabular explainer initialised | features=63
11:22:21  INFO      explainability.lime_explainer  LIME tabular explainer initialised | features=63
11:22:22  INFO      explainability.lime_explainer  LIME tabular explainer initialised | features=63
11:22:22  INFO      explainability.lime_explainer  LIME tabular explainer initialised | features=63
11:22:22  INFO      explainability.lime_explainer  LIME tabular explainer initialised | features=63
11:22:22  INFO      explainability.lime_explainer  LIME tabular explainer initialised | features=63
11:22:23  INFO      explainability.lime_explainer  LIME tabular explainer initialised | features=63
11:22:23  INFO      explainability.lime_explainer  LIME tabular explainer initialised | features=63
11:22:23  INFO      explainability.lime_explainer  LIME tabular explainer initialised | features=63
11:22:24  INFO      explainability.lime_explainer  LIME tabular explainer initialised | features=63
11:22:24  INFO      explainability.lime_explainer  LIME tabular explainer initialised | features=63
11:22:24  INFO      explainability.lime_explainer  LIME tabular explainer initialised | features=63
11:22:24  INFO      explainability.lime_explainer  LIME tabular explainer initialised | features=63
11:22:25  INFO      explainability.lime_explainer  LIME tabular explainer initialised | features=63
11:22:25  INFO      explainability.lime_explainer  LIME tabular explainer initialised | features=63
11:22:25  INFO      explainability.lime_explainer  LIME tabular explainer initialised | features=63
11:22:26  INFO      explainability.lime_explainer  LIME tabular explainer initialised | features=63
11:22:26  INFO      explainability.lime_explainer  LIME tabular explainer initialised | features=63
11:22:26  INFO      explainability.lime_explainer  LIME tabular explainer initialised | features=63
11:22:26  INFO      explainability.lime_explainer  LIME tabular explainer initialised | features=63
11:22:27  INFO      explainability.lime_explainer  LIME tabular explainer initialised | features=63
11:22:27  INFO      explainability.lime_explainer  LIME tabular explainer initialised | features=63
11:22:27  INFO      explainability.lime_explainer  LIME tabular explainer initialised | features=63
11:22:28  INFO      explainability.lime_explainer  LIME tabular explainer initialised | features=63
11:22:28  INFO      explainability.lime_explainer  LIME tabular explainer initialised | features=63
11:22:28  INFO      explainability.lime_explainer  LIME tabular explainer initialised | features=63
11:22:29  INFO      explainability.lime_explainer  LIME tabular explainer initialised | features=63
11:22:29  INFO      explainability.lime_explainer  LIME tabular explainer initialised | features=63
11:22:29  INFO      explainability.lime_explainer  LIME tabular explainer initialised | features=63
11:22:30  INFO      explainability.lime_explainer  LIME tabular explainer initialised | features=63
11:22:30  INFO      explainability.lime_explainer  LIME tabular explainer initialised | features=63
11:22:30  INFO      explainability.lime_explainer  LIME tabular explainer initialised | features=63
11:22:31  INFO      explainability.lime_explainer  LIME tabular explainer initialised | features=63
11:22:31  INFO      explainability.lime_explainer  LIME tabular explainer initialised | features=63
11:22:31  INFO      explainability.lime_explainer  LIME tabular explainer initialised | features=63
11:22:32  INFO      explainability.lime_explainer  LIME tabular explainer initialised | features=63
11:22:32  INFO      explainability.lime_explainer  LIME tabular explainer initialised | features=63
11:22:32  INFO      explainability.lime_explainer  LIME tabular explainer initialised | features=63
11:22:32  INFO      explainability.lime_explainer  LIME tabular explainer initialised | features=63
11:22:33  INFO      explainability.lime_explainer  LIME tabular explainer initialised | features=63
11:22:33  INFO      explainability.lime_explainer  LIME tabular explainer initialised | features=63
11:22:33  INFO      explainability.lime_explainer  LIME tabular explainer initialised | features=63
11:22:33  INFO      explainability.lime_explainer  LIME tabular explainer initialised | features=63
11:22:34  INFO      explainability.lime_explainer  LIME tabular explainer initialised | features=63
11:22:34  INFO      explainability.lime_explainer  LIME tabular explainer initialised | features=63
11:22:34  INFO      explainability.lime_explainer  LIME tabular explainer initialised | features=63
11:22:35  INFO      explainability.lime_explainer  LIME tabular explainer initialised | features=63
11:22:35  INFO      explainability.lime_explainer  LIME tabular explainer initialised | features=63
11:22:35  INFO      explainability.lime_explainer  LIME tabular explainer initialised | features=63
11:22:35  INFO      explainability.lime_explainer  LIME tabular explainer initialised | features=63
11:22:36  INFO      explainability.lime_explainer  LIME tabular explainer initialised | features=63
11:22:36  INFO      explainability.lime_explainer  LIME tabular explainer initialised | features=63
11:22:36  INFO      explainability.lime_explainer  LIME tabular explainer initialised | features=63
11:22:37  INFO      explainability.lime_explainer  LIME tabular explainer initialised | features=63
11:22:37  INFO      explainability.lime_explainer  LIME tabular explainer initialised | features=63
11:22:37  INFO      explainability.lime_explainer  LIME tabular explainer initialised | features=63
11:22:37  INFO      explainability.lime_explainer  LIME tabular explainer initialised | features=63
11:22:38  INFO      explainability.lime_explainer  LIME tabular explainer initialised | features=63
11:22:38  INFO      explainability.lime_explainer  LIME tabular explainer initialised | features=63
11:22:38  INFO      explainability.lime_explainer  LIME tabular explainer initialised | features=63
11:22:39  INFO      explainability.lime_explainer  LIME tabular explainer initialised | features=63
11:22:39  INFO      explainability.lime_explainer  LIME tabular explainer initialised | features=63
11:22:39  INFO      explainability.lime_explainer  LIME tabular explainer initialised | features=63
11:22:40  INFO      explainability.lime_explainer  LIME tabular explainer initialised | features=63
11:22:40  INFO      explainability.lime_explainer  LIME tabular explainer initialised | features=63
11:22:40  INFO      explainability.lime_explainer  LIME tabular explainer initialised | features=63
11:22:40  INFO      explainability.lime_explainer  LIME tabular explainer initialised | features=63
11:22:41  INFO      explainability.lime_explainer  LIME tabular explainer initialised | features=63
11:22:41  INFO      explainability.lime_explainer  LIME tabular explainer initialised | features=63
11:22:41  INFO      explainability.lime_explainer  LIME tabular explainer initialised | features=63
11:22:42  INFO      explainability.lime_explainer  LIME tabular explainer initialised | features=63
11:22:42  INFO      explainability.lime_explainer  LIME tabular explainer initialised | features=63
11:22:42  INFO      explainability.lime_explainer  LIME tabular explainer initialised | features=63
11:22:42  INFO      explainability.lime_explainer  LIME tabular explainer initialised | features=63
11:22:43  INFO      explainability.lime_explainer  LIME tabular explainer initialised | features=63
11:22:43  INFO      explainability.lime_explainer  LIME tabular explainer initialised | features=63
11:22:43  INFO      explainability.lime_explainer  LIME tabular explainer initialised | features=63
11:22:44  INFO      explainability.lime_explainer  LIME tabular explainer initialised | features=63
11:22:44  INFO      explainability.lime_explainer  LIME tabular explainer initialised | features=63
11:22:44  INFO      explainability.lime_explainer  LIME tabular explainer initialised | features=63
11:22:44  INFO      explainability.lime_explainer  LIME tabular explainer initialised | features=63
11:22:45  INFO      explainability.lime_explainer  LIME tabular explainer initialised | features=63
11:22:45  INFO      explainability.lime_explainer  LIME tabular explainer initialised | features=63
11:22:45  INFO      explainability.lime_explainer  LIME tabular explainer initialised | features=63
11:22:46  INFO      explainability.lime_explainer  LIME tabular explainer initialised | features=63
11:22:46  INFO      explainability.lime_explainer  LIME tabular explainer initialised | features=63
11:22:46  INFO      explainability.lime_explainer  LIME tabular explainer initialised | features=63
11:22:46  INFO      explainability.lime_explainer  LIME tabular explainer initialised | features=63
11:22:47  INFO      explainability.lime_explainer  LIME tabular explainer initialised | features=63
11:22:47  INFO      explainability.lime_explainer  LIME tabular explainer initialised | features=63
11:22:47  INFO      explainability.lime_explainer  LIME tabular explainer initialised | features=63
11:22:48  INFO      explainability.lime_explainer  LIME tabular explainer initialised | features=63
11:22:48  INFO      explainability.lime_explainer  LIME tabular explainer initialised | features=63
11:22:48  INFO      explainability.lime_explainer  LIME tabular explainer initialised | features=63
11:22:48  INFO      explainability.lime_explainer  LIME tabular explainer initialised | features=63
11:22:49  INFO      explainability.lime_explainer  LIME tabular explainer initialised | features=63
11:22:49  INFO      explainability.lime_explainer  LIME tabular explainer initialised | features=63
11:22:49  INFO      explainability.lime_explainer  LIME tabular explainer initialised | features=63
11:22:50  INFO      explainability.lime_explainer  LIME tabular explainer initialised | features=63
11:22:50  INFO      explainability.lime_explainer  LIME tabular explainer initialised | features=63
11:22:50  INFO      explainability.lime_explainer  LIME tabular explainer initialised | features=63
11:22:50  INFO      explainability.lime_explainer  LIME tabular explainer initialised | features=63
11:22:51  INFO      explainability.lime_explainer  LIME tabular explainer initialised | features=63
11:22:51  INFO      explainability.lime_explainer  LIME tabular explainer initialised | features=63
11:22:51  INFO      explainability.lime_explainer  LIME tabular explainer initialised | features=63
11:22:52  INFO      explainability.lime_explainer  LIME tabular explainer initialised | features=63
11:22:52  INFO      explainability.lime_explainer  LIME tabular explainer initialised | features=63
11:22:52  INFO      explainability.lime_explainer  LIME tabular explainer initialised | features=63
11:22:52  INFO      explainability.lime_explainer  LIME tabular explainer initialised | features=63
11:22:53  INFO      explainability.lime_explainer  LIME tabular explainer initialised | features=63
11:22:53  INFO      explainability.lime_explainer  LIME tabular explainer initialised | features=63
11:22:53  INFO      explainability.lime_explainer  LIME tabular explainer initialised | features=63
11:22:54  INFO      explainability.lime_explainer  LIME tabular explainer initialised | features=63
11:22:54  INFO      explainability.lime_explainer  LIME tabular explainer initialised | features=63
11:22:54  INFO      explainability.lime_explainer  LIME tabular explainer initialised | features=63
11:22:54  INFO      explainability.lime_explainer  LIME tabular explainer initialised | features=63
11:22:55  INFO      explainability.lime_explainer  LIME tabular explainer initialised | features=63
11:22:55  INFO      explainability.lime_explainer  LIME tabular explainer initialised | features=63
11:22:55  INFO      explainability.lime_explainer  LIME tabular explainer initialised | features=63
11:22:56  INFO      explainability.lime_explainer  LIME tabular explainer initialised | features=63
11:22:56  INFO      explainability.lime_explainer  LIME tabular explainer initialised | features=63
11:22:56  INFO      explainability.lime_explainer  LIME tabular explainer initialised | features=63
11:22:56  INFO      explainability.lime_explainer  LIME tabular explainer initialised | features=63
11:22:57  INFO      explainability.lime_explainer  LIME tabular explainer initialised | features=63
11:22:57  INFO      explainability.lime_explainer  LIME tabular explainer initialised | features=63
11:22:57  INFO      explainability.lime_explainer  LIME tabular explainer initialised | features=63
11:22:58  INFO      explainability.lime_explainer  LIME tabular explainer initialised | features=63
11:22:58  INFO      explainability.lime_explainer  LIME tabular explainer initialised | features=63
11:22:58  INFO      explainability.lime_explainer  LIME tabular explainer initialised | features=63
11:22:58  INFO      explainability.lime_explainer  LIME tabular explainer initialised | features=63
11:22:59  INFO      explainability.lime_explainer  LIME tabular explainer initialised | features=63
11:22:59  INFO      explainability.lime_explainer  LIME tabular explainer initialised | features=63
11:22:59  INFO      explainability.lime_explainer  LIME tabular explainer initialised | features=63
11:23:00  INFO      explainability.lime_explainer  LIME tabular explainer initialised | features=63
11:23:00  INFO      explainability.lime_explainer  LIME tabular explainer initialised | features=63
11:23:00  INFO      explainability.lime_explainer  LIME tabular explainer initialised | features=63
11:23:00  INFO      explainability.lime_explainer  LIME tabular explainer initialised | features=63
11:23:01  INFO      explainability.lime_explainer  LIME tabular explainer initialised | features=63
11:23:01  INFO      explainability.lime_explainer  LIME tabular explainer initialised | features=63
11:23:01  INFO      explainability.lime_explainer  LIME tabular explainer initialised | features=63
11:23:02  INFO      explainability.lime_explainer  LIME tabular explainer initialised | features=63
11:23:02  INFO      explainability.lime_explainer  LIME tabular explainer initialised | features=63
11:23:02  INFO      explainability.lime_explainer  LIME tabular explainer initialised | features=63
11:23:02  INFO      explainability.lime_explainer  LIME tabular explainer initialised | features=63
11:23:03  INFO      explainability.lime_explainer  LIME tabular explainer initialised | features=63
11:23:03  INFO      explainability.lime_explainer  LIME tabular explainer initialised | features=63
11:23:03  INFO      explainability.lime_explainer  LIME tabular explainer initialised | features=63
11:23:04  INFO      explainability.lime_explainer  LIME tabular explainer initialised | features=63
11:23:04  INFO      explainability.lime_explainer  LIME tabular explainer initialised | features=63
11:23:04  INFO      explainability.lime_explainer  LIME tabular explainer initialised | features=63
11:23:04  INFO      explainability.lime_explainer  LIME tabular explainer initialised | features=63
11:23:05  INFO      explainability.lime_explainer  LIME tabular explainer initialised | features=63
11:23:05  INFO      explainability.lime_explainer  LIME tabular explainer initialised | features=63
11:23:05  INFO      explainability.lime_explainer  LIME tabular explainer initialised | features=63
11:23:06  INFO      explainability.lime_explainer  LIME tabular explainer initialised | features=63
11:23:06  INFO      explainability.lime_explainer  LIME tabular explainer initialised | features=63
11:23:06  INFO      explainability.lime_explainer  LIME tabular explainer initialised | features=63
11:23:06  INFO      explainability.lime_explainer  LIME tabular explainer initialised | features=63
11:23:07  INFO      explainability.lime_explainer  LIME tabular explainer initialised | features=63
11:23:07  INFO      explainability.lime_explainer  LIME tabular explainer initialised | features=63
11:23:07  INFO      explainability.lime_explainer  LIME tabular explainer initialised | features=63
11:23:08  INFO      explainability.lime_explainer  LIME tabular explainer initialised | features=63
11:23:08  INFO      explainability.lime_explainer  LIME tabular explainer initialised | features=63
11:23:08  INFO      explainability.lime_explainer  LIME tabular explainer initialised | features=63
11:23:08  INFO      explainability.lime_explainer  LIME tabular explainer initialised | features=63
11:23:09  INFO      explainability.lime_explainer  LIME tabular explainer initialised | features=63
11:23:09  INFO      explainability.lime_explainer  LIME tabular explainer initialised | features=63
11:23:09  INFO      explainability.lime_explainer  LIME tabular explainer initialised | features=63
11:23:10  INFO      explainability.lime_explainer  LIME tabular explainer initialised | features=63
11:23:10  INFO      explainability.lime_explainer  LIME tabular explainer initialised | features=63
11:23:10  INFO      explainability.lime_explainer  LIME tabular explainer initialised | features=63
11:23:10  INFO      explainability.lime_explainer  LIME tabular explainer initialised | features=63
11:23:11  INFO      explainability.lime_explainer  LIME tabular explainer initialised | features=63
11:23:11  INFO      explainability.lime_explainer  LIME tabular explainer initialised | features=63
11:23:11  INFO      explainability.lime_explainer  LIME tabular explainer initialised | features=63
11:23:12  INFO      explainability.lime_explainer  LIME tabular explainer initialised | features=63
11:23:12  INFO      pipeline  LaTeX table → /Users/harekrishna/Downloads/credit-default-xai-benchmark 2/results/outputs/prosper_temporal/runs/cutoff_2011-01_seed_42/results/table5_explanation_quality.tex
11:23:12  INFO      pipeline  LaTeX table → /Users/harekrishna/Downloads/credit-default-xai-benchmark 2/results/outputs/prosper_temporal/runs/cutoff_2011-01_seed_42/results/table4_shap_lime_agreement.tex
11:23:12  INFO      pipeline  ============================================================
11:23:12  INFO      pipeline  STAGE 7: Revision Analyses
11:23:12  INFO      pipeline  ============================================================
11:26:16  INFO      pipeline  RUN cutoff_2011-01_seed_42 COMPLETE | champion CatBoost | OOF AUROC 0.7236 | test AUROC 0.6856
11:26:16  INFO      pipeline  ╔══════════════════════════════════════════════╗
11:26:16  INFO      pipeline  ║  Credit Default Prediction with XAI (v3)     ║
11:26:16  INFO      pipeline  ║  Dataset: prosper                            ║
11:26:16  INFO      pipeline  ║  Run: cutoff_2011-01_seed_99                 ║
11:26:16  INFO      pipeline  ╚══════════════════════════════════════════════╝
11:26:16  INFO      pipeline  ============================================================
11:26:16  INFO      pipeline  STAGE 1: Data Loading, Labelling & Partitioning
11:26:16  INFO      pipeline  ============================================================
11:26:16  INFO      data.data_loader  Loading Prosper loans from /Users/harekrishna/Downloads/credit-default-xai-benchmark 2/data/prosperLoanData.csv
11:26:18  INFO      data.data_loader  Prosper: 113937 rows, 113066 after LoanKey de-duplication
11:26:18  INFO      data.data_loader  Prosper horizon label (H=12 months, snapshot 2014-03-12): 72067 labelled, 40999 censored, default rate 9.70%
11:26:18  INFO      data.data_loader  Skipping UCI-specific engineered features; required columns not present.
11:26:18  INFO      data.data_loader  Skipping UCI-specific engineered features; required columns not present.
11:26:18  INFO      data.data_loader  Dataset loaded | prosper | train=30982  test=4222 | default rate train=13.29% test=7.79% | 8 nominal, 33 continuous
11:26:18  INFO      pipeline  Imbalance stats (train): {"n_total": 30982, "n_majority": 26863, "n_minority": 4119, "imbalance_ratio": 6.5217, "minority_pct": 13.29}
11:26:18  INFO      visualization.plots  Fig 1 saved → /Users/harekrishna/Downloads/credit-default-xai-benchmark 2/results/outputs/prosper_temporal/runs/cutoff_2011-01_seed_99/figures/fig01_class_distribution.pdf
11:26:18  INFO      pipeline  ============================================================
11:26:18  INFO      pipeline  STAGE 2: Imbalance Strategy Ablation (selected on OOF AUROC)
11:26:18  INFO      pipeline  ============================================================
11:26:36  INFO      pipeline  Ablation | SMOTE            | OOF AUROC=0.7066  test AUROC=0.6747
11:26:55  INFO      pipeline  Ablation | BorderlineSMOTE  | OOF AUROC=0.7075  test AUROC=0.6694
11:28:12  INFO      pipeline  Ablation | SVMSMOTE         | OOF AUROC=0.7146  test AUROC=0.6831
11:28:29  INFO      pipeline  Ablation | ADASYN           | OOF AUROC=0.7089  test AUROC=0.6623
11:28:34  INFO      pipeline  Ablation | None             | OOF AUROC=0.7163  test AUROC=0.6813
11:28:36  INFO      pipeline  Ablation | ClassWeight      | OOF AUROC=0.6892  test AUROC=0.6347
11:28:36  INFO      pipeline  Best imbalance strategy (OOF AUROC): None → 0.7163 [probe: LightGBM]
11:28:36  INFO      pipeline  ============================================================
11:28:36  INFO      pipeline  STAGE 3: Model Training (nested tuning, OOF predictions, refit)
11:28:36  INFO      pipeline  ============================================================
11:28:36  INFO      pipeline  Training XGBoost …
11:29:37  INFO      pipeline  XGBoost | per-model strategy=None | OOF AUROC by strategy={'SMOTE': 0.7112, 'BorderlineSMOTE': 0.7092, 'SVMSMOTE': 0.7147, 'ADASYN': 0.7102, 'None': 0.7182, 'ClassWeight': 0.7128}
11:29:37  INFO      pipeline  RandomizedSearchCV | model=XGBoost strategy=None n_iter=12
11:30:00  INFO      pipeline  Training LightGBM …
11:31:14  INFO      pipeline  LightGBM | per-model strategy=None | OOF AUROC by strategy={'SMOTE': 0.7066, 'BorderlineSMOTE': 0.7075, 'SVMSMOTE': 0.7146, 'ADASYN': 0.7089, 'None': 0.7163, 'ClassWeight': 0.6892}
11:31:14  INFO      pipeline  RandomizedSearchCV | model=LightGBM strategy=None n_iter=12
11:31:57  INFO      pipeline  Training CatBoost …
11:33:22  INFO      pipeline  CatBoost | per-model strategy=None | OOF AUROC by strategy={'SMOTE': 0.7151, 'BorderlineSMOTE': 0.7158, 'SVMSMOTE': 0.7145, 'ADASYN': 0.7106, 'None': 0.7198, 'ClassWeight': 0.6973}
11:33:22  INFO      pipeline  RandomizedSearchCV | model=CatBoost strategy=None n_iter=12
11:34:06  INFO      pipeline  Training Random Forest …
11:35:29  INFO      pipeline  Random Forest | per-model strategy=ClassWeight | OOF AUROC by strategy={'SMOTE': 0.7121, 'BorderlineSMOTE': 0.7092, 'SVMSMOTE': 0.7071, 'ADASYN': 0.7096, 'None': 0.7029, 'ClassWeight': 0.7148}
11:35:29  INFO      pipeline  RandomizedSearchCV | model=Random Forest strategy=ClassWeight n_iter=12
11:37:24  INFO      pipeline  Training Logistic Reg. …
11:38:12  INFO      pipeline  Logistic Reg. | per-model strategy=ClassWeight | OOF AUROC by strategy={'SMOTE': 0.6636, 'BorderlineSMOTE': 0.6653, 'SVMSMOTE': 0.673, 'ADASYN': 0.6583, 'None': 0.6922, 'ClassWeight': 0.6968}
11:38:12  INFO      pipeline  RandomizedSearchCV | model=Logistic Reg. strategy=ClassWeight n_iter=12
11:38:20  INFO      pipeline  Training TabNet …
11:38:21  INFO      models.tabnet_model  Apple MPS backend passed smoke test — using GPU acceleration.
11:38:21  INFO      models.tabnet_model  TabNet starting | device=mps  max_epochs=200  patience=15  batch_size=1024  n_train=7747

epoch 14 | loss: 0.36453 | val_auc: 0.77045 |  0:00:20s
epoch 15 | loss: 0.36351 | val_auc: 0.77434 |  0:00:21s
epoch 16 | loss: 0.36623 | val_auc: 0.75887 |  0:00:22s
epoch 17 | loss: 0.36056 | val_auc: 0.77544 |  0:00:23s
epoch 18 | loss: 0.36434 | val_auc: 0.78731 |  0:00:25s
epoch 19 | loss: 0.36273 | val_auc: 0.77362 |  0:00:26s
epoch 20 | loss: 0.36028 | val_auc: 0.7839  |  0:00:27s
epoch 21 | loss: 0.35771 | val_auc: 0.78318 |  0:00:28s
epoch 22 | loss: 0.35828 | val_auc: 0.78632 |  0:00:30s
epoch 23 | loss: 0.35521 | val_auc: 0.7797  |  0:00:31s
epoch 24 | loss: 0.35677 | val_auc: 0.78362 |  0:00:32s
epoch 25 | loss: 0.35905 | val_auc: 0.77756 |  0:00:33s
epoch 26 | loss: 0.35693 | val_auc: 0.78476 |  0:00:35s
epoch 27 | loss: 0.34883 | val_auc: 0.78878 |  0:00:36s
epoch 28 | loss: 0.34876 | val_auc: 0.79382 |  0:00:37s
epoch 29 | loss: 0.34683 | val_auc: 0.79479 |  0:00:38s
epoch 30 | loss: 0.34561 | val_auc: 0.79429 |  0:00:40s
epoch 31 | loss: 0.34291 | val_auc: 0.78385 |  0:00:41s
epoch 32 | loss: 0.34211 | val_auc: 0.78991 |  0:00:42s
epoch 33 | loss: 0.3404  | val_auc: 0.79332 |  0:00:44s
epoch 34 | loss: 0.34271 | val_auc: 0.79458 |  0:00:45s
epoch 35 | loss: 0.34161 | val_auc: 0.79971 |  0:00:46s
epoch 36 | loss: 0.33787 | val_auc: 0.78973 |  0:00:47s
epoch 37 | loss: 0.33857 | val_auc: 0.78605 |  0:00:49s
epoch 38 | loss: 0.34133 | val_auc: 0.78243 |  0:00:50s
epoch 39 | loss: 0.33886 | val_auc: 0.7862  |  0:00:51s
epoch 40 | loss: 0.33487 | val_auc: 0.78762 |  0:00:53s
epoch 41 | loss: 0.33438 | val_auc: 0.78566 |  0:00:54s
epoch 42 | loss: 0.33447 | val_auc: 0.786   |  0:00:55s
epoch 43 | loss: 0.33041 | val_auc: 0.78596 |  0:00:57s
epoch 44 | loss: 0.33022 | val_auc: 0.78925 |  0:00:58s
epoch 45 | loss: 0.3261  | val_auc: 0.78941 |  0:00:59s
epoch 46 | loss: 0.32388 | val_auc: 0.78952 |  0:01:00s
epoch 47 | loss: 0.32718 | val_auc: 0.78865 |  0:01:02s
epoch 48 | loss: 0.32395 | val_auc: 0.79788 |  0:01:03s
epoch 49 | loss: 0.31918 | val_auc: 0.78976 |  0:01:04s
epoch 50 | loss: 0.31665 | val_auc: 0.78236 |  0:01:06s

Early stopping occurred at epoch 50 with best_epoch = 35 and best_val_auc = 0.79971
epoch 0  | loss: 0.64807 | val_auc: 0.6239  |  0:00:03s
epoch 1  | loss: 0.42165 | val_auc: 0.67161 |  0:00:05s
epoch 2  | loss: 0.40369 | val_auc: 0.66956 |  0:00:06s
epoch 3  | loss: 0.39144 | val_auc: 0.7253  |  0:00:08s
epoch 4  | loss: 0.37373 | val_auc: 0.71805 |  0:00:10s
epoch 5  | loss: 0.37425 | val_auc: 0.73219 |  0:00:12s
epoch 6  | loss: 0.37143 | val_auc: 0.72678 |  0:00:14s
epoch 7  | loss: 0.37142 | val_auc: 0.73473 |  0:00:16s
epoch 8  | loss: 0.3697  | val_auc: 0.73562 |  0:00:18s
epoch 9  | loss: 0.37007 | val_auc: 0.7435  |  0:00:20s
epoch 10 | loss: 0.36687 | val_auc: 0.74031 |  0:00:22s
epoch 11 | loss: 0.36556 | val_auc: 0.75461 |  0:00:24s
epoch 12 | loss: 0.36203 | val_auc: 0.75889 |  0:00:26s
epoch 13 | loss: 0.36186 | val_auc: 0.75212 |  0:00:28s
epoch 14 | loss: 0.36127 | val_auc: 0.7469  |  0:00:30s
epoch 15 | loss: 0.35959 | val_auc: 0.75054 |  0:00:32s
epoch 16 | loss: 0.36519 | val_auc: 0.73779 |  0:00:34s
epoch 17 | loss: 0.36228 | val_auc: 0.75031 |  0:00:35s
epoch 18 | loss: 0.35815 | val_auc: 0.74948 |  0:00:37s
epoch 19 | loss: 0.35661 | val_auc: 0.74673 |  0:00:39s
epoch 20 | loss: 0.35746 | val_auc: 0.74494 |  0:00:41s
epoch 21 | loss: 0.35624 | val_auc: 0.75014 |  0:00:43s
epoch 22 | loss: 0.35674 | val_auc: 0.7479  |  0:00:45s
epoch 23 | loss: 0.35828 | val_auc: 0.74014 |  0:00:47s
epoch 24 | loss: 0.35877 | val_auc: 0.74959 |  0:00:49s
epoch 25 | loss: 0.35427 | val_auc: 0.75223 |  0:00:51s
epoch 26 | loss: 0.35594 | val_auc: 0.7486  |  0:00:53s
epoch 27 | loss: 0.35331 | val_auc: 0.75305 |  0:00:55s

Early stopping occurred at epoch 27 with best_epoch = 12 and best_val_auc = 0.75889
epoch 0  | loss: 0.57922 | val_auc: 0.61327 |  0:00:03s
epoch 1  | loss: 0.39884 | val_auc: 0.68392 |  0:00:06s
epoch 2  | loss: 0.37341 | val_auc: 0.70167 |  0:00:08s
epoch 3  | loss: 0.36438 | val_auc: 0.70819 |  0:00:11s
epoch 4  | loss: 0.35627 | val_auc: 0.71059 |  0:00:13s
epoch 5  | loss: 0.35195 | val_auc: 0.72527 |  0:00:16s
epoch 6  | loss: 0.34963 | val_auc: 0.72801 |  0:00:18s
epoch 7  | loss: 0.34981 | val_auc: 0.72877 |  0:00:21s
epoch 8  | loss: 0.35063 | val_auc: 0.73226 |  0:00:23s
epoch 9  | loss: 0.34667 | val_auc: 0.74781 |  0:00:26s
epoch 10 | loss: 0.34528 | val_auc: 0.74169 |  0:00:29s
epoch 11 | loss: 0.34369 | val_auc: 0.74138 |  0:00:32s
epoch 12 | loss: 0.34562 | val_auc: 0.73067 |  0:00:34s
epoch 13 | loss: 0.34113 | val_auc: 0.74666 |  0:00:37s
epoch 14 | loss: 0.34064 | val_auc: 0.74065 |  0:00:39s
epoch 15 | loss: 0.33703 | val_auc: 0.74343 |  0:00:42s
epoch 16 | loss: 0.33575 | val_auc: 0.74227 |  0:00:44s
epoch 17 | loss: 0.33407 | val_auc: 0.74446 |  0:00:47s
epoch 18 | loss: 0.33324 | val_auc: 0.747   |  0:00:49s
epoch 19 | loss: 0.33092 | val_auc: 0.75619 |  0:00:52s
epoch 20 | loss: 0.32831 | val_auc: 0.75478 |  0:00:54s
epoch 21 | loss: 0.32888 | val_auc: 0.74616 |  0:00:57s
epoch 22 | loss: 0.32867 | val_auc: 0.74583 |  0:00:59s
epoch 23 | loss: 0.3274  | val_auc: 0.75228 |  0:01:02s
epoch 24 | loss: 0.32422 | val_auc: 0.75012 |  0:01:04s
epoch 25 | loss: 0.32454 | val_auc: 0.73973 |  0:01:07s
epoch 26 | loss: 0.32529 | val_auc: 0.75449 |  0:01:10s
epoch 27 | loss: 0.32324 | val_auc: 0.74837 |  0:01:13s
epoch 28 | loss: 0.32343 | val_auc: 0.75339 |  0:01:15s
epoch 29 | loss: 0.32425 | val_auc: 0.74536 |  0:01:18s
epoch 30 | loss: 0.32484 | val_auc: 0.74966 |  0:01:20s
epoch 31 | loss: 0.32013 | val_auc: 0.74505 |  0:01:23s
epoch 32 | loss: 0.3206  | val_auc: 0.75666 |  0:01:25s
epoch 33 | loss: 0.32086 | val_auc: 0.75028 |  0:01:28s
epoch 34 | loss: 0.31961 | val_auc: 0.75042 |  0:01:30s
epoch 35 | loss: 0.31565 | val_auc: 0.74776 |  0:01:33s
epoch 36 | loss: 0.31593 | val_auc: 0.75485 |  0:01:36s
epoch 37 | loss: 0.32027 | val_auc: 0.75547 |  0:01:38s
epoch 38 | loss: 0.32046 | val_auc: 0.76032 |  0:01:41s
epoch 39 | loss: 0.31691 | val_auc: 0.76235 |  0:01:44s
epoch 40 | loss: 0.31882 | val_auc: 0.74866 |  0:01:47s
epoch 41 | loss: 0.31683 | val_auc: 0.7473  |  0:01:49s
epoch 42 | loss: 0.31349 | val_auc: 0.75539 |  0:01:52s
epoch 43 | loss: 0.30994 | val_auc: 0.75337 |  0:01:55s
epoch 44 | loss: 0.30795 | val_auc: 0.75154 |  0:01:57s
epoch 45 | loss: 0.30549 | val_auc: 0.7527  |  0:02:00s
epoch 46 | loss: 0.30265 | val_auc: 0.74297 |  0:02:03s
epoch 47 | loss: 0.30174 | val_auc: 0.74845 |  0:02:06s
epoch 48 | loss: 0.29878 | val_auc: 0.74759 |  0:02:08s
epoch 49 | loss: 0.2996  | val_auc: 0.74409 |  0:02:11s
epoch 50 | loss: 0.29992 | val_auc: 0.74127 |  0:02:13s
epoch 51 | loss: 0.30248 | val_auc: 0.74733 |  0:02:16s
epoch 52 | loss: 0.3042  | val_auc: 0.74023 |  0:02:18s
epoch 53 | loss: 0.2983  | val_auc: 0.7469  |  0:02:21s
epoch 54 | loss: 0.29116 | val_auc: 0.74379 |  0:02:24s

Early stopping occurred at epoch 54 with best_epoch = 39 and best_val_auc = 0.76235
Successfully saved model at /Users/harekrishna/Downloads/credit-default-xai-benchmark 2/results/outputs/prosper_temporal/runs/cutoff_2011-01_seed_42/models/tabnet.pkl.zip
epoch 0  | loss: 0.7485  | val_auc: 0.61258 |  0:00:01s
epoch 1  | loss: 0.55644 | val_auc: 0.70336 |  0:00:01s
epoch 2  | loss: 0.50316 | val_auc: 0.73281 |  0:00:02s
epoch 3  | loss: 0.4998  | val_auc: 0.72109 |  0:00:03s
epoch 4  | loss: 0.46364 | val_auc: 0.78041 |  0:00:03s
epoch 5  | loss: 0.41565 | val_auc: 0.77924 |  0:00:04s
epoch 6  | loss: 0.41573 | val_auc: 0.77492 |  0:00:04s
epoch 7  | loss: 0.40147 | val_auc: 0.78147 |  0:00:05s
epoch 8  | loss: 0.39127 | val_auc: 0.78449 |  0:00:06s
epoch 9  | loss: 0.38779 | val_auc: 0.78542 |  0:00:06s
epoch 10 | loss: 0.38342 | val_auc: 0.78167 |  0:00:07s
epoch 11 | loss: 0.37915 | val_auc: 0.7959  |  0:00:08s
epoch 12 | loss: 0.3713  | val_auc: 0.79072 |  0:00:08s
epoch 13 | loss: 0.37033 | val_auc: 0.7889  |  0:00:09s
epoch 14 | loss: 0.37215 | val_auc: 0.79894 |  0:00:10s
epoch 15 | loss: 0.36517 | val_auc: 0.80229 |  0:00:10s
epoch 16 | loss: 0.36189 | val_auc: 0.805   |  0:00:11s
epoch 17 | loss: 0.36254 | val_auc: 0.80305 |  0:00:12s
epoch 18 | loss: 0.35706 | val_auc: 0.81411 |  0:00:13s11:38:54  INFO      models.tabnet_model  TabNet trained | device=mps  best_epoch=32  elapsed=33.7s
11:38:55  INFO      models.tabnet_model  Apple MPS backend passed smoke test — using GPU acceleration.
11:38:55  INFO      models.tabnet_model  TabNet starting | device=mps  max_epochs=200  patience=15  batch_size=1024  n_train=15492
11:39:47  INFO      models.tabnet_model  TabNet trained | device=mps  best_epoch=23  elapsed=52.5s
11:39:48  INFO      models.tabnet_model  Apple MPS backend passed smoke test — using GPU acceleration.
11:39:48  INFO      models.tabnet_model  TabNet starting | device=mps  max_epochs=200  patience=15  batch_size=1024  n_train=23237
11:41:18  INFO      models.tabnet_model  TabNet trained | device=mps  best_epoch=30  elapsed=90.8s
11:41:19  INFO      models.tabnet_model  Apple MPS backend passed smoke test — using GPU acceleration.
11:41:19  INFO      models.tabnet_model  TabNet starting | device=mps  max_epochs=200  patience=15  batch_size=1024  n_train=30982

epoch 19 | loss: 0.35828 | val_auc: 0.81687 |  0:00:13s
epoch 20 | loss: 0.35751 | val_auc: 0.817   |  0:00:14s
epoch 21 | loss: 0.35678 | val_auc: 0.81485 |  0:00:15s
epoch 22 | loss: 0.3541  | val_auc: 0.81397 |  0:00:15s
epoch 23 | loss: 0.35419 | val_auc: 0.81271 |  0:00:16s
epoch 24 | loss: 0.35928 | val_auc: 0.81674 |  0:00:17s
epoch 25 | loss: 0.35354 | val_auc: 0.81299 |  0:00:18s
epoch 26 | loss: 0.34841 | val_auc: 0.82298 |  0:00:18s
epoch 27 | loss: 0.3475  | val_auc: 0.81742 |  0:00:19s
epoch 28 | loss: 0.34398 | val_auc: 0.82134 |  0:00:19s
epoch 29 | loss: 0.34229 | val_auc: 0.82218 |  0:00:20s
epoch 30 | loss: 0.34246 | val_auc: 0.81881 |  0:00:21s
epoch 31 | loss: 0.34038 | val_auc: 0.81767 |  0:00:22s
epoch 32 | loss: 0.34198 | val_auc: 0.82345 |  0:00:22s
epoch 33 | loss: 0.33956 | val_auc: 0.81631 |  0:00:23s
epoch 34 | loss: 0.33627 | val_auc: 0.81467 |  0:00:24s
epoch 35 | loss: 0.33691 | val_auc: 0.81306 |  0:00:25s
epoch 36 | loss: 0.33285 | val_auc: 0.80597 |  0:00:25s
epoch 37 | loss: 0.3362  | val_auc: 0.80978 |  0:00:26s
epoch 38 | loss: 0.33248 | val_auc: 0.81439 |  0:00:27s
epoch 39 | loss: 0.33724 | val_auc: 0.81521 |  0:00:27s
epoch 40 | loss: 0.33348 | val_auc: 0.81057 |  0:00:28s
epoch 41 | loss: 0.32921 | val_auc: 0.81221 |  0:00:28s
epoch 42 | loss: 0.32871 | val_auc: 0.81252 |  0:00:29s
epoch 43 | loss: 0.32774 | val_auc: 0.8079  |  0:00:30s
epoch 44 | loss: 0.32655 | val_auc: 0.81286 |  0:00:30s
epoch 45 | loss: 0.32502 | val_auc: 0.80662 |  0:00:31s
epoch 46 | loss: 0.32368 | val_auc: 0.80445 |  0:00:32s
epoch 47 | loss: 0.32251 | val_auc: 0.80363 |  0:00:32s

Early stopping occurred at epoch 47 with best_epoch = 32 and best_val_auc = 0.82345
epoch 0  | loss: 0.65988 | val_auc: 0.69509 |  0:00:01s
epoch 1  | loss: 0.46007 | val_auc: 0.73806 |  0:00:02s
epoch 2  | loss: 0.40594 | val_auc: 0.75116 |  0:00:03s
epoch 3  | loss: 0.39315 | val_auc: 0.77735 |  0:00:05s
epoch 4  | loss: 0.38121 | val_auc: 0.7609  |  0:00:06s
epoch 5  | loss: 0.3843  | val_auc: 0.77921 |  0:00:07s
epoch 6  | loss: 0.38155 | val_auc: 0.7971  |  0:00:09s
epoch 7  | loss: 0.37397 | val_auc: 0.80822 |  0:00:10s
epoch 8  | loss: 0.37028 | val_auc: 0.80711 |  0:00:11s
epoch 9  | loss: 0.36955 | val_auc: 0.81497 |  0:00:13s
epoch 10 | loss: 0.36841 | val_auc: 0.80648 |  0:00:14s
epoch 11 | loss: 0.36577 | val_auc: 0.81048 |  0:00:15s
epoch 12 | loss: 0.36619 | val_auc: 0.8083  |  0:00:16s
epoch 13 | loss: 0.36125 | val_auc: 0.81428 |  0:00:18s
epoch 14 | loss: 0.35948 | val_auc: 0.81973 |  0:00:19s
epoch 15 | loss: 0.36141 | val_auc: 0.81361 |  0:00:20s
epoch 16 | loss: 0.36157 | val_auc: 0.81225 |  0:00:22s
epoch 17 | loss: 0.36022 | val_auc: 0.81389 |  0:00:23s
epoch 18 | loss: 0.35652 | val_auc: 0.82326 |  0:00:25s
epoch 19 | loss: 0.35548 | val_auc: 0.82096 |  0:00:26s
epoch 20 | loss: 0.35444 | val_auc: 0.82184 |  0:00:27s
epoch 21 | loss: 0.35688 | val_auc: 0.80885 |  0:00:28s
epoch 22 | loss: 0.35659 | val_auc: 0.80904 |  0:00:30s
epoch 23 | loss: 0.35608 | val_auc: 0.82476 |  0:00:31s
epoch 24 | loss: 0.35591 | val_auc: 0.81782 |  0:00:32s
epoch 25 | loss: 0.35365 | val_auc: 0.81214 |  0:00:34s
epoch 26 | loss: 0.35441 | val_auc: 0.82452 |  0:00:35s
epoch 27 | loss: 0.35235 | val_auc: 0.82322 |  0:00:36s
epoch 28 | loss: 0.35179 | val_auc: 0.80993 |  0:00:37s
epoch 29 | loss: 0.35153 | val_auc: 0.81048 |  0:00:39s
epoch 30 | loss: 0.35189 | val_auc: 0.8098  |  0:00:40s
epoch 31 | loss: 0.34674 | val_auc: 0.8187  |  0:00:42s
epoch 32 | loss: 0.34323 | val_auc: 0.81525 |  0:00:43s
epoch 33 | loss: 0.34409 | val_auc: 0.81808 |  0:00:44s
epoch 34 | loss: 0.34152 | val_auc: 0.81588 |  0:00:45s
epoch 35 | loss: 0.34153 | val_auc: 0.8152  |  0:00:47s
epoch 36 | loss: 0.33828 | val_auc: 0.80764 |  0:00:48s
epoch 37 | loss: 0.33911 | val_auc: 0.81578 |  0:00:49s
epoch 38 | loss: 0.33855 | val_auc: 0.81461 |  0:00:51s

Early stopping occurred at epoch 38 with best_epoch = 23 and best_val_auc = 0.82476
epoch 0  | loss: 0.56703 | val_auc: 0.6883  |  0:00:02s
epoch 1  | loss: 0.43636 | val_auc: 0.73121 |  0:00:03s
epoch 2  | loss: 0.38947 | val_auc: 0.78165 |  0:00:05s
epoch 3  | loss: 0.37529 | val_auc: 0.75538 |  0:00:07s
epoch 4  | loss: 0.37144 | val_auc: 0.77766 |  0:00:10s
epoch 5  | loss: 0.3679  | val_auc: 0.77956 |  0:00:12s
epoch 6  | loss: 0.36509 | val_auc: 0.78108 |  0:00:13s
epoch 7  | loss: 0.35968 | val_auc: 0.78488 |  0:00:15s
epoch 8  | loss: 0.36178 | val_auc: 0.77753 |  0:00:18s
epoch 9  | loss: 0.35708 | val_auc: 0.77755 |  0:00:20s
epoch 10 | loss: 0.3544  | val_auc: 0.7931  |  0:00:22s
epoch 11 | loss: 0.35319 | val_auc: 0.80024 |  0:00:24s
epoch 12 | loss: 0.34999 | val_auc: 0.79758 |  0:00:26s
epoch 13 | loss: 0.3475  | val_auc: 0.79928 |  0:00:28s
epoch 14 | loss: 0.34664 | val_auc: 0.79645 |  0:00:29s
epoch 15 | loss: 0.34411 | val_auc: 0.80468 |  0:00:31s
epoch 16 | loss: 0.34321 | val_auc: 0.79569 |  0:00:33s
epoch 17 | loss: 0.34098 | val_auc: 0.80148 |  0:00:35s
epoch 18 | loss: 0.3414  | val_auc: 0.78942 |  0:00:37s
epoch 19 | loss: 0.34285 | val_auc: 0.80155 |  0:00:39s
epoch 20 | loss: 0.33876 | val_auc: 0.79207 |  0:00:41s
epoch 21 | loss: 0.34197 | val_auc: 0.78833 |  0:00:43s
epoch 22 | loss: 0.33864 | val_auc: 0.79853 |  0:00:45s
epoch 23 | loss: 0.33594 | val_auc: 0.80153 |  0:00:47s
epoch 24 | loss: 0.33663 | val_auc: 0.79944 |  0:00:49s
epoch 25 | loss: 0.33356 | val_auc: 0.79845 |  0:00:51s
epoch 26 | loss: 0.33591 | val_auc: 0.80329 |  0:00:53s
epoch 27 | loss: 0.33386 | val_auc: 0.8     |  0:00:55s
epoch 28 | loss: 0.33283 | val_auc: 0.80371 |  0:00:56s
epoch 29 | loss: 0.32994 | val_auc: 0.79439 |  0:00:58s
epoch 30 | loss: 0.32883 | val_auc: 0.80507 |  0:01:00s
epoch 31 | loss: 0.32384 | val_auc: 0.80484 |  0:01:02s
epoch 32 | loss: 0.32099 | val_auc: 0.80288 |  0:01:04s
epoch 33 | loss: 0.31941 | val_auc: 0.79389 |  0:01:06s
epoch 34 | loss: 0.31865 | val_auc: 0.79387 |  0:01:08s
epoch 35 | loss: 0.31712 | val_auc: 0.80094 |  0:01:10s
epoch 36 | loss: 0.31238 | val_auc: 0.79602 |  0:01:12s
epoch 37 | loss: 0.30756 | val_auc: 0.78959 |  0:01:14s
epoch 38 | loss: 0.30778 | val_auc: 0.79121 |  0:01:16s
epoch 39 | loss: 0.30894 | val_auc: 0.78849 |  0:01:18s
epoch 40 | loss: 0.3027  | val_auc: 0.77943 |  0:01:19s
epoch 41 | loss: 0.30356 | val_auc: 0.7814  |  0:01:21s
epoch 42 | loss: 0.29831 | val_auc: 0.7828  |  0:01:23s
epoch 43 | loss: 0.29208 | val_auc: 0.76782 |  0:01:25s
epoch 44 | loss: 0.2924  | val_auc: 0.78184 |  0:01:27s
epoch 45 | loss: 0.29076 | val_auc: 0.76894 |  0:01:29s

Early stopping occurred at epoch 45 with best_epoch = 30 and best_val_auc = 0.80507
epoch 0  | loss: 0.57078 | val_auc: 0.65059 |  0:00:02s
epoch 1  | loss: 0.38347 | val_auc: 0.69816 |  0:00:05s
epoch 2  | loss: 0.36585 | val_auc: 0.69422 |  0:00:07s
epoch 3  | loss: 0.36001 | val_auc: 0.71851 |  0:00:11s
epoch 4  | loss: 0.35118 | val_auc: 0.72794 |  0:00:13s
epoch 5  | loss: 0.34963 | val_auc: 0.74278 |  0:00:16s
epoch 6  | loss: 0.34549 | val_auc: 0.74831 |  0:00:18s
epoch 7  | loss: 0.34273 | val_auc: 0.75691 |  0:00:21s
epoch 8  | loss: 0.34121 | val_auc: 0.76009 |  0:00:24s
epoch 9  | loss: 0.33757 | val_auc: 0.75318 |  0:00:26s
epoch 10 | loss: 0.33764 | val_auc: 0.7673  |  0:00:29s
epoch 11 | loss: 0.33544 | val_auc: 0.76048 |  0:00:31s
epoch 12 | loss: 0.33435 | val_auc: 0.76714 |  0:00:34s
epoch 13 | loss: 0.32881 | val_auc: 0.76372 |  0:00:36s
epoch 14 | loss: 0.32652 | val_auc: 0.76155 |  0:00:39s
epoch 15 | loss: 0.32468 | val_auc: 0.76763 |  0:00:41s
epoch 16 | loss: 0.32287 | val_auc: 0.76231 |  0:00:44s
epoch 17 | loss: 0.32058 | val_auc: 0.76236 |  0:00:46s
epoch 18 | loss: 0.31934 | val_auc: 0.76196 |  0:00:49s
epoch 19 | loss: 0.3172  | val_auc: 0.76624 |  0:00:52s
epoch 20 | loss: 0.31466 | val_auc: 0.76012 |  0:00:54s
epoch 21 | loss: 0.31318 | val_auc: 0.75633 |  0:00:57s
epoch 22 | loss: 0.31167 | val_auc: 0.75471 |  0:00:59s
epoch 23 | loss: 0.30844 | val_auc: 0.74721 |  0:01:02s
epoch 24 | loss: 0.30487 | val_auc: 0.74829 |  0:01:04s
epoch 25 | loss: 0.302   | val_auc: 0.74861 |  0:01:07s
epoch 26 | loss: 0.30355 | val_auc: 0.75367 |  0:01:09s
epoch 27 | loss: 0.3024  | val_auc: 0.74527 |  0:01:12s11:42:41  INFO      models.tabnet_model  TabNet trained | device=mps  best_epoch=15  elapsed=81.9s
11:42:41  INFO      models.tabnet_model  TabNet model saved to /Users/harekrishna/Downloads/credit-default-xai-benchmark 2/results/outputs/prosper_temporal/runs/cutoff_2011-01_seed_99/models/tabnet.pkl
11:42:41  INFO      pipeline  ============================================================
11:42:41  INFO      pipeline  STAGE 4: Evaluation (selection on OOF; test scored once)
11:42:41  INFO      pipeline  ============================================================
11:42:41  INFO      pipeline  XGBoost | OOF AUROC=0.7205  f1*=0.3198 @ t=0.15 | test AUROC=0.6877  F1=0.1166  MCC=0.0835
11:42:41  INFO      pipeline  LightGBM | OOF AUROC=0.7216  f1*=0.3240 @ t=0.18 | test AUROC=0.6862  F1=0.1132  MCC=0.0989
11:42:42  INFO      pipeline  CatBoost | OOF AUROC=0.7221  f1*=0.3216 @ t=0.15 | test AUROC=0.6814  F1=0.1179  MCC=0.0870
11:42:42  INFO      pipeline  Random Forest | OOF AUROC=0.7138  f1*=0.3178 @ t=0.38 | test AUROC=0.6562  F1=0.0983  MCC=0.0914
11:42:42  INFO      pipeline  Logistic Reg. | OOF AUROC=0.7059  f1*=0.3088 @ t=0.56 | test AUROC=0.6777  F1=0.0766  MCC=0.0558
11:42:43  INFO      pipeline  TabNet | OOF AUROC=0.6618  f1*=0.2805 @ t=0.18 | test AUROC=0.6559  F1=0.0989  MCC=0.0701
11:42:43  INFO      pipeline  LaTeX table → /Users/harekrishna/Downloads/credit-default-xai-benchmark 2/results/outputs/prosper_temporal/runs/cutoff_2011-01_seed_99/results/table2_test_metrics.tex
11:42:43  INFO      pipeline  
                AUROC   AUPRC      F1  Precision  Recall  Specificity  G-Mean     MCC   Brier
Model                                                                                        
XGBoost        0.6877  0.1464  0.1166     0.2015  0.0821       0.9725  0.2825  0.0835  0.0698
LightGBM       0.6862  0.1497  0.1132     0.2526  0.0729       0.9818  0.2676  0.0989  0.0697
CatBoost       0.6814  0.1423  0.1179     0.2093  0.0821       0.9738  0.2827  0.0870  0.0700
Random Forest  0.6562  0.1445  0.0983     0.2564  0.0608       0.9851  0.2447  0.0914  0.0888
Logistic Reg.  0.6777  0.1328  0.0766     0.1798  0.0486       0.9812  0.2184  0.0558  0.1241
TabNet         0.6559  0.1242  0.0989     0.1897  0.0669       0.9759  0.2554  0.0701  0.0706
11:42:43  INFO      visualization.plots  Fig 2 saved → /Users/harekrishna/Downloads/credit-default-xai-benchmark 2/results/outputs/prosper_temporal/runs/cutoff_2011-01_seed_99/figures/fig02_roc_curves.pdf
11:42:43  INFO      visualization.plots  Fig 3 saved → /Users/harekrishna/Downloads/credit-default-xai-benchmark 2/results/outputs/prosper_temporal/runs/cutoff_2011-01_seed_99/figures/fig03_pr_curves.pdf
11:42:43  INFO      visualization.plots  Fig 4 saved → /Users/harekrishna/Downloads/credit-default-xai-benchmark 2/results/outputs/prosper_temporal/runs/cutoff_2011-01_seed_99/figures/fig04_confusion_catboost.pdf
11:57:49  INFO      pipeline  Skipping TabNet in Fig 10 ablation (pass --full-ablation to include).
11:57:49  INFO      visualization.plots  Fig 10 saved → /Users/harekrishna/Downloads/credit-default-xai-benchmark 2/results/outputs/prosper_temporal/runs/cutoff_2011-01_seed_99/figures/fig10_smote_ablation.pdf
11:57:49  INFO      pipeline  ============================================================
11:57:49  INFO      pipeline  STAGE 5: SHAP Explanations
11:57:49  INFO      pipeline  ============================================================
11:57:49  INFO      explainability.shap_explainer  SHAP TreeExplainer initialised | output_space=log_odds
11:57:49  INFO      explainability.shap_explainer  SHAP values computed | shape=(2000, 63)
11:57:49  INFO      explainability.shap_explainer  SHAP additivity check | MAE=0.00000 | PASS ✓
11:57:50  INFO      explainability.shap_explainer  Saved SHAP summary → /Users/harekrishna/Downloads/credit-default-xai-benchmark 2/results/outputs/prosper_temporal/runs/cutoff_2011-01_seed_99/figures/fig05a_shap_summary_CatBoost.pdf
11:57:50  INFO      explainability.shap_explainer  Saved SHAP bar → /Users/harekrishna/Downloads/credit-default-xai-benchmark 2/results/outputs/prosper_temporal/runs/cutoff_2011-01_seed_99/figures/fig05b_shap_bar_CatBoost.pdf
11:57:51  INFO      explainability.shap_explainer  Saved SHAP dependence → /Users/harekrishna/Downloads/credit-default-xai-benchmark 2/results/outputs/prosper_temporal/runs/cutoff_2011-01_seed_99/figures/fig06_shap_dep_LoanOriginalAmount.pdf
11:57:51  INFO      pipeline  LaTeX table → /Users/harekrishna/Downloads/credit-default-xai-benchmark 2/results/outputs/prosper_temporal/runs/cutoff_2011-01_seed_99/results/table3_shap_ranking.tex
11:57:51  INFO      visualization.plots  Fig 8 saved → /Users/harekrishna/Downloads/credit-default-xai-benchmark 2/results/outputs/prosper_temporal/runs/cutoff_2011-01_seed_99/figures/fig08_importance_comparison.pdf
11:57:52  INFO      visualization.plots  Fig 9 saved → /Users/harekrishna/Downloads/credit-default-xai-benchmark 2/results/outputs/prosper_temporal/runs/cutoff_2011-01_seed_99/figures/fig09_threshold_sweep.pdf
11:57:52  INFO      pipeline  ============================================================
11:57:52  INFO      pipeline  STAGE 6: LIME Explanations
11:57:52  INFO      pipeline  ============================================================
11:57:52  INFO      explainability.lime_explainer  LIME tabular explainer initialised | features=63
11:57:52  INFO      pipeline  Local instances selected: {'TP': 3967, 'FP': 2494, 'FN': 337, 'TN': 3629}
11:57:52  INFO      explainability.lime_explainer  Saved LIME explanation → /Users/harekrishna/Downloads/credit-default-xai-benchmark 2/results/outputs/prosper_temporal/runs/cutoff_2011-01_seed_99/figures/fig07_tp_lime.pdf
11:57:52  INFO      explainability.lime_explainer  Saved LIME explanation → /Users/harekrishna/Downloads/credit-default-xai-benchmark 2/results/outputs/prosper_temporal/runs/cutoff_2011-01_seed_99/figures/fig07_fp_lime.pdf
11:57:52  INFO      explainability.lime_explainer  Saved LIME explanation → /Users/harekrishna/Downloads/credit-default-xai-benchmark 2/results/outputs/prosper_temporal/runs/cutoff_2011-01_seed_99/figures/fig07_fn_lime.pdf
11:57:52  INFO      explainability.lime_explainer  Saved LIME explanation → /Users/harekrishna/Downloads/credit-default-xai-benchmark 2/results/outputs/prosper_temporal/runs/cutoff_2011-01_seed_99/figures/fig07_tn_lime.pdf
11:57:53  INFO      explainability.lime_explainer  Saved LIME multi-instance grid → /Users/harekrishna/Downloads/credit-default-xai-benchmark 2/results/outputs/prosper_temporal/runs/cutoff_2011-01_seed_99/figures/fig07_lime_multi_instance.pdf
11:57:57  INFO      explainability.lime_explainer  LIME batch complete | n=200
11:57:57  INFO      explainability.lime_explainer  SHAP–LIME agreement | mean ρ=0.428 ± 0.258
11:57:57  INFO      explainability.lime_explainer  LIME tabular explainer initialised | features=63
11:57:58  INFO      explainability.lime_explainer  LIME tabular explainer initialised | features=63
11:57:58  INFO      explainability.lime_explainer  LIME tabular explainer initialised | features=63
11:57:58  INFO      explainability.lime_explainer  LIME tabular explainer initialised | features=63
11:57:58  INFO      explainability.lime_explainer  LIME tabular explainer initialised | features=63
11:57:59  INFO      explainability.lime_explainer  LIME tabular explainer initialised | features=63
11:57:59  INFO      explainability.lime_explainer  LIME tabular explainer initialised | features=63
11:57:59  INFO      explainability.lime_explainer  LIME tabular explainer initialised | features=63
11:58:00  INFO      explainability.lime_explainer  LIME tabular explainer initialised | features=63
11:58:00  INFO      explainability.lime_explainer  LIME tabular explainer initialised | features=63
11:58:00  INFO      explainability.lime_explainer  LIME tabular explainer initialised | features=63
11:58:00  INFO      explainability.lime_explainer  LIME tabular explainer initialised | features=63
11:58:01  INFO      explainability.lime_explainer  LIME tabular explainer initialised | features=63
11:58:01  INFO      explainability.lime_explainer  LIME tabular explainer initialised | features=63
11:58:01  INFO      explainability.lime_explainer  LIME tabular explainer initialised | features=63
11:58:02  INFO      explainability.lime_explainer  LIME tabular explainer initialised | features=63
11:58:02  INFO      explainability.lime_explainer  LIME tabular explainer initialised | features=63
11:58:02  INFO      explainability.lime_explainer  LIME tabular explainer initialised | features=63
11:58:02  INFO      explainability.lime_explainer  LIME tabular explainer initialised | features=63
11:58:03  INFO      explainability.lime_explainer  LIME tabular explainer initialised | features=63
11:58:03  INFO      explainability.lime_explainer  LIME tabular explainer initialised | features=63
11:58:03  INFO      explainability.lime_explainer  LIME tabular explainer initialised | features=63
11:58:04  INFO      explainability.lime_explainer  LIME tabular explainer initialised | features=63
11:58:04  INFO      explainability.lime_explainer  LIME tabular explainer initialised | features=63
11:58:04  INFO      explainability.lime_explainer  LIME tabular explainer initialised | features=63
11:58:04  INFO      explainability.lime_explainer  LIME tabular explainer initialised | features=63
11:58:05  INFO      explainability.lime_explainer  LIME tabular explainer initialised | features=63
11:58:05  INFO      explainability.lime_explainer  LIME tabular explainer initialised | features=63
11:58:05  INFO      explainability.lime_explainer  LIME tabular explainer initialised | features=63
11:58:06  INFO      explainability.lime_explainer  LIME tabular explainer initialised | features=63
11:58:06  INFO      explainability.lime_explainer  LIME tabular explainer initialised | features=63
11:58:06  INFO      explainability.lime_explainer  LIME tabular explainer initialised | features=63
11:58:06  INFO      explainability.lime_explainer  LIME tabular explainer initialised | features=63
11:58:07  INFO      explainability.lime_explainer  LIME tabular explainer initialised | features=63
11:58:07  INFO      explainability.lime_explainer  LIME tabular explainer initialised | features=63
11:58:07  INFO      explainability.lime_explainer  LIME tabular explainer initialised | features=63
11:58:08  INFO      explainability.lime_explainer  LIME tabular explainer initialised | features=63
11:58:08  INFO      explainability.lime_explainer  LIME tabular explainer initialised | features=63
11:58:08  INFO      explainability.lime_explainer  LIME tabular explainer initialised | features=63
11:58:08  INFO      explainability.lime_explainer  LIME tabular explainer initialised | features=63
11:58:09  INFO      explainability.lime_explainer  LIME tabular explainer initialised | features=63
11:58:09  INFO      explainability.lime_explainer  LIME tabular explainer initialised | features=63
11:58:09  INFO      explainability.lime_explainer  LIME tabular explainer initialised | features=63
11:58:10  INFO      explainability.lime_explainer  LIME tabular explainer initialised | features=63
11:58:10  INFO      explainability.lime_explainer  LIME tabular explainer initialised | features=63
11:58:10  INFO      explainability.lime_explainer  LIME tabular explainer initialised | features=63
11:58:10  INFO      explainability.lime_explainer  LIME tabular explainer initialised | features=63
11:58:11  INFO      explainability.lime_explainer  LIME tabular explainer initialised | features=63
11:58:11  INFO      explainability.lime_explainer  LIME tabular explainer initialised | features=63
11:58:11  INFO      explainability.lime_explainer  LIME tabular explainer initialised | features=63
11:58:12  INFO      explainability.lime_explainer  LIME tabular explainer initialised | features=63
11:58:12  INFO      explainability.lime_explainer  LIME tabular explainer initialised | features=63
11:58:12  INFO      explainability.lime_explainer  LIME tabular explainer initialised | features=63
11:58:12  INFO      explainability.lime_explainer  LIME tabular explainer initialised | features=63
11:58:13  INFO      explainability.lime_explainer  LIME tabular explainer initialised | features=63
11:58:13  INFO      explainability.lime_explainer  LIME tabular explainer initialised | features=63
11:58:13  INFO      explainability.lime_explainer  LIME tabular explainer initialised | features=63
11:58:14  INFO      explainability.lime_explainer  LIME tabular explainer initialised | features=63
11:58:14  INFO      explainability.lime_explainer  LIME tabular explainer initialised | features=63
11:58:14  INFO      explainability.lime_explainer  LIME tabular explainer initialised | features=63
11:58:14  INFO      explainability.lime_explainer  LIME tabular explainer initialised | features=63
11:58:15  INFO      explainability.lime_explainer  LIME tabular explainer initialised | features=63
11:58:15  INFO      explainability.lime_explainer  LIME tabular explainer initialised | features=63
11:58:15  INFO      explainability.lime_explainer  LIME tabular explainer initialised | features=63
11:58:16  INFO      explainability.lime_explainer  LIME tabular explainer initialised | features=63
11:58:16  INFO      explainability.lime_explainer  LIME tabular explainer initialised | features=63
11:58:16  INFO      explainability.lime_explainer  LIME tabular explainer initialised | features=63
11:58:16  INFO      explainability.lime_explainer  LIME tabular explainer initialised | features=63
11:58:17  INFO      explainability.lime_explainer  LIME tabular explainer initialised | features=63
11:58:17  INFO      explainability.lime_explainer  LIME tabular explainer initialised | features=63
11:58:17  INFO      explainability.lime_explainer  LIME tabular explainer initialised | features=63
11:58:18  INFO      explainability.lime_explainer  LIME tabular explainer initialised | features=63
11:58:18  INFO      explainability.lime_explainer  LIME tabular explainer initialised | features=63
11:58:18  INFO      explainability.lime_explainer  LIME tabular explainer initialised | features=63
11:58:18  INFO      explainability.lime_explainer  LIME tabular explainer initialised | features=63
11:58:19  INFO      explainability.lime_explainer  LIME tabular explainer initialised | features=63
11:58:19  INFO      explainability.lime_explainer  LIME tabular explainer initialised | features=63
11:58:19  INFO      explainability.lime_explainer  LIME tabular explainer initialised | features=63
11:58:20  INFO      explainability.lime_explainer  LIME tabular explainer initialised | features=63
11:58:20  INFO      explainability.lime_explainer  LIME tabular explainer initialised | features=63
11:58:20  INFO      explainability.lime_explainer  LIME tabular explainer initialised | features=63
11:58:20  INFO      explainability.lime_explainer  LIME tabular explainer initialised | features=63
11:58:21  INFO      explainability.lime_explainer  LIME tabular explainer initialised | features=63
11:58:21  INFO      explainability.lime_explainer  LIME tabular explainer initialised | features=63
11:58:21  INFO      explainability.lime_explainer  LIME tabular explainer initialised | features=63
11:58:22  INFO      explainability.lime_explainer  LIME tabular explainer initialised | features=63
11:58:22  INFO      explainability.lime_explainer  LIME tabular explainer initialised | features=63
11:58:22  INFO      explainability.lime_explainer  LIME tabular explainer initialised | features=63
11:58:22  INFO      explainability.lime_explainer  LIME tabular explainer initialised | features=63
11:58:23  INFO      explainability.lime_explainer  LIME tabular explainer initialised | features=63
11:58:23  INFO      explainability.lime_explainer  LIME tabular explainer initialised | features=63
11:58:23  INFO      explainability.lime_explainer  LIME tabular explainer initialised | features=63
11:58:24  INFO      explainability.lime_explainer  LIME tabular explainer initialised | features=63
11:58:24  INFO      explainability.lime_explainer  LIME tabular explainer initialised | features=63
11:58:24  INFO      explainability.lime_explainer  LIME tabular explainer initialised | features=63
11:58:24  INFO      explainability.lime_explainer  LIME tabular explainer initialised | features=63
11:58:25  INFO      explainability.lime_explainer  LIME tabular explainer initialised | features=63
11:58:25  INFO      explainability.lime_explainer  LIME tabular explainer initialised | features=63
11:58:25  INFO      explainability.lime_explainer  LIME tabular explainer initialised | features=63
11:58:26  INFO      explainability.lime_explainer  LIME tabular explainer initialised | features=63
11:58:26  INFO      explainability.lime_explainer  LIME tabular explainer initialised | features=63
11:58:26  INFO      explainability.lime_explainer  LIME tabular explainer initialised | features=63
11:58:27  INFO      explainability.lime_explainer  LIME tabular explainer initialised | features=63
11:58:27  INFO      explainability.lime_explainer  LIME tabular explainer initialised | features=63
11:58:27  INFO      explainability.lime_explainer  LIME tabular explainer initialised | features=63
11:58:27  INFO      explainability.lime_explainer  LIME tabular explainer initialised | features=63
11:58:28  INFO      explainability.lime_explainer  LIME tabular explainer initialised | features=63
11:58:28  INFO      explainability.lime_explainer  LIME tabular explainer initialised | features=63
11:58:28  INFO      explainability.lime_explainer  LIME tabular explainer initialised | features=63
11:58:29  INFO      explainability.lime_explainer  LIME tabular explainer initialised | features=63
11:58:29  INFO      explainability.lime_explainer  LIME tabular explainer initialised | features=63
11:58:29  INFO      explainability.lime_explainer  LIME tabular explainer initialised | features=63
11:58:30  INFO      explainability.lime_explainer  LIME tabular explainer initialised | features=63
11:58:30  INFO      explainability.lime_explainer  LIME tabular explainer initialised | features=63
11:58:30  INFO      explainability.lime_explainer  LIME tabular explainer initialised | features=63
11:58:30  INFO      explainability.lime_explainer  LIME tabular explainer initialised | features=63
11:58:31  INFO      explainability.lime_explainer  LIME tabular explainer initialised | features=63
11:58:31  INFO      explainability.lime_explainer  LIME tabular explainer initialised | features=63
11:58:31  INFO      explainability.lime_explainer  LIME tabular explainer initialised | features=63
11:58:32  INFO      explainability.lime_explainer  LIME tabular explainer initialised | features=63
11:58:32  INFO      explainability.lime_explainer  LIME tabular explainer initialised | features=63
11:58:32  INFO      explainability.lime_explainer  LIME tabular explainer initialised | features=63
11:58:32  INFO      explainability.lime_explainer  LIME tabular explainer initialised | features=63
11:58:33  INFO      explainability.lime_explainer  LIME tabular explainer initialised | features=63
11:58:33  INFO      explainability.lime_explainer  LIME tabular explainer initialised | features=63
11:58:33  INFO      explainability.lime_explainer  LIME tabular explainer initialised | features=63
11:58:34  INFO      explainability.lime_explainer  LIME tabular explainer initialised | features=63
11:58:34  INFO      explainability.lime_explainer  LIME tabular explainer initialised | features=63
11:58:34  INFO      explainability.lime_explainer  LIME tabular explainer initialised | features=63
11:58:34  INFO      explainability.lime_explainer  LIME tabular explainer initialised | features=63
11:58:35  INFO      explainability.lime_explainer  LIME tabular explainer initialised | features=63
11:58:35  INFO      explainability.lime_explainer  LIME tabular explainer initialised | features=63
11:58:35  INFO      explainability.lime_explainer  LIME tabular explainer initialised | features=63
11:58:36  INFO      explainability.lime_explainer  LIME tabular explainer initialised | features=63
11:58:36  INFO      explainability.lime_explainer  LIME tabular explainer initialised | features=63
11:58:36  INFO      explainability.lime_explainer  LIME tabular explainer initialised | features=63
11:58:36  INFO      explainability.lime_explainer  LIME tabular explainer initialised | features=63
11:58:37  INFO      explainability.lime_explainer  LIME tabular explainer initialised | features=63
11:58:37  INFO      explainability.lime_explainer  LIME tabular explainer initialised | features=63
11:58:37  INFO      explainability.lime_explainer  LIME tabular explainer initialised | features=63
11:58:38  INFO      explainability.lime_explainer  LIME tabular explainer initialised | features=63
11:58:38  INFO      explainability.lime_explainer  LIME tabular explainer initialised | features=63
11:58:38  INFO      explainability.lime_explainer  LIME tabular explainer initialised | features=63
11:58:38  INFO      explainability.lime_explainer  LIME tabular explainer initialised | features=63
11:58:39  INFO      explainability.lime_explainer  LIME tabular explainer initialised | features=63
11:58:39  INFO      explainability.lime_explainer  LIME tabular explainer initialised | features=63
11:58:39  INFO      explainability.lime_explainer  LIME tabular explainer initialised | features=63
11:58:40  INFO      explainability.lime_explainer  LIME tabular explainer initialised | features=63
11:58:40  INFO      explainability.lime_explainer  LIME tabular explainer initialised | features=63
11:58:40  INFO      explainability.lime_explainer  LIME tabular explainer initialised | features=63
11:58:40  INFO      explainability.lime_explainer  LIME tabular explainer initialised | features=63
11:58:41  INFO      explainability.lime_explainer  LIME tabular explainer initialised | features=63
11:58:41  INFO      explainability.lime_explainer  LIME tabular explainer initialised | features=63
11:58:41  INFO      explainability.lime_explainer  LIME tabular explainer initialised | features=63
11:58:42  INFO      explainability.lime_explainer  LIME tabular explainer initialised | features=63
11:58:42  INFO      explainability.lime_explainer  LIME tabular explainer initialised | features=63
11:58:42  INFO      explainability.lime_explainer  LIME tabular explainer initialised | features=63
11:58:42  INFO      explainability.lime_explainer  LIME tabular explainer initialised | features=63
11:58:43  INFO      explainability.lime_explainer  LIME tabular explainer initialised | features=63
11:58:43  INFO      explainability.lime_explainer  LIME tabular explainer initialised | features=63
11:58:43  INFO      explainability.lime_explainer  LIME tabular explainer initialised | features=63
11:58:44  INFO      explainability.lime_explainer  LIME tabular explainer initialised | features=63
11:58:44  INFO      explainability.lime_explainer  LIME tabular explainer initialised | features=63
11:58:44  INFO      explainability.lime_explainer  LIME tabular explainer initialised | features=63
11:58:44  INFO      explainability.lime_explainer  LIME tabular explainer initialised | features=63
11:58:45  INFO      explainability.lime_explainer  LIME tabular explainer initialised | features=63
11:58:45  INFO      explainability.lime_explainer  LIME tabular explainer initialised | features=63
11:58:45  INFO      explainability.lime_explainer  LIME tabular explainer initialised | features=63
11:58:46  INFO      explainability.lime_explainer  LIME tabular explainer initialised | features=63
11:58:46  INFO      explainability.lime_explainer  LIME tabular explainer initialised | features=63
11:58:46  INFO      explainability.lime_explainer  LIME tabular explainer initialised | features=63
11:58:46  INFO      explainability.lime_explainer  LIME tabular explainer initialised | features=63
11:58:47  INFO      explainability.lime_explainer  LIME tabular explainer initialised | features=63
11:58:47  INFO      explainability.lime_explainer  LIME tabular explainer initialised | features=63
11:58:47  INFO      explainability.lime_explainer  LIME tabular explainer initialised | features=63
11:58:48  INFO      explainability.lime_explainer  LIME tabular explainer initialised | features=63
11:58:48  INFO      explainability.lime_explainer  LIME tabular explainer initialised | features=63
11:58:48  INFO      explainability.lime_explainer  LIME tabular explainer initialised | features=63
11:58:48  INFO      explainability.lime_explainer  LIME tabular explainer initialised | features=63
11:58:49  INFO      explainability.lime_explainer  LIME tabular explainer initialised | features=63
11:58:49  INFO      explainability.lime_explainer  LIME tabular explainer initialised | features=63
11:58:49  INFO      explainability.lime_explainer  LIME tabular explainer initialised | features=63
11:58:50  INFO      explainability.lime_explainer  LIME tabular explainer initialised | features=63
11:58:50  INFO      explainability.lime_explainer  LIME tabular explainer initialised | features=63
11:58:50  INFO      explainability.lime_explainer  LIME tabular explainer initialised | features=63
11:58:50  INFO      explainability.lime_explainer  LIME tabular explainer initialised | features=63
11:58:51  INFO      explainability.lime_explainer  LIME tabular explainer initialised | features=63
11:58:51  INFO      explainability.lime_explainer  LIME tabular explainer initialised | features=63
11:58:51  INFO      explainability.lime_explainer  LIME tabular explainer initialised | features=63
11:58:52  INFO      explainability.lime_explainer  LIME tabular explainer initialised | features=63
11:58:52  INFO      explainability.lime_explainer  LIME tabular explainer initialised | features=63
11:58:52  INFO      explainability.lime_explainer  LIME tabular explainer initialised | features=63
11:58:52  INFO      explainability.lime_explainer  LIME tabular explainer initialised | features=63
11:58:53  INFO      explainability.lime_explainer  LIME tabular explainer initialised | features=63
11:58:53  INFO      explainability.lime_explainer  LIME tabular explainer initialised | features=63
11:58:53  INFO      explainability.lime_explainer  LIME tabular explainer initialised | features=63
11:58:54  INFO      explainability.lime_explainer  LIME tabular explainer initialised | features=63
11:58:54  INFO      explainability.lime_explainer  LIME tabular explainer initialised | features=63
11:58:54  INFO      explainability.lime_explainer  LIME tabular explainer initialised | features=63
11:58:54  INFO      explainability.lime_explainer  LIME tabular explainer initialised | features=63
11:58:55  INFO      explainability.lime_explainer  LIME tabular explainer initialised | features=63
11:58:55  INFO      explainability.lime_explainer  LIME tabular explainer initialised | features=63
11:58:55  INFO      explainability.lime_explainer  LIME tabular explainer initialised | features=63
11:58:56  INFO      explainability.lime_explainer  LIME tabular explainer initialised | features=63
11:58:56  INFO      explainability.lime_explainer  LIME tabular explainer initialised | features=63
11:58:56  INFO      explainability.lime_explainer  LIME tabular explainer initialised | features=63
11:58:56  INFO      explainability.lime_explainer  LIME tabular explainer initialised | features=63
11:58:57  INFO      explainability.lime_explainer  LIME tabular explainer initialised | features=63
11:58:57  INFO      explainability.lime_explainer  LIME tabular explainer initialised | features=63
11:58:57  INFO      explainability.lime_explainer  LIME tabular explainer initialised | features=63
11:58:58  INFO      explainability.lime_explainer  LIME tabular explainer initialised | features=63
11:58:58  INFO      explainability.lime_explainer  LIME tabular explainer initialised | features=63
11:58:58  INFO      explainability.lime_explainer  LIME tabular explainer initialised | features=63
11:58:58  INFO      explainability.lime_explainer  LIME tabular explainer initialised | features=63
11:58:59  INFO      explainability.lime_explainer  LIME tabular explainer initialised | features=63
11:58:59  INFO      explainability.lime_explainer  LIME tabular explainer initialised | features=63
11:58:59  INFO      explainability.lime_explainer  LIME tabular explainer initialised | features=63
11:59:00  INFO      explainability.lime_explainer  LIME tabular explainer initialised | features=63
11:59:00  INFO      explainability.lime_explainer  LIME tabular explainer initialised | features=63
11:59:00  INFO      explainability.lime_explainer  LIME tabular explainer initialised | features=63
11:59:00  INFO      explainability.lime_explainer  LIME tabular explainer initialised | features=63
11:59:01  INFO      explainability.lime_explainer  LIME tabular explainer initialised | features=63
11:59:01  INFO      explainability.lime_explainer  LIME tabular explainer initialised | features=63
11:59:01  INFO      explainability.lime_explainer  LIME tabular explainer initialised | features=63
11:59:02  INFO      explainability.lime_explainer  LIME tabular explainer initialised | features=63
11:59:02  INFO      explainability.lime_explainer  LIME tabular explainer initialised | features=63
11:59:02  INFO      explainability.lime_explainer  LIME tabular explainer initialised | features=63
11:59:02  INFO      explainability.lime_explainer  LIME tabular explainer initialised | features=63
11:59:03  INFO      explainability.lime_explainer  LIME tabular explainer initialised | features=63
11:59:03  INFO      explainability.lime_explainer  LIME tabular explainer initialised | features=63
11:59:03  INFO      explainability.lime_explainer  LIME tabular explainer initialised | features=63
11:59:04  INFO      explainability.lime_explainer  LIME tabular explainer initialised | features=63
11:59:04  INFO      explainability.lime_explainer  LIME tabular explainer initialised | features=63
11:59:04  INFO      explainability.lime_explainer  LIME tabular explainer initialised | features=63
11:59:04  INFO      explainability.lime_explainer  LIME tabular explainer initialised | features=63
11:59:05  INFO      explainability.lime_explainer  LIME tabular explainer initialised | features=63
11:59:05  INFO      explainability.lime_explainer  LIME tabular explainer initialised | features=63
11:59:05  INFO      explainability.lime_explainer  LIME tabular explainer initialised | features=63
11:59:06  INFO      explainability.lime_explainer  LIME tabular explainer initialised | features=63
11:59:06  INFO      explainability.lime_explainer  LIME tabular explainer initialised | features=63
11:59:06  INFO      explainability.lime_explainer  LIME tabular explainer initialised | features=63
11:59:06  INFO      explainability.lime_explainer  LIME tabular explainer initialised | features=63
11:59:07  INFO      explainability.lime_explainer  LIME tabular explainer initialised | features=63
11:59:07  INFO      explainability.lime_explainer  LIME tabular explainer initialised | features=63
11:59:07  INFO      explainability.lime_explainer  LIME tabular explainer initialised | features=63
11:59:08  INFO      explainability.lime_explainer  LIME tabular explainer initialised | features=63
11:59:08  INFO      explainability.lime_explainer  LIME tabular explainer initialised | features=63
11:59:08  INFO      explainability.lime_explainer  LIME tabular explainer initialised | features=63
11:59:08  INFO      explainability.lime_explainer  LIME tabular explainer initialised | features=63
11:59:09  INFO      explainability.lime_explainer  LIME tabular explainer initialised | features=63
11:59:09  INFO      explainability.lime_explainer  LIME tabular explainer initialised | features=63
11:59:09  INFO      explainability.lime_explainer  LIME tabular explainer initialised | features=63
11:59:10  INFO      explainability.lime_explainer  LIME tabular explainer initialised | features=63
11:59:10  INFO      explainability.lime_explainer  LIME tabular explainer initialised | features=63
11:59:10  INFO      explainability.lime_explainer  LIME tabular explainer initialised | features=63
11:59:10  INFO      explainability.lime_explainer  LIME tabular explainer initialised | features=63
11:59:11  INFO      explainability.lime_explainer  LIME tabular explainer initialised | features=63
11:59:11  INFO      explainability.lime_explainer  LIME tabular explainer initialised | features=63
11:59:11  INFO      explainability.lime_explainer  LIME tabular explainer initialised | features=63
11:59:12  INFO      explainability.lime_explainer  LIME tabular explainer initialised | features=63
11:59:12  INFO      explainability.lime_explainer  LIME tabular explainer initialised | features=63
11:59:12  INFO      explainability.lime_explainer  LIME tabular explainer initialised | features=63
11:59:12  INFO      explainability.lime_explainer  LIME tabular explainer initialised | features=63
11:59:13  INFO      explainability.lime_explainer  LIME tabular explainer initialised | features=63
11:59:13  INFO      explainability.lime_explainer  LIME tabular explainer initialised | features=63
11:59:13  INFO      explainability.lime_explainer  LIME tabular explainer initialised | features=63
11:59:14  INFO      explainability.lime_explainer  LIME tabular explainer initialised | features=63
11:59:14  INFO      explainability.lime_explainer  LIME tabular explainer initialised | features=63
11:59:14  INFO      explainability.lime_explainer  LIME tabular explainer initialised | features=63
11:59:14  INFO      explainability.lime_explainer  LIME tabular explainer initialised | features=63
11:59:15  INFO      explainability.lime_explainer  LIME tabular explainer initialised | features=63
11:59:15  INFO      explainability.lime_explainer  LIME tabular explainer initialised | features=63
11:59:15  INFO      explainability.lime_explainer  LIME tabular explainer initialised | features=63
11:59:16  INFO      explainability.lime_explainer  LIME tabular explainer initialised | features=63
11:59:16  INFO      explainability.lime_explainer  LIME tabular explainer initialised | features=63
11:59:16  INFO      explainability.lime_explainer  LIME tabular explainer initialised | features=63
11:59:16  INFO      explainability.lime_explainer  LIME tabular explainer initialised | features=63
11:59:17  INFO      explainability.lime_explainer  LIME tabular explainer initialised | features=63
11:59:17  INFO      explainability.lime_explainer  LIME tabular explainer initialised | features=63
11:59:17  INFO      explainability.lime_explainer  LIME tabular explainer initialised | features=63
11:59:18  INFO      explainability.lime_explainer  LIME tabular explainer initialised | features=63
11:59:18  INFO      explainability.lime_explainer  LIME tabular explainer initialised | features=63
11:59:18  INFO      explainability.lime_explainer  LIME tabular explainer initialised | features=63
11:59:18  INFO      explainability.lime_explainer  LIME tabular explainer initialised | features=63
11:59:19  INFO      explainability.lime_explainer  LIME tabular explainer initialised | features=63
11:59:19  INFO      explainability.lime_explainer  LIME tabular explainer initialised | features=63
11:59:19  INFO      explainability.lime_explainer  LIME tabular explainer initialised | features=63
11:59:20  INFO      explainability.lime_explainer  LIME tabular explainer initialised | features=63
11:59:20  INFO      explainability.lime_explainer  LIME tabular explainer initialised | features=63
11:59:20  INFO      explainability.lime_explainer  LIME tabular explainer initialised | features=63
11:59:20  INFO      explainability.lime_explainer  LIME tabular explainer initialised | features=63
11:59:21  INFO      explainability.lime_explainer  LIME tabular explainer initialised | features=63
11:59:21  INFO      explainability.lime_explainer  LIME tabular explainer initialised | features=63
11:59:21  INFO      explainability.lime_explainer  LIME tabular explainer initialised | features=63
11:59:22  INFO      explainability.lime_explainer  LIME tabular explainer initialised | features=63
11:59:22  INFO      explainability.lime_explainer  LIME tabular explainer initialised | features=63
11:59:22  INFO      explainability.lime_explainer  LIME tabular explainer initialised | features=63
11:59:23  INFO      explainability.lime_explainer  LIME tabular explainer initialised | features=63
11:59:23  INFO      explainability.lime_explainer  LIME tabular explainer initialised | features=63
11:59:23  INFO      explainability.lime_explainer  LIME tabular explainer initialised | features=63
11:59:24  INFO      pipeline  LaTeX table → /Users/harekrishna/Downloads/credit-default-xai-benchmark 2/results/outputs/prosper_temporal/runs/cutoff_2011-01_seed_99/results/table5_explanation_quality.tex
11:59:24  INFO      pipeline  LaTeX table → /Users/harekrishna/Downloads/credit-default-xai-benchmark 2/results/outputs/prosper_temporal/runs/cutoff_2011-01_seed_99/results/table4_shap_lime_agreement.tex
11:59:24  INFO      pipeline  ============================================================
11:59:24  INFO      pipeline  STAGE 7: Revision Analyses
11:59:24  INFO      pipeline  ============================================================
12:02:13  INFO      pipeline  RUN cutoff_2011-01_seed_99 COMPLETE | champion CatBoost | OOF AUROC 0.7221 | test AUROC 0.6814
12:02:13  INFO      pipeline  ╔══════════════════════════════════════════════╗
12:02:13  INFO      pipeline  ║  Credit Default Prediction with XAI (v3)     ║
12:02:13  INFO      pipeline  ║  Dataset: prosper                            ║
12:02:13  INFO      pipeline  ║  Run: cutoff_2011-07_seed_42                 ║
12:02:13  INFO      pipeline  ╚══════════════════════════════════════════════╝
12:02:13  INFO      pipeline  ============================================================
12:02:13  INFO      pipeline  STAGE 1: Data Loading, Labelling & Partitioning
12:02:13  INFO      pipeline  ============================================================
12:02:13  INFO      data.data_loader  Loading Prosper loans from /Users/harekrishna/Downloads/credit-default-xai-benchmark 2/data/prosperLoanData.csv
12:02:15  INFO      data.data_loader  Prosper: 113937 rows, 113066 after LoanKey de-duplication
12:02:15  INFO      data.data_loader  Prosper horizon label (H=12 months, snapshot 2014-03-12): 72067 labelled, 40999 censored, default rate 9.70%
12:02:15  INFO      data.data_loader  Skipping UCI-specific engineered features; required columns not present.
12:02:15  INFO      data.data_loader  Skipping UCI-specific engineered features; required columns not present.
12:02:15  INFO      data.data_loader  Dataset loaded | prosper | train=33775  test=7006 | default rate train=12.65% test=7.51% | 8 nominal, 33 continuous
12:02:15  INFO      pipeline  Imbalance stats (train): {"n_total": 33775, "n_majority": 29501, "n_minority": 4274, "imbalance_ratio": 6.9024, "minority_pct": 12.65}
12:02:16  INFO      visualization.plots  Fig 1 saved → /Users/harekrishna/Downloads/credit-default-xai-benchmark 2/results/outputs/prosper_temporal/runs/cutoff_2011-07_seed_42/figures/fig01_class_distribution.pdf
12:02:16  INFO      pipeline  ============================================================
12:02:16  INFO      pipeline  STAGE 2: Imbalance Strategy Ablation (selected on OOF AUROC)
12:02:16  INFO      pipeline  ============================================================
12:02:34  INFO      pipeline  Ablation | SMOTE            | OOF AUROC=0.7108  test AUROC=0.6607
12:02:54  INFO      pipeline  Ablation | BorderlineSMOTE  | OOF AUROC=0.7126  test AUROC=0.6692
12:04:31  INFO      pipeline  Ablation | SVMSMOTE         | OOF AUROC=0.7166  test AUROC=0.6795
12:04:49  INFO      pipeline  Ablation | ADASYN           | OOF AUROC=0.7121  test AUROC=0.6696
12:04:54  INFO      pipeline  Ablation | None             | OOF AUROC=0.7215  test AUROC=0.6674
12:04:56  INFO      pipeline  Ablation | ClassWeight      | OOF AUROC=0.6903  test AUROC=0.6006
12:04:56  INFO      pipeline  Best imbalance strategy (OOF AUROC): None → 0.7215 [probe: LightGBM]
12:04:56  INFO      pipeline  ============================================================
12:04:56  INFO      pipeline  STAGE 3: Model Training (nested tuning, OOF predictions, refit)
12:04:56  INFO      pipeline  ============================================================
12:04:56  INFO      pipeline  Training XGBoost …
12:06:08  INFO      pipeline  XGBoost | per-model strategy=None | OOF AUROC by strategy={'SMOTE': 0.7152, 'BorderlineSMOTE': 0.7189, 'SVMSMOTE': 0.7196, 'ADASYN': 0.7181, 'None': 0.7267, 'ClassWeight': 0.7177}
12:06:08  INFO      pipeline  RandomizedSearchCV | model=XGBoost strategy=None n_iter=12
12:06:36  INFO      pipeline  Training LightGBM …
12:08:02  INFO      pipeline  LightGBM | per-model strategy=None | OOF AUROC by strategy={'SMOTE': 0.7108, 'BorderlineSMOTE': 0.7126, 'SVMSMOTE': 0.7166, 'ADASYN': 0.7121, 'None': 0.7215, 'ClassWeight': 0.6903}
12:08:02  INFO      pipeline  RandomizedSearchCV | model=LightGBM strategy=None n_iter=12
12:08:50  INFO      pipeline  Training CatBoost …
12:10:32  INFO      pipeline  CatBoost | per-model strategy=None | OOF AUROC by strategy={'SMOTE': 0.7175, 'BorderlineSMOTE': 0.7173, 'SVMSMOTE': 0.7159, 'ADASYN': 0.7126, 'None': 0.7269, 'ClassWeight': 0.7245}
12:10:32  INFO      pipeline  RandomizedSearchCV | model=CatBoost strategy=None n_iter=12
12:11:43  INFO      pipeline  Training Random Forest …
12:13:21  INFO      pipeline  Random Forest | per-model strategy=ClassWeight | OOF AUROC by strategy={'SMOTE': 0.7156, 'BorderlineSMOTE': 0.7179, 'SVMSMOTE': 0.7157, 'ADASYN': 0.714, 'None': 0.7096, 'ClassWeight': 0.7208}
12:13:21  INFO      pipeline  RandomizedSearchCV | model=Random Forest strategy=ClassWeight n_iter=12
12:16:44  INFO      pipeline  Training Logistic Reg. …
12:17:42  INFO      pipeline  Logistic Reg. | per-model strategy=ClassWeight | OOF AUROC by strategy={'SMOTE': 0.6694, 'BorderlineSMOTE': 0.6768, 'SVMSMOTE': 0.686, 'ADASYN': 0.6636, 'None': 0.6994, 'ClassWeight': 0.701}
12:17:42  INFO      pipeline  RandomizedSearchCV | model=Logistic Reg. strategy=ClassWeight n_iter=12
12:17:51  INFO      pipeline  Training TabNet …
12:17:51  INFO      models.tabnet_model  Apple MPS backend passed smoke test — using GPU acceleration.
12:17:51  INFO      models.tabnet_model  TabNet starting | device=mps  max_epochs=200  patience=15  batch_size=1024  n_train=8446
12:18:13  INFO      models.tabnet_model  TabNet trained | device=mps  best_epoch=12  elapsed=21.4s
12:18:13  INFO      models.tabnet_model  Apple MPS backend passed smoke test — using GPU acceleration.
12:18:13  INFO      models.tabnet_model  TabNet starting | device=mps  max_epochs=200  patience=15  batch_size=1024  n_train=16889
12:19:07  INFO      models.tabnet_model  TabNet trained | device=mps  best_epoch=21  elapsed=53.9s
12:19:08  INFO      models.tabnet_model  Apple MPS backend passed smoke test — using GPU acceleration.
12:19:08  INFO      models.tabnet_model  TabNet starting | device=mps  max_epochs=200  patience=15  batch_size=1024  n_train=25332
12:20:28  INFO      models.tabnet_model  TabNet trained | device=mps  best_epoch=20  elapsed=79.9s
12:20:29  INFO      models.tabnet_model  Apple MPS backend passed smoke test — using GPU acceleration.
12:20:29  INFO      models.tabnet_model  TabNet starting | device=mps  max_epochs=200  patience=15  batch_size=1024  n_train=33775

epoch 28 | loss: 0.29488 | val_auc: 0.74299 |  0:01:15s
epoch 29 | loss: 0.29183 | val_auc: 0.74673 |  0:01:17s
epoch 30 | loss: 0.28845 | val_auc: 0.74228 |  0:01:20s

Early stopping occurred at epoch 30 with best_epoch = 15 and best_val_auc = 0.76763
Successfully saved model at /Users/harekrishna/Downloads/credit-default-xai-benchmark 2/results/outputs/prosper_temporal/runs/cutoff_2011-01_seed_99/models/tabnet.pkl.zip
epoch 0  | loss: 0.86368 | val_auc: 0.58002 |  0:00:01s
epoch 1  | loss: 0.57431 | val_auc: 0.69093 |  0:00:01s
epoch 2  | loss: 0.53459 | val_auc: 0.69731 |  0:00:02s
epoch 3  | loss: 0.47637 | val_auc: 0.75905 |  0:00:03s
epoch 4  | loss: 0.48573 | val_auc: 0.7418  |  0:00:03s
epoch 5  | loss: 0.42963 | val_auc: 0.7651  |  0:00:04s
epoch 6  | loss: 0.38629 | val_auc: 0.81059 |  0:00:05s
epoch 7  | loss: 0.37859 | val_auc: 0.81218 |  0:00:05s
epoch 8  | loss: 0.38133 | val_auc: 0.79758 |  0:00:06s
epoch 9  | loss: 0.37136 | val_auc: 0.79032 |  0:00:07s
epoch 10 | loss: 0.37153 | val_auc: 0.79105 |  0:00:08s
epoch 11 | loss: 0.36853 | val_auc: 0.79869 |  0:00:08s
epoch 12 | loss: 0.36245 | val_auc: 0.82262 |  0:00:09s
epoch 13 | loss: 0.36065 | val_auc: 0.81153 |  0:00:10s
epoch 14 | loss: 0.35615 | val_auc: 0.80065 |  0:00:11s
epoch 15 | loss: 0.35797 | val_auc: 0.80114 |  0:00:11s
epoch 16 | loss: 0.35563 | val_auc: 0.80152 |  0:00:12s
epoch 17 | loss: 0.35398 | val_auc: 0.80906 |  0:00:13s
epoch 18 | loss: 0.35298 | val_auc: 0.80168 |  0:00:13s
epoch 19 | loss: 0.34883 | val_auc: 0.81122 |  0:00:14s
epoch 20 | loss: 0.35436 | val_auc: 0.81304 |  0:00:15s
epoch 21 | loss: 0.35113 | val_auc: 0.81299 |  0:00:16s
epoch 22 | loss: 0.35052 | val_auc: 0.81251 |  0:00:16s
epoch 23 | loss: 0.35117 | val_auc: 0.8056  |  0:00:17s
epoch 24 | loss: 0.34766 | val_auc: 0.80528 |  0:00:18s
epoch 25 | loss: 0.34837 | val_auc: 0.80717 |  0:00:19s
epoch 26 | loss: 0.34572 | val_auc: 0.80305 |  0:00:19s
epoch 27 | loss: 0.34454 | val_auc: 0.79785 |  0:00:20s

Early stopping occurred at epoch 27 with best_epoch = 12 and best_val_auc = 0.82262
epoch 0  | loss: 0.77678 | val_auc: 0.61733 |  0:00:02s
epoch 1  | loss: 0.49803 | val_auc: 0.67538 |  0:00:04s
epoch 2  | loss: 0.42904 | val_auc: 0.72698 |  0:00:05s
epoch 3  | loss: 0.39177 | val_auc: 0.7352  |  0:00:06s
epoch 4  | loss: 0.38357 | val_auc: 0.74384 |  0:00:08s
epoch 5  | loss: 0.37353 | val_auc: 0.74577 |  0:00:09s
epoch 6  | loss: 0.37066 | val_auc: 0.76056 |  0:00:10s
epoch 7  | loss: 0.3674  | val_auc: 0.75685 |  0:00:12s
epoch 8  | loss: 0.36243 | val_auc: 0.76548 |  0:00:13s
epoch 9  | loss: 0.35956 | val_auc: 0.77223 |  0:00:15s
epoch 10 | loss: 0.36029 | val_auc: 0.7754  |  0:00:16s
epoch 11 | loss: 0.36033 | val_auc: 0.7873  |  0:00:18s
epoch 12 | loss: 0.35892 | val_auc: 0.7882  |  0:00:19s
epoch 13 | loss: 0.35902 | val_auc: 0.78727 |  0:00:21s
epoch 14 | loss: 0.35595 | val_auc: 0.78746 |  0:00:22s
epoch 15 | loss: 0.35786 | val_auc: 0.79708 |  0:00:23s
epoch 16 | loss: 0.35547 | val_auc: 0.77018 |  0:00:25s
epoch 17 | loss: 0.35184 | val_auc: 0.79151 |  0:00:26s
epoch 18 | loss: 0.35067 | val_auc: 0.79409 |  0:00:28s
epoch 19 | loss: 0.34758 | val_auc: 0.79447 |  0:00:29s
epoch 20 | loss: 0.34596 | val_auc: 0.7925  |  0:00:30s
epoch 21 | loss: 0.3433  | val_auc: 0.79811 |  0:00:32s
epoch 22 | loss: 0.34148 | val_auc: 0.7924  |  0:00:33s
epoch 23 | loss: 0.33881 | val_auc: 0.79392 |  0:00:34s
epoch 24 | loss: 0.33712 | val_auc: 0.79169 |  0:00:36s
epoch 25 | loss: 0.33778 | val_auc: 0.78797 |  0:00:37s
epoch 26 | loss: 0.33196 | val_auc: 0.78372 |  0:00:39s
epoch 27 | loss: 0.33009 | val_auc: 0.77996 |  0:00:40s
epoch 28 | loss: 0.33039 | val_auc: 0.77865 |  0:00:41s
epoch 29 | loss: 0.32719 | val_auc: 0.78209 |  0:00:43s
epoch 30 | loss: 0.3203  | val_auc: 0.78032 |  0:00:44s
epoch 31 | loss: 0.31746 | val_auc: 0.7791  |  0:00:45s
epoch 32 | loss: 0.31076 | val_auc: 0.77734 |  0:00:47s
epoch 33 | loss: 0.31274 | val_auc: 0.77504 |  0:00:48s
epoch 34 | loss: 0.3095  | val_auc: 0.76645 |  0:00:50s
epoch 35 | loss: 0.30601 | val_auc: 0.77553 |  0:00:51s
epoch 36 | loss: 0.30395 | val_auc: 0.77816 |  0:00:52s

Early stopping occurred at epoch 36 with best_epoch = 21 and best_val_auc = 0.79811
epoch 0  | loss: 0.5875  | val_auc: 0.63268 |  0:00:03s
epoch 1  | loss: 0.41864 | val_auc: 0.65615 |  0:00:05s
epoch 2  | loss: 0.38892 | val_auc: 0.66445 |  0:00:07s
epoch 3  | loss: 0.38496 | val_auc: 0.66666 |  0:00:09s
epoch 4  | loss: 0.37447 | val_auc: 0.69862 |  0:00:11s
epoch 5  | loss: 0.36403 | val_auc: 0.70628 |  0:00:13s
epoch 6  | loss: 0.35897 | val_auc: 0.71128 |  0:00:15s
epoch 7  | loss: 0.36131 | val_auc: 0.73552 |  0:00:17s
epoch 8  | loss: 0.3522  | val_auc: 0.74356 |  0:00:20s
epoch 9  | loss: 0.35149 | val_auc: 0.74733 |  0:00:22s
epoch 10 | loss: 0.35122 | val_auc: 0.73973 |  0:00:24s
epoch 11 | loss: 0.34684 | val_auc: 0.73946 |  0:00:26s
epoch 12 | loss: 0.3459  | val_auc: 0.73956 |  0:00:28s
epoch 13 | loss: 0.34218 | val_auc: 0.73879 |  0:00:31s
epoch 14 | loss: 0.34192 | val_auc: 0.74284 |  0:00:33s
epoch 15 | loss: 0.33896 | val_auc: 0.73563 |  0:00:36s
epoch 16 | loss: 0.33946 | val_auc: 0.74514 |  0:00:38s
epoch 17 | loss: 0.33905 | val_auc: 0.75138 |  0:00:40s
epoch 18 | loss: 0.34077 | val_auc: 0.75037 |  0:00:42s
epoch 19 | loss: 0.33503 | val_auc: 0.74417 |  0:00:44s
epoch 20 | loss: 0.33285 | val_auc: 0.75636 |  0:00:46s
epoch 21 | loss: 0.3317  | val_auc: 0.74897 |  0:00:48s
epoch 22 | loss: 0.33364 | val_auc: 0.73643 |  0:00:50s
epoch 23 | loss: 0.33098 | val_auc: 0.7459  |  0:00:52s
epoch 24 | loss: 0.32963 | val_auc: 0.74703 |  0:00:54s
epoch 25 | loss: 0.32805 | val_auc: 0.73763 |  0:00:56s
epoch 26 | loss: 0.331   | val_auc: 0.74456 |  0:00:59s
epoch 27 | loss: 0.32444 | val_auc: 0.74774 |  0:01:01s
epoch 28 | loss: 0.31922 | val_auc: 0.74527 |  0:01:03s
epoch 29 | loss: 0.31901 | val_auc: 0.74166 |  0:01:05s
epoch 30 | loss: 0.31623 | val_auc: 0.73969 |  0:01:07s
epoch 31 | loss: 0.31187 | val_auc: 0.74173 |  0:01:09s
epoch 32 | loss: 0.30663 | val_auc: 0.7424  |  0:01:11s
epoch 33 | loss: 0.3091  | val_auc: 0.73804 |  0:01:14s
epoch 34 | loss: 0.30812 | val_auc: 0.73547 |  0:01:16s
epoch 35 | loss: 0.30705 | val_auc: 0.7363  |  0:01:18s

Early stopping occurred at epoch 35 with best_epoch = 20 and best_val_auc = 0.75636
epoch 0  | loss: 0.53255 | val_auc: 0.66443 |  0:00:03s
epoch 1  | loss: 0.36953 | val_auc: 0.68274 |  0:00:06s
epoch 2  | loss: 0.35016 | val_auc: 0.71483 |  0:00:09s
epoch 3  | loss: 0.34346 | val_auc: 0.69229 |  0:00:12s
epoch 4  | loss: 0.34054 | val_auc: 0.72551 |  0:00:15s
epoch 5  | loss: 0.33919 | val_auc: 0.71483 |  0:00:18s
epoch 6  | loss: 0.33732 | val_auc: 0.73435 |  0:00:20s
epoch 7  | loss: 0.33561 | val_auc: 0.73683 |  0:00:23s
epoch 8  | loss: 0.33699 | val_auc: 0.71203 |  0:00:26s
epoch 9  | loss: 0.33883 | val_auc: 0.73839 |  0:00:29s
epoch 10 | loss: 0.33315 | val_auc: 0.74557 |  0:00:32s
epoch 11 | loss: 0.33314 | val_auc: 0.74105 |  0:00:35s
epoch 12 | loss: 0.33313 | val_auc: 0.73898 |  0:00:37s
epoch 13 | loss: 0.33032 | val_auc: 0.74247 |  0:00:40s
epoch 14 | loss: 0.32865 | val_auc: 0.74751 |  0:00:43s
epoch 15 | loss: 0.32864 | val_auc: 0.74226 |  0:00:46s
epoch 16 | loss: 0.32702 | val_auc: 0.74702 |  0:00:48s
epoch 17 | loss: 0.32511 | val_auc: 0.75055 |  0:00:51s
epoch 18 | loss: 0.32511 | val_auc: 0.7461  |  0:00:54s
epoch 19 | loss: 0.32271 | val_auc: 0.75282 |  0:00:57s
epoch 20 | loss: 0.32273 | val_auc: 0.74426 |  0:01:00s
epoch 21 | loss: 0.32474 | val_auc: 0.74526 |  0:01:03s
epoch 22 | loss: 0.32559 | val_auc: 0.7506  |  0:01:06s
epoch 23 | loss: 0.32479 | val_auc: 0.76125 |  0:01:08s
epoch 24 | loss: 0.32418 | val_auc: 0.75118 |  0:01:11s
epoch 25 | loss: 0.32443 | val_auc: 0.75187 |  0:01:14s
epoch 26 | loss: 0.32169 | val_auc: 0.76169 |  0:01:17s
epoch 27 | loss: 0.32115 | val_auc: 0.7603  |  0:01:19s
epoch 28 | loss: 0.3185  | val_auc: 0.77064 |  0:01:22s
epoch 29 | loss: 0.31815 | val_auc: 0.75861 |  0:01:25s
epoch 30 | loss: 0.31747 | val_auc: 0.76099 |  0:01:28s
epoch 31 | loss: 0.31624 | val_auc: 0.76021 |  0:01:31s
epoch 32 | loss: 0.31464 | val_auc: 0.75666 |  0:01:34s
epoch 33 | loss: 0.3136  | val_auc: 0.76231 |  0:01:37s12:22:36  INFO      models.tabnet_model  TabNet trained | device=mps  best_epoch=28  elapsed=127.4s
12:22:36  INFO      models.tabnet_model  TabNet model saved to /Users/harekrishna/Downloads/credit-default-xai-benchmark 2/results/outputs/prosper_temporal/runs/cutoff_2011-07_seed_42/models/tabnet.pkl
12:22:36  INFO      pipeline  ============================================================
12:22:36  INFO      pipeline  STAGE 4: Evaluation (selection on OOF; test scored once)
12:22:36  INFO      pipeline  ============================================================
12:22:36  INFO      pipeline  XGBoost | OOF AUROC=0.7236  f1*=0.3113 @ t=0.14 | test AUROC=0.6830  F1=0.1978  MCC=0.1261
12:22:37  INFO      pipeline  LightGBM | OOF AUROC=0.7273  f1*=0.3161 @ t=0.15 | test AUROC=0.6813  F1=0.2125  MCC=0.1408
12:22:37  INFO      pipeline  CatBoost | OOF AUROC=0.7270  f1*=0.3147 @ t=0.15 | test AUROC=0.6703  F1=0.1641  MCC=0.1100
12:22:37  INFO      pipeline  Random Forest | OOF AUROC=0.7250  f1*=0.3124 @ t=0.35 | test AUROC=0.6490  F1=0.1331  MCC=0.0674
12:22:37  INFO      pipeline  Logistic Reg. | OOF AUROC=0.7162  f1*=0.3061 @ t=0.46 | test AUROC=0.6655  F1=0.1965  MCC=0.1147
12:22:38  INFO      pipeline  TabNet | OOF AUROC=0.6540  f1*=0.2552 @ t=0.14 | test AUROC=0.6516  F1=0.1664  MCC=0.0832
12:22:38  INFO      pipeline  LaTeX table → /Users/harekrishna/Downloads/credit-default-xai-benchmark 2/results/outputs/prosper_temporal/runs/cutoff_2011-07_seed_42/results/table2_test_metrics.tex
12:22:38  INFO      pipeline  
                AUROC   AUPRC      F1  Precision  Recall  Specificity  G-Mean     MCC   Brier
Model                                                                                        
XGBoost        0.6830  0.1474  0.1978     0.1793  0.2205       0.9181  0.4500  0.1261  0.0672
LightGBM       0.6813  0.1506  0.2125     0.1875  0.2452       0.9137  0.4734  0.1408  0.0673
CatBoost       0.6703  0.1439  0.1641     0.1968  0.1407       0.9534  0.3662  0.1100  0.0675
Random Forest  0.6490  0.1324  0.1331     0.1416  0.1255       0.9383  0.3431  0.0674  0.0933
Logistic Reg.  0.6655  0.1370  0.1965     0.1443  0.3080       0.8517  0.5122  0.1147  0.1386
TabNet         0.6516  0.1233  0.1664     0.1330  0.2224       0.8823  0.4430  0.0832  0.0686
12:22:38  INFO      visualization.plots  Fig 2 saved → /Users/harekrishna/Downloads/credit-default-xai-benchmark 2/results/outputs/prosper_temporal/runs/cutoff_2011-07_seed_42/figures/fig02_roc_curves.pdf
12:22:38  INFO      visualization.plots  Fig 3 saved → /Users/harekrishna/Downloads/credit-default-xai-benchmark 2/results/outputs/prosper_temporal/runs/cutoff_2011-07_seed_42/figures/fig03_pr_curves.pdf
12:22:38  INFO      visualization.plots  Fig 4 saved → /Users/harekrishna/Downloads/credit-default-xai-benchmark 2/results/outputs/prosper_temporal/runs/cutoff_2011-07_seed_42/figures/fig04_confusion_lightgbm.pdf
12:41:15  INFO      pipeline  Skipping TabNet in Fig 10 ablation (pass --full-ablation to include).
12:41:15  INFO      visualization.plots  Fig 10 saved → /Users/harekrishna/Downloads/credit-default-xai-benchmark 2/results/outputs/prosper_temporal/runs/cutoff_2011-07_seed_42/figures/fig10_smote_ablation.pdf
12:41:15  INFO      pipeline  ============================================================
12:41:15  INFO      pipeline  STAGE 5: SHAP Explanations
12:41:15  INFO      pipeline  ============================================================
12:41:15  INFO      explainability.shap_explainer  SHAP TreeExplainer initialised | output_space=log_odds
12:41:15  INFO      explainability.shap_explainer  SHAP values computed | shape=(2000, 63)
12:41:15  INFO      explainability.shap_explainer  SHAP additivity check | MAE=0.00000 | PASS ✓
12:41:16  INFO      explainability.shap_explainer  Saved SHAP summary → /Users/harekrishna/Downloads/credit-default-xai-benchmark 2/results/outputs/prosper_temporal/runs/cutoff_2011-07_seed_42/figures/fig05a_shap_summary_LightGBM.pdf
12:41:16  INFO      explainability.shap_explainer  Saved SHAP bar → /Users/harekrishna/Downloads/credit-default-xai-benchmark 2/results/outputs/prosper_temporal/runs/cutoff_2011-07_seed_42/figures/fig05b_shap_bar_LightGBM.pdf
12:41:16  INFO      explainability.shap_explainer  Saved SHAP dependence → /Users/harekrishna/Downloads/credit-default-xai-benchmark 2/results/outputs/prosper_temporal/runs/cutoff_2011-07_seed_42/figures/fig06_shap_dep_CreditScoreRangeLower.pdf
12:41:16  INFO      pipeline  LaTeX table → /Users/harekrishna/Downloads/credit-default-xai-benchmark 2/results/outputs/prosper_temporal/runs/cutoff_2011-07_seed_42/results/table3_shap_ranking.tex
12:41:16  INFO      visualization.plots  Fig 8 saved → /Users/harekrishna/Downloads/credit-default-xai-benchmark 2/results/outputs/prosper_temporal/runs/cutoff_2011-07_seed_42/figures/fig08_importance_comparison.pdf
12:41:17  INFO      visualization.plots  Fig 9 saved → /Users/harekrishna/Downloads/credit-default-xai-benchmark 2/results/outputs/prosper_temporal/runs/cutoff_2011-07_seed_42/figures/fig09_threshold_sweep.pdf
12:41:17  INFO      pipeline  ============================================================
12:41:17  INFO      pipeline  STAGE 6: LIME Explanations
12:41:17  INFO      pipeline  ============================================================
12:41:18  INFO      explainability.lime_explainer  LIME tabular explainer initialised | features=63
12:41:18  INFO      pipeline  Local instances selected: {'TP': 3692, 'FP': 3574, 'FN': 246, 'TN': 228}
12:41:18  INFO      explainability.lime_explainer  Saved LIME explanation → /Users/harekrishna/Downloads/credit-default-xai-benchmark 2/results/outputs/prosper_temporal/runs/cutoff_2011-07_seed_42/figures/fig07_tp_lime.pdf
12:41:18  INFO      explainability.lime_explainer  Saved LIME explanation → /Users/harekrishna/Downloads/credit-default-xai-benchmark 2/results/outputs/prosper_temporal/runs/cutoff_2011-07_seed_42/figures/fig07_fp_lime.pdf
12:41:18  INFO      explainability.lime_explainer  Saved LIME explanation → /Users/harekrishna/Downloads/credit-default-xai-benchmark 2/results/outputs/prosper_temporal/runs/cutoff_2011-07_seed_42/figures/fig07_fn_lime.pdf
12:41:18  INFO      explainability.lime_explainer  Saved LIME explanation → /Users/harekrishna/Downloads/credit-default-xai-benchmark 2/results/outputs/prosper_temporal/runs/cutoff_2011-07_seed_42/figures/fig07_tn_lime.pdf
12:41:19  INFO      explainability.lime_explainer  Saved LIME multi-instance grid → /Users/harekrishna/Downloads/credit-default-xai-benchmark 2/results/outputs/prosper_temporal/runs/cutoff_2011-07_seed_42/figures/fig07_lime_multi_instance.pdf
12:41:23  INFO      explainability.lime_explainer  LIME batch complete | n=200
12:41:23  INFO      explainability.lime_explainer  SHAP–LIME agreement | mean ρ=0.234 ± 0.279
12:41:24  INFO      explainability.lime_explainer  LIME tabular explainer initialised | features=63
12:41:24  INFO      explainability.lime_explainer  LIME tabular explainer initialised | features=63
12:41:24  INFO      explainability.lime_explainer  LIME tabular explainer initialised | features=63
12:41:25  INFO      explainability.lime_explainer  LIME tabular explainer initialised | features=63
12:41:25  INFO      explainability.lime_explainer  LIME tabular explainer initialised | features=63
12:41:25  INFO      explainability.lime_explainer  LIME tabular explainer initialised | features=63
12:41:26  INFO      explainability.lime_explainer  LIME tabular explainer initialised | features=63
12:41:26  INFO      explainability.lime_explainer  LIME tabular explainer initialised | features=63
12:41:26  INFO      explainability.lime_explainer  LIME tabular explainer initialised | features=63
12:41:27  INFO      explainability.lime_explainer  LIME tabular explainer initialised | features=63
12:41:27  INFO      explainability.lime_explainer  LIME tabular explainer initialised | features=63
12:41:27  INFO      explainability.lime_explainer  LIME tabular explainer initialised | features=63
12:41:28  INFO      explainability.lime_explainer  LIME tabular explainer initialised | features=63
12:41:28  INFO      explainability.lime_explainer  LIME tabular explainer initialised | features=63
12:41:28  INFO      explainability.lime_explainer  LIME tabular explainer initialised | features=63
12:41:29  INFO      explainability.lime_explainer  LIME tabular explainer initialised | features=63
12:41:29  INFO      explainability.lime_explainer  LIME tabular explainer initialised | features=63
12:41:29  INFO      explainability.lime_explainer  LIME tabular explainer initialised | features=63
12:41:30  INFO      explainability.lime_explainer  LIME tabular explainer initialised | features=63
12:41:30  INFO      explainability.lime_explainer  LIME tabular explainer initialised | features=63
12:41:30  INFO      explainability.lime_explainer  LIME tabular explainer initialised | features=63
12:41:31  INFO      explainability.lime_explainer  LIME tabular explainer initialised | features=63
12:41:31  INFO      explainability.lime_explainer  LIME tabular explainer initialised | features=63
12:41:31  INFO      explainability.lime_explainer  LIME tabular explainer initialised | features=63
12:41:32  INFO      explainability.lime_explainer  LIME tabular explainer initialised | features=63
12:41:32  INFO      explainability.lime_explainer  LIME tabular explainer initialised | features=63
12:41:32  INFO      explainability.lime_explainer  LIME tabular explainer initialised | features=63
12:41:33  INFO      explainability.lime_explainer  LIME tabular explainer initialised | features=63
12:41:33  INFO      explainability.lime_explainer  LIME tabular explainer initialised | features=63
12:41:33  INFO      explainability.lime_explainer  LIME tabular explainer initialised | features=63
12:41:34  INFO      explainability.lime_explainer  LIME tabular explainer initialised | features=63
12:41:34  INFO      explainability.lime_explainer  LIME tabular explainer initialised | features=63
12:41:34  INFO      explainability.lime_explainer  LIME tabular explainer initialised | features=63
12:41:34  INFO      explainability.lime_explainer  LIME tabular explainer initialised | features=63
12:41:35  INFO      explainability.lime_explainer  LIME tabular explainer initialised | features=63
12:41:35  INFO      explainability.lime_explainer  LIME tabular explainer initialised | features=63
12:41:35  INFO      explainability.lime_explainer  LIME tabular explainer initialised | features=63
12:41:36  INFO      explainability.lime_explainer  LIME tabular explainer initialised | features=63
12:41:36  INFO      explainability.lime_explainer  LIME tabular explainer initialised | features=63
12:41:36  INFO      explainability.lime_explainer  LIME tabular explainer initialised | features=63
12:41:37  INFO      explainability.lime_explainer  LIME tabular explainer initialised | features=63
12:41:37  INFO      explainability.lime_explainer  LIME tabular explainer initialised | features=63
12:41:37  INFO      explainability.lime_explainer  LIME tabular explainer initialised | features=63
12:41:38  INFO      explainability.lime_explainer  LIME tabular explainer initialised | features=63
12:41:38  INFO      explainability.lime_explainer  LIME tabular explainer initialised | features=63
12:41:38  INFO      explainability.lime_explainer  LIME tabular explainer initialised | features=63
12:41:39  INFO      explainability.lime_explainer  LIME tabular explainer initialised | features=63
12:41:39  INFO      explainability.lime_explainer  LIME tabular explainer initialised | features=63
12:41:39  INFO      explainability.lime_explainer  LIME tabular explainer initialised | features=63
12:41:40  INFO      explainability.lime_explainer  LIME tabular explainer initialised | features=63
12:41:40  INFO      explainability.lime_explainer  LIME tabular explainer initialised | features=63
12:41:40  INFO      explainability.lime_explainer  LIME tabular explainer initialised | features=63
12:41:41  INFO      explainability.lime_explainer  LIME tabular explainer initialised | features=63
12:41:41  INFO      explainability.lime_explainer  LIME tabular explainer initialised | features=63
12:41:41  INFO      explainability.lime_explainer  LIME tabular explainer initialised | features=63
12:41:42  INFO      explainability.lime_explainer  LIME tabular explainer initialised | features=63
12:41:42  INFO      explainability.lime_explainer  LIME tabular explainer initialised | features=63
12:41:42  INFO      explainability.lime_explainer  LIME tabular explainer initialised | features=63
12:41:42  INFO      explainability.lime_explainer  LIME tabular explainer initialised | features=63
12:41:43  INFO      explainability.lime_explainer  LIME tabular explainer initialised | features=63
12:41:43  INFO      explainability.lime_explainer  LIME tabular explainer initialised | features=63
12:41:43  INFO      explainability.lime_explainer  LIME tabular explainer initialised | features=63
12:41:44  INFO      explainability.lime_explainer  LIME tabular explainer initialised | features=63
12:41:44  INFO      explainability.lime_explainer  LIME tabular explainer initialised | features=63
12:41:44  INFO      explainability.lime_explainer  LIME tabular explainer initialised | features=63
12:41:45  INFO      explainability.lime_explainer  LIME tabular explainer initialised | features=63
12:41:45  INFO      explainability.lime_explainer  LIME tabular explainer initialised | features=63
12:41:45  INFO      explainability.lime_explainer  LIME tabular explainer initialised | features=63
12:41:46  INFO      explainability.lime_explainer  LIME tabular explainer initialised | features=63
12:41:46  INFO      explainability.lime_explainer  LIME tabular explainer initialised | features=63
12:41:46  INFO      explainability.lime_explainer  LIME tabular explainer initialised | features=63
12:41:47  INFO      explainability.lime_explainer  LIME tabular explainer initialised | features=63
12:41:47  INFO      explainability.lime_explainer  LIME tabular explainer initialised | features=63
12:41:47  INFO      explainability.lime_explainer  LIME tabular explainer initialised | features=63
12:41:47  INFO      explainability.lime_explainer  LIME tabular explainer initialised | features=63
12:41:48  INFO      explainability.lime_explainer  LIME tabular explainer initialised | features=63
12:41:48  INFO      explainability.lime_explainer  LIME tabular explainer initialised | features=63
12:41:48  INFO      explainability.lime_explainer  LIME tabular explainer initialised | features=63
12:41:49  INFO      explainability.lime_explainer  LIME tabular explainer initialised | features=63
12:41:49  INFO      explainability.lime_explainer  LIME tabular explainer initialised | features=63
12:41:49  INFO      explainability.lime_explainer  LIME tabular explainer initialised | features=63
12:41:50  INFO      explainability.lime_explainer  LIME tabular explainer initialised | features=63
12:41:50  INFO      explainability.lime_explainer  LIME tabular explainer initialised | features=63
12:41:50  INFO      explainability.lime_explainer  LIME tabular explainer initialised | features=63
12:41:51  INFO      explainability.lime_explainer  LIME tabular explainer initialised | features=63
12:41:51  INFO      explainability.lime_explainer  LIME tabular explainer initialised | features=63
12:41:51  INFO      explainability.lime_explainer  LIME tabular explainer initialised | features=63
12:41:52  INFO      explainability.lime_explainer  LIME tabular explainer initialised | features=63
12:41:52  INFO      explainability.lime_explainer  LIME tabular explainer initialised | features=63
12:41:52  INFO      explainability.lime_explainer  LIME tabular explainer initialised | features=63
12:41:53  INFO      explainability.lime_explainer  LIME tabular explainer initialised | features=63
12:41:53  INFO      explainability.lime_explainer  LIME tabular explainer initialised | features=63
12:41:53  INFO      explainability.lime_explainer  LIME tabular explainer initialised | features=63
12:41:54  INFO      explainability.lime_explainer  LIME tabular explainer initialised | features=63
12:41:54  INFO      explainability.lime_explainer  LIME tabular explainer initialised | features=63
12:41:54  INFO      explainability.lime_explainer  LIME tabular explainer initialised | features=63
12:41:54  INFO      explainability.lime_explainer  LIME tabular explainer initialised | features=63
12:41:55  INFO      explainability.lime_explainer  LIME tabular explainer initialised | features=63
12:41:55  INFO      explainability.lime_explainer  LIME tabular explainer initialised | features=63
12:41:55  INFO      explainability.lime_explainer  LIME tabular explainer initialised | features=63
12:41:56  INFO      explainability.lime_explainer  LIME tabular explainer initialised | features=63
12:41:56  INFO      explainability.lime_explainer  LIME tabular explainer initialised | features=63
12:41:56  INFO      explainability.lime_explainer  LIME tabular explainer initialised | features=63
12:41:57  INFO      explainability.lime_explainer  LIME tabular explainer initialised | features=63
12:41:57  INFO      explainability.lime_explainer  LIME tabular explainer initialised | features=63
12:41:57  INFO      explainability.lime_explainer  LIME tabular explainer initialised | features=63
12:41:58  INFO      explainability.lime_explainer  LIME tabular explainer initialised | features=63
12:41:58  INFO      explainability.lime_explainer  LIME tabular explainer initialised | features=63
12:41:58  INFO      explainability.lime_explainer  LIME tabular explainer initialised | features=63
12:41:59  INFO      explainability.lime_explainer  LIME tabular explainer initialised | features=63
12:41:59  INFO      explainability.lime_explainer  LIME tabular explainer initialised | features=63
12:41:59  INFO      explainability.lime_explainer  LIME tabular explainer initialised | features=63
12:42:00  INFO      explainability.lime_explainer  LIME tabular explainer initialised | features=63
12:42:00  INFO      explainability.lime_explainer  LIME tabular explainer initialised | features=63
12:42:00  INFO      explainability.lime_explainer  LIME tabular explainer initialised | features=63
12:42:00  INFO      explainability.lime_explainer  LIME tabular explainer initialised | features=63
12:42:01  INFO      explainability.lime_explainer  LIME tabular explainer initialised | features=63
12:42:01  INFO      explainability.lime_explainer  LIME tabular explainer initialised | features=63
12:42:01  INFO      explainability.lime_explainer  LIME tabular explainer initialised | features=63
12:42:02  INFO      explainability.lime_explainer  LIME tabular explainer initialised | features=63
12:42:02  INFO      explainability.lime_explainer  LIME tabular explainer initialised | features=63
12:42:02  INFO      explainability.lime_explainer  LIME tabular explainer initialised | features=63
12:42:03  INFO      explainability.lime_explainer  LIME tabular explainer initialised | features=63
12:42:03  INFO      explainability.lime_explainer  LIME tabular explainer initialised | features=63
12:42:03  INFO      explainability.lime_explainer  LIME tabular explainer initialised | features=63
12:42:04  INFO      explainability.lime_explainer  LIME tabular explainer initialised | features=63
12:42:04  INFO      explainability.lime_explainer  LIME tabular explainer initialised | features=63
12:42:04  INFO      explainability.lime_explainer  LIME tabular explainer initialised | features=63
12:42:05  INFO      explainability.lime_explainer  LIME tabular explainer initialised | features=63
12:42:05  INFO      explainability.lime_explainer  LIME tabular explainer initialised | features=63
12:42:05  INFO      explainability.lime_explainer  LIME tabular explainer initialised | features=63
12:42:05  INFO      explainability.lime_explainer  LIME tabular explainer initialised | features=63
12:42:06  INFO      explainability.lime_explainer  LIME tabular explainer initialised | features=63
12:42:06  INFO      explainability.lime_explainer  LIME tabular explainer initialised | features=63
12:42:06  INFO      explainability.lime_explainer  LIME tabular explainer initialised | features=63
12:42:07  INFO      explainability.lime_explainer  LIME tabular explainer initialised | features=63
12:42:07  INFO      explainability.lime_explainer  LIME tabular explainer initialised | features=63
12:42:07  INFO      explainability.lime_explainer  LIME tabular explainer initialised | features=63
12:42:08  INFO      explainability.lime_explainer  LIME tabular explainer initialised | features=63
12:42:08  INFO      explainability.lime_explainer  LIME tabular explainer initialised | features=63
12:42:08  INFO      explainability.lime_explainer  LIME tabular explainer initialised | features=63
12:42:09  INFO      explainability.lime_explainer  LIME tabular explainer initialised | features=63
12:42:09  INFO      explainability.lime_explainer  LIME tabular explainer initialised | features=63
12:42:09  INFO      explainability.lime_explainer  LIME tabular explainer initialised | features=63
12:42:10  INFO      explainability.lime_explainer  LIME tabular explainer initialised | features=63
12:42:10  INFO      explainability.lime_explainer  LIME tabular explainer initialised | features=63
12:42:10  INFO      explainability.lime_explainer  LIME tabular explainer initialised | features=63
12:42:11  INFO      explainability.lime_explainer  LIME tabular explainer initialised | features=63
12:42:11  INFO      explainability.lime_explainer  LIME tabular explainer initialised | features=63
12:42:11  INFO      explainability.lime_explainer  LIME tabular explainer initialised | features=63
12:42:11  INFO      explainability.lime_explainer  LIME tabular explainer initialised | features=63
12:42:12  INFO      explainability.lime_explainer  LIME tabular explainer initialised | features=63
12:42:12  INFO      explainability.lime_explainer  LIME tabular explainer initialised | features=63
12:42:12  INFO      explainability.lime_explainer  LIME tabular explainer initialised | features=63
12:42:13  INFO      explainability.lime_explainer  LIME tabular explainer initialised | features=63
12:42:13  INFO      explainability.lime_explainer  LIME tabular explainer initialised | features=63
12:42:13  INFO      explainability.lime_explainer  LIME tabular explainer initialised | features=63
12:42:14  INFO      explainability.lime_explainer  LIME tabular explainer initialised | features=63
12:42:14  INFO      explainability.lime_explainer  LIME tabular explainer initialised | features=63
12:42:14  INFO      explainability.lime_explainer  LIME tabular explainer initialised | features=63
12:42:15  INFO      explainability.lime_explainer  LIME tabular explainer initialised | features=63
12:42:15  INFO      explainability.lime_explainer  LIME tabular explainer initialised | features=63
12:42:15  INFO      explainability.lime_explainer  LIME tabular explainer initialised | features=63
12:42:16  INFO      explainability.lime_explainer  LIME tabular explainer initialised | features=63
12:42:16  INFO      explainability.lime_explainer  LIME tabular explainer initialised | features=63
12:42:16  INFO      explainability.lime_explainer  LIME tabular explainer initialised | features=63
12:42:17  INFO      explainability.lime_explainer  LIME tabular explainer initialised | features=63
12:42:17  INFO      explainability.lime_explainer  LIME tabular explainer initialised | features=63
12:42:17  INFO      explainability.lime_explainer  LIME tabular explainer initialised | features=63
12:42:17  INFO      explainability.lime_explainer  LIME tabular explainer initialised | features=63
12:42:18  INFO      explainability.lime_explainer  LIME tabular explainer initialised | features=63
12:42:18  INFO      explainability.lime_explainer  LIME tabular explainer initialised | features=63
12:42:18  INFO      explainability.lime_explainer  LIME tabular explainer initialised | features=63
12:42:19  INFO      explainability.lime_explainer  LIME tabular explainer initialised | features=63
12:42:19  INFO      explainability.lime_explainer  LIME tabular explainer initialised | features=63
12:42:19  INFO      explainability.lime_explainer  LIME tabular explainer initialised | features=63
12:42:20  INFO      explainability.lime_explainer  LIME tabular explainer initialised | features=63
12:42:20  INFO      explainability.lime_explainer  LIME tabular explainer initialised | features=63
12:42:20  INFO      explainability.lime_explainer  LIME tabular explainer initialised | features=63
12:42:21  INFO      explainability.lime_explainer  LIME tabular explainer initialised | features=63
12:42:21  INFO      explainability.lime_explainer  LIME tabular explainer initialised | features=63
12:42:21  INFO      explainability.lime_explainer  LIME tabular explainer initialised | features=63
12:42:22  INFO      explainability.lime_explainer  LIME tabular explainer initialised | features=63
12:42:22  INFO      explainability.lime_explainer  LIME tabular explainer initialised | features=63
12:42:22  INFO      explainability.lime_explainer  LIME tabular explainer initialised | features=63
12:42:22  INFO      explainability.lime_explainer  LIME tabular explainer initialised | features=63
12:42:23  INFO      explainability.lime_explainer  LIME tabular explainer initialised | features=63
12:42:23  INFO      explainability.lime_explainer  LIME tabular explainer initialised | features=63
12:42:23  INFO      explainability.lime_explainer  LIME tabular explainer initialised | features=63
12:42:24  INFO      explainability.lime_explainer  LIME tabular explainer initialised | features=63
12:42:24  INFO      explainability.lime_explainer  LIME tabular explainer initialised | features=63
12:42:24  INFO      explainability.lime_explainer  LIME tabular explainer initialised | features=63
12:42:25  INFO      explainability.lime_explainer  LIME tabular explainer initialised | features=63
12:42:25  INFO      explainability.lime_explainer  LIME tabular explainer initialised | features=63
12:42:25  INFO      explainability.lime_explainer  LIME tabular explainer initialised | features=63
12:42:26  INFO      explainability.lime_explainer  LIME tabular explainer initialised | features=63
12:42:26  INFO      explainability.lime_explainer  LIME tabular explainer initialised | features=63
12:42:26  INFO      explainability.lime_explainer  LIME tabular explainer initialised | features=63
12:42:27  INFO      explainability.lime_explainer  LIME tabular explainer initialised | features=63
12:42:27  INFO      explainability.lime_explainer  LIME tabular explainer initialised | features=63
12:42:27  INFO      explainability.lime_explainer  LIME tabular explainer initialised | features=63
12:42:28  INFO      explainability.lime_explainer  LIME tabular explainer initialised | features=63
12:42:28  INFO      explainability.lime_explainer  LIME tabular explainer initialised | features=63
12:42:28  INFO      explainability.lime_explainer  LIME tabular explainer initialised | features=63
12:42:29  INFO      explainability.lime_explainer  LIME tabular explainer initialised | features=63
12:42:29  INFO      explainability.lime_explainer  LIME tabular explainer initialised | features=63
12:42:29  INFO      explainability.lime_explainer  LIME tabular explainer initialised | features=63
12:42:29  INFO      explainability.lime_explainer  LIME tabular explainer initialised | features=63
12:42:30  INFO      explainability.lime_explainer  LIME tabular explainer initialised | features=63
12:42:30  INFO      explainability.lime_explainer  LIME tabular explainer initialised | features=63
12:42:30  INFO      explainability.lime_explainer  LIME tabular explainer initialised | features=63
12:42:31  INFO      explainability.lime_explainer  LIME tabular explainer initialised | features=63
12:42:31  INFO      explainability.lime_explainer  LIME tabular explainer initialised | features=63
12:42:31  INFO      explainability.lime_explainer  LIME tabular explainer initialised | features=63
12:42:32  INFO      explainability.lime_explainer  LIME tabular explainer initialised | features=63
12:42:32  INFO      explainability.lime_explainer  LIME tabular explainer initialised | features=63
12:42:32  INFO      explainability.lime_explainer  LIME tabular explainer initialised | features=63
12:42:33  INFO      explainability.lime_explainer  LIME tabular explainer initialised | features=63
12:42:33  INFO      explainability.lime_explainer  LIME tabular explainer initialised | features=63
12:42:33  INFO      explainability.lime_explainer  LIME tabular explainer initialised | features=63
12:42:34  INFO      explainability.lime_explainer  LIME tabular explainer initialised | features=63
12:42:34  INFO      explainability.lime_explainer  LIME tabular explainer initialised | features=63
12:42:34  INFO      explainability.lime_explainer  LIME tabular explainer initialised | features=63
12:42:35  INFO      explainability.lime_explainer  LIME tabular explainer initialised | features=63
12:42:35  INFO      explainability.lime_explainer  LIME tabular explainer initialised | features=63
12:42:35  INFO      explainability.lime_explainer  LIME tabular explainer initialised | features=63
12:42:35  INFO      explainability.lime_explainer  LIME tabular explainer initialised | features=63
12:42:36  INFO      explainability.lime_explainer  LIME tabular explainer initialised | features=63
12:42:36  INFO      explainability.lime_explainer  LIME tabular explainer initialised | features=63
12:42:36  INFO      explainability.lime_explainer  LIME tabular explainer initialised | features=63
12:42:37  INFO      explainability.lime_explainer  LIME tabular explainer initialised | features=63
12:42:37  INFO      explainability.lime_explainer  LIME tabular explainer initialised | features=63
12:42:37  INFO      explainability.lime_explainer  LIME tabular explainer initialised | features=63
12:42:38  INFO      explainability.lime_explainer  LIME tabular explainer initialised | features=63
12:42:38  INFO      explainability.lime_explainer  LIME tabular explainer initialised | features=63
12:42:38  INFO      explainability.lime_explainer  LIME tabular explainer initialised | features=63
12:42:39  INFO      explainability.lime_explainer  LIME tabular explainer initialised | features=63
12:42:39  INFO      explainability.lime_explainer  LIME tabular explainer initialised | features=63
12:42:39  INFO      explainability.lime_explainer  LIME tabular explainer initialised | features=63
12:42:40  INFO      explainability.lime_explainer  LIME tabular explainer initialised | features=63
12:42:40  INFO      explainability.lime_explainer  LIME tabular explainer initialised | features=63
12:42:40  INFO      explainability.lime_explainer  LIME tabular explainer initialised | features=63
12:42:41  INFO      explainability.lime_explainer  LIME tabular explainer initialised | features=63
12:42:41  INFO      explainability.lime_explainer  LIME tabular explainer initialised | features=63
12:42:41  INFO      explainability.lime_explainer  LIME tabular explainer initialised | features=63
12:42:41  INFO      explainability.lime_explainer  LIME tabular explainer initialised | features=63
12:42:42  INFO      explainability.lime_explainer  LIME tabular explainer initialised | features=63
12:42:42  INFO      explainability.lime_explainer  LIME tabular explainer initialised | features=63
12:42:42  INFO      explainability.lime_explainer  LIME tabular explainer initialised | features=63
12:42:43  INFO      explainability.lime_explainer  LIME tabular explainer initialised | features=63
12:42:43  INFO      explainability.lime_explainer  LIME tabular explainer initialised | features=63
12:42:43  INFO      explainability.lime_explainer  LIME tabular explainer initialised | features=63
12:42:44  INFO      explainability.lime_explainer  LIME tabular explainer initialised | features=63
12:42:44  INFO      explainability.lime_explainer  LIME tabular explainer initialised | features=63
12:42:44  INFO      explainability.lime_explainer  LIME tabular explainer initialised | features=63
12:42:45  INFO      explainability.lime_explainer  LIME tabular explainer initialised | features=63
12:42:45  INFO      explainability.lime_explainer  LIME tabular explainer initialised | features=63
12:42:45  INFO      explainability.lime_explainer  LIME tabular explainer initialised | features=63
12:42:46  INFO      explainability.lime_explainer  LIME tabular explainer initialised | features=63
12:42:46  INFO      explainability.lime_explainer  LIME tabular explainer initialised | features=63
12:42:46  INFO      explainability.lime_explainer  LIME tabular explainer initialised | features=63
12:42:46  INFO      explainability.lime_explainer  LIME tabular explainer initialised | features=63
12:42:47  INFO      explainability.lime_explainer  LIME tabular explainer initialised | features=63
12:42:47  INFO      explainability.lime_explainer  LIME tabular explainer initialised | features=63
12:42:47  INFO      explainability.lime_explainer  LIME tabular explainer initialised | features=63
12:42:48  INFO      explainability.lime_explainer  LIME tabular explainer initialised | features=63
12:42:48  INFO      explainability.lime_explainer  LIME tabular explainer initialised | features=63
12:42:48  INFO      explainability.lime_explainer  LIME tabular explainer initialised | features=63
12:42:49  INFO      explainability.lime_explainer  LIME tabular explainer initialised | features=63
12:42:49  INFO      explainability.lime_explainer  LIME tabular explainer initialised | features=63
12:42:49  INFO      explainability.lime_explainer  LIME tabular explainer initialised | features=63
12:42:50  INFO      explainability.lime_explainer  LIME tabular explainer initialised | features=63
12:42:50  INFO      explainability.lime_explainer  LIME tabular explainer initialised | features=63
12:42:50  INFO      explainability.lime_explainer  LIME tabular explainer initialised | features=63
12:42:51  INFO      explainability.lime_explainer  LIME tabular explainer initialised | features=63
12:42:51  INFO      explainability.lime_explainer  LIME tabular explainer initialised | features=63
12:42:51  INFO      explainability.lime_explainer  LIME tabular explainer initialised | features=63
12:42:51  INFO      explainability.lime_explainer  LIME tabular explainer initialised | features=63
12:42:52  INFO      explainability.lime_explainer  LIME tabular explainer initialised | features=63
12:42:52  INFO      explainability.lime_explainer  LIME tabular explainer initialised | features=63
12:42:52  INFO      explainability.lime_explainer  LIME tabular explainer initialised | features=63
12:42:53  INFO      explainability.lime_explainer  LIME tabular explainer initialised | features=63
12:42:53  INFO      explainability.lime_explainer  LIME tabular explainer initialised | features=63
12:42:53  INFO      explainability.lime_explainer  LIME tabular explainer initialised | features=63
12:42:54  INFO      explainability.lime_explainer  LIME tabular explainer initialised | features=63
12:42:54  INFO      explainability.lime_explainer  LIME tabular explainer initialised | features=63
12:42:54  INFO      explainability.lime_explainer  LIME tabular explainer initialised | features=63
12:42:55  INFO      explainability.lime_explainer  LIME tabular explainer initialised | features=63
12:42:55  INFO      explainability.lime_explainer  LIME tabular explainer initialised | features=63
12:42:55  INFO      explainability.lime_explainer  LIME tabular explainer initialised | features=63
12:42:56  INFO      explainability.lime_explainer  LIME tabular explainer initialised | features=63
12:42:56  INFO      explainability.lime_explainer  LIME tabular explainer initialised | features=63
12:42:56  INFO      explainability.lime_explainer  LIME tabular explainer initialised | features=63
12:42:57  INFO      explainability.lime_explainer  LIME tabular explainer initialised | features=63
12:42:57  INFO      explainability.lime_explainer  LIME tabular explainer initialised | features=63
12:42:57  INFO      explainability.lime_explainer  LIME tabular explainer initialised | features=63
12:42:57  INFO      explainability.lime_explainer  LIME tabular explainer initialised | features=63
12:42:58  INFO      explainability.lime_explainer  LIME tabular explainer initialised | features=63
12:42:58  INFO      explainability.lime_explainer  LIME tabular explainer initialised | features=63
12:42:58  INFO      explainability.lime_explainer  LIME tabular explainer initialised | features=63
12:42:59  INFO      pipeline  LaTeX table → /Users/harekrishna/Downloads/credit-default-xai-benchmark 2/results/outputs/prosper_temporal/runs/cutoff_2011-07_seed_42/results/table5_explanation_quality.tex
12:42:59  INFO      pipeline  LaTeX table → /Users/harekrishna/Downloads/credit-default-xai-benchmark 2/results/outputs/prosper_temporal/runs/cutoff_2011-07_seed_42/results/table4_shap_lime_agreement.tex
12:42:59  INFO      pipeline  ============================================================
12:42:59  INFO      pipeline  STAGE 7: Revision Analyses
12:42:59  INFO      pipeline  ============================================================
12:45:35  INFO      pipeline  RUN cutoff_2011-07_seed_42 COMPLETE | champion LightGBM | OOF AUROC 0.7273 | test AUROC 0.6813
12:45:35  INFO      pipeline  ╔══════════════════════════════════════════════╗
12:45:35  INFO      pipeline  ║  Credit Default Prediction with XAI (v3)     ║
12:45:35  INFO      pipeline  ║  Dataset: prosper                            ║
12:45:35  INFO      pipeline  ║  Run: cutoff_2011-07_seed_99                 ║
12:45:35  INFO      pipeline  ╚══════════════════════════════════════════════╝
12:45:35  INFO      pipeline  ============================================================
12:45:35  INFO      pipeline  STAGE 1: Data Loading, Labelling & Partitioning
12:45:35  INFO      pipeline  ============================================================
12:45:35  INFO      data.data_loader  Loading Prosper loans from /Users/harekrishna/Downloads/credit-default-xai-benchmark 2/data/prosperLoanData.csv
12:45:37  INFO      data.data_loader  Prosper: 113937 rows, 113066 after LoanKey de-duplication
12:45:37  INFO      data.data_loader  Prosper horizon label (H=12 months, snapshot 2014-03-12): 72067 labelled, 40999 censored, default rate 9.70%
12:45:37  INFO      data.data_loader  Skipping UCI-specific engineered features; required columns not present.
12:45:37  INFO      data.data_loader  Skipping UCI-specific engineered features; required columns not present.
12:45:37  INFO      data.data_loader  Dataset loaded | prosper | train=33775  test=7006 | default rate train=12.65% test=7.51% | 8 nominal, 33 continuous
12:45:37  INFO      pipeline  Imbalance stats (train): {"n_total": 33775, "n_majority": 29501, "n_minority": 4274, "imbalance_ratio": 6.9024, "minority_pct": 12.65}
12:45:37  INFO      visualization.plots  Fig 1 saved → /Users/harekrishna/Downloads/credit-default-xai-benchmark 2/results/outputs/prosper_temporal/runs/cutoff_2011-07_seed_99/figures/fig01_class_distribution.pdf
12:45:37  INFO      pipeline  ============================================================
12:45:37  INFO      pipeline  STAGE 2: Imbalance Strategy Ablation (selected on OOF AUROC)
12:45:37  INFO      pipeline  ============================================================
12:45:56  INFO      pipeline  Ablation | SMOTE            | OOF AUROC=0.7088  test AUROC=0.6603
12:46:16  INFO      pipeline  Ablation | BorderlineSMOTE  | OOF AUROC=0.7127  test AUROC=0.6685
12:47:54  INFO      pipeline  Ablation | SVMSMOTE         | OOF AUROC=0.7146  test AUROC=0.6806
12:48:13  INFO      pipeline  Ablation | ADASYN           | OOF AUROC=0.7122  test AUROC=0.6718
12:48:18  INFO      pipeline  Ablation | None             | OOF AUROC=0.7210  test AUROC=0.6614
12:48:20  INFO      pipeline  Ablation | ClassWeight      | OOF AUROC=0.6941  test AUROC=0.5801
12:48:20  INFO      pipeline  Best imbalance strategy (OOF AUROC): None → 0.7210 [probe: LightGBM]
12:48:20  INFO      pipeline  ============================================================
12:48:20  INFO      pipeline  STAGE 3: Model Training (nested tuning, OOF predictions, refit)
12:48:20  INFO      pipeline  ============================================================
12:48:20  INFO      pipeline  Training XGBoost …
12:49:34  INFO      pipeline  XGBoost | per-model strategy=None | OOF AUROC by strategy={'SMOTE': 0.7137, 'BorderlineSMOTE': 0.7192, 'SVMSMOTE': 0.7168, 'ADASYN': 0.7171, 'None': 0.7242, 'ClassWeight': 0.7172}
12:49:34  INFO      pipeline  RandomizedSearchCV | model=XGBoost strategy=None n_iter=12
12:49:59  INFO      pipeline  Training LightGBM …
12:51:23  INFO      pipeline  LightGBM | per-model strategy=None | OOF AUROC by strategy={'SMOTE': 0.7088, 'BorderlineSMOTE': 0.7127, 'SVMSMOTE': 0.7146, 'ADASYN': 0.7122, 'None': 0.721, 'ClassWeight': 0.6941}
12:51:23  INFO      pipeline  RandomizedSearchCV | model=LightGBM strategy=None n_iter=12
12:52:09  INFO      pipeline  Training CatBoost …
12:53:55  INFO      pipeline  CatBoost | per-model strategy=None | OOF AUROC by strategy={'SMOTE': 0.7175, 'BorderlineSMOTE': 0.7219, 'SVMSMOTE': 0.7183, 'ADASYN': 0.7134, 'None': 0.7267, 'ClassWeight': 0.725}
12:53:55  INFO      pipeline  RandomizedSearchCV | model=CatBoost strategy=None n_iter=12
12:54:43  INFO      pipeline  Training Random Forest …
12:56:21  INFO      pipeline  Random Forest | per-model strategy=ClassWeight | OOF AUROC by strategy={'SMOTE': 0.7158, 'BorderlineSMOTE': 0.7189, 'SVMSMOTE': 0.7169, 'ADASYN': 0.715, 'None': 0.7097, 'ClassWeight': 0.7219}
12:56:21  INFO      pipeline  RandomizedSearchCV | model=Random Forest strategy=ClassWeight n_iter=12
12:58:26  INFO      pipeline  Training Logistic Reg. …
12:59:26  INFO      pipeline  Logistic Reg. | per-model strategy=ClassWeight | OOF AUROC by strategy={'SMOTE': 0.6717, 'BorderlineSMOTE': 0.6727, 'SVMSMOTE': 0.6854, 'ADASYN': 0.6643, 'None': 0.6994, 'ClassWeight': 0.701}
12:59:26  INFO      pipeline  RandomizedSearchCV | model=Logistic Reg. strategy=ClassWeight n_iter=12
12:59:36  INFO      pipeline  Training TabNet …
12:59:36  INFO      models.tabnet_model  Apple MPS backend passed smoke test — using GPU acceleration.
12:59:36  INFO      models.tabnet_model  TabNet starting | device=mps  max_epochs=200  patience=15  batch_size=1024  n_train=8446
13:00:11  INFO      models.tabnet_model  TabNet trained | device=mps  best_epoch=29  elapsed=35.4s
13:00:12  INFO      models.tabnet_model  Apple MPS backend passed smoke test — using GPU acceleration.
13:00:12  INFO      models.tabnet_model  TabNet starting | device=mps  max_epochs=200  patience=15  batch_size=1024  n_train=16889
13:01:11  INFO      models.tabnet_model  TabNet trained | device=mps  best_epoch=25  elapsed=59.5s
13:01:12  INFO      models.tabnet_model  Apple MPS backend passed smoke test — using GPU acceleration.
13:01:12  INFO      models.tabnet_model  TabNet starting | device=mps  max_epochs=200  patience=15  batch_size=1024  n_train=25332
13:02:33  INFO      models.tabnet_model  TabNet trained | device=mps  best_epoch=21  elapsed=81.2s
13:02:33  INFO      models.tabnet_model  Apple MPS backend passed smoke test — using GPU acceleration.
13:02:33  INFO      models.tabnet_model  TabNet starting | device=mps  max_epochs=200  patience=15  batch_size=1024  n_train=33775

epoch 34 | loss: 0.31378 | val_auc: 0.76488 |  0:01:40s
epoch 35 | loss: 0.31198 | val_auc: 0.76619 |  0:01:42s
epoch 36 | loss: 0.31004 | val_auc: 0.7611  |  0:01:45s
epoch 37 | loss: 0.31124 | val_auc: 0.76248 |  0:01:48s
epoch 38 | loss: 0.30654 | val_auc: 0.76532 |  0:01:51s
epoch 39 | loss: 0.30516 | val_auc: 0.76856 |  0:01:53s
epoch 40 | loss: 0.30427 | val_auc: 0.75772 |  0:01:56s
epoch 41 | loss: 0.30167 | val_auc: 0.76297 |  0:01:59s
epoch 42 | loss: 0.2994  | val_auc: 0.7482  |  0:02:02s
epoch 43 | loss: 0.29592 | val_auc: 0.76068 |  0:02:05s

Early stopping occurred at epoch 43 with best_epoch = 28 and best_val_auc = 0.77064
Successfully saved model at /Users/harekrishna/Downloads/credit-default-xai-benchmark 2/results/outputs/prosper_temporal/runs/cutoff_2011-07_seed_42/models/tabnet.pkl.zip
epoch 0  | loss: 0.70436 | val_auc: 0.6386  |  0:00:01s
epoch 1  | loss: 0.57363 | val_auc: 0.74089 |  0:00:01s
epoch 2  | loss: 0.50298 | val_auc: 0.70069 |  0:00:02s
epoch 3  | loss: 0.44002 | val_auc: 0.74664 |  0:00:03s
epoch 4  | loss: 0.40665 | val_auc: 0.75989 |  0:00:04s
epoch 5  | loss: 0.40417 | val_auc: 0.76326 |  0:00:04s
epoch 6  | loss: 0.38861 | val_auc: 0.76153 |  0:00:05s
epoch 7  | loss: 0.3759  | val_auc: 0.76503 |  0:00:06s
epoch 8  | loss: 0.36829 | val_auc: 0.79033 |  0:00:07s
epoch 9  | loss: 0.36782 | val_auc: 0.78025 |  0:00:07s
epoch 10 | loss: 0.36338 | val_auc: 0.77065 |  0:00:08s
epoch 11 | loss: 0.36808 | val_auc: 0.78671 |  0:00:09s
epoch 12 | loss: 0.35848 | val_auc: 0.78841 |  0:00:09s
epoch 13 | loss: 0.35696 | val_auc: 0.78213 |  0:00:10s
epoch 14 | loss: 0.35617 | val_auc: 0.79257 |  0:00:11s
epoch 15 | loss: 0.34962 | val_auc: 0.79909 |  0:00:12s
epoch 16 | loss: 0.34829 | val_auc: 0.80052 |  0:00:12s
epoch 17 | loss: 0.34575 | val_auc: 0.80122 |  0:00:13s
epoch 18 | loss: 0.3441  | val_auc: 0.80056 |  0:00:14s
epoch 19 | loss: 0.34181 | val_auc: 0.79751 |  0:00:15s
epoch 20 | loss: 0.33853 | val_auc: 0.79908 |  0:00:15s
epoch 21 | loss: 0.33826 | val_auc: 0.79656 |  0:00:16s
epoch 22 | loss: 0.33464 | val_auc: 0.79685 |  0:00:17s
epoch 23 | loss: 0.32986 | val_auc: 0.79153 |  0:00:18s
epoch 24 | loss: 0.33259 | val_auc: 0.79556 |  0:00:18s
epoch 25 | loss: 0.33188 | val_auc: 0.78978 |  0:00:19s
epoch 26 | loss: 0.32964 | val_auc: 0.78843 |  0:00:20s
epoch 27 | loss: 0.33315 | val_auc: 0.78698 |  0:00:20s
epoch 28 | loss: 0.32996 | val_auc: 0.79767 |  0:00:21s
epoch 29 | loss: 0.33097 | val_auc: 0.8031  |  0:00:22s
epoch 30 | loss: 0.33047 | val_auc: 0.79141 |  0:00:23s
epoch 31 | loss: 0.32838 | val_auc: 0.79614 |  0:00:23s
epoch 32 | loss: 0.32894 | val_auc: 0.79019 |  0:00:24s
epoch 33 | loss: 0.32453 | val_auc: 0.79686 |  0:00:25s
epoch 34 | loss: 0.32204 | val_auc: 0.78866 |  0:00:26s
epoch 35 | loss: 0.32036 | val_auc: 0.7912  |  0:00:27s
epoch 36 | loss: 0.32436 | val_auc: 0.78848 |  0:00:27s
epoch 37 | loss: 0.32367 | val_auc: 0.78031 |  0:00:28s
epoch 38 | loss: 0.32291 | val_auc: 0.7909  |  0:00:29s
epoch 39 | loss: 0.32275 | val_auc: 0.78182 |  0:00:30s
epoch 40 | loss: 0.32238 | val_auc: 0.7801  |  0:00:31s
epoch 41 | loss: 0.32433 | val_auc: 0.78888 |  0:00:31s
epoch 42 | loss: 0.32103 | val_auc: 0.7755  |  0:00:32s
epoch 43 | loss: 0.31634 | val_auc: 0.78363 |  0:00:33s
epoch 44 | loss: 0.31164 | val_auc: 0.78913 |  0:00:34s

Early stopping occurred at epoch 44 with best_epoch = 29 and best_val_auc = 0.8031
epoch 0  | loss: 0.69423 | val_auc: 0.60726 |  0:00:01s
epoch 1  | loss: 0.47815 | val_auc: 0.69998 |  0:00:03s
epoch 2  | loss: 0.41407 | val_auc: 0.77034 |  0:00:04s
epoch 3  | loss: 0.38873 | val_auc: 0.78059 |  0:00:05s
epoch 4  | loss: 0.38048 | val_auc: 0.76921 |  0:00:07s
epoch 5  | loss: 0.37347 | val_auc: 0.76621 |  0:00:08s
epoch 6  | loss: 0.36686 | val_auc: 0.79082 |  0:00:10s
epoch 7  | loss: 0.36508 | val_auc: 0.80684 |  0:00:11s
epoch 8  | loss: 0.36474 | val_auc: 0.78818 |  0:00:12s
epoch 9  | loss: 0.36721 | val_auc: 0.79028 |  0:00:14s
epoch 10 | loss: 0.36543 | val_auc: 0.79953 |  0:00:15s
epoch 11 | loss: 0.36206 | val_auc: 0.78555 |  0:00:17s
epoch 12 | loss: 0.36039 | val_auc: 0.79374 |  0:00:18s
epoch 13 | loss: 0.35649 | val_auc: 0.79843 |  0:00:20s
epoch 14 | loss: 0.3554  | val_auc: 0.80086 |  0:00:21s
epoch 15 | loss: 0.35665 | val_auc: 0.80477 |  0:00:23s
epoch 16 | loss: 0.35557 | val_auc: 0.80048 |  0:00:24s
epoch 17 | loss: 0.35355 | val_auc: 0.79621 |  0:00:25s
epoch 18 | loss: 0.3533  | val_auc: 0.79986 |  0:00:27s
epoch 19 | loss: 0.34967 | val_auc: 0.79908 |  0:00:28s
epoch 20 | loss: 0.35201 | val_auc: 0.80965 |  0:00:30s
epoch 21 | loss: 0.34587 | val_auc: 0.80745 |  0:00:31s
epoch 22 | loss: 0.34336 | val_auc: 0.80746 |  0:00:32s
epoch 23 | loss: 0.34415 | val_auc: 0.80732 |  0:00:34s
epoch 24 | loss: 0.3412  | val_auc: 0.81195 |  0:00:35s
epoch 25 | loss: 0.34008 | val_auc: 0.81253 |  0:00:37s
epoch 26 | loss: 0.33524 | val_auc: 0.81156 |  0:00:38s
epoch 27 | loss: 0.33362 | val_auc: 0.80406 |  0:00:39s
epoch 28 | loss: 0.33326 | val_auc: 0.80051 |  0:00:41s
epoch 29 | loss: 0.33183 | val_auc: 0.8064  |  0:00:42s
epoch 30 | loss: 0.32925 | val_auc: 0.80522 |  0:00:44s
epoch 31 | loss: 0.32777 | val_auc: 0.8037  |  0:00:45s
epoch 32 | loss: 0.32295 | val_auc: 0.81251 |  0:00:47s
epoch 33 | loss: 0.31946 | val_auc: 0.80584 |  0:00:48s
epoch 34 | loss: 0.31701 | val_auc: 0.81134 |  0:00:49s
epoch 35 | loss: 0.31388 | val_auc: 0.80514 |  0:00:51s
epoch 36 | loss: 0.31288 | val_auc: 0.80187 |  0:00:52s
epoch 37 | loss: 0.31028 | val_auc: 0.80813 |  0:00:54s
epoch 38 | loss: 0.30306 | val_auc: 0.8025  |  0:00:55s
epoch 39 | loss: 0.30149 | val_auc: 0.80341 |  0:00:57s
epoch 40 | loss: 0.29545 | val_auc: 0.79619 |  0:00:58s

Early stopping occurred at epoch 40 with best_epoch = 25 and best_val_auc = 0.81253
epoch 0  | loss: 0.58115 | val_auc: 0.63973 |  0:00:02s
epoch 1  | loss: 0.42578 | val_auc: 0.67673 |  0:00:04s
epoch 2  | loss: 0.39349 | val_auc: 0.70177 |  0:00:07s
epoch 3  | loss: 0.38371 | val_auc: 0.74345 |  0:00:09s
epoch 4  | loss: 0.36867 | val_auc: 0.75086 |  0:00:11s
epoch 5  | loss: 0.36806 | val_auc: 0.77368 |  0:00:13s
epoch 6  | loss: 0.36239 | val_auc: 0.77796 |  0:00:15s
epoch 7  | loss: 0.35928 | val_auc: 0.77931 |  0:00:17s
epoch 8  | loss: 0.35589 | val_auc: 0.78598 |  0:00:19s
epoch 9  | loss: 0.35372 | val_auc: 0.7831  |  0:00:21s
epoch 10 | loss: 0.34866 | val_auc: 0.7886  |  0:00:24s
epoch 11 | loss: 0.34608 | val_auc: 0.79045 |  0:00:26s
epoch 12 | loss: 0.34608 | val_auc: 0.78675 |  0:00:28s
epoch 13 | loss: 0.3505  | val_auc: 0.77947 |  0:00:30s
epoch 14 | loss: 0.35057 | val_auc: 0.78779 |  0:00:32s
epoch 15 | loss: 0.34962 | val_auc: 0.78557 |  0:00:34s
epoch 16 | loss: 0.35018 | val_auc: 0.78435 |  0:00:36s
epoch 17 | loss: 0.34796 | val_auc: 0.78665 |  0:00:39s
epoch 18 | loss: 0.34403 | val_auc: 0.79568 |  0:00:41s
epoch 19 | loss: 0.34044 | val_auc: 0.79386 |  0:00:43s
epoch 20 | loss: 0.34016 | val_auc: 0.79713 |  0:00:45s
epoch 21 | loss: 0.33702 | val_auc: 0.79766 |  0:00:47s
epoch 22 | loss: 0.3349  | val_auc: 0.79289 |  0:00:49s
epoch 23 | loss: 0.33186 | val_auc: 0.78798 |  0:00:51s
epoch 24 | loss: 0.3299  | val_auc: 0.79436 |  0:00:53s
epoch 25 | loss: 0.32766 | val_auc: 0.79228 |  0:00:55s
epoch 26 | loss: 0.32894 | val_auc: 0.78826 |  0:00:58s
epoch 27 | loss: 0.32343 | val_auc: 0.78354 |  0:01:00s
epoch 28 | loss: 0.32325 | val_auc: 0.78207 |  0:01:02s
epoch 29 | loss: 0.32272 | val_auc: 0.77412 |  0:01:04s
epoch 30 | loss: 0.32402 | val_auc: 0.76904 |  0:01:06s
epoch 31 | loss: 0.31793 | val_auc: 0.76775 |  0:01:08s
epoch 32 | loss: 0.31648 | val_auc: 0.7742  |  0:01:10s
epoch 33 | loss: 0.31762 | val_auc: 0.78157 |  0:01:12s
epoch 34 | loss: 0.31573 | val_auc: 0.77171 |  0:01:14s
epoch 35 | loss: 0.31089 | val_auc: 0.76577 |  0:01:17s
epoch 36 | loss: 0.31109 | val_auc: 0.7657  |  0:01:19s

Early stopping occurred at epoch 36 with best_epoch = 21 and best_val_auc = 0.79766
epoch 0  | loss: 0.52805 | val_auc: 0.59191 |  0:00:02s
epoch 1  | loss: 0.37256 | val_auc: 0.67873 |  0:00:05s
epoch 2  | loss: 0.35515 | val_auc: 0.67528 |  0:00:08s
epoch 3  | loss: 0.34861 | val_auc: 0.71712 |  0:00:11s
epoch 4  | loss: 0.34435 | val_auc: 0.70757 |  0:00:13s13:04:31  INFO      models.tabnet_model  TabNet trained | device=mps  best_epoch=25  elapsed=117.8s
13:04:31  INFO      models.tabnet_model  TabNet model saved to /Users/harekrishna/Downloads/credit-default-xai-benchmark 2/results/outputs/prosper_temporal/runs/cutoff_2011-07_seed_99/models/tabnet.pkl
13:04:31  INFO      pipeline  ============================================================
13:04:31  INFO      pipeline  STAGE 4: Evaluation (selection on OOF; test scored once)
13:04:31  INFO      pipeline  ============================================================
13:04:32  INFO      pipeline  XGBoost | OOF AUROC=0.7229  f1*=0.3104 @ t=0.17 | test AUROC=0.6748  F1=0.1484  MCC=0.0963
13:04:32  INFO      pipeline  LightGBM | OOF AUROC=0.7216  f1*=0.3108 @ t=0.15 | test AUROC=0.6724  F1=0.1893  MCC=0.1298
13:04:32  INFO      pipeline  CatBoost | OOF AUROC=0.7265  f1*=0.3142 @ t=0.15 | test AUROC=0.6770  F1=0.1783  MCC=0.1166
13:04:32  INFO      pipeline  Random Forest | OOF AUROC=0.7239  f1*=0.3118 @ t=0.38 | test AUROC=0.6416  F1=0.0746  MCC=0.0542
13:04:33  INFO      pipeline  Logistic Reg. | OOF AUROC=0.7162  f1*=0.3061 @ t=0.46 | test AUROC=0.6655  F1=0.1965  MCC=0.1147
13:04:33  INFO      pipeline  TabNet | OOF AUROC=0.6617  f1*=0.2578 @ t=0.14 | test AUROC=0.6377  F1=0.1512  MCC=0.0729
13:04:33  INFO      pipeline  LaTeX table → /Users/harekrishna/Downloads/credit-default-xai-benchmark 2/results/outputs/prosper_temporal/runs/cutoff_2011-07_seed_99/results/table2_test_metrics.tex
13:04:33  INFO      pipeline  
                AUROC   AUPRC      F1  Precision  Recall  Specificity  G-Mean     MCC   Brier
Model                                                                                        
XGBoost        0.6748  0.1431  0.1484     0.1857  0.1236       0.9560  0.3437  0.0963  0.0675
LightGBM       0.6724  0.1447  0.1893     0.2063  0.1749       0.9454  0.4066  0.1298  0.0675
CatBoost       0.6770  0.1425  0.1783     0.1909  0.1673       0.9424  0.3971  0.1166  0.0675
Random Forest  0.6416  0.1274  0.0746     0.1736  0.0475       0.9816  0.2160  0.0542  0.0910
Logistic Reg.  0.6655  0.1370  0.1965     0.1443  0.3080       0.8517  0.5122  0.1147  0.1386
TabNet         0.6377  0.1159  0.1512     0.1331  0.1749       0.9076  0.3984  0.0729  0.0687
13:04:33  INFO      visualization.plots  Fig 2 saved → /Users/harekrishna/Downloads/credit-default-xai-benchmark 2/results/outputs/prosper_temporal/runs/cutoff_2011-07_seed_99/figures/fig02_roc_curves.pdf
13:04:33  INFO      visualization.plots  Fig 3 saved → /Users/harekrishna/Downloads/credit-default-xai-benchmark 2/results/outputs/prosper_temporal/runs/cutoff_2011-07_seed_99/figures/fig03_pr_curves.pdf
13:04:34  INFO      visualization.plots  Fig 4 saved → /Users/harekrishna/Downloads/credit-default-xai-benchmark 2/results/outputs/prosper_temporal/runs/cutoff_2011-07_seed_99/figures/fig04_confusion_catboost.pdf
13:23:01  INFO      pipeline  Skipping TabNet in Fig 10 ablation (pass --full-ablation to include).
13:23:01  INFO      visualization.plots  Fig 10 saved → /Users/harekrishna/Downloads/credit-default-xai-benchmark 2/results/outputs/prosper_temporal/runs/cutoff_2011-07_seed_99/figures/fig10_smote_ablation.pdf
13:23:01  INFO      pipeline  ============================================================
13:23:01  INFO      pipeline  STAGE 5: SHAP Explanations
13:23:01  INFO      pipeline  ============================================================
13:23:01  INFO      explainability.shap_explainer  SHAP TreeExplainer initialised | output_space=log_odds
13:23:02  INFO      explainability.shap_explainer  SHAP values computed | shape=(2000, 63)
13:23:02  INFO      explainability.shap_explainer  SHAP additivity check | MAE=0.00000 | PASS ✓
13:23:02  INFO      explainability.shap_explainer  Saved SHAP summary → /Users/harekrishna/Downloads/credit-default-xai-benchmark 2/results/outputs/prosper_temporal/runs/cutoff_2011-07_seed_99/figures/fig05a_shap_summary_CatBoost.pdf
13:23:03  INFO      explainability.shap_explainer  Saved SHAP bar → /Users/harekrishna/Downloads/credit-default-xai-benchmark 2/results/outputs/prosper_temporal/runs/cutoff_2011-07_seed_99/figures/fig05b_shap_bar_CatBoost.pdf
13:23:03  INFO      explainability.shap_explainer  Saved SHAP dependence → /Users/harekrishna/Downloads/credit-default-xai-benchmark 2/results/outputs/prosper_temporal/runs/cutoff_2011-07_seed_99/figures/fig06_shap_dep_LoanOriginalAmount.pdf
13:23:03  INFO      pipeline  LaTeX table → /Users/harekrishna/Downloads/credit-default-xai-benchmark 2/results/outputs/prosper_temporal/runs/cutoff_2011-07_seed_99/results/table3_shap_ranking.tex
13:23:03  INFO      visualization.plots  Fig 8 saved → /Users/harekrishna/Downloads/credit-default-xai-benchmark 2/results/outputs/prosper_temporal/runs/cutoff_2011-07_seed_99/figures/fig08_importance_comparison.pdf
13:23:04  INFO      visualization.plots  Fig 9 saved → /Users/harekrishna/Downloads/credit-default-xai-benchmark 2/results/outputs/prosper_temporal/runs/cutoff_2011-07_seed_99/figures/fig09_threshold_sweep.pdf
13:23:04  INFO      pipeline  ============================================================
13:23:04  INFO      pipeline  STAGE 6: LIME Explanations
13:23:04  INFO      pipeline  ============================================================
13:23:04  INFO      explainability.lime_explainer  LIME tabular explainer initialised | features=63
13:23:04  INFO      pipeline  Local instances selected: {'TP': 6191, 'FP': 3842, 'FN': 1786, 'TN': 6833}
13:23:04  INFO      explainability.lime_explainer  Saved LIME explanation → /Users/harekrishna/Downloads/credit-default-xai-benchmark 2/results/outputs/prosper_temporal/runs/cutoff_2011-07_seed_99/figures/fig07_tp_lime.pdf
13:23:04  INFO      explainability.lime_explainer  Saved LIME explanation → /Users/harekrishna/Downloads/credit-default-xai-benchmark 2/results/outputs/prosper_temporal/runs/cutoff_2011-07_seed_99/figures/fig07_fp_lime.pdf
13:23:05  INFO      explainability.lime_explainer  Saved LIME explanation → /Users/harekrishna/Downloads/credit-default-xai-benchmark 2/results/outputs/prosper_temporal/runs/cutoff_2011-07_seed_99/figures/fig07_fn_lime.pdf
13:23:05  INFO      explainability.lime_explainer  Saved LIME explanation → /Users/harekrishna/Downloads/credit-default-xai-benchmark 2/results/outputs/prosper_temporal/runs/cutoff_2011-07_seed_99/figures/fig07_tn_lime.pdf
13:23:05  INFO      explainability.lime_explainer  Saved LIME multi-instance grid → /Users/harekrishna/Downloads/credit-default-xai-benchmark 2/results/outputs/prosper_temporal/runs/cutoff_2011-07_seed_99/figures/fig07_lime_multi_instance.pdf
13:23:09  INFO      explainability.lime_explainer  LIME batch complete | n=200
13:23:09  INFO      explainability.lime_explainer  SHAP–LIME agreement | mean ρ=0.356 ± 0.291
13:23:10  INFO      explainability.lime_explainer  LIME tabular explainer initialised | features=63
13:23:10  INFO      explainability.lime_explainer  LIME tabular explainer initialised | features=63
13:23:10  INFO      explainability.lime_explainer  LIME tabular explainer initialised | features=63
13:23:11  INFO      explainability.lime_explainer  LIME tabular explainer initialised | features=63
13:23:11  INFO      explainability.lime_explainer  LIME tabular explainer initialised | features=63
13:23:11  INFO      explainability.lime_explainer  LIME tabular explainer initialised | features=63
13:23:11  INFO      explainability.lime_explainer  LIME tabular explainer initialised | features=63
13:23:12  INFO      explainability.lime_explainer  LIME tabular explainer initialised | features=63
13:23:12  INFO      explainability.lime_explainer  LIME tabular explainer initialised | features=63
13:23:12  INFO      explainability.lime_explainer  LIME tabular explainer initialised | features=63
13:23:13  INFO      explainability.lime_explainer  LIME tabular explainer initialised | features=63
13:23:13  INFO      explainability.lime_explainer  LIME tabular explainer initialised | features=63
13:23:13  INFO      explainability.lime_explainer  LIME tabular explainer initialised | features=63
13:23:14  INFO      explainability.lime_explainer  LIME tabular explainer initialised | features=63
13:23:14  INFO      explainability.lime_explainer  LIME tabular explainer initialised | features=63
13:23:14  INFO      explainability.lime_explainer  LIME tabular explainer initialised | features=63
13:23:15  INFO      explainability.lime_explainer  LIME tabular explainer initialised | features=63
13:23:15  INFO      explainability.lime_explainer  LIME tabular explainer initialised | features=63
13:23:15  INFO      explainability.lime_explainer  LIME tabular explainer initialised | features=63
13:23:16  INFO      explainability.lime_explainer  LIME tabular explainer initialised | features=63
13:23:16  INFO      explainability.lime_explainer  LIME tabular explainer initialised | features=63
13:23:16  INFO      explainability.lime_explainer  LIME tabular explainer initialised | features=63
13:23:16  INFO      explainability.lime_explainer  LIME tabular explainer initialised | features=63
13:23:17  INFO      explainability.lime_explainer  LIME tabular explainer initialised | features=63
13:23:17  INFO      explainability.lime_explainer  LIME tabular explainer initialised | features=63
13:23:17  INFO      explainability.lime_explainer  LIME tabular explainer initialised | features=63
13:23:18  INFO      explainability.lime_explainer  LIME tabular explainer initialised | features=63
13:23:18  INFO      explainability.lime_explainer  LIME tabular explainer initialised | features=63
13:23:18  INFO      explainability.lime_explainer  LIME tabular explainer initialised | features=63
13:23:19  INFO      explainability.lime_explainer  LIME tabular explainer initialised | features=63
13:23:19  INFO      explainability.lime_explainer  LIME tabular explainer initialised | features=63
13:23:19  INFO      explainability.lime_explainer  LIME tabular explainer initialised | features=63
13:23:20  INFO      explainability.lime_explainer  LIME tabular explainer initialised | features=63
13:23:20  INFO      explainability.lime_explainer  LIME tabular explainer initialised | features=63
13:23:20  INFO      explainability.lime_explainer  LIME tabular explainer initialised | features=63
13:23:21  INFO      explainability.lime_explainer  LIME tabular explainer initialised | features=63
13:23:21  INFO      explainability.lime_explainer  LIME tabular explainer initialised | features=63
13:23:21  INFO      explainability.lime_explainer  LIME tabular explainer initialised | features=63
13:23:21  INFO      explainability.lime_explainer  LIME tabular explainer initialised | features=63
13:23:22  INFO      explainability.lime_explainer  LIME tabular explainer initialised | features=63
13:23:22  INFO      explainability.lime_explainer  LIME tabular explainer initialised | features=63
13:23:22  INFO      explainability.lime_explainer  LIME tabular explainer initialised | features=63
13:23:23  INFO      explainability.lime_explainer  LIME tabular explainer initialised | features=63
13:23:23  INFO      explainability.lime_explainer  LIME tabular explainer initialised | features=63
13:23:23  INFO      explainability.lime_explainer  LIME tabular explainer initialised | features=63
13:23:24  INFO      explainability.lime_explainer  LIME tabular explainer initialised | features=63
13:23:24  INFO      explainability.lime_explainer  LIME tabular explainer initialised | features=63
13:23:24  INFO      explainability.lime_explainer  LIME tabular explainer initialised | features=63
13:23:25  INFO      explainability.lime_explainer  LIME tabular explainer initialised | features=63
13:23:25  INFO      explainability.lime_explainer  LIME tabular explainer initialised | features=63
13:23:25  INFO      explainability.lime_explainer  LIME tabular explainer initialised | features=63
13:23:25  INFO      explainability.lime_explainer  LIME tabular explainer initialised | features=63
13:23:26  INFO      explainability.lime_explainer  LIME tabular explainer initialised | features=63
13:23:26  INFO      explainability.lime_explainer  LIME tabular explainer initialised | features=63
13:23:26  INFO      explainability.lime_explainer  LIME tabular explainer initialised | features=63
13:23:27  INFO      explainability.lime_explainer  LIME tabular explainer initialised | features=63
13:23:27  INFO      explainability.lime_explainer  LIME tabular explainer initialised | features=63
13:23:27  INFO      explainability.lime_explainer  LIME tabular explainer initialised | features=63
13:23:28  INFO      explainability.lime_explainer  LIME tabular explainer initialised | features=63
13:23:28  INFO      explainability.lime_explainer  LIME tabular explainer initialised | features=63
13:23:28  INFO      explainability.lime_explainer  LIME tabular explainer initialised | features=63
13:23:29  INFO      explainability.lime_explainer  LIME tabular explainer initialised | features=63
13:23:29  INFO      explainability.lime_explainer  LIME tabular explainer initialised | features=63
13:23:29  INFO      explainability.lime_explainer  LIME tabular explainer initialised | features=63
13:23:30  INFO      explainability.lime_explainer  LIME tabular explainer initialised | features=63
13:23:30  INFO      explainability.lime_explainer  LIME tabular explainer initialised | features=63
13:23:30  INFO      explainability.lime_explainer  LIME tabular explainer initialised | features=63
13:23:31  INFO      explainability.lime_explainer  LIME tabular explainer initialised | features=63
13:23:31  INFO      explainability.lime_explainer  LIME tabular explainer initialised | features=63
13:23:31  INFO      explainability.lime_explainer  LIME tabular explainer initialised | features=63
13:23:32  INFO      explainability.lime_explainer  LIME tabular explainer initialised | features=63
13:23:32  INFO      explainability.lime_explainer  LIME tabular explainer initialised | features=63
13:23:32  INFO      explainability.lime_explainer  LIME tabular explainer initialised | features=63
13:23:32  INFO      explainability.lime_explainer  LIME tabular explainer initialised | features=63
13:23:33  INFO      explainability.lime_explainer  LIME tabular explainer initialised | features=63
13:23:33  INFO      explainability.lime_explainer  LIME tabular explainer initialised | features=63
13:23:33  INFO      explainability.lime_explainer  LIME tabular explainer initialised | features=63
13:23:34  INFO      explainability.lime_explainer  LIME tabular explainer initialised | features=63
13:23:34  INFO      explainability.lime_explainer  LIME tabular explainer initialised | features=63
13:23:34  INFO      explainability.lime_explainer  LIME tabular explainer initialised | features=63
13:23:35  INFO      explainability.lime_explainer  LIME tabular explainer initialised | features=63
13:23:35  INFO      explainability.lime_explainer  LIME tabular explainer initialised | features=63
13:23:35  INFO      explainability.lime_explainer  LIME tabular explainer initialised | features=63
13:23:36  INFO      explainability.lime_explainer  LIME tabular explainer initialised | features=63
13:23:36  INFO      explainability.lime_explainer  LIME tabular explainer initialised | features=63
13:23:36  INFO      explainability.lime_explainer  LIME tabular explainer initialised | features=63
13:23:36  INFO      explainability.lime_explainer  LIME tabular explainer initialised | features=63
13:23:37  INFO      explainability.lime_explainer  LIME tabular explainer initialised | features=63
13:23:37  INFO      explainability.lime_explainer  LIME tabular explainer initialised | features=63
13:23:37  INFO      explainability.lime_explainer  LIME tabular explainer initialised | features=63
13:23:38  INFO      explainability.lime_explainer  LIME tabular explainer initialised | features=63
13:23:38  INFO      explainability.lime_explainer  LIME tabular explainer initialised | features=63
13:23:38  INFO      explainability.lime_explainer  LIME tabular explainer initialised | features=63
13:23:39  INFO      explainability.lime_explainer  LIME tabular explainer initialised | features=63
13:23:39  INFO      explainability.lime_explainer  LIME tabular explainer initialised | features=63
13:23:39  INFO      explainability.lime_explainer  LIME tabular explainer initialised | features=63
13:23:40  INFO      explainability.lime_explainer  LIME tabular explainer initialised | features=63
13:23:40  INFO      explainability.lime_explainer  LIME tabular explainer initialised | features=63
13:23:40  INFO      explainability.lime_explainer  LIME tabular explainer initialised | features=63
13:23:41  INFO      explainability.lime_explainer  LIME tabular explainer initialised | features=63
13:23:41  INFO      explainability.lime_explainer  LIME tabular explainer initialised | features=63
13:23:41  INFO      explainability.lime_explainer  LIME tabular explainer initialised | features=63
13:23:42  INFO      explainability.lime_explainer  LIME tabular explainer initialised | features=63
13:23:42  INFO      explainability.lime_explainer  LIME tabular explainer initialised | features=63
13:23:42  INFO      explainability.lime_explainer  LIME tabular explainer initialised | features=63
13:23:42  INFO      explainability.lime_explainer  LIME tabular explainer initialised | features=63
13:23:43  INFO      explainability.lime_explainer  LIME tabular explainer initialised | features=63
13:23:43  INFO      explainability.lime_explainer  LIME tabular explainer initialised | features=63
13:23:43  INFO      explainability.lime_explainer  LIME tabular explainer initialised | features=63
13:23:44  INFO      explainability.lime_explainer  LIME tabular explainer initialised | features=63
13:23:44  INFO      explainability.lime_explainer  LIME tabular explainer initialised | features=63
13:23:44  INFO      explainability.lime_explainer  LIME tabular explainer initialised | features=63
13:23:45  INFO      explainability.lime_explainer  LIME tabular explainer initialised | features=63
13:23:45  INFO      explainability.lime_explainer  LIME tabular explainer initialised | features=63
13:23:45  INFO      explainability.lime_explainer  LIME tabular explainer initialised | features=63
13:23:46  INFO      explainability.lime_explainer  LIME tabular explainer initialised | features=63
13:23:46  INFO      explainability.lime_explainer  LIME tabular explainer initialised | features=63
13:23:46  INFO      explainability.lime_explainer  LIME tabular explainer initialised | features=63
13:23:46  INFO      explainability.lime_explainer  LIME tabular explainer initialised | features=63
13:23:47  INFO      explainability.lime_explainer  LIME tabular explainer initialised | features=63
13:23:47  INFO      explainability.lime_explainer  LIME tabular explainer initialised | features=63
13:23:47  INFO      explainability.lime_explainer  LIME tabular explainer initialised | features=63
13:23:48  INFO      explainability.lime_explainer  LIME tabular explainer initialised | features=63
13:23:48  INFO      explainability.lime_explainer  LIME tabular explainer initialised | features=63
13:23:48  INFO      explainability.lime_explainer  LIME tabular explainer initialised | features=63
13:23:49  INFO      explainability.lime_explainer  LIME tabular explainer initialised | features=63
13:23:49  INFO      explainability.lime_explainer  LIME tabular explainer initialised | features=63
13:23:49  INFO      explainability.lime_explainer  LIME tabular explainer initialised | features=63
13:23:50  INFO      explainability.lime_explainer  LIME tabular explainer initialised | features=63
13:23:50  INFO      explainability.lime_explainer  LIME tabular explainer initialised | features=63
13:23:50  INFO      explainability.lime_explainer  LIME tabular explainer initialised | features=63
13:23:51  INFO      explainability.lime_explainer  LIME tabular explainer initialised | features=63
13:23:51  INFO      explainability.lime_explainer  LIME tabular explainer initialised | features=63
13:23:51  INFO      explainability.lime_explainer  LIME tabular explainer initialised | features=63
13:23:51  INFO      explainability.lime_explainer  LIME tabular explainer initialised | features=63
13:23:52  INFO      explainability.lime_explainer  LIME tabular explainer initialised | features=63
13:23:52  INFO      explainability.lime_explainer  LIME tabular explainer initialised | features=63
13:23:52  INFO      explainability.lime_explainer  LIME tabular explainer initialised | features=63
13:23:53  INFO      explainability.lime_explainer  LIME tabular explainer initialised | features=63
13:23:53  INFO      explainability.lime_explainer  LIME tabular explainer initialised | features=63
13:23:53  INFO      explainability.lime_explainer  LIME tabular explainer initialised | features=63
13:23:54  INFO      explainability.lime_explainer  LIME tabular explainer initialised | features=63
13:23:54  INFO      explainability.lime_explainer  LIME tabular explainer initialised | features=63
13:23:54  INFO      explainability.lime_explainer  LIME tabular explainer initialised | features=63
13:23:55  INFO      explainability.lime_explainer  LIME tabular explainer initialised | features=63
13:23:55  INFO      explainability.lime_explainer  LIME tabular explainer initialised | features=63
13:23:55  INFO      explainability.lime_explainer  LIME tabular explainer initialised | features=63
13:23:55  INFO      explainability.lime_explainer  LIME tabular explainer initialised | features=63
13:23:56  INFO      explainability.lime_explainer  LIME tabular explainer initialised | features=63
13:23:56  INFO      explainability.lime_explainer  LIME tabular explainer initialised | features=63
13:23:56  INFO      explainability.lime_explainer  LIME tabular explainer initialised | features=63
13:23:57  INFO      explainability.lime_explainer  LIME tabular explainer initialised | features=63
13:23:57  INFO      explainability.lime_explainer  LIME tabular explainer initialised | features=63
13:23:57  INFO      explainability.lime_explainer  LIME tabular explainer initialised | features=63
13:23:58  INFO      explainability.lime_explainer  LIME tabular explainer initialised | features=63
13:23:58  INFO      explainability.lime_explainer  LIME tabular explainer initialised | features=63
13:23:58  INFO      explainability.lime_explainer  LIME tabular explainer initialised | features=63
13:23:59  INFO      explainability.lime_explainer  LIME tabular explainer initialised | features=63
13:23:59  INFO      explainability.lime_explainer  LIME tabular explainer initialised | features=63
13:23:59  INFO      explainability.lime_explainer  LIME tabular explainer initialised | features=63
13:24:00  INFO      explainability.lime_explainer  LIME tabular explainer initialised | features=63
13:24:00  INFO      explainability.lime_explainer  LIME tabular explainer initialised | features=63
13:24:00  INFO      explainability.lime_explainer  LIME tabular explainer initialised | features=63
13:24:00  INFO      explainability.lime_explainer  LIME tabular explainer initialised | features=63
13:24:01  INFO      explainability.lime_explainer  LIME tabular explainer initialised | features=63
13:24:01  INFO      explainability.lime_explainer  LIME tabular explainer initialised | features=63
13:24:01  INFO      explainability.lime_explainer  LIME tabular explainer initialised | features=63
13:24:02  INFO      explainability.lime_explainer  LIME tabular explainer initialised | features=63
13:24:02  INFO      explainability.lime_explainer  LIME tabular explainer initialised | features=63
13:24:02  INFO      explainability.lime_explainer  LIME tabular explainer initialised | features=63
13:24:03  INFO      explainability.lime_explainer  LIME tabular explainer initialised | features=63
13:24:03  INFO      explainability.lime_explainer  LIME tabular explainer initialised | features=63
13:24:03  INFO      explainability.lime_explainer  LIME tabular explainer initialised | features=63
13:24:04  INFO      explainability.lime_explainer  LIME tabular explainer initialised | features=63
13:24:04  INFO      explainability.lime_explainer  LIME tabular explainer initialised | features=63
13:24:04  INFO      explainability.lime_explainer  LIME tabular explainer initialised | features=63
13:24:05  INFO      explainability.lime_explainer  LIME tabular explainer initialised | features=63
13:24:05  INFO      explainability.lime_explainer  LIME tabular explainer initialised | features=63
13:24:05  INFO      explainability.lime_explainer  LIME tabular explainer initialised | features=63
13:24:05  INFO      explainability.lime_explainer  LIME tabular explainer initialised | features=63
13:24:06  INFO      explainability.lime_explainer  LIME tabular explainer initialised | features=63
13:24:06  INFO      explainability.lime_explainer  LIME tabular explainer initialised | features=63
13:24:06  INFO      explainability.lime_explainer  LIME tabular explainer initialised | features=63
13:24:07  INFO      explainability.lime_explainer  LIME tabular explainer initialised | features=63
13:24:07  INFO      explainability.lime_explainer  LIME tabular explainer initialised | features=63
13:24:07  INFO      explainability.lime_explainer  LIME tabular explainer initialised | features=63
13:24:08  INFO      explainability.lime_explainer  LIME tabular explainer initialised | features=63
13:24:08  INFO      explainability.lime_explainer  LIME tabular explainer initialised | features=63
13:24:08  INFO      explainability.lime_explainer  LIME tabular explainer initialised | features=63
13:24:09  INFO      explainability.lime_explainer  LIME tabular explainer initialised | features=63
13:24:09  INFO      explainability.lime_explainer  LIME tabular explainer initialised | features=63
13:24:09  INFO      explainability.lime_explainer  LIME tabular explainer initialised | features=63
13:24:09  INFO      explainability.lime_explainer  LIME tabular explainer initialised | features=63
13:24:10  INFO      explainability.lime_explainer  LIME tabular explainer initialised | features=63
13:24:10  INFO      explainability.lime_explainer  LIME tabular explainer initialised | features=63
13:24:10  INFO      explainability.lime_explainer  LIME tabular explainer initialised | features=63
13:24:11  INFO      explainability.lime_explainer  LIME tabular explainer initialised | features=63
13:24:11  INFO      explainability.lime_explainer  LIME tabular explainer initialised | features=63
13:24:11  INFO      explainability.lime_explainer  LIME tabular explainer initialised | features=63
13:24:12  INFO      explainability.lime_explainer  LIME tabular explainer initialised | features=63
13:24:12  INFO      explainability.lime_explainer  LIME tabular explainer initialised | features=63
13:24:12  INFO      explainability.lime_explainer  LIME tabular explainer initialised | features=63
13:24:13  INFO      explainability.lime_explainer  LIME tabular explainer initialised | features=63
13:24:13  INFO      explainability.lime_explainer  LIME tabular explainer initialised | features=63
13:24:13  INFO      explainability.lime_explainer  LIME tabular explainer initialised | features=63
13:24:14  INFO      explainability.lime_explainer  LIME tabular explainer initialised | features=63
13:24:14  INFO      explainability.lime_explainer  LIME tabular explainer initialised | features=63
13:24:14  INFO      explainability.lime_explainer  LIME tabular explainer initialised | features=63
13:24:14  INFO      explainability.lime_explainer  LIME tabular explainer initialised | features=63
13:24:15  INFO      explainability.lime_explainer  LIME tabular explainer initialised | features=63
13:24:15  INFO      explainability.lime_explainer  LIME tabular explainer initialised | features=63
13:24:15  INFO      explainability.lime_explainer  LIME tabular explainer initialised | features=63
13:24:16  INFO      explainability.lime_explainer  LIME tabular explainer initialised | features=63
13:24:16  INFO      explainability.lime_explainer  LIME tabular explainer initialised | features=63
13:24:16  INFO      explainability.lime_explainer  LIME tabular explainer initialised | features=63
13:24:17  INFO      explainability.lime_explainer  LIME tabular explainer initialised | features=63
13:24:17  INFO      explainability.lime_explainer  LIME tabular explainer initialised | features=63
13:24:17  INFO      explainability.lime_explainer  LIME tabular explainer initialised | features=63
13:24:18  INFO      explainability.lime_explainer  LIME tabular explainer initialised | features=63
13:24:18  INFO      explainability.lime_explainer  LIME tabular explainer initialised | features=63
13:24:18  INFO      explainability.lime_explainer  LIME tabular explainer initialised | features=63
13:24:19  INFO      explainability.lime_explainer  LIME tabular explainer initialised | features=63
13:24:19  INFO      explainability.lime_explainer  LIME tabular explainer initialised | features=63
13:24:19  INFO      explainability.lime_explainer  LIME tabular explainer initialised | features=63
13:24:19  INFO      explainability.lime_explainer  LIME tabular explainer initialised | features=63
13:24:20  INFO      explainability.lime_explainer  LIME tabular explainer initialised | features=63
13:24:20  INFO      explainability.lime_explainer  LIME tabular explainer initialised | features=63
13:24:20  INFO      explainability.lime_explainer  LIME tabular explainer initialised | features=63
13:24:21  INFO      explainability.lime_explainer  LIME tabular explainer initialised | features=63
13:24:21  INFO      explainability.lime_explainer  LIME tabular explainer initialised | features=63
13:24:21  INFO      explainability.lime_explainer  LIME tabular explainer initialised | features=63
13:24:22  INFO      explainability.lime_explainer  LIME tabular explainer initialised | features=63
13:24:22  INFO      explainability.lime_explainer  LIME tabular explainer initialised | features=63
13:24:22  INFO      explainability.lime_explainer  LIME tabular explainer initialised | features=63
13:24:23  INFO      explainability.lime_explainer  LIME tabular explainer initialised | features=63
13:24:23  INFO      explainability.lime_explainer  LIME tabular explainer initialised | features=63
13:24:23  INFO      explainability.lime_explainer  LIME tabular explainer initialised | features=63
13:24:24  INFO      explainability.lime_explainer  LIME tabular explainer initialised | features=63
13:24:24  INFO      explainability.lime_explainer  LIME tabular explainer initialised | features=63
13:24:24  INFO      explainability.lime_explainer  LIME tabular explainer initialised | features=63
13:24:24  INFO      explainability.lime_explainer  LIME tabular explainer initialised | features=63
13:24:25  INFO      explainability.lime_explainer  LIME tabular explainer initialised | features=63
13:24:25  INFO      explainability.lime_explainer  LIME tabular explainer initialised | features=63
13:24:25  INFO      explainability.lime_explainer  LIME tabular explainer initialised | features=63
13:24:26  INFO      explainability.lime_explainer  LIME tabular explainer initialised | features=63
13:24:26  INFO      explainability.lime_explainer  LIME tabular explainer initialised | features=63
13:24:26  INFO      explainability.lime_explainer  LIME tabular explainer initialised | features=63
13:24:27  INFO      explainability.lime_explainer  LIME tabular explainer initialised | features=63
13:24:27  INFO      explainability.lime_explainer  LIME tabular explainer initialised | features=63
13:24:27  INFO      explainability.lime_explainer  LIME tabular explainer initialised | features=63
13:24:28  INFO      explainability.lime_explainer  LIME tabular explainer initialised | features=63
13:24:28  INFO      explainability.lime_explainer  LIME tabular explainer initialised | features=63
13:24:28  INFO      explainability.lime_explainer  LIME tabular explainer initialised | features=63
13:24:29  INFO      explainability.lime_explainer  LIME tabular explainer initialised | features=63
13:24:29  INFO      explainability.lime_explainer  LIME tabular explainer initialised | features=63
13:24:29  INFO      explainability.lime_explainer  LIME tabular explainer initialised | features=63
13:24:30  INFO      explainability.lime_explainer  LIME tabular explainer initialised | features=63
13:24:30  INFO      explainability.lime_explainer  LIME tabular explainer initialised | features=63
13:24:30  INFO      explainability.lime_explainer  LIME tabular explainer initialised | features=63
13:24:31  INFO      explainability.lime_explainer  LIME tabular explainer initialised | features=63
13:24:31  INFO      explainability.lime_explainer  LIME tabular explainer initialised | features=63
13:24:31  INFO      explainability.lime_explainer  LIME tabular explainer initialised | features=63
13:24:31  INFO      explainability.lime_explainer  LIME tabular explainer initialised | features=63
13:24:32  INFO      explainability.lime_explainer  LIME tabular explainer initialised | features=63
13:24:32  INFO      explainability.lime_explainer  LIME tabular explainer initialised | features=63
13:24:32  INFO      explainability.lime_explainer  LIME tabular explainer initialised | features=63
13:24:33  INFO      explainability.lime_explainer  LIME tabular explainer initialised | features=63
13:24:33  INFO      explainability.lime_explainer  LIME tabular explainer initialised | features=63
13:24:33  INFO      explainability.lime_explainer  LIME tabular explainer initialised | features=63
13:24:34  INFO      explainability.lime_explainer  LIME tabular explainer initialised | features=63
13:24:34  INFO      explainability.lime_explainer  LIME tabular explainer initialised | features=63
13:24:34  INFO      explainability.lime_explainer  LIME tabular explainer initialised | features=63
13:24:35  INFO      explainability.lime_explainer  LIME tabular explainer initialised | features=63
13:24:35  INFO      explainability.lime_explainer  LIME tabular explainer initialised | features=63
13:24:35  INFO      explainability.lime_explainer  LIME tabular explainer initialised | features=63
13:24:36  INFO      explainability.lime_explainer  LIME tabular explainer initialised | features=63
13:24:36  INFO      explainability.lime_explainer  LIME tabular explainer initialised | features=63
13:24:36  INFO      explainability.lime_explainer  LIME tabular explainer initialised | features=63
13:24:36  INFO      explainability.lime_explainer  LIME tabular explainer initialised | features=63
13:24:37  INFO      explainability.lime_explainer  LIME tabular explainer initialised | features=63
13:24:37  INFO      explainability.lime_explainer  LIME tabular explainer initialised | features=63
13:24:37  INFO      explainability.lime_explainer  LIME tabular explainer initialised | features=63
13:24:38  INFO      explainability.lime_explainer  LIME tabular explainer initialised | features=63
13:24:38  INFO      explainability.lime_explainer  LIME tabular explainer initialised | features=63
13:24:38  INFO      explainability.lime_explainer  LIME tabular explainer initialised | features=63
13:24:39  INFO      explainability.lime_explainer  LIME tabular explainer initialised | features=63
13:24:39  INFO      explainability.lime_explainer  LIME tabular explainer initialised | features=63
13:24:39  INFO      explainability.lime_explainer  LIME tabular explainer initialised | features=63
13:24:40  INFO      explainability.lime_explainer  LIME tabular explainer initialised | features=63
13:24:40  INFO      explainability.lime_explainer  LIME tabular explainer initialised | features=63
13:24:40  INFO      explainability.lime_explainer  LIME tabular explainer initialised | features=63
13:24:41  INFO      explainability.lime_explainer  LIME tabular explainer initialised | features=63
13:24:41  INFO      explainability.lime_explainer  LIME tabular explainer initialised | features=63
13:24:41  INFO      explainability.lime_explainer  LIME tabular explainer initialised | features=63
13:24:41  INFO      explainability.lime_explainer  LIME tabular explainer initialised | features=63
13:24:42  INFO      explainability.lime_explainer  LIME tabular explainer initialised | features=63
13:24:42  INFO      explainability.lime_explainer  LIME tabular explainer initialised | features=63
13:24:42  INFO      explainability.lime_explainer  LIME tabular explainer initialised | features=63
13:24:43  INFO      explainability.lime_explainer  LIME tabular explainer initialised | features=63
13:24:43  INFO      explainability.lime_explainer  LIME tabular explainer initialised | features=63
13:24:43  INFO      pipeline  LaTeX table → /Users/harekrishna/Downloads/credit-default-xai-benchmark 2/results/outputs/prosper_temporal/runs/cutoff_2011-07_seed_99/results/table5_explanation_quality.tex
13:24:43  INFO      pipeline  LaTeX table → /Users/harekrishna/Downloads/credit-default-xai-benchmark 2/results/outputs/prosper_temporal/runs/cutoff_2011-07_seed_99/results/table4_shap_lime_agreement.tex
13:24:43  INFO      pipeline  ============================================================
13:24:43  INFO      pipeline  STAGE 7: Revision Analyses
13:24:43  INFO      pipeline  ============================================================
13:27:58  INFO      pipeline  RUN cutoff_2011-07_seed_99 COMPLETE | champion CatBoost | OOF AUROC 0.7265 | test AUROC 0.6770
13:27:58  INFO      pipeline  ╔══════════════════════════════════════════════╗
13:27:58  INFO      pipeline  ║  Credit Default Prediction with XAI (v3)     ║
13:27:58  INFO      pipeline  ║  Dataset: prosper                            ║
13:27:58  INFO      pipeline  ║  Run: cutoff_2012-01_seed_42                 ║
13:27:58  INFO      pipeline  ╚══════════════════════════════════════════════╝
13:27:58  INFO      pipeline  ============================================================
13:27:58  INFO      pipeline  STAGE 1: Data Loading, Labelling & Partitioning
13:27:58  INFO      pipeline  ============================================================
13:27:58  INFO      data.data_loader  Loading Prosper loans from /Users/harekrishna/Downloads/credit-default-xai-benchmark 2/data/prosperLoanData.csv
13:28:00  INFO      data.data_loader  Prosper: 113937 rows, 113066 after LoanKey de-duplication
13:28:00  INFO      data.data_loader  Prosper horizon label (H=12 months, snapshot 2014-03-12): 72067 labelled, 40999 censored, default rate 9.70%
13:28:01  INFO      data.data_loader  Skipping UCI-specific engineered features; required columns not present.
13:28:01  INFO      data.data_loader  Skipping UCI-specific engineered features; required columns not present.
13:28:01  INFO      data.data_loader  Dataset loaded | prosper | train=36634  test=9496 | default rate train=12.12% test=7.35% | 8 nominal, 33 continuous
13:28:01  INFO      pipeline  Imbalance stats (train): {"n_total": 36634, "n_majority": 32193, "n_minority": 4441, "imbalance_ratio": 7.249, "minority_pct": 12.12}
13:28:01  INFO      visualization.plots  Fig 1 saved → /Users/harekrishna/Downloads/credit-default-xai-benchmark 2/results/outputs/prosper_temporal/runs/cutoff_2012-01_seed_42/figures/fig01_class_distribution.pdf
13:28:01  INFO      pipeline  ============================================================
13:28:01  INFO      pipeline  STAGE 2: Imbalance Strategy Ablation (selected on OOF AUROC)
13:28:01  INFO      pipeline  ============================================================
13:28:20  INFO      pipeline  Ablation | SMOTE            | OOF AUROC=0.7117  test AUROC=0.6676
13:28:41  INFO      pipeline  Ablation | BorderlineSMOTE  | OOF AUROC=0.7129  test AUROC=0.6773
13:30:37  INFO      pipeline  Ablation | SVMSMOTE         | OOF AUROC=0.7158  test AUROC=0.6820
13:30:57  INFO      pipeline  Ablation | ADASYN           | OOF AUROC=0.7116  test AUROC=0.6671
13:31:02  INFO      pipeline  Ablation | None             | OOF AUROC=0.7212  test AUROC=0.6689
13:31:04  INFO      pipeline  Ablation | ClassWeight      | OOF AUROC=0.6893  test AUROC=0.5916
13:31:04  INFO      pipeline  Best imbalance strategy (OOF AUROC): None → 0.7212 [probe: LightGBM]
13:31:04  INFO      pipeline  ============================================================
13:31:04  INFO      pipeline  STAGE 3: Model Training (nested tuning, OOF predictions, refit)
13:31:04  INFO      pipeline  ============================================================
13:31:04  INFO      pipeline  Training XGBoost …
13:32:29  INFO      pipeline  XGBoost | per-model strategy=ClassWeight | OOF AUROC by strategy={'SMOTE': 0.7177, 'BorderlineSMOTE': 0.7196, 'SVMSMOTE': 0.7198, 'ADASYN': 0.716, 'None': 0.7192, 'ClassWeight': 0.7214}
13:32:29  INFO      pipeline  RandomizedSearchCV | model=XGBoost strategy=ClassWeight n_iter=12
13:32:59  INFO      pipeline  Training LightGBM …
13:34:30  INFO      pipeline  LightGBM | per-model strategy=None | OOF AUROC by strategy={'SMOTE': 0.7117, 'BorderlineSMOTE': 0.7129, 'SVMSMOTE': 0.7158, 'ADASYN': 0.7116, 'None': 0.7212, 'ClassWeight': 0.6893}
13:34:30  INFO      pipeline  RandomizedSearchCV | model=LightGBM strategy=None n_iter=12
13:35:24  INFO      pipeline  Training CatBoost …
13:37:22  INFO      pipeline  CatBoost | per-model strategy=None | OOF AUROC by strategy={'SMOTE': 0.7168, 'BorderlineSMOTE': 0.7219, 'SVMSMOTE': 0.721, 'ADASYN': 0.7173, 'None': 0.7255, 'ClassWeight': 0.7237}
13:37:22  INFO      pipeline  RandomizedSearchCV | model=CatBoost strategy=None n_iter=12
13:38:38  INFO      pipeline  Training Random Forest …
13:40:25  INFO      pipeline  Random Forest | per-model strategy=ClassWeight | OOF AUROC by strategy={'SMOTE': 0.7137, 'BorderlineSMOTE': 0.717, 'SVMSMOTE': 0.7164, 'ADASYN': 0.7133, 'None': 0.7122, 'ClassWeight': 0.7187}
13:40:25  INFO      pipeline  RandomizedSearchCV | model=Random Forest strategy=ClassWeight n_iter=12
13:44:06  INFO      pipeline  Training Logistic Reg. …
13:45:11  INFO      pipeline  Logistic Reg. | per-model strategy=ClassWeight | OOF AUROC by strategy={'SMOTE': 0.6531, 'BorderlineSMOTE': 0.6644, 'SVMSMOTE': 0.6727, 'ADASYN': 0.6472, 'None': 0.7055, 'ClassWeight': 0.7105}
13:45:11  INFO      pipeline  RandomizedSearchCV | model=Logistic Reg. strategy=ClassWeight n_iter=12
13:45:22  INFO      pipeline  Training TabNet …
13:45:22  INFO      models.tabnet_model  Apple MPS backend passed smoke test — using GPU acceleration.
13:45:22  INFO      models.tabnet_model  TabNet starting | device=mps  max_epochs=200  patience=15  batch_size=1024  n_train=9160
13:45:55  INFO      models.tabnet_model  TabNet trained | device=mps  best_epoch=23  elapsed=32.9s
13:45:55  INFO      models.tabnet_model  Apple MPS backend passed smoke test — using GPU acceleration.
13:45:55  INFO      models.tabnet_model  TabNet starting | device=mps  max_epochs=200  patience=15  batch_size=1024  n_train=18318
13:46:55  INFO      models.tabnet_model  TabNet trained | device=mps  best_epoch=22  elapsed=59.8s
13:46:56  INFO      models.tabnet_model  Apple MPS backend passed smoke test — using GPU acceleration.
13:46:56  INFO      models.tabnet_model  TabNet starting | device=mps  max_epochs=200  patience=15  batch_size=1024  n_train=27476

epoch 5  | loss: 0.3416  | val_auc: 0.72559 |  0:00:16s
epoch 6  | loss: 0.34177 | val_auc: 0.71487 |  0:00:19s
epoch 7  | loss: 0.33684 | val_auc: 0.72441 |  0:00:22s
epoch 8  | loss: 0.33456 | val_auc: 0.72318 |  0:00:25s
epoch 9  | loss: 0.33467 | val_auc: 0.72881 |  0:00:27s
epoch 10 | loss: 0.33193 | val_auc: 0.72682 |  0:00:30s
epoch 11 | loss: 0.33113 | val_auc: 0.73597 |  0:00:33s
epoch 12 | loss: 0.33101 | val_auc: 0.73688 |  0:00:36s
epoch 13 | loss: 0.32776 | val_auc: 0.74449 |  0:00:39s
epoch 14 | loss: 0.32658 | val_auc: 0.74896 |  0:00:42s
epoch 15 | loss: 0.32492 | val_auc: 0.75165 |  0:00:44s
epoch 16 | loss: 0.32431 | val_auc: 0.74344 |  0:00:47s
epoch 17 | loss: 0.32362 | val_auc: 0.75361 |  0:00:50s
epoch 18 | loss: 0.32333 | val_auc: 0.75236 |  0:00:53s
epoch 19 | loss: 0.3252  | val_auc: 0.75582 |  0:00:56s
epoch 20 | loss: 0.32597 | val_auc: 0.7621  |  0:00:58s
epoch 21 | loss: 0.32175 | val_auc: 0.76245 |  0:01:01s
epoch 22 | loss: 0.31918 | val_auc: 0.76152 |  0:01:04s
epoch 23 | loss: 0.32056 | val_auc: 0.76014 |  0:01:07s
epoch 24 | loss: 0.31904 | val_auc: 0.76448 |  0:01:10s
epoch 25 | loss: 0.31717 | val_auc: 0.77051 |  0:01:13s
epoch 26 | loss: 0.31604 | val_auc: 0.75522 |  0:01:15s
epoch 27 | loss: 0.31969 | val_auc: 0.76502 |  0:01:18s
epoch 28 | loss: 0.31601 | val_auc: 0.76554 |  0:01:21s
epoch 29 | loss: 0.31473 | val_auc: 0.75847 |  0:01:24s
epoch 30 | loss: 0.3136  | val_auc: 0.75465 |  0:01:27s
epoch 31 | loss: 0.315   | val_auc: 0.76037 |  0:01:30s
epoch 32 | loss: 0.31448 | val_auc: 0.74967 |  0:01:32s
epoch 33 | loss: 0.31916 | val_auc: 0.75107 |  0:01:35s
epoch 34 | loss: 0.31789 | val_auc: 0.7599  |  0:01:38s
epoch 35 | loss: 0.31688 | val_auc: 0.76476 |  0:01:41s
epoch 36 | loss: 0.31383 | val_auc: 0.7639  |  0:01:44s
epoch 37 | loss: 0.31718 | val_auc: 0.75323 |  0:01:46s
epoch 38 | loss: 0.32085 | val_auc: 0.76211 |  0:01:49s
epoch 39 | loss: 0.31898 | val_auc: 0.75912 |  0:01:52s
epoch 40 | loss: 0.31939 | val_auc: 0.73426 |  0:01:55s

Early stopping occurred at epoch 40 with best_epoch = 25 and best_val_auc = 0.77051
Successfully saved model at /Users/harekrishna/Downloads/credit-default-xai-benchmark 2/results/outputs/prosper_temporal/runs/cutoff_2011-07_seed_99/models/tabnet.pkl.zip
epoch 0  | loss: 0.75514 | val_auc: 0.62326 |  0:00:01s
epoch 1  | loss: 0.62889 | val_auc: 0.67371 |  0:00:02s
epoch 2  | loss: 0.50097 | val_auc: 0.69455 |  0:00:03s
epoch 3  | loss: 0.50236 | val_auc: 0.71459 |  0:00:03s
epoch 4  | loss: 0.42447 | val_auc: 0.7781  |  0:00:04s
epoch 5  | loss: 0.40298 | val_auc: 0.79779 |  0:00:05s
epoch 6  | loss: 0.39213 | val_auc: 0.79293 |  0:00:06s
epoch 7  | loss: 0.38479 | val_auc: 0.80421 |  0:00:07s
epoch 8  | loss: 0.37988 | val_auc: 0.80983 |  0:00:08s
epoch 9  | loss: 0.38528 | val_auc: 0.78847 |  0:00:08s
epoch 10 | loss: 0.37533 | val_auc: 0.80964 |  0:00:09s
epoch 11 | loss: 0.36677 | val_auc: 0.81923 |  0:00:10s
epoch 12 | loss: 0.3678  | val_auc: 0.81339 |  0:00:11s
epoch 13 | loss: 0.362   | val_auc: 0.81549 |  0:00:12s
epoch 14 | loss: 0.36256 | val_auc: 0.81398 |  0:00:12s
epoch 15 | loss: 0.35706 | val_auc: 0.81981 |  0:00:13s
epoch 16 | loss: 0.3598  | val_auc: 0.81425 |  0:00:14s
epoch 17 | loss: 0.35706 | val_auc: 0.81554 |  0:00:15s
epoch 18 | loss: 0.3675  | val_auc: 0.81623 |  0:00:15s
epoch 19 | loss: 0.36258 | val_auc: 0.82333 |  0:00:16s
epoch 20 | loss: 0.36135 | val_auc: 0.8205  |  0:00:17s
epoch 21 | loss: 0.35782 | val_auc: 0.82686 |  0:00:18s
epoch 22 | loss: 0.35697 | val_auc: 0.82855 |  0:00:19s
epoch 23 | loss: 0.36879 | val_auc: 0.83719 |  0:00:19s
epoch 24 | loss: 0.35731 | val_auc: 0.83019 |  0:00:20s
epoch 25 | loss: 0.35379 | val_auc: 0.82536 |  0:00:21s
epoch 26 | loss: 0.35733 | val_auc: 0.82558 |  0:00:22s
epoch 27 | loss: 0.35607 | val_auc: 0.83115 |  0:00:23s
epoch 28 | loss: 0.35098 | val_auc: 0.82036 |  0:00:23s
epoch 29 | loss: 0.36059 | val_auc: 0.81582 |  0:00:24s
epoch 30 | loss: 0.35913 | val_auc: 0.81037 |  0:00:25s
epoch 31 | loss: 0.34962 | val_auc: 0.81493 |  0:00:26s
epoch 32 | loss: 0.35118 | val_auc: 0.81952 |  0:00:27s
epoch 33 | loss: 0.35076 | val_auc: 0.82554 |  0:00:28s
epoch 34 | loss: 0.34804 | val_auc: 0.81593 |  0:00:28s
epoch 35 | loss: 0.34657 | val_auc: 0.81837 |  0:00:29s
epoch 36 | loss: 0.34665 | val_auc: 0.81762 |  0:00:30s
epoch 37 | loss: 0.34175 | val_auc: 0.81428 |  0:00:31s
epoch 38 | loss: 0.3404  | val_auc: 0.80946 |  0:00:31s

Early stopping occurred at epoch 38 with best_epoch = 23 and best_val_auc = 0.83719
epoch 0  | loss: 0.61303 | val_auc: 0.59462 |  0:00:02s
epoch 1  | loss: 0.48252 | val_auc: 0.71059 |  0:00:03s
epoch 2  | loss: 0.40301 | val_auc: 0.74537 |  0:00:05s
epoch 3  | loss: 0.39117 | val_auc: 0.7665  |  0:00:06s
epoch 4  | loss: 0.37621 | val_auc: 0.76429 |  0:00:08s
epoch 5  | loss: 0.36814 | val_auc: 0.77774 |  0:00:09s
epoch 6  | loss: 0.36709 | val_auc: 0.77901 |  0:00:11s
epoch 7  | loss: 0.37081 | val_auc: 0.768   |  0:00:12s
epoch 8  | loss: 0.3698  | val_auc: 0.77105 |  0:00:14s
epoch 9  | loss: 0.36929 | val_auc: 0.77223 |  0:00:15s
epoch 10 | loss: 0.36557 | val_auc: 0.77664 |  0:00:17s
epoch 11 | loss: 0.36164 | val_auc: 0.78245 |  0:00:18s
epoch 12 | loss: 0.36546 | val_auc: 0.77401 |  0:00:20s
epoch 13 | loss: 0.35959 | val_auc: 0.77597 |  0:00:22s
epoch 14 | loss: 0.35616 | val_auc: 0.79248 |  0:00:23s
epoch 15 | loss: 0.35548 | val_auc: 0.78292 |  0:00:25s
epoch 16 | loss: 0.35417 | val_auc: 0.79552 |  0:00:26s
epoch 17 | loss: 0.35451 | val_auc: 0.79758 |  0:00:28s
epoch 18 | loss: 0.3604  | val_auc: 0.7882  |  0:00:29s
epoch 19 | loss: 0.34915 | val_auc: 0.78958 |  0:00:31s
epoch 20 | loss: 0.34773 | val_auc: 0.79292 |  0:00:32s
epoch 21 | loss: 0.34854 | val_auc: 0.79702 |  0:00:34s
epoch 22 | loss: 0.34949 | val_auc: 0.80132 |  0:00:35s
epoch 23 | loss: 0.34469 | val_auc: 0.79771 |  0:00:37s
epoch 24 | loss: 0.34469 | val_auc: 0.79283 |  0:00:38s
epoch 25 | loss: 0.34411 | val_auc: 0.79147 |  0:00:40s
epoch 26 | loss: 0.34238 | val_auc: 0.7903  |  0:00:41s
epoch 27 | loss: 0.34162 | val_auc: 0.7866  |  0:00:43s
epoch 28 | loss: 0.34419 | val_auc: 0.77795 |  0:00:44s
epoch 29 | loss: 0.34114 | val_auc: 0.78662 |  0:00:46s
epoch 30 | loss: 0.34011 | val_auc: 0.78776 |  0:00:47s
epoch 31 | loss: 0.3371  | val_auc: 0.7876  |  0:00:49s
epoch 32 | loss: 0.33701 | val_auc: 0.7884  |  0:00:50s
epoch 33 | loss: 0.33484 | val_auc: 0.78749 |  0:00:52s
epoch 34 | loss: 0.33449 | val_auc: 0.79001 |  0:00:54s
epoch 35 | loss: 0.33831 | val_auc: 0.78731 |  0:00:55s
epoch 36 | loss: 0.33684 | val_auc: 0.78593 |  0:00:57s
epoch 37 | loss: 0.33683 | val_auc: 0.78917 |  0:00:58s

Early stopping occurred at epoch 37 with best_epoch = 22 and best_val_auc = 0.80132
epoch 0  | loss: 0.58712 | val_auc: 0.59685 |  0:00:03s
epoch 1  | loss: 0.42671 | val_auc: 0.67799 |  0:00:05s
epoch 2  | loss: 0.38269 | val_auc: 0.69404 |  0:00:08s
epoch 3  | loss: 0.36989 | val_auc: 0.71561 |  0:00:10s
epoch 4  | loss: 0.36887 | val_auc: 0.73701 |  0:00:12s
epoch 5  | loss: 0.3671  | val_auc: 0.72357 |  0:00:15s
epoch 6  | loss: 0.36495 | val_auc: 0.73068 |  0:00:17s
epoch 7  | loss: 0.36389 | val_auc: 0.73831 |  0:00:19s
epoch 8  | loss: 0.35917 | val_auc: 0.73632 |  0:00:22s
epoch 9  | loss: 0.35755 | val_auc: 0.73943 |  0:00:24s
epoch 10 | loss: 0.36089 | val_auc: 0.73914 |  0:00:26s
epoch 11 | loss: 0.36007 | val_auc: 0.74251 |  0:00:28s
epoch 12 | loss: 0.35434 | val_auc: 0.74343 |  0:00:31s
epoch 13 | loss: 0.35189 | val_auc: 0.7456  |  0:00:33s
epoch 14 | loss: 0.35156 | val_auc: 0.74985 |  0:00:35s
epoch 15 | loss: 0.35157 | val_auc: 0.75235 |  0:00:38s
epoch 16 | loss: 0.34916 | val_auc: 0.7525  |  0:00:40s
epoch 17 | loss: 0.34694 | val_auc: 0.75016 |  0:00:42s
epoch 18 | loss: 0.34678 | val_auc: 0.75042 |  0:00:45s
epoch 19 | loss: 0.34724 | val_auc: 0.74913 |  0:00:47s
epoch 20 | loss: 0.34447 | val_auc: 0.7539  |  0:00:49s
epoch 21 | loss: 0.3453  | val_auc: 0.75718 |  0:00:51s
epoch 22 | loss: 0.34567 | val_auc: 0.74305 |  0:00:54s
epoch 23 | loss: 0.34347 | val_auc: 0.75427 |  0:00:56s
epoch 24 | loss: 0.34117 | val_auc: 0.7573  |  0:00:58s
epoch 25 | loss: 0.33978 | val_auc: 0.75008 |  0:01:01s13:48:47  INFO      models.tabnet_model  TabNet trained | device=mps  best_epoch=31  elapsed=111.9s
13:48:48  INFO      models.tabnet_model  Apple MPS backend passed smoke test — using GPU acceleration.
13:48:48  INFO      models.tabnet_model  TabNet starting | device=mps  max_epochs=200  patience=15  batch_size=1024  n_train=36634
13:50:48  INFO      models.tabnet_model  TabNet trained | device=mps  best_epoch=22  elapsed=119.7s
13:50:48  INFO      models.tabnet_model  TabNet model saved to /Users/harekrishna/Downloads/credit-default-xai-benchmark 2/results/outputs/prosper_temporal/runs/cutoff_2012-01_seed_42/models/tabnet.pkl
13:50:48  INFO      pipeline  ============================================================
13:50:48  INFO      pipeline  STAGE 4: Evaluation (selection on OOF; test scored once)
13:50:48  INFO      pipeline  ============================================================
13:50:48  INFO      pipeline  XGBoost | OOF AUROC=0.7234  f1*=0.3031 @ t=0.42 | test AUROC=0.6877  F1=0.2158  MCC=0.1417
13:50:48  INFO      pipeline  LightGBM | OOF AUROC=0.7281  f1*=0.3029 @ t=0.15 | test AUROC=0.6794  F1=0.1803  MCC=0.1052
13:50:49  INFO      pipeline  CatBoost | OOF AUROC=0.7237  f1*=0.3034 @ t=0.15 | test AUROC=0.6838  F1=0.1389  MCC=0.1049
13:50:49  INFO      pipeline  Random Forest | OOF AUROC=0.7254  f1*=0.2978 @ t=0.34 | test AUROC=0.6720  F1=0.1918  MCC=0.1351
13:50:49  INFO      pipeline  Logistic Reg. | OOF AUROC=0.7222  f1*=0.3013 @ t=0.44 | test AUROC=0.6464  F1=0.1836  MCC=0.1023
13:50:50  INFO      pipeline  TabNet | OOF AUROC=0.6755  f1*=0.2701 @ t=0.13 | test AUROC=0.6569  F1=0.1966  MCC=0.1198
13:50:50  INFO      pipeline  LaTeX table → /Users/harekrishna/Downloads/credit-default-xai-benchmark 2/results/outputs/prosper_temporal/runs/cutoff_2012-01_seed_42/results/table2_test_metrics.tex
13:50:50  INFO      pipeline  
                AUROC   AUPRC      F1  Precision  Recall  Specificity  G-Mean     MCC   Brier
Model                                                                                        
XGBoost        0.6877  0.1510  0.2158     0.1480  0.3983       0.8180  0.5708  0.1417  0.1283
LightGBM       0.6794  0.1451  0.1803     0.1546  0.2163       0.9061  0.4427  0.1052  0.0662
CatBoost       0.6838  0.1440  0.1389     0.2191  0.1017       0.9712  0.3143  0.1049  0.0661
Random Forest  0.6720  0.1428  0.1918     0.2125  0.1748       0.9486  0.4072  0.1351  0.0874
Logistic Reg.  0.6464  0.1263  0.1836     0.1142  0.4670       0.7127  0.5769  0.1023  0.1644
TabNet         0.6569  0.1309  0.1966     0.1567  0.2636       0.8875  0.4837  0.1198  0.0668
13:50:50  INFO      visualization.plots  Fig 2 saved → /Users/harekrishna/Downloads/credit-default-xai-benchmark 2/results/outputs/prosper_temporal/runs/cutoff_2012-01_seed_42/figures/fig02_roc_curves.pdf
13:50:50  INFO      visualization.plots  Fig 3 saved → /Users/harekrishna/Downloads/credit-default-xai-benchmark 2/results/outputs/prosper_temporal/runs/cutoff_2012-01_seed_42/figures/fig03_pr_curves.pdf
13:50:51  INFO      visualization.plots  Fig 4 saved → /Users/harekrishna/Downloads/credit-default-xai-benchmark 2/results/outputs/prosper_temporal/runs/cutoff_2012-01_seed_42/figures/fig04_confusion_lightgbm.pdf
14:12:45  INFO      pipeline  Skipping TabNet in Fig 10 ablation (pass --full-ablation to include).
14:12:46  INFO      visualization.plots  Fig 10 saved → /Users/harekrishna/Downloads/credit-default-xai-benchmark 2/results/outputs/prosper_temporal/runs/cutoff_2012-01_seed_42/figures/fig10_smote_ablation.pdf
14:12:46  INFO      pipeline  ============================================================
14:12:46  INFO      pipeline  STAGE 5: SHAP Explanations
14:12:46  INFO      pipeline  ============================================================
14:12:46  INFO      explainability.shap_explainer  SHAP TreeExplainer initialised | output_space=log_odds
14:12:46  INFO      explainability.shap_explainer  SHAP values computed | shape=(2000, 63)
14:12:46  INFO      explainability.shap_explainer  SHAP additivity check | MAE=0.00000 | PASS ✓
14:12:47  INFO      explainability.shap_explainer  Saved SHAP summary → /Users/harekrishna/Downloads/credit-default-xai-benchmark 2/results/outputs/prosper_temporal/runs/cutoff_2012-01_seed_42/figures/fig05a_shap_summary_LightGBM.pdf
14:12:47  INFO      explainability.shap_explainer  Saved SHAP bar → /Users/harekrishna/Downloads/credit-default-xai-benchmark 2/results/outputs/prosper_temporal/runs/cutoff_2012-01_seed_42/figures/fig05b_shap_bar_LightGBM.pdf
14:12:47  INFO      explainability.shap_explainer  Saved SHAP dependence → /Users/harekrishna/Downloads/credit-default-xai-benchmark 2/results/outputs/prosper_temporal/runs/cutoff_2012-01_seed_42/figures/fig06_shap_dep_CreditScoreRangeLower.pdf
14:12:47  INFO      pipeline  LaTeX table → /Users/harekrishna/Downloads/credit-default-xai-benchmark 2/results/outputs/prosper_temporal/runs/cutoff_2012-01_seed_42/results/table3_shap_ranking.tex
14:12:47  INFO      visualization.plots  Fig 8 saved → /Users/harekrishna/Downloads/credit-default-xai-benchmark 2/results/outputs/prosper_temporal/runs/cutoff_2012-01_seed_42/figures/fig08_importance_comparison.pdf
14:12:48  INFO      visualization.plots  Fig 9 saved → /Users/harekrishna/Downloads/credit-default-xai-benchmark 2/results/outputs/prosper_temporal/runs/cutoff_2012-01_seed_42/figures/fig09_threshold_sweep.pdf
14:12:48  INFO      pipeline  ============================================================
14:12:48  INFO      pipeline  STAGE 6: LIME Explanations
14:12:48  INFO      pipeline  ============================================================
14:12:49  INFO      explainability.lime_explainer  LIME tabular explainer initialised | features=63
14:12:49  INFO      pipeline  Local instances selected: {'TP': 9017, 'FP': 3970, 'FN': 2634, 'TN': 2716}
14:12:49  INFO      explainability.lime_explainer  Saved LIME explanation → /Users/harekrishna/Downloads/credit-default-xai-benchmark 2/results/outputs/prosper_temporal/runs/cutoff_2012-01_seed_42/figures/fig07_tp_lime.pdf
14:12:49  INFO      explainability.lime_explainer  Saved LIME explanation → /Users/harekrishna/Downloads/credit-default-xai-benchmark 2/results/outputs/prosper_temporal/runs/cutoff_2012-01_seed_42/figures/fig07_fp_lime.pdf
14:12:49  INFO      explainability.lime_explainer  Saved LIME explanation → /Users/harekrishna/Downloads/credit-default-xai-benchmark 2/results/outputs/prosper_temporal/runs/cutoff_2012-01_seed_42/figures/fig07_fn_lime.pdf
14:12:49  INFO      explainability.lime_explainer  Saved LIME explanation → /Users/harekrishna/Downloads/credit-default-xai-benchmark 2/results/outputs/prosper_temporal/runs/cutoff_2012-01_seed_42/figures/fig07_tn_lime.pdf
14:12:50  INFO      explainability.lime_explainer  Saved LIME multi-instance grid → /Users/harekrishna/Downloads/credit-default-xai-benchmark 2/results/outputs/prosper_temporal/runs/cutoff_2012-01_seed_42/figures/fig07_lime_multi_instance.pdf
14:12:55  INFO      explainability.lime_explainer  LIME batch complete | n=200
14:12:55  INFO      explainability.lime_explainer  SHAP–LIME agreement | mean ρ=0.279 ± 0.257
14:12:55  INFO      explainability.lime_explainer  LIME tabular explainer initialised | features=63
14:12:55  INFO      explainability.lime_explainer  LIME tabular explainer initialised | features=63
14:12:56  INFO      explainability.lime_explainer  LIME tabular explainer initialised | features=63
14:12:56  INFO      explainability.lime_explainer  LIME tabular explainer initialised | features=63
14:12:56  INFO      explainability.lime_explainer  LIME tabular explainer initialised | features=63
14:12:57  INFO      explainability.lime_explainer  LIME tabular explainer initialised | features=63
14:12:57  INFO      explainability.lime_explainer  LIME tabular explainer initialised | features=63
14:12:57  INFO      explainability.lime_explainer  LIME tabular explainer initialised | features=63
14:12:58  INFO      explainability.lime_explainer  LIME tabular explainer initialised | features=63
14:12:58  INFO      explainability.lime_explainer  LIME tabular explainer initialised | features=63
14:12:58  INFO      explainability.lime_explainer  LIME tabular explainer initialised | features=63
14:12:59  INFO      explainability.lime_explainer  LIME tabular explainer initialised | features=63
14:12:59  INFO      explainability.lime_explainer  LIME tabular explainer initialised | features=63
14:12:59  INFO      explainability.lime_explainer  LIME tabular explainer initialised | features=63
14:13:00  INFO      explainability.lime_explainer  LIME tabular explainer initialised | features=63
14:13:00  INFO      explainability.lime_explainer  LIME tabular explainer initialised | features=63
14:13:00  INFO      explainability.lime_explainer  LIME tabular explainer initialised | features=63
14:13:01  INFO      explainability.lime_explainer  LIME tabular explainer initialised | features=63
14:13:01  INFO      explainability.lime_explainer  LIME tabular explainer initialised | features=63
14:13:01  INFO      explainability.lime_explainer  LIME tabular explainer initialised | features=63
14:13:02  INFO      explainability.lime_explainer  LIME tabular explainer initialised | features=63
14:13:02  INFO      explainability.lime_explainer  LIME tabular explainer initialised | features=63
14:13:02  INFO      explainability.lime_explainer  LIME tabular explainer initialised | features=63
14:13:03  INFO      explainability.lime_explainer  LIME tabular explainer initialised | features=63
14:13:03  INFO      explainability.lime_explainer  LIME tabular explainer initialised | features=63
14:13:03  INFO      explainability.lime_explainer  LIME tabular explainer initialised | features=63
14:13:04  INFO      explainability.lime_explainer  LIME tabular explainer initialised | features=63
14:13:04  INFO      explainability.lime_explainer  LIME tabular explainer initialised | features=63
14:13:05  INFO      explainability.lime_explainer  LIME tabular explainer initialised | features=63
14:13:05  INFO      explainability.lime_explainer  LIME tabular explainer initialised | features=63
14:13:05  INFO      explainability.lime_explainer  LIME tabular explainer initialised | features=63
14:13:06  INFO      explainability.lime_explainer  LIME tabular explainer initialised | features=63
14:13:06  INFO      explainability.lime_explainer  LIME tabular explainer initialised | features=63
14:13:06  INFO      explainability.lime_explainer  LIME tabular explainer initialised | features=63
14:13:07  INFO      explainability.lime_explainer  LIME tabular explainer initialised | features=63
14:13:07  INFO      explainability.lime_explainer  LIME tabular explainer initialised | features=63
14:13:07  INFO      explainability.lime_explainer  LIME tabular explainer initialised | features=63
14:13:08  INFO      explainability.lime_explainer  LIME tabular explainer initialised | features=63
14:13:08  INFO      explainability.lime_explainer  LIME tabular explainer initialised | features=63
14:13:08  INFO      explainability.lime_explainer  LIME tabular explainer initialised | features=63
14:13:09  INFO      explainability.lime_explainer  LIME tabular explainer initialised | features=63
14:13:09  INFO      explainability.lime_explainer  LIME tabular explainer initialised | features=63
14:13:09  INFO      explainability.lime_explainer  LIME tabular explainer initialised | features=63
14:13:10  INFO      explainability.lime_explainer  LIME tabular explainer initialised | features=63
14:13:10  INFO      explainability.lime_explainer  LIME tabular explainer initialised | features=63
14:13:10  INFO      explainability.lime_explainer  LIME tabular explainer initialised | features=63
14:13:11  INFO      explainability.lime_explainer  LIME tabular explainer initialised | features=63
14:13:11  INFO      explainability.lime_explainer  LIME tabular explainer initialised | features=63
14:13:11  INFO      explainability.lime_explainer  LIME tabular explainer initialised | features=63
14:13:12  INFO      explainability.lime_explainer  LIME tabular explainer initialised | features=63
14:13:12  INFO      explainability.lime_explainer  LIME tabular explainer initialised | features=63
14:13:12  INFO      explainability.lime_explainer  LIME tabular explainer initialised | features=63
14:13:13  INFO      explainability.lime_explainer  LIME tabular explainer initialised | features=63
14:13:13  INFO      explainability.lime_explainer  LIME tabular explainer initialised | features=63
14:13:13  INFO      explainability.lime_explainer  LIME tabular explainer initialised | features=63
14:13:14  INFO      explainability.lime_explainer  LIME tabular explainer initialised | features=63
14:13:14  INFO      explainability.lime_explainer  LIME tabular explainer initialised | features=63
14:13:14  INFO      explainability.lime_explainer  LIME tabular explainer initialised | features=63
14:13:15  INFO      explainability.lime_explainer  LIME tabular explainer initialised | features=63
14:13:15  INFO      explainability.lime_explainer  LIME tabular explainer initialised | features=63
14:13:15  INFO      explainability.lime_explainer  LIME tabular explainer initialised | features=63
14:13:16  INFO      explainability.lime_explainer  LIME tabular explainer initialised | features=63
14:13:16  INFO      explainability.lime_explainer  LIME tabular explainer initialised | features=63
14:13:16  INFO      explainability.lime_explainer  LIME tabular explainer initialised | features=63
14:13:17  INFO      explainability.lime_explainer  LIME tabular explainer initialised | features=63
14:13:17  INFO      explainability.lime_explainer  LIME tabular explainer initialised | features=63
14:13:17  INFO      explainability.lime_explainer  LIME tabular explainer initialised | features=63
14:13:18  INFO      explainability.lime_explainer  LIME tabular explainer initialised | features=63
14:13:18  INFO      explainability.lime_explainer  LIME tabular explainer initialised | features=63
14:13:18  INFO      explainability.lime_explainer  LIME tabular explainer initialised | features=63
14:13:19  INFO      explainability.lime_explainer  LIME tabular explainer initialised | features=63
14:13:19  INFO      explainability.lime_explainer  LIME tabular explainer initialised | features=63
14:13:19  INFO      explainability.lime_explainer  LIME tabular explainer initialised | features=63
14:13:20  INFO      explainability.lime_explainer  LIME tabular explainer initialised | features=63
14:13:20  INFO      explainability.lime_explainer  LIME tabular explainer initialised | features=63
14:13:20  INFO      explainability.lime_explainer  LIME tabular explainer initialised | features=63
14:13:21  INFO      explainability.lime_explainer  LIME tabular explainer initialised | features=63
14:13:21  INFO      explainability.lime_explainer  LIME tabular explainer initialised | features=63
14:13:21  INFO      explainability.lime_explainer  LIME tabular explainer initialised | features=63
14:13:22  INFO      explainability.lime_explainer  LIME tabular explainer initialised | features=63
14:13:22  INFO      explainability.lime_explainer  LIME tabular explainer initialised | features=63
14:13:22  INFO      explainability.lime_explainer  LIME tabular explainer initialised | features=63
14:13:23  INFO      explainability.lime_explainer  LIME tabular explainer initialised | features=63
14:13:23  INFO      explainability.lime_explainer  LIME tabular explainer initialised | features=63
14:13:23  INFO      explainability.lime_explainer  LIME tabular explainer initialised | features=63
14:13:24  INFO      explainability.lime_explainer  LIME tabular explainer initialised | features=63
14:13:24  INFO      explainability.lime_explainer  LIME tabular explainer initialised | features=63
14:13:24  INFO      explainability.lime_explainer  LIME tabular explainer initialised | features=63
14:13:25  INFO      explainability.lime_explainer  LIME tabular explainer initialised | features=63
14:13:25  INFO      explainability.lime_explainer  LIME tabular explainer initialised | features=63
14:13:25  INFO      explainability.lime_explainer  LIME tabular explainer initialised | features=63
14:13:26  INFO      explainability.lime_explainer  LIME tabular explainer initialised | features=63
14:13:26  INFO      explainability.lime_explainer  LIME tabular explainer initialised | features=63
14:13:26  INFO      explainability.lime_explainer  LIME tabular explainer initialised | features=63
14:13:27  INFO      explainability.lime_explainer  LIME tabular explainer initialised | features=63
14:13:27  INFO      explainability.lime_explainer  LIME tabular explainer initialised | features=63
14:13:27  INFO      explainability.lime_explainer  LIME tabular explainer initialised | features=63
14:13:28  INFO      explainability.lime_explainer  LIME tabular explainer initialised | features=63
14:13:28  INFO      explainability.lime_explainer  LIME tabular explainer initialised | features=63
14:13:29  INFO      explainability.lime_explainer  LIME tabular explainer initialised | features=63
14:13:29  INFO      explainability.lime_explainer  LIME tabular explainer initialised | features=63
14:13:29  INFO      explainability.lime_explainer  LIME tabular explainer initialised | features=63
14:13:30  INFO      explainability.lime_explainer  LIME tabular explainer initialised | features=63
14:13:30  INFO      explainability.lime_explainer  LIME tabular explainer initialised | features=63
14:13:30  INFO      explainability.lime_explainer  LIME tabular explainer initialised | features=63
14:13:31  INFO      explainability.lime_explainer  LIME tabular explainer initialised | features=63
14:13:31  INFO      explainability.lime_explainer  LIME tabular explainer initialised | features=63
14:13:31  INFO      explainability.lime_explainer  LIME tabular explainer initialised | features=63
14:13:32  INFO      explainability.lime_explainer  LIME tabular explainer initialised | features=63
14:13:32  INFO      explainability.lime_explainer  LIME tabular explainer initialised | features=63
14:13:32  INFO      explainability.lime_explainer  LIME tabular explainer initialised | features=63
14:13:33  INFO      explainability.lime_explainer  LIME tabular explainer initialised | features=63
14:13:33  INFO      explainability.lime_explainer  LIME tabular explainer initialised | features=63
14:13:33  INFO      explainability.lime_explainer  LIME tabular explainer initialised | features=63
14:13:34  INFO      explainability.lime_explainer  LIME tabular explainer initialised | features=63
14:13:34  INFO      explainability.lime_explainer  LIME tabular explainer initialised | features=63
14:13:34  INFO      explainability.lime_explainer  LIME tabular explainer initialised | features=63
14:13:35  INFO      explainability.lime_explainer  LIME tabular explainer initialised | features=63
14:13:35  INFO      explainability.lime_explainer  LIME tabular explainer initialised | features=63
14:13:35  INFO      explainability.lime_explainer  LIME tabular explainer initialised | features=63
14:13:36  INFO      explainability.lime_explainer  LIME tabular explainer initialised | features=63
14:13:36  INFO      explainability.lime_explainer  LIME tabular explainer initialised | features=63
14:13:36  INFO      explainability.lime_explainer  LIME tabular explainer initialised | features=63
14:13:37  INFO      explainability.lime_explainer  LIME tabular explainer initialised | features=63
14:13:37  INFO      explainability.lime_explainer  LIME tabular explainer initialised | features=63
14:13:38  INFO      explainability.lime_explainer  LIME tabular explainer initialised | features=63
14:13:38  INFO      explainability.lime_explainer  LIME tabular explainer initialised | features=63
14:13:38  INFO      explainability.lime_explainer  LIME tabular explainer initialised | features=63
14:13:39  INFO      explainability.lime_explainer  LIME tabular explainer initialised | features=63
14:13:39  INFO      explainability.lime_explainer  LIME tabular explainer initialised | features=63
14:13:39  INFO      explainability.lime_explainer  LIME tabular explainer initialised | features=63
14:13:40  INFO      explainability.lime_explainer  LIME tabular explainer initialised | features=63
14:13:40  INFO      explainability.lime_explainer  LIME tabular explainer initialised | features=63
14:13:40  INFO      explainability.lime_explainer  LIME tabular explainer initialised | features=63
14:13:41  INFO      explainability.lime_explainer  LIME tabular explainer initialised | features=63
14:13:41  INFO      explainability.lime_explainer  LIME tabular explainer initialised | features=63
14:13:41  INFO      explainability.lime_explainer  LIME tabular explainer initialised | features=63
14:13:42  INFO      explainability.lime_explainer  LIME tabular explainer initialised | features=63
14:13:42  INFO      explainability.lime_explainer  LIME tabular explainer initialised | features=63
14:13:42  INFO      explainability.lime_explainer  LIME tabular explainer initialised | features=63
14:13:43  INFO      explainability.lime_explainer  LIME tabular explainer initialised | features=63
14:13:43  INFO      explainability.lime_explainer  LIME tabular explainer initialised | features=63
14:13:43  INFO      explainability.lime_explainer  LIME tabular explainer initialised | features=63
14:13:44  INFO      explainability.lime_explainer  LIME tabular explainer initialised | features=63
14:13:44  INFO      explainability.lime_explainer  LIME tabular explainer initialised | features=63
14:13:44  INFO      explainability.lime_explainer  LIME tabular explainer initialised | features=63
14:13:45  INFO      explainability.lime_explainer  LIME tabular explainer initialised | features=63
14:13:45  INFO      explainability.lime_explainer  LIME tabular explainer initialised | features=63
14:13:45  INFO      explainability.lime_explainer  LIME tabular explainer initialised | features=63
14:13:46  INFO      explainability.lime_explainer  LIME tabular explainer initialised | features=63
14:13:46  INFO      explainability.lime_explainer  LIME tabular explainer initialised | features=63
14:13:46  INFO      explainability.lime_explainer  LIME tabular explainer initialised | features=63
14:13:47  INFO      explainability.lime_explainer  LIME tabular explainer initialised | features=63
14:13:47  INFO      explainability.lime_explainer  LIME tabular explainer initialised | features=63
14:13:47  INFO      explainability.lime_explainer  LIME tabular explainer initialised | features=63
14:13:48  INFO      explainability.lime_explainer  LIME tabular explainer initialised | features=63
14:13:48  INFO      explainability.lime_explainer  LIME tabular explainer initialised | features=63
14:13:48  INFO      explainability.lime_explainer  LIME tabular explainer initialised | features=63
14:13:49  INFO      explainability.lime_explainer  LIME tabular explainer initialised | features=63
14:13:49  INFO      explainability.lime_explainer  LIME tabular explainer initialised | features=63
14:13:50  INFO      explainability.lime_explainer  LIME tabular explainer initialised | features=63
14:13:50  INFO      explainability.lime_explainer  LIME tabular explainer initialised | features=63
14:13:50  INFO      explainability.lime_explainer  LIME tabular explainer initialised | features=63
14:13:51  INFO      explainability.lime_explainer  LIME tabular explainer initialised | features=63
14:13:51  INFO      explainability.lime_explainer  LIME tabular explainer initialised | features=63
14:13:51  INFO      explainability.lime_explainer  LIME tabular explainer initialised | features=63
14:13:52  INFO      explainability.lime_explainer  LIME tabular explainer initialised | features=63
14:13:52  INFO      explainability.lime_explainer  LIME tabular explainer initialised | features=63
14:13:52  INFO      explainability.lime_explainer  LIME tabular explainer initialised | features=63
14:13:53  INFO      explainability.lime_explainer  LIME tabular explainer initialised | features=63
14:13:53  INFO      explainability.lime_explainer  LIME tabular explainer initialised | features=63
14:13:53  INFO      explainability.lime_explainer  LIME tabular explainer initialised | features=63
14:13:54  INFO      explainability.lime_explainer  LIME tabular explainer initialised | features=63
14:13:54  INFO      explainability.lime_explainer  LIME tabular explainer initialised | features=63
14:13:54  INFO      explainability.lime_explainer  LIME tabular explainer initialised | features=63
14:13:55  INFO      explainability.lime_explainer  LIME tabular explainer initialised | features=63
14:13:55  INFO      explainability.lime_explainer  LIME tabular explainer initialised | features=63
14:13:55  INFO      explainability.lime_explainer  LIME tabular explainer initialised | features=63
14:13:56  INFO      explainability.lime_explainer  LIME tabular explainer initialised | features=63
14:13:56  INFO      explainability.lime_explainer  LIME tabular explainer initialised | features=63
14:13:56  INFO      explainability.lime_explainer  LIME tabular explainer initialised | features=63
14:13:57  INFO      explainability.lime_explainer  LIME tabular explainer initialised | features=63
14:13:57  INFO      explainability.lime_explainer  LIME tabular explainer initialised | features=63
14:13:57  INFO      explainability.lime_explainer  LIME tabular explainer initialised | features=63
14:13:58  INFO      explainability.lime_explainer  LIME tabular explainer initialised | features=63
14:13:58  INFO      explainability.lime_explainer  LIME tabular explainer initialised | features=63
14:13:58  INFO      explainability.lime_explainer  LIME tabular explainer initialised | features=63
14:13:59  INFO      explainability.lime_explainer  LIME tabular explainer initialised | features=63
14:13:59  INFO      explainability.lime_explainer  LIME tabular explainer initialised | features=63
14:13:59  INFO      explainability.lime_explainer  LIME tabular explainer initialised | features=63
14:14:00  INFO      explainability.lime_explainer  LIME tabular explainer initialised | features=63
14:14:00  INFO      explainability.lime_explainer  LIME tabular explainer initialised | features=63
14:14:00  INFO      explainability.lime_explainer  LIME tabular explainer initialised | features=63
14:14:01  INFO      explainability.lime_explainer  LIME tabular explainer initialised | features=63
14:14:01  INFO      explainability.lime_explainer  LIME tabular explainer initialised | features=63
14:14:01  INFO      explainability.lime_explainer  LIME tabular explainer initialised | features=63
14:14:02  INFO      explainability.lime_explainer  LIME tabular explainer initialised | features=63
14:14:02  INFO      explainability.lime_explainer  LIME tabular explainer initialised | features=63
14:14:02  INFO      explainability.lime_explainer  LIME tabular explainer initialised | features=63
14:14:03  INFO      explainability.lime_explainer  LIME tabular explainer initialised | features=63
14:14:03  INFO      explainability.lime_explainer  LIME tabular explainer initialised | features=63
14:14:03  INFO      explainability.lime_explainer  LIME tabular explainer initialised | features=63
14:14:04  INFO      explainability.lime_explainer  LIME tabular explainer initialised | features=63
14:14:04  INFO      explainability.lime_explainer  LIME tabular explainer initialised | features=63
14:14:04  INFO      explainability.lime_explainer  LIME tabular explainer initialised | features=63
14:14:05  INFO      explainability.lime_explainer  LIME tabular explainer initialised | features=63
14:14:05  INFO      explainability.lime_explainer  LIME tabular explainer initialised | features=63
14:14:05  INFO      explainability.lime_explainer  LIME tabular explainer initialised | features=63
14:14:06  INFO      explainability.lime_explainer  LIME tabular explainer initialised | features=63
14:14:06  INFO      explainability.lime_explainer  LIME tabular explainer initialised | features=63
14:14:07  INFO      explainability.lime_explainer  LIME tabular explainer initialised | features=63
14:14:07  INFO      explainability.lime_explainer  LIME tabular explainer initialised | features=63
14:14:07  INFO      explainability.lime_explainer  LIME tabular explainer initialised | features=63
14:14:08  INFO      explainability.lime_explainer  LIME tabular explainer initialised | features=63
14:14:08  INFO      explainability.lime_explainer  LIME tabular explainer initialised | features=63
14:14:08  INFO      explainability.lime_explainer  LIME tabular explainer initialised | features=63
14:14:09  INFO      explainability.lime_explainer  LIME tabular explainer initialised | features=63
14:14:09  INFO      explainability.lime_explainer  LIME tabular explainer initialised | features=63
14:14:09  INFO      explainability.lime_explainer  LIME tabular explainer initialised | features=63
14:14:10  INFO      explainability.lime_explainer  LIME tabular explainer initialised | features=63
14:14:10  INFO      explainability.lime_explainer  LIME tabular explainer initialised | features=63
14:14:10  INFO      explainability.lime_explainer  LIME tabular explainer initialised | features=63
14:14:11  INFO      explainability.lime_explainer  LIME tabular explainer initialised | features=63
14:14:11  INFO      explainability.lime_explainer  LIME tabular explainer initialised | features=63
14:14:11  INFO      explainability.lime_explainer  LIME tabular explainer initialised | features=63
14:14:12  INFO      explainability.lime_explainer  LIME tabular explainer initialised | features=63
14:14:12  INFO      explainability.lime_explainer  LIME tabular explainer initialised | features=63
14:14:12  INFO      explainability.lime_explainer  LIME tabular explainer initialised | features=63
14:14:13  INFO      explainability.lime_explainer  LIME tabular explainer initialised | features=63
14:14:13  INFO      explainability.lime_explainer  LIME tabular explainer initialised | features=63
14:14:13  INFO      explainability.lime_explainer  LIME tabular explainer initialised | features=63
14:14:14  INFO      explainability.lime_explainer  LIME tabular explainer initialised | features=63
14:14:14  INFO      explainability.lime_explainer  LIME tabular explainer initialised | features=63
14:14:14  INFO      explainability.lime_explainer  LIME tabular explainer initialised | features=63
14:14:15  INFO      explainability.lime_explainer  LIME tabular explainer initialised | features=63
14:14:15  INFO      explainability.lime_explainer  LIME tabular explainer initialised | features=63
14:14:15  INFO      explainability.lime_explainer  LIME tabular explainer initialised | features=63
14:14:16  INFO      explainability.lime_explainer  LIME tabular explainer initialised | features=63
14:14:16  INFO      explainability.lime_explainer  LIME tabular explainer initialised | features=63
14:14:16  INFO      explainability.lime_explainer  LIME tabular explainer initialised | features=63
14:14:17  INFO      explainability.lime_explainer  LIME tabular explainer initialised | features=63
14:14:17  INFO      explainability.lime_explainer  LIME tabular explainer initialised | features=63
14:14:17  INFO      explainability.lime_explainer  LIME tabular explainer initialised | features=63
14:14:18  INFO      explainability.lime_explainer  LIME tabular explainer initialised | features=63
14:14:18  INFO      explainability.lime_explainer  LIME tabular explainer initialised | features=63
14:14:18  INFO      explainability.lime_explainer  LIME tabular explainer initialised | features=63
14:14:19  INFO      explainability.lime_explainer  LIME tabular explainer initialised | features=63
14:14:19  INFO      explainability.lime_explainer  LIME tabular explainer initialised | features=63
14:14:19  INFO      explainability.lime_explainer  LIME tabular explainer initialised | features=63
14:14:20  INFO      explainability.lime_explainer  LIME tabular explainer initialised | features=63
14:14:20  INFO      explainability.lime_explainer  LIME tabular explainer initialised | features=63
14:14:20  INFO      explainability.lime_explainer  LIME tabular explainer initialised | features=63
14:14:21  INFO      explainability.lime_explainer  LIME tabular explainer initialised | features=63
14:14:21  INFO      explainability.lime_explainer  LIME tabular explainer initialised | features=63
14:14:21  INFO      explainability.lime_explainer  LIME tabular explainer initialised | features=63
14:14:22  INFO      explainability.lime_explainer  LIME tabular explainer initialised | features=63
14:14:22  INFO      explainability.lime_explainer  LIME tabular explainer initialised | features=63
14:14:22  INFO      explainability.lime_explainer  LIME tabular explainer initialised | features=63
14:14:23  INFO      explainability.lime_explainer  LIME tabular explainer initialised | features=63
14:14:23  INFO      explainability.lime_explainer  LIME tabular explainer initialised | features=63
14:14:23  INFO      explainability.lime_explainer  LIME tabular explainer initialised | features=63
14:14:24  INFO      explainability.lime_explainer  LIME tabular explainer initialised | features=63
14:14:24  INFO      explainability.lime_explainer  LIME tabular explainer initialised | features=63
14:14:24  INFO      explainability.lime_explainer  LIME tabular explainer initialised | features=63
14:14:25  INFO      explainability.lime_explainer  LIME tabular explainer initialised | features=63
14:14:25  INFO      explainability.lime_explainer  LIME tabular explainer initialised | features=63
14:14:25  INFO      explainability.lime_explainer  LIME tabular explainer initialised | features=63
14:14:26  INFO      explainability.lime_explainer  LIME tabular explainer initialised | features=63
14:14:26  INFO      explainability.lime_explainer  LIME tabular explainer initialised | features=63
14:14:26  INFO      explainability.lime_explainer  LIME tabular explainer initialised | features=63
14:14:27  INFO      explainability.lime_explainer  LIME tabular explainer initialised | features=63
14:14:27  INFO      explainability.lime_explainer  LIME tabular explainer initialised | features=63
14:14:27  INFO      explainability.lime_explainer  LIME tabular explainer initialised | features=63
14:14:28  INFO      explainability.lime_explainer  LIME tabular explainer initialised | features=63
14:14:28  INFO      explainability.lime_explainer  LIME tabular explainer initialised | features=63
14:14:29  INFO      explainability.lime_explainer  LIME tabular explainer initialised | features=63
14:14:29  INFO      explainability.lime_explainer  LIME tabular explainer initialised | features=63
14:14:29  INFO      explainability.lime_explainer  LIME tabular explainer initialised | features=63
14:14:30  INFO      explainability.lime_explainer  LIME tabular explainer initialised | features=63
14:14:30  INFO      explainability.lime_explainer  LIME tabular explainer initialised | features=63
14:14:30  INFO      explainability.lime_explainer  LIME tabular explainer initialised | features=63
14:14:31  INFO      explainability.lime_explainer  LIME tabular explainer initialised | features=63
14:14:31  INFO      explainability.lime_explainer  LIME tabular explainer initialised | features=63
14:14:31  INFO      explainability.lime_explainer  LIME tabular explainer initialised | features=63
14:14:32  INFO      explainability.lime_explainer  LIME tabular explainer initialised | features=63
14:14:32  INFO      explainability.lime_explainer  LIME tabular explainer initialised | features=63
14:14:32  INFO      explainability.lime_explainer  LIME tabular explainer initialised | features=63
14:14:33  INFO      explainability.lime_explainer  LIME tabular explainer initialised | features=63
14:14:33  INFO      explainability.lime_explainer  LIME tabular explainer initialised | features=63
14:14:33  INFO      explainability.lime_explainer  LIME tabular explainer initialised | features=63
14:14:34  INFO      explainability.lime_explainer  LIME tabular explainer initialised | features=63
14:14:34  INFO      explainability.lime_explainer  LIME tabular explainer initialised | features=63
14:14:34  INFO      explainability.lime_explainer  LIME tabular explainer initialised | features=63
14:14:35  INFO      explainability.lime_explainer  LIME tabular explainer initialised | features=63
14:14:35  INFO      explainability.lime_explainer  LIME tabular explainer initialised | features=63
14:14:35  INFO      explainability.lime_explainer  LIME tabular explainer initialised | features=63
14:14:36  INFO      explainability.lime_explainer  LIME tabular explainer initialised | features=63
14:14:36  INFO      explainability.lime_explainer  LIME tabular explainer initialised | features=63
14:14:36  INFO      explainability.lime_explainer  LIME tabular explainer initialised | features=63
14:14:37  INFO      explainability.lime_explainer  LIME tabular explainer initialised | features=63
14:14:37  INFO      pipeline  LaTeX table → /Users/harekrishna/Downloads/credit-default-xai-benchmark 2/results/outputs/prosper_temporal/runs/cutoff_2012-01_seed_42/results/table5_explanation_quality.tex
14:14:37  INFO      pipeline  LaTeX table → /Users/harekrishna/Downloads/credit-default-xai-benchmark 2/results/outputs/prosper_temporal/runs/cutoff_2012-01_seed_42/results/table4_shap_lime_agreement.tex
14:14:37  INFO      pipeline  ============================================================
14:14:37  INFO      pipeline  STAGE 7: Revision Analyses
14:14:37  INFO      pipeline  ============================================================
14:17:33  INFO      pipeline  RUN cutoff_2012-01_seed_42 COMPLETE | champion LightGBM | OOF AUROC 0.7281 | test AUROC 0.6794
14:17:33  INFO      pipeline  ╔══════════════════════════════════════════════╗
14:17:33  INFO      pipeline  ║  Credit Default Prediction with XAI (v3)     ║
14:17:33  INFO      pipeline  ║  Dataset: prosper                            ║
14:17:33  INFO      pipeline  ║  Run: cutoff_2012-01_seed_99                 ║
14:17:33  INFO      pipeline  ╚══════════════════════════════════════════════╝
14:17:33  INFO      pipeline  ============================================================
14:17:33  INFO      pipeline  STAGE 1: Data Loading, Labelling & Partitioning
14:17:33  INFO      pipeline  ============================================================
14:17:33  INFO      data.data_loader  Loading Prosper loans from /Users/harekrishna/Downloads/credit-default-xai-benchmark 2/data/prosperLoanData.csv
14:17:35  INFO      data.data_loader  Prosper: 113937 rows, 113066 after LoanKey de-duplication
14:17:35  INFO      data.data_loader  Prosper horizon label (H=12 months, snapshot 2014-03-12): 72067 labelled, 40999 censored, default rate 9.70%
14:17:35  INFO      data.data_loader  Skipping UCI-specific engineered features; required columns not present.
14:17:35  INFO      data.data_loader  Skipping UCI-specific engineered features; required columns not present.
14:17:35  INFO      data.data_loader  Dataset loaded | prosper | train=36634  test=9496 | default rate train=12.12% test=7.35% | 8 nominal, 33 continuous
14:17:35  INFO      pipeline  Imbalance stats (train): {"n_total": 36634, "n_majority": 32193, "n_minority": 4441, "imbalance_ratio": 7.249, "minority_pct": 12.12}
14:17:35  INFO      visualization.plots  Fig 1 saved → /Users/harekrishna/Downloads/credit-default-xai-benchmark 2/results/outputs/prosper_temporal/runs/cutoff_2012-01_seed_99/figures/fig01_class_distribution.pdf
14:17:35  INFO      pipeline  ============================================================
14:17:35  INFO      pipeline  STAGE 2: Imbalance Strategy Ablation (selected on OOF AUROC)
14:17:35  INFO      pipeline  ============================================================
14:17:56  INFO      pipeline  Ablation | SMOTE            | OOF AUROC=0.7110  test AUROC=0.6665
14:18:17  INFO      pipeline  Ablation | BorderlineSMOTE  | OOF AUROC=0.7123  test AUROC=0.6673
14:20:11  INFO      pipeline  Ablation | SVMSMOTE         | OOF AUROC=0.7168  test AUROC=0.6743
14:20:32  INFO      pipeline  Ablation | ADASYN           | OOF AUROC=0.7092  test AUROC=0.6657
14:20:36  INFO      pipeline  Ablation | None             | OOF AUROC=0.7212  test AUROC=0.6644
14:20:38  INFO      pipeline  Ablation | ClassWeight      | OOF AUROC=0.6895  test AUROC=0.5986
14:20:38  INFO      pipeline  Best imbalance strategy (OOF AUROC): None → 0.7212 [probe: LightGBM]
14:20:38  INFO      pipeline  ============================================================
14:20:38  INFO      pipeline  STAGE 3: Model Training (nested tuning, OOF predictions, refit)
14:20:38  INFO      pipeline  ============================================================
14:20:38  INFO      pipeline  Training XGBoost …
14:21:56  INFO      pipeline  XGBoost | per-model strategy=SVMSMOTE | OOF AUROC by strategy={'SMOTE': 0.7186, 'BorderlineSMOTE': 0.7215, 'SVMSMOTE': 0.7232, 'ADASYN': 0.7154, 'None': 0.7154, 'ClassWeight': 0.7167}
14:21:56  INFO      pipeline  RandomizedSearchCV | model=XGBoost strategy=SVMSMOTE n_iter=12
14:32:23  INFO      pipeline  Training LightGBM …
14:33:54  INFO      pipeline  LightGBM | per-model strategy=None | OOF AUROC by strategy={'SMOTE': 0.711, 'BorderlineSMOTE': 0.7123, 'SVMSMOTE': 0.7168, 'ADASYN': 0.7092, 'None': 0.7212, 'ClassWeight': 0.6895}
14:33:54  INFO      pipeline  RandomizedSearchCV | model=LightGBM strategy=None n_iter=12
14:34:38  INFO      pipeline  Training CatBoost …
14:36:27  INFO      pipeline  CatBoost | per-model strategy=ClassWeight | OOF AUROC by strategy={'SMOTE': 0.7147, 'BorderlineSMOTE': 0.7168, 'SVMSMOTE': 0.7221, 'ADASYN': 0.7149, 'None': 0.7257, 'ClassWeight': 0.7271}
14:36:27  INFO      pipeline  RandomizedSearchCV | model=CatBoost strategy=ClassWeight n_iter=12
14:37:28  INFO      pipeline  Training Random Forest …
14:39:18  INFO      pipeline  Random Forest | per-model strategy=ClassWeight | OOF AUROC by strategy={'SMOTE': 0.7161, 'BorderlineSMOTE': 0.7155, 'SVMSMOTE': 0.7137, 'ADASYN': 0.7108, 'None': 0.7098, 'ClassWeight': 0.7217}
14:39:18  INFO      pipeline  RandomizedSearchCV | model=Random Forest strategy=ClassWeight n_iter=12
14:41:30  INFO      pipeline  Training Logistic Reg. …
14:42:36  INFO      pipeline  Logistic Reg. | per-model strategy=ClassWeight | OOF AUROC by strategy={'SMOTE': 0.6555, 'BorderlineSMOTE': 0.6613, 'SVMSMOTE': 0.6805, 'ADASYN': 0.6475, 'None': 0.7055, 'ClassWeight': 0.7105}
14:42:36  INFO      pipeline  RandomizedSearchCV | model=Logistic Reg. strategy=ClassWeight n_iter=12
14:42:47  INFO      pipeline  Training TabNet …
14:42:48  INFO      models.tabnet_model  Apple MPS backend passed smoke test — using GPU acceleration.
14:42:48  INFO      models.tabnet_model  TabNet starting | device=mps  max_epochs=200  patience=15  batch_size=1024  n_train=9160
14:43:37  INFO      models.tabnet_model  TabNet trained | device=mps  best_epoch=45  elapsed=49.7s
14:43:38  INFO      models.tabnet_model  Apple MPS backend passed smoke test — using GPU acceleration.
14:43:38  INFO      models.tabnet_model  TabNet starting | device=mps  max_epochs=200  patience=15  batch_size=1024  n_train=18318

epoch 26 | loss: 0.33898 | val_auc: 0.74407 |  0:01:03s
epoch 27 | loss: 0.3387  | val_auc: 0.75446 |  0:01:06s
epoch 28 | loss: 0.33583 | val_auc: 0.75761 |  0:01:08s
epoch 29 | loss: 0.33221 | val_auc: 0.76087 |  0:01:10s
epoch 30 | loss: 0.33071 | val_auc: 0.75883 |  0:01:12s
epoch 31 | loss: 0.32911 | val_auc: 0.76727 |  0:01:15s
epoch 32 | loss: 0.32739 | val_auc: 0.7631  |  0:01:17s
epoch 33 | loss: 0.32709 | val_auc: 0.76138 |  0:01:19s
epoch 34 | loss: 0.3249  | val_auc: 0.7629  |  0:01:22s
epoch 35 | loss: 0.32222 | val_auc: 0.76315 |  0:01:24s
epoch 36 | loss: 0.32245 | val_auc: 0.76357 |  0:01:26s
epoch 37 | loss: 0.32401 | val_auc: 0.75431 |  0:01:29s
epoch 38 | loss: 0.32448 | val_auc: 0.7631  |  0:01:31s
epoch 39 | loss: 0.31998 | val_auc: 0.75749 |  0:01:33s
epoch 40 | loss: 0.31636 | val_auc: 0.76575 |  0:01:36s
epoch 41 | loss: 0.31353 | val_auc: 0.75557 |  0:01:38s
epoch 42 | loss: 0.32043 | val_auc: 0.76104 |  0:01:40s
epoch 43 | loss: 0.31663 | val_auc: 0.75781 |  0:01:43s
epoch 44 | loss: 0.31296 | val_auc: 0.75676 |  0:01:45s
epoch 45 | loss: 0.30968 | val_auc: 0.75096 |  0:01:47s
epoch 46 | loss: 0.30678 | val_auc: 0.74472 |  0:01:50s

Early stopping occurred at epoch 46 with best_epoch = 31 and best_val_auc = 0.76727
epoch 0  | loss: 0.47605 | val_auc: 0.66605 |  0:00:03s
epoch 1  | loss: 0.36301 | val_auc: 0.72155 |  0:00:06s
epoch 2  | loss: 0.34129 | val_auc: 0.73381 |  0:00:10s
epoch 3  | loss: 0.33454 | val_auc: 0.72127 |  0:00:13s
epoch 4  | loss: 0.33555 | val_auc: 0.73428 |  0:00:16s
epoch 5  | loss: 0.32927 | val_auc: 0.74673 |  0:00:19s
epoch 6  | loss: 0.32882 | val_auc: 0.74107 |  0:00:22s
epoch 7  | loss: 0.32899 | val_auc: 0.75459 |  0:00:25s
epoch 8  | loss: 0.32672 | val_auc: 0.75937 |  0:00:28s
epoch 9  | loss: 0.32752 | val_auc: 0.76026 |  0:00:31s
epoch 10 | loss: 0.32361 | val_auc: 0.75117 |  0:00:34s
epoch 11 | loss: 0.32137 | val_auc: 0.759   |  0:00:37s
epoch 12 | loss: 0.31956 | val_auc: 0.76459 |  0:00:41s
epoch 13 | loss: 0.32039 | val_auc: 0.75876 |  0:00:44s
epoch 14 | loss: 0.31825 | val_auc: 0.76211 |  0:00:47s
epoch 15 | loss: 0.3172  | val_auc: 0.7681  |  0:00:50s
epoch 16 | loss: 0.31929 | val_auc: 0.768   |  0:00:53s
epoch 17 | loss: 0.31838 | val_auc: 0.76769 |  0:00:56s
epoch 18 | loss: 0.3171  | val_auc: 0.77424 |  0:00:59s
epoch 19 | loss: 0.31422 | val_auc: 0.76844 |  0:01:02s
epoch 20 | loss: 0.31391 | val_auc: 0.77298 |  0:01:05s
epoch 21 | loss: 0.31184 | val_auc: 0.77949 |  0:01:08s
epoch 22 | loss: 0.31028 | val_auc: 0.78198 |  0:01:12s
epoch 23 | loss: 0.30879 | val_auc: 0.77944 |  0:01:15s
epoch 24 | loss: 0.30862 | val_auc: 0.76985 |  0:01:18s
epoch 25 | loss: 0.30689 | val_auc: 0.77696 |  0:01:21s
epoch 26 | loss: 0.30502 | val_auc: 0.77585 |  0:01:24s
epoch 27 | loss: 0.30337 | val_auc: 0.77398 |  0:01:27s
epoch 28 | loss: 0.30168 | val_auc: 0.77822 |  0:01:30s
epoch 29 | loss: 0.30438 | val_auc: 0.76625 |  0:01:33s
epoch 30 | loss: 0.30703 | val_auc: 0.77483 |  0:01:36s
epoch 31 | loss: 0.30283 | val_auc: 0.77516 |  0:01:39s
epoch 32 | loss: 0.30245 | val_auc: 0.78156 |  0:01:42s
epoch 33 | loss: 0.29765 | val_auc: 0.78188 |  0:01:45s
epoch 34 | loss: 0.29668 | val_auc: 0.77627 |  0:01:48s
epoch 35 | loss: 0.29646 | val_auc: 0.77507 |  0:01:51s
epoch 36 | loss: 0.2939  | val_auc: 0.75922 |  0:01:54s
epoch 37 | loss: 0.29493 | val_auc: 0.76963 |  0:01:57s

Early stopping occurred at epoch 37 with best_epoch = 22 and best_val_auc = 0.78198
Successfully saved model at /Users/harekrishna/Downloads/credit-default-xai-benchmark 2/results/outputs/prosper_temporal/runs/cutoff_2012-01_seed_42/models/tabnet.pkl.zip
epoch 0  | loss: 0.74722 | val_auc: 0.61672 |  0:00:01s
epoch 1  | loss: 0.62738 | val_auc: 0.68059 |  0:00:01s
epoch 2  | loss: 0.50154 | val_auc: 0.70821 |  0:00:02s
epoch 3  | loss: 0.48882 | val_auc: 0.73819 |  0:00:03s
epoch 4  | loss: 0.42981 | val_auc: 0.75034 |  0:00:04s
epoch 5  | loss: 0.39811 | val_auc: 0.77201 |  0:00:05s
epoch 6  | loss: 0.39713 | val_auc: 0.79223 |  0:00:05s
epoch 7  | loss: 0.38433 | val_auc: 0.79842 |  0:00:06s
epoch 8  | loss: 0.3832  | val_auc: 0.80345 |  0:00:07s
epoch 9  | loss: 0.37673 | val_auc: 0.80578 |  0:00:08s
epoch 10 | loss: 0.3736  | val_auc: 0.80017 |  0:00:08s
epoch 11 | loss: 0.37822 | val_auc: 0.79933 |  0:00:09s
epoch 12 | loss: 0.3735  | val_auc: 0.80658 |  0:00:10s
epoch 13 | loss: 0.36957 | val_auc: 0.81213 |  0:00:11s
epoch 14 | loss: 0.37301 | val_auc: 0.78801 |  0:00:12s
epoch 15 | loss: 0.37153 | val_auc: 0.8017  |  0:00:12s
epoch 16 | loss: 0.36242 | val_auc: 0.80187 |  0:00:13s
epoch 17 | loss: 0.37124 | val_auc: 0.8064  |  0:00:14s
epoch 18 | loss: 0.35851 | val_auc: 0.81796 |  0:00:15s
epoch 19 | loss: 0.36227 | val_auc: 0.82107 |  0:00:16s
epoch 20 | loss: 0.35855 | val_auc: 0.81551 |  0:00:17s
epoch 21 | loss: 0.36026 | val_auc: 0.81309 |  0:00:17s
epoch 22 | loss: 0.36073 | val_auc: 0.81651 |  0:00:18s
epoch 23 | loss: 0.35886 | val_auc: 0.81173 |  0:00:19s
epoch 24 | loss: 0.35673 | val_auc: 0.8147  |  0:00:20s
epoch 25 | loss: 0.35407 | val_auc: 0.81856 |  0:00:20s
epoch 26 | loss: 0.35311 | val_auc: 0.82197 |  0:00:21s
epoch 27 | loss: 0.35503 | val_auc: 0.82385 |  0:00:22s
epoch 28 | loss: 0.35273 | val_auc: 0.82347 |  0:00:23s
epoch 29 | loss: 0.35111 | val_auc: 0.81973 |  0:00:24s
epoch 30 | loss: 0.35703 | val_auc: 0.82114 |  0:00:24s
epoch 31 | loss: 0.354   | val_auc: 0.81415 |  0:00:25s
epoch 32 | loss: 0.35376 | val_auc: 0.82032 |  0:00:26s
epoch 33 | loss: 0.34769 | val_auc: 0.81742 |  0:00:27s
epoch 34 | loss: 0.34697 | val_auc: 0.82203 |  0:00:28s
epoch 35 | loss: 0.34456 | val_auc: 0.82453 |  0:00:28s
epoch 36 | loss: 0.34267 | val_auc: 0.82087 |  0:00:29s
epoch 37 | loss: 0.34213 | val_auc: 0.81538 |  0:00:30s
epoch 38 | loss: 0.33722 | val_auc: 0.81639 |  0:00:31s
epoch 39 | loss: 0.33813 | val_auc: 0.81782 |  0:00:32s
epoch 40 | loss: 0.33789 | val_auc: 0.82259 |  0:00:32s
epoch 41 | loss: 0.33651 | val_auc: 0.81092 |  0:00:33s
epoch 42 | loss: 0.33679 | val_auc: 0.80304 |  0:00:34s
epoch 43 | loss: 0.33825 | val_auc: 0.80499 |  0:00:35s
epoch 44 | loss: 0.33661 | val_auc: 0.82055 |  0:00:35s
epoch 45 | loss: 0.33511 | val_auc: 0.82616 |  0:00:36s
epoch 46 | loss: 0.33595 | val_auc: 0.81707 |  0:00:37s
epoch 47 | loss: 0.33336 | val_auc: 0.81835 |  0:00:38s
epoch 48 | loss: 0.33252 | val_auc: 0.81847 |  0:00:39s
epoch 49 | loss: 0.33262 | val_auc: 0.81064 |  0:00:39s
epoch 50 | loss: 0.33279 | val_auc: 0.8094  |  0:00:40s
epoch 51 | loss: 0.3318  | val_auc: 0.81445 |  0:00:41s
epoch 52 | loss: 0.32977 | val_auc: 0.80858 |  0:00:42s
epoch 53 | loss: 0.32866 | val_auc: 0.81142 |  0:00:43s
epoch 54 | loss: 0.326   | val_auc: 0.81237 |  0:00:44s
epoch 55 | loss: 0.32651 | val_auc: 0.81138 |  0:00:44s
epoch 56 | loss: 0.32593 | val_auc: 0.80945 |  0:00:45s
epoch 57 | loss: 0.32505 | val_auc: 0.81768 |  0:00:46s
epoch 58 | loss: 0.32122 | val_auc: 0.82271 |  0:00:47s
epoch 59 | loss: 0.32093 | val_auc: 0.81513 |  0:00:48s
epoch 60 | loss: 0.31887 | val_auc: 0.81467 |  0:00:48s

Early stopping occurred at epoch 60 with best_epoch = 45 and best_val_auc = 0.82616
epoch 0  | loss: 0.67075 | val_auc: 0.65058 |  0:00:01s
epoch 1  | loss: 0.47354 | val_auc: 0.72069 |  0:00:03s
epoch 2  | loss: 0.41519 | val_auc: 0.75205 |  0:00:04s
epoch 3  | loss: 0.40511 | val_auc: 0.75689 |  0:00:06s
epoch 4  | loss: 0.39131 | val_auc: 0.75599 |  0:00:08s
epoch 5  | loss: 0.37784 | val_auc: 0.77249 |  0:00:09s
epoch 6  | loss: 0.37157 | val_auc: 0.77042 |  0:00:11s
epoch 7  | loss: 0.36906 | val_auc: 0.76509 |  0:00:12s
epoch 8  | loss: 0.36538 | val_auc: 0.76591 |  0:00:14s
epoch 9  | loss: 0.36683 | val_auc: 0.75892 |  0:00:15s
epoch 10 | loss: 0.36418 | val_auc: 0.77119 |  0:00:17s
epoch 11 | loss: 0.36198 | val_auc: 0.77068 |  0:00:18s
epoch 12 | loss: 0.3582  | val_auc: 0.77145 |  0:00:20s
epoch 13 | loss: 0.35801 | val_auc: 0.76776 |  0:00:21s
epoch 14 | loss: 0.35494 | val_auc: 0.77125 |  0:00:23s
epoch 15 | loss: 0.35744 | val_auc: 0.77905 |  0:00:24s
epoch 16 | loss: 0.35413 | val_auc: 0.7625  |  0:00:26s
epoch 17 | loss: 0.35776 | val_auc: 0.76922 |  0:00:28s
epoch 18 | loss: 0.35772 | val_auc: 0.76843 |  0:00:29s14:44:48  INFO      models.tabnet_model  TabNet trained | device=mps  best_epoch=28  elapsed=69.7s
14:44:48  INFO      models.tabnet_model  Apple MPS backend passed smoke test — using GPU acceleration.
14:44:48  INFO      models.tabnet_model  TabNet starting | device=mps  max_epochs=200  patience=15  batch_size=1024  n_train=27476
14:46:21  INFO      models.tabnet_model  TabNet trained | device=mps  best_epoch=22  elapsed=92.4s
14:46:21  INFO      models.tabnet_model  Apple MPS backend passed smoke test — using GPU acceleration.
14:46:21  INFO      models.tabnet_model  TabNet starting | device=mps  max_epochs=200  patience=15  batch_size=1024  n_train=36634
14:48:07  INFO      models.tabnet_model  TabNet trained | device=mps  best_epoch=17  elapsed=105.3s
14:48:07  INFO      models.tabnet_model  TabNet model saved to /Users/harekrishna/Downloads/credit-default-xai-benchmark 2/results/outputs/prosper_temporal/runs/cutoff_2012-01_seed_99/models/tabnet.pkl
14:48:07  INFO      pipeline  ============================================================
14:48:07  INFO      pipeline  STAGE 4: Evaluation (selection on OOF; test scored once)
14:48:07  INFO      pipeline  ============================================================
14:48:07  INFO      pipeline  XGBoost | OOF AUROC=0.7253  f1*=0.2993 @ t=0.11 | test AUROC=0.6847  F1=0.2154  MCC=0.1455
14:48:07  INFO      pipeline  LightGBM | OOF AUROC=0.7276  f1*=0.3038 @ t=0.15 | test AUROC=0.6786  F1=0.1564  MCC=0.1074
14:48:08  INFO      pipeline  CatBoost | OOF AUROC=0.7294  f1*=0.3037 @ t=0.44 | test AUROC=0.6764  F1=0.2079  MCC=0.1307
14:48:08  INFO      pipeline  Random Forest | OOF AUROC=0.7206  f1*=0.2947 @ t=0.36 | test AUROC=0.6674  F1=0.1906  MCC=0.1090
14:48:08  INFO      pipeline  Logistic Reg. | OOF AUROC=0.7222  f1*=0.3013 @ t=0.44 | test AUROC=0.6464  F1=0.1836  MCC=0.1023
14:48:09  INFO      pipeline  TabNet | OOF AUROC=0.6667  f1*=0.2571 @ t=0.13 | test AUROC=0.6118  F1=0.1760  MCC=0.0900
14:48:09  INFO      pipeline  LaTeX table → /Users/harekrishna/Downloads/credit-default-xai-benchmark 2/results/outputs/prosper_temporal/runs/cutoff_2012-01_seed_99/results/table2_test_metrics.tex
14:48:09  INFO      pipeline  
                AUROC   AUPRC      F1  Precision  Recall  Specificity  G-Mean     MCC   Brier
Model                                                                                        
XGBoost        0.6847  0.1491  0.2154     0.1396  0.4713       0.7695  0.6022  0.1455  0.0661
LightGBM       0.6786  0.1463  0.1564     0.1987  0.1289       0.9587  0.3516  0.1074  0.0660
CatBoost       0.6764  0.1465  0.2079     0.1509  0.3338       0.8510  0.5330  0.1307  0.1320
Random Forest  0.6674  0.1383  0.1906     0.1332  0.3352       0.8269  0.5265  0.1090  0.1091
Logistic Reg.  0.6464  0.1263  0.1836     0.1142  0.4670       0.7127  0.5769  0.1023  0.1644
TabNet         0.6118  0.1063  0.1760     0.1216  0.3181       0.8178  0.5100  0.0900  0.0690
14:48:09  INFO      visualization.plots  Fig 2 saved → /Users/harekrishna/Downloads/credit-default-xai-benchmark 2/results/outputs/prosper_temporal/runs/cutoff_2012-01_seed_99/figures/fig02_roc_curves.pdf
14:48:09  INFO      visualization.plots  Fig 3 saved → /Users/harekrishna/Downloads/credit-default-xai-benchmark 2/results/outputs/prosper_temporal/runs/cutoff_2012-01_seed_99/figures/fig03_pr_curves.pdf
14:48:09  INFO      visualization.plots  Fig 4 saved → /Users/harekrishna/Downloads/credit-default-xai-benchmark 2/results/outputs/prosper_temporal/runs/cutoff_2012-01_seed_99/figures/fig04_confusion_catboost.pdf
15:10:36  INFO      pipeline  Skipping TabNet in Fig 10 ablation (pass --full-ablation to include).
15:10:37  INFO      visualization.plots  Fig 10 saved → /Users/harekrishna/Downloads/credit-default-xai-benchmark 2/results/outputs/prosper_temporal/runs/cutoff_2012-01_seed_99/figures/fig10_smote_ablation.pdf
15:10:37  INFO      pipeline  ============================================================
15:10:37  INFO      pipeline  STAGE 5: SHAP Explanations
15:10:37  INFO      pipeline  ============================================================
15:10:37  INFO      explainability.shap_explainer  SHAP TreeExplainer initialised | output_space=log_odds
15:10:37  INFO      explainability.shap_explainer  SHAP values computed | shape=(2000, 63)
15:10:37  INFO      explainability.shap_explainer  SHAP additivity check | MAE=0.00000 | PASS ✓
15:10:38  INFO      explainability.shap_explainer  Saved SHAP summary → /Users/harekrishna/Downloads/credit-default-xai-benchmark 2/results/outputs/prosper_temporal/runs/cutoff_2012-01_seed_99/figures/fig05a_shap_summary_CatBoost.pdf
15:10:38  INFO      explainability.shap_explainer  Saved SHAP bar → /Users/harekrishna/Downloads/credit-default-xai-benchmark 2/results/outputs/prosper_temporal/runs/cutoff_2012-01_seed_99/figures/fig05b_shap_bar_CatBoost.pdf
15:10:38  INFO      explainability.shap_explainer  Saved SHAP dependence → /Users/harekrishna/Downloads/credit-default-xai-benchmark 2/results/outputs/prosper_temporal/runs/cutoff_2012-01_seed_99/figures/fig06_shap_dep_CreditScoreRangeLower.pdf
15:10:38  INFO      pipeline  LaTeX table → /Users/harekrishna/Downloads/credit-default-xai-benchmark 2/results/outputs/prosper_temporal/runs/cutoff_2012-01_seed_99/results/table3_shap_ranking.tex
15:10:38  INFO      visualization.plots  Fig 8 saved → /Users/harekrishna/Downloads/credit-default-xai-benchmark 2/results/outputs/prosper_temporal/runs/cutoff_2012-01_seed_99/figures/fig08_importance_comparison.pdf
15:10:39  INFO      visualization.plots  Fig 9 saved → /Users/harekrishna/Downloads/credit-default-xai-benchmark 2/results/outputs/prosper_temporal/runs/cutoff_2012-01_seed_99/figures/fig09_threshold_sweep.pdf
15:10:39  INFO      pipeline  ============================================================
15:10:39  INFO      pipeline  STAGE 6: LIME Explanations
15:10:39  INFO      pipeline  ============================================================
15:10:40  INFO      explainability.lime_explainer  LIME tabular explainer initialised | features=63
15:10:40  INFO      pipeline  Local instances selected: {'TP': 3333, 'FP': 3192, 'FN': 6127, 'TN': 1197}
15:10:40  INFO      explainability.lime_explainer  Saved LIME explanation → /Users/harekrishna/Downloads/credit-default-xai-benchmark 2/results/outputs/prosper_temporal/runs/cutoff_2012-01_seed_99/figures/fig07_tp_lime.pdf
15:10:40  INFO      explainability.lime_explainer  Saved LIME explanation → /Users/harekrishna/Downloads/credit-default-xai-benchmark 2/results/outputs/prosper_temporal/runs/cutoff_2012-01_seed_99/figures/fig07_fp_lime.pdf
15:10:40  INFO      explainability.lime_explainer  Saved LIME explanation → /Users/harekrishna/Downloads/credit-default-xai-benchmark 2/results/outputs/prosper_temporal/runs/cutoff_2012-01_seed_99/figures/fig07_fn_lime.pdf
15:10:40  INFO      explainability.lime_explainer  Saved LIME explanation → /Users/harekrishna/Downloads/credit-default-xai-benchmark 2/results/outputs/prosper_temporal/runs/cutoff_2012-01_seed_99/figures/fig07_tn_lime.pdf
15:10:40  INFO      explainability.lime_explainer  Saved LIME multi-instance grid → /Users/harekrishna/Downloads/credit-default-xai-benchmark 2/results/outputs/prosper_temporal/runs/cutoff_2012-01_seed_99/figures/fig07_lime_multi_instance.pdf
15:10:44  INFO      explainability.lime_explainer  LIME batch complete | n=200
15:10:44  INFO      explainability.lime_explainer  SHAP–LIME agreement | mean ρ=0.375 ± 0.262
15:10:45  INFO      explainability.lime_explainer  LIME tabular explainer initialised | features=63
15:10:45  INFO      explainability.lime_explainer  LIME tabular explainer initialised | features=63
15:10:45  INFO      explainability.lime_explainer  LIME tabular explainer initialised | features=63
15:10:46  INFO      explainability.lime_explainer  LIME tabular explainer initialised | features=63
15:10:46  INFO      explainability.lime_explainer  LIME tabular explainer initialised | features=63
15:10:46  INFO      explainability.lime_explainer  LIME tabular explainer initialised | features=63
15:10:47  INFO      explainability.lime_explainer  LIME tabular explainer initialised | features=63
15:10:47  INFO      explainability.lime_explainer  LIME tabular explainer initialised | features=63
15:10:47  INFO      explainability.lime_explainer  LIME tabular explainer initialised | features=63
15:10:48  INFO      explainability.lime_explainer  LIME tabular explainer initialised | features=63
15:10:48  INFO      explainability.lime_explainer  LIME tabular explainer initialised | features=63
15:10:48  INFO      explainability.lime_explainer  LIME tabular explainer initialised | features=63
15:10:49  INFO      explainability.lime_explainer  LIME tabular explainer initialised | features=63
15:10:49  INFO      explainability.lime_explainer  LIME tabular explainer initialised | features=63
15:10:49  INFO      explainability.lime_explainer  LIME tabular explainer initialised | features=63
15:10:50  INFO      explainability.lime_explainer  LIME tabular explainer initialised | features=63
15:10:50  INFO      explainability.lime_explainer  LIME tabular explainer initialised | features=63
15:10:50  INFO      explainability.lime_explainer  LIME tabular explainer initialised | features=63
15:10:51  INFO      explainability.lime_explainer  LIME tabular explainer initialised | features=63
15:10:51  INFO      explainability.lime_explainer  LIME tabular explainer initialised | features=63
15:10:51  INFO      explainability.lime_explainer  LIME tabular explainer initialised | features=63
15:10:52  INFO      explainability.lime_explainer  LIME tabular explainer initialised | features=63
15:10:52  INFO      explainability.lime_explainer  LIME tabular explainer initialised | features=63
15:10:52  INFO      explainability.lime_explainer  LIME tabular explainer initialised | features=63
15:10:53  INFO      explainability.lime_explainer  LIME tabular explainer initialised | features=63
15:10:53  INFO      explainability.lime_explainer  LIME tabular explainer initialised | features=63
15:10:53  INFO      explainability.lime_explainer  LIME tabular explainer initialised | features=63
15:10:54  INFO      explainability.lime_explainer  LIME tabular explainer initialised | features=63
15:10:54  INFO      explainability.lime_explainer  LIME tabular explainer initialised | features=63
15:10:54  INFO      explainability.lime_explainer  LIME tabular explainer initialised | features=63
15:10:55  INFO      explainability.lime_explainer  LIME tabular explainer initialised | features=63
15:10:55  INFO      explainability.lime_explainer  LIME tabular explainer initialised | features=63
15:10:55  INFO      explainability.lime_explainer  LIME tabular explainer initialised | features=63
15:10:56  INFO      explainability.lime_explainer  LIME tabular explainer initialised | features=63
15:10:56  INFO      explainability.lime_explainer  LIME tabular explainer initialised | features=63
15:10:56  INFO      explainability.lime_explainer  LIME tabular explainer initialised | features=63
15:10:57  INFO      explainability.lime_explainer  LIME tabular explainer initialised | features=63
15:10:57  INFO      explainability.lime_explainer  LIME tabular explainer initialised | features=63
15:10:57  INFO      explainability.lime_explainer  LIME tabular explainer initialised | features=63
15:10:58  INFO      explainability.lime_explainer  LIME tabular explainer initialised | features=63
15:10:58  INFO      explainability.lime_explainer  LIME tabular explainer initialised | features=63
15:10:58  INFO      explainability.lime_explainer  LIME tabular explainer initialised | features=63
15:10:59  INFO      explainability.lime_explainer  LIME tabular explainer initialised | features=63
15:10:59  INFO      explainability.lime_explainer  LIME tabular explainer initialised | features=63
15:10:59  INFO      explainability.lime_explainer  LIME tabular explainer initialised | features=63
15:11:00  INFO      explainability.lime_explainer  LIME tabular explainer initialised | features=63
15:11:00  INFO      explainability.lime_explainer  LIME tabular explainer initialised | features=63
15:11:00  INFO      explainability.lime_explainer  LIME tabular explainer initialised | features=63
15:11:01  INFO      explainability.lime_explainer  LIME tabular explainer initialised | features=63
15:11:01  INFO      explainability.lime_explainer  LIME tabular explainer initialised | features=63
15:11:01  INFO      explainability.lime_explainer  LIME tabular explainer initialised | features=63
15:11:02  INFO      explainability.lime_explainer  LIME tabular explainer initialised | features=63
15:11:02  INFO      explainability.lime_explainer  LIME tabular explainer initialised | features=63
15:11:02  INFO      explainability.lime_explainer  LIME tabular explainer initialised | features=63
15:11:03  INFO      explainability.lime_explainer  LIME tabular explainer initialised | features=63
15:11:03  INFO      explainability.lime_explainer  LIME tabular explainer initialised | features=63
15:11:03  INFO      explainability.lime_explainer  LIME tabular explainer initialised | features=63
15:11:04  INFO      explainability.lime_explainer  LIME tabular explainer initialised | features=63
15:11:04  INFO      explainability.lime_explainer  LIME tabular explainer initialised | features=63
15:11:04  INFO      explainability.lime_explainer  LIME tabular explainer initialised | features=63
15:11:05  INFO      explainability.lime_explainer  LIME tabular explainer initialised | features=63
15:11:05  INFO      explainability.lime_explainer  LIME tabular explainer initialised | features=63
15:11:05  INFO      explainability.lime_explainer  LIME tabular explainer initialised | features=63
15:11:06  INFO      explainability.lime_explainer  LIME tabular explainer initialised | features=63
15:11:06  INFO      explainability.lime_explainer  LIME tabular explainer initialised | features=63
15:11:06  INFO      explainability.lime_explainer  LIME tabular explainer initialised | features=63
15:11:07  INFO      explainability.lime_explainer  LIME tabular explainer initialised | features=63
15:11:07  INFO      explainability.lime_explainer  LIME tabular explainer initialised | features=63
15:11:07  INFO      explainability.lime_explainer  LIME tabular explainer initialised | features=63
15:11:08  INFO      explainability.lime_explainer  LIME tabular explainer initialised | features=63
15:11:08  INFO      explainability.lime_explainer  LIME tabular explainer initialised | features=63
15:11:08  INFO      explainability.lime_explainer  LIME tabular explainer initialised | features=63
15:11:09  INFO      explainability.lime_explainer  LIME tabular explainer initialised | features=63
15:11:09  INFO      explainability.lime_explainer  LIME tabular explainer initialised | features=63
15:11:09  INFO      explainability.lime_explainer  LIME tabular explainer initialised | features=63
15:11:10  INFO      explainability.lime_explainer  LIME tabular explainer initialised | features=63
15:11:10  INFO      explainability.lime_explainer  LIME tabular explainer initialised | features=63
15:11:10  INFO      explainability.lime_explainer  LIME tabular explainer initialised | features=63
15:11:11  INFO      explainability.lime_explainer  LIME tabular explainer initialised | features=63
15:11:11  INFO      explainability.lime_explainer  LIME tabular explainer initialised | features=63
15:11:12  INFO      explainability.lime_explainer  LIME tabular explainer initialised | features=63
15:11:12  INFO      explainability.lime_explainer  LIME tabular explainer initialised | features=63
15:11:12  INFO      explainability.lime_explainer  LIME tabular explainer initialised | features=63
15:11:13  INFO      explainability.lime_explainer  LIME tabular explainer initialised | features=63
15:11:13  INFO      explainability.lime_explainer  LIME tabular explainer initialised | features=63
15:11:13  INFO      explainability.lime_explainer  LIME tabular explainer initialised | features=63
15:11:14  INFO      explainability.lime_explainer  LIME tabular explainer initialised | features=63
15:11:14  INFO      explainability.lime_explainer  LIME tabular explainer initialised | features=63
15:11:14  INFO      explainability.lime_explainer  LIME tabular explainer initialised | features=63
15:11:15  INFO      explainability.lime_explainer  LIME tabular explainer initialised | features=63
15:11:15  INFO      explainability.lime_explainer  LIME tabular explainer initialised | features=63
15:11:15  INFO      explainability.lime_explainer  LIME tabular explainer initialised | features=63
15:11:16  INFO      explainability.lime_explainer  LIME tabular explainer initialised | features=63
15:11:16  INFO      explainability.lime_explainer  LIME tabular explainer initialised | features=63
15:11:16  INFO      explainability.lime_explainer  LIME tabular explainer initialised | features=63
15:11:16  INFO      explainability.lime_explainer  LIME tabular explainer initialised | features=63
15:11:17  INFO      explainability.lime_explainer  LIME tabular explainer initialised | features=63
15:11:17  INFO      explainability.lime_explainer  LIME tabular explainer initialised | features=63
15:11:17  INFO      explainability.lime_explainer  LIME tabular explainer initialised | features=63
15:11:18  INFO      explainability.lime_explainer  LIME tabular explainer initialised | features=63
15:11:18  INFO      explainability.lime_explainer  LIME tabular explainer initialised | features=63
15:11:18  INFO      explainability.lime_explainer  LIME tabular explainer initialised | features=63
15:11:19  INFO      explainability.lime_explainer  LIME tabular explainer initialised | features=63
15:11:19  INFO      explainability.lime_explainer  LIME tabular explainer initialised | features=63
15:11:19  INFO      explainability.lime_explainer  LIME tabular explainer initialised | features=63
15:11:20  INFO      explainability.lime_explainer  LIME tabular explainer initialised | features=63
15:11:20  INFO      explainability.lime_explainer  LIME tabular explainer initialised | features=63
15:11:21  INFO      explainability.lime_explainer  LIME tabular explainer initialised | features=63
15:11:21  INFO      explainability.lime_explainer  LIME tabular explainer initialised | features=63
15:11:21  INFO      explainability.lime_explainer  LIME tabular explainer initialised | features=63
15:11:22  INFO      explainability.lime_explainer  LIME tabular explainer initialised | features=63
15:11:22  INFO      explainability.lime_explainer  LIME tabular explainer initialised | features=63
15:11:22  INFO      explainability.lime_explainer  LIME tabular explainer initialised | features=63
15:11:23  INFO      explainability.lime_explainer  LIME tabular explainer initialised | features=63
15:11:23  INFO      explainability.lime_explainer  LIME tabular explainer initialised | features=63
15:11:23  INFO      explainability.lime_explainer  LIME tabular explainer initialised | features=63
15:11:24  INFO      explainability.lime_explainer  LIME tabular explainer initialised | features=63
15:11:24  INFO      explainability.lime_explainer  LIME tabular explainer initialised | features=63
15:11:24  INFO      explainability.lime_explainer  LIME tabular explainer initialised | features=63
15:11:24  INFO      explainability.lime_explainer  LIME tabular explainer initialised | features=63
15:11:25  INFO      explainability.lime_explainer  LIME tabular explainer initialised | features=63
15:11:25  INFO      explainability.lime_explainer  LIME tabular explainer initialised | features=63
15:11:25  INFO      explainability.lime_explainer  LIME tabular explainer initialised | features=63
15:11:26  INFO      explainability.lime_explainer  LIME tabular explainer initialised | features=63
15:11:26  INFO      explainability.lime_explainer  LIME tabular explainer initialised | features=63
15:11:26  INFO      explainability.lime_explainer  LIME tabular explainer initialised | features=63
15:11:27  INFO      explainability.lime_explainer  LIME tabular explainer initialised | features=63
15:11:27  INFO      explainability.lime_explainer  LIME tabular explainer initialised | features=63
15:11:27  INFO      explainability.lime_explainer  LIME tabular explainer initialised | features=63
15:11:28  INFO      explainability.lime_explainer  LIME tabular explainer initialised | features=63
15:11:28  INFO      explainability.lime_explainer  LIME tabular explainer initialised | features=63
15:11:29  INFO      explainability.lime_explainer  LIME tabular explainer initialised | features=63
15:11:29  INFO      explainability.lime_explainer  LIME tabular explainer initialised | features=63
15:11:29  INFO      explainability.lime_explainer  LIME tabular explainer initialised | features=63
15:11:30  INFO      explainability.lime_explainer  LIME tabular explainer initialised | features=63
15:11:30  INFO      explainability.lime_explainer  LIME tabular explainer initialised | features=63
15:11:30  INFO      explainability.lime_explainer  LIME tabular explainer initialised | features=63
15:11:31  INFO      explainability.lime_explainer  LIME tabular explainer initialised | features=63
15:11:31  INFO      explainability.lime_explainer  LIME tabular explainer initialised | features=63
15:11:31  INFO      explainability.lime_explainer  LIME tabular explainer initialised | features=63
15:11:32  INFO      explainability.lime_explainer  LIME tabular explainer initialised | features=63
15:11:32  INFO      explainability.lime_explainer  LIME tabular explainer initialised | features=63
15:11:32  INFO      explainability.lime_explainer  LIME tabular explainer initialised | features=63
15:11:33  INFO      explainability.lime_explainer  LIME tabular explainer initialised | features=63
15:11:33  INFO      explainability.lime_explainer  LIME tabular explainer initialised | features=63
15:11:33  INFO      explainability.lime_explainer  LIME tabular explainer initialised | features=63
15:11:34  INFO      explainability.lime_explainer  LIME tabular explainer initialised | features=63
15:11:34  INFO      explainability.lime_explainer  LIME tabular explainer initialised | features=63
15:11:34  INFO      explainability.lime_explainer  LIME tabular explainer initialised | features=63
15:11:35  INFO      explainability.lime_explainer  LIME tabular explainer initialised | features=63
15:11:35  INFO      explainability.lime_explainer  LIME tabular explainer initialised | features=63
15:11:35  INFO      explainability.lime_explainer  LIME tabular explainer initialised | features=63
15:11:36  INFO      explainability.lime_explainer  LIME tabular explainer initialised | features=63
15:11:36  INFO      explainability.lime_explainer  LIME tabular explainer initialised | features=63
15:11:36  INFO      explainability.lime_explainer  LIME tabular explainer initialised | features=63
15:11:37  INFO      explainability.lime_explainer  LIME tabular explainer initialised | features=63
15:11:37  INFO      explainability.lime_explainer  LIME tabular explainer initialised | features=63
15:11:37  INFO      explainability.lime_explainer  LIME tabular explainer initialised | features=63
15:11:38  INFO      explainability.lime_explainer  LIME tabular explainer initialised | features=63
15:11:38  INFO      explainability.lime_explainer  LIME tabular explainer initialised | features=63
15:11:38  INFO      explainability.lime_explainer  LIME tabular explainer initialised | features=63
15:11:39  INFO      explainability.lime_explainer  LIME tabular explainer initialised | features=63
15:11:39  INFO      explainability.lime_explainer  LIME tabular explainer initialised | features=63
15:11:39  INFO      explainability.lime_explainer  LIME tabular explainer initialised | features=63
15:11:40  INFO      explainability.lime_explainer  LIME tabular explainer initialised | features=63
15:11:40  INFO      explainability.lime_explainer  LIME tabular explainer initialised | features=63
15:11:40  INFO      explainability.lime_explainer  LIME tabular explainer initialised | features=63
15:11:41  INFO      explainability.lime_explainer  LIME tabular explainer initialised | features=63
15:11:41  INFO      explainability.lime_explainer  LIME tabular explainer initialised | features=63
15:11:41  INFO      explainability.lime_explainer  LIME tabular explainer initialised | features=63
15:11:42  INFO      explainability.lime_explainer  LIME tabular explainer initialised | features=63
15:11:42  INFO      explainability.lime_explainer  LIME tabular explainer initialised | features=63
15:11:42  INFO      explainability.lime_explainer  LIME tabular explainer initialised | features=63
15:11:43  INFO      explainability.lime_explainer  LIME tabular explainer initialised | features=63
15:11:43  INFO      explainability.lime_explainer  LIME tabular explainer initialised | features=63
15:11:43  INFO      explainability.lime_explainer  LIME tabular explainer initialised | features=63
15:11:44  INFO      explainability.lime_explainer  LIME tabular explainer initialised | features=63
15:11:44  INFO      explainability.lime_explainer  LIME tabular explainer initialised | features=63
15:11:44  INFO      explainability.lime_explainer  LIME tabular explainer initialised | features=63
15:11:45  INFO      explainability.lime_explainer  LIME tabular explainer initialised | features=63
15:11:45  INFO      explainability.lime_explainer  LIME tabular explainer initialised | features=63
15:11:45  INFO      explainability.lime_explainer  LIME tabular explainer initialised | features=63
15:11:46  INFO      explainability.lime_explainer  LIME tabular explainer initialised | features=63
15:11:46  INFO      explainability.lime_explainer  LIME tabular explainer initialised | features=63
15:11:46  INFO      explainability.lime_explainer  LIME tabular explainer initialised | features=63
15:11:47  INFO      explainability.lime_explainer  LIME tabular explainer initialised | features=63
15:11:47  INFO      explainability.lime_explainer  LIME tabular explainer initialised | features=63
15:11:47  INFO      explainability.lime_explainer  LIME tabular explainer initialised | features=63
15:11:48  INFO      explainability.lime_explainer  LIME tabular explainer initialised | features=63
15:11:48  INFO      explainability.lime_explainer  LIME tabular explainer initialised | features=63
15:11:48  INFO      explainability.lime_explainer  LIME tabular explainer initialised | features=63
15:11:49  INFO      explainability.lime_explainer  LIME tabular explainer initialised | features=63
15:11:49  INFO      explainability.lime_explainer  LIME tabular explainer initialised | features=63
15:11:49  INFO      explainability.lime_explainer  LIME tabular explainer initialised | features=63
15:11:50  INFO      explainability.lime_explainer  LIME tabular explainer initialised | features=63
15:11:50  INFO      explainability.lime_explainer  LIME tabular explainer initialised | features=63
15:11:50  INFO      explainability.lime_explainer  LIME tabular explainer initialised | features=63
15:11:51  INFO      explainability.lime_explainer  LIME tabular explainer initialised | features=63
15:11:51  INFO      explainability.lime_explainer  LIME tabular explainer initialised | features=63
15:11:51  INFO      explainability.lime_explainer  LIME tabular explainer initialised | features=63
15:11:52  INFO      explainability.lime_explainer  LIME tabular explainer initialised | features=63
15:11:52  INFO      explainability.lime_explainer  LIME tabular explainer initialised | features=63
15:11:52  INFO      explainability.lime_explainer  LIME tabular explainer initialised | features=63
15:11:53  INFO      explainability.lime_explainer  LIME tabular explainer initialised | features=63
15:11:53  INFO      explainability.lime_explainer  LIME tabular explainer initialised | features=63
15:11:53  INFO      explainability.lime_explainer  LIME tabular explainer initialised | features=63
15:11:54  INFO      explainability.lime_explainer  LIME tabular explainer initialised | features=63
15:11:54  INFO      explainability.lime_explainer  LIME tabular explainer initialised | features=63
15:11:54  INFO      explainability.lime_explainer  LIME tabular explainer initialised | features=63
15:11:55  INFO      explainability.lime_explainer  LIME tabular explainer initialised | features=63
15:11:55  INFO      explainability.lime_explainer  LIME tabular explainer initialised | features=63
15:11:55  INFO      explainability.lime_explainer  LIME tabular explainer initialised | features=63
15:11:56  INFO      explainability.lime_explainer  LIME tabular explainer initialised | features=63
15:11:56  INFO      explainability.lime_explainer  LIME tabular explainer initialised | features=63
15:11:56  INFO      explainability.lime_explainer  LIME tabular explainer initialised | features=63
15:11:57  INFO      explainability.lime_explainer  LIME tabular explainer initialised | features=63
15:11:57  INFO      explainability.lime_explainer  LIME tabular explainer initialised | features=63
15:11:57  INFO      explainability.lime_explainer  LIME tabular explainer initialised | features=63
15:11:58  INFO      explainability.lime_explainer  LIME tabular explainer initialised | features=63
15:11:58  INFO      explainability.lime_explainer  LIME tabular explainer initialised | features=63
15:11:58  INFO      explainability.lime_explainer  LIME tabular explainer initialised | features=63
15:11:59  INFO      explainability.lime_explainer  LIME tabular explainer initialised | features=63
15:11:59  INFO      explainability.lime_explainer  LIME tabular explainer initialised | features=63
15:11:59  INFO      explainability.lime_explainer  LIME tabular explainer initialised | features=63
15:12:00  INFO      explainability.lime_explainer  LIME tabular explainer initialised | features=63
15:12:00  INFO      explainability.lime_explainer  LIME tabular explainer initialised | features=63
15:12:00  INFO      explainability.lime_explainer  LIME tabular explainer initialised | features=63
15:12:01  INFO      explainability.lime_explainer  LIME tabular explainer initialised | features=63
15:12:01  INFO      explainability.lime_explainer  LIME tabular explainer initialised | features=63
15:12:01  INFO      explainability.lime_explainer  LIME tabular explainer initialised | features=63
15:12:02  INFO      explainability.lime_explainer  LIME tabular explainer initialised | features=63
15:12:02  INFO      explainability.lime_explainer  LIME tabular explainer initialised | features=63
15:12:02  INFO      explainability.lime_explainer  LIME tabular explainer initialised | features=63
15:12:03  INFO      explainability.lime_explainer  LIME tabular explainer initialised | features=63
15:12:03  INFO      explainability.lime_explainer  LIME tabular explainer initialised | features=63
15:12:03  INFO      explainability.lime_explainer  LIME tabular explainer initialised | features=63
15:12:04  INFO      explainability.lime_explainer  LIME tabular explainer initialised | features=63
15:12:04  INFO      explainability.lime_explainer  LIME tabular explainer initialised | features=63
15:12:04  INFO      explainability.lime_explainer  LIME tabular explainer initialised | features=63
15:12:05  INFO      explainability.lime_explainer  LIME tabular explainer initialised | features=63
15:12:05  INFO      explainability.lime_explainer  LIME tabular explainer initialised | features=63
15:12:05  INFO      explainability.lime_explainer  LIME tabular explainer initialised | features=63
15:12:06  INFO      explainability.lime_explainer  LIME tabular explainer initialised | features=63
15:12:06  INFO      explainability.lime_explainer  LIME tabular explainer initialised | features=63
15:12:06  INFO      explainability.lime_explainer  LIME tabular explainer initialised | features=63
15:12:07  INFO      explainability.lime_explainer  LIME tabular explainer initialised | features=63
15:12:07  INFO      explainability.lime_explainer  LIME tabular explainer initialised | features=63
15:12:07  INFO      explainability.lime_explainer  LIME tabular explainer initialised | features=63
15:12:08  INFO      explainability.lime_explainer  LIME tabular explainer initialised | features=63
15:12:08  INFO      explainability.lime_explainer  LIME tabular explainer initialised | features=63
15:12:08  INFO      explainability.lime_explainer  LIME tabular explainer initialised | features=63
15:12:09  INFO      explainability.lime_explainer  LIME tabular explainer initialised | features=63
15:12:09  INFO      explainability.lime_explainer  LIME tabular explainer initialised | features=63
15:12:09  INFO      explainability.lime_explainer  LIME tabular explainer initialised | features=63
15:12:10  INFO      explainability.lime_explainer  LIME tabular explainer initialised | features=63
15:12:10  INFO      explainability.lime_explainer  LIME tabular explainer initialised | features=63
15:12:10  INFO      explainability.lime_explainer  LIME tabular explainer initialised | features=63
15:12:11  INFO      explainability.lime_explainer  LIME tabular explainer initialised | features=63
15:12:11  INFO      explainability.lime_explainer  LIME tabular explainer initialised | features=63
15:12:11  INFO      explainability.lime_explainer  LIME tabular explainer initialised | features=63
15:12:12  INFO      explainability.lime_explainer  LIME tabular explainer initialised | features=63
15:12:12  INFO      explainability.lime_explainer  LIME tabular explainer initialised | features=63
15:12:12  INFO      explainability.lime_explainer  LIME tabular explainer initialised | features=63
15:12:13  INFO      explainability.lime_explainer  LIME tabular explainer initialised | features=63
15:12:13  INFO      explainability.lime_explainer  LIME tabular explainer initialised | features=63
15:12:13  INFO      explainability.lime_explainer  LIME tabular explainer initialised | features=63
15:12:14  INFO      explainability.lime_explainer  LIME tabular explainer initialised | features=63
15:12:14  INFO      explainability.lime_explainer  LIME tabular explainer initialised | features=63
15:12:14  INFO      explainability.lime_explainer  LIME tabular explainer initialised | features=63
15:12:15  INFO      explainability.lime_explainer  LIME tabular explainer initialised | features=63
15:12:15  INFO      explainability.lime_explainer  LIME tabular explainer initialised | features=63
15:12:15  INFO      explainability.lime_explainer  LIME tabular explainer initialised | features=63
15:12:16  INFO      explainability.lime_explainer  LIME tabular explainer initialised | features=63
15:12:16  INFO      explainability.lime_explainer  LIME tabular explainer initialised | features=63
15:12:16  INFO      explainability.lime_explainer  LIME tabular explainer initialised | features=63
15:12:17  INFO      explainability.lime_explainer  LIME tabular explainer initialised | features=63
15:12:17  INFO      explainability.lime_explainer  LIME tabular explainer initialised | features=63
15:12:18  INFO      explainability.lime_explainer  LIME tabular explainer initialised | features=63
15:12:18  INFO      explainability.lime_explainer  LIME tabular explainer initialised | features=63
15:12:18  INFO      explainability.lime_explainer  LIME tabular explainer initialised | features=63
15:12:19  INFO      explainability.lime_explainer  LIME tabular explainer initialised | features=63
15:12:19  INFO      explainability.lime_explainer  LIME tabular explainer initialised | features=63
15:12:19  INFO      explainability.lime_explainer  LIME tabular explainer initialised | features=63
15:12:20  INFO      explainability.lime_explainer  LIME tabular explainer initialised | features=63
15:12:20  INFO      explainability.lime_explainer  LIME tabular explainer initialised | features=63
15:12:20  INFO      explainability.lime_explainer  LIME tabular explainer initialised | features=63
15:12:21  INFO      explainability.lime_explainer  LIME tabular explainer initialised | features=63
15:12:21  INFO      explainability.lime_explainer  LIME tabular explainer initialised | features=63
15:12:21  INFO      explainability.lime_explainer  LIME tabular explainer initialised | features=63
15:12:22  INFO      explainability.lime_explainer  LIME tabular explainer initialised | features=63
15:12:22  INFO      explainability.lime_explainer  LIME tabular explainer initialised | features=63
15:12:22  INFO      explainability.lime_explainer  LIME tabular explainer initialised | features=63
15:12:23  INFO      explainability.lime_explainer  LIME tabular explainer initialised | features=63
15:12:23  INFO      explainability.lime_explainer  LIME tabular explainer initialised | features=63
15:12:23  INFO      explainability.lime_explainer  LIME tabular explainer initialised | features=63
15:12:24  INFO      explainability.lime_explainer  LIME tabular explainer initialised | features=63
15:12:24  INFO      explainability.lime_explainer  LIME tabular explainer initialised | features=63
15:12:24  INFO      explainability.lime_explainer  LIME tabular explainer initialised | features=63
15:12:25  INFO      explainability.lime_explainer  LIME tabular explainer initialised | features=63
15:12:25  INFO      explainability.lime_explainer  LIME tabular explainer initialised | features=63
15:12:25  INFO      pipeline  LaTeX table → /Users/harekrishna/Downloads/credit-default-xai-benchmark 2/results/outputs/prosper_temporal/runs/cutoff_2012-01_seed_99/results/table5_explanation_quality.tex
15:12:25  INFO      pipeline  LaTeX table → /Users/harekrishna/Downloads/credit-default-xai-benchmark 2/results/outputs/prosper_temporal/runs/cutoff_2012-01_seed_99/results/table4_shap_lime_agreement.tex
15:12:25  INFO      pipeline  ============================================================
15:12:25  INFO      pipeline  STAGE 7: Revision Analyses
15:12:25  INFO      pipeline  ============================================================
15:16:03  INFO      pipeline  RUN cutoff_2012-01_seed_99 COMPLETE | champion CatBoost | OOF AUROC 0.7294 | test AUROC 0.6764
15:16:03  INFO      pipeline  ╔══════════════════════════════════════════════╗
15:16:03  INFO      pipeline  ║  Credit Default Prediction with XAI (v3)     ║
15:16:03  INFO      pipeline  ║  Dataset: prosper                            ║
15:16:03  INFO      pipeline  ║  Run: cutoff_2012-07_seed_42                 ║
15:16:03  INFO      pipeline  ╚══════════════════════════════════════════════╝
15:16:03  INFO      pipeline  ============================================================
15:16:03  INFO      pipeline  STAGE 1: Data Loading, Labelling & Partitioning
15:16:03  INFO      pipeline  ============================================================
15:16:03  INFO      data.data_loader  Loading Prosper loans from /Users/harekrishna/Downloads/credit-default-xai-benchmark 2/data/prosperLoanData.csv
15:16:05  INFO      data.data_loader  Prosper: 113937 rows, 113066 after LoanKey de-duplication
15:16:05  INFO      data.data_loader  Prosper horizon label (H=12 months, snapshot 2014-03-12): 72067 labelled, 40999 censored, default rate 9.70%
15:16:06  INFO      data.data_loader  Skipping UCI-specific engineered features; required columns not present.
15:16:06  INFO      data.data_loader  Skipping UCI-specific engineered features; required columns not present.
15:16:06  INFO      data.data_loader  Dataset loaded | prosper | train=40862  test=10057 | default rate train=11.67% test=6.65% | 8 nominal, 33 continuous
15:16:06  INFO      pipeline  Imbalance stats (train): {"n_total": 40862, "n_majority": 36092, "n_minority": 4770, "imbalance_ratio": 7.5665, "minority_pct": 11.67}
15:16:06  INFO      visualization.plots  Fig 1 saved → /Users/harekrishna/Downloads/credit-default-xai-benchmark 2/results/outputs/prosper_temporal/runs/cutoff_2012-07_seed_42/figures/fig01_class_distribution.pdf
15:16:06  INFO      pipeline  ============================================================
15:16:06  INFO      pipeline  STAGE 2: Imbalance Strategy Ablation (selected on OOF AUROC)
15:16:06  INFO      pipeline  ============================================================
15:16:27  INFO      pipeline  Ablation | SMOTE            | OOF AUROC=0.7070  test AUROC=0.6703
15:16:49  INFO      pipeline  Ablation | BorderlineSMOTE  | OOF AUROC=0.7093  test AUROC=0.6750
15:19:30  INFO      pipeline  Ablation | SVMSMOTE         | OOF AUROC=0.7103  test AUROC=0.6818
15:19:52  INFO      pipeline  Ablation | ADASYN           | OOF AUROC=0.7047  test AUROC=0.6713
15:19:58  INFO      pipeline  Ablation | None             | OOF AUROC=0.7178  test AUROC=0.6968
15:20:00  INFO      pipeline  Ablation | ClassWeight      | OOF AUROC=0.6756  test AUROC=0.6058
15:20:00  INFO      pipeline  Best imbalance strategy (OOF AUROC): None → 0.7178 [probe: LightGBM]
15:20:00  INFO      pipeline  ============================================================
15:20:00  INFO      pipeline  STAGE 3: Model Training (nested tuning, OOF predictions, refit)
15:20:00  INFO      pipeline  ============================================================
15:20:00  INFO      pipeline  Training XGBoost …
15:21:41  INFO      pipeline  XGBoost | per-model strategy=SMOTE | OOF AUROC by strategy={'SMOTE': 0.714, 'BorderlineSMOTE': 0.7086, 'SVMSMOTE': 0.7118, 'ADASYN': 0.7062, 'None': 0.7101, 'ClassWeight': 0.7118}
15:21:41  INFO      pipeline  RandomizedSearchCV | model=XGBoost strategy=SMOTE n_iter=12
15:24:30  INFO      pipeline  Training LightGBM …
15:26:24  INFO      pipeline  LightGBM | per-model strategy=None | OOF AUROC by strategy={'SMOTE': 0.707, 'BorderlineSMOTE': 0.7093, 'SVMSMOTE': 0.7103, 'ADASYN': 0.7047, 'None': 0.7178, 'ClassWeight': 0.6756}
15:26:24  INFO      pipeline  RandomizedSearchCV | model=LightGBM strategy=None n_iter=12
15:27:21  INFO      pipeline  Training CatBoost …
15:29:37  INFO      pipeline  CatBoost | per-model strategy=None | OOF AUROC by strategy={'SMOTE': 0.7126, 'BorderlineSMOTE': 0.7173, 'SVMSMOTE': 0.7154, 'ADASYN': 0.7089, 'None': 0.7204, 'ClassWeight': 0.7198}
15:29:37  INFO      pipeline  RandomizedSearchCV | model=CatBoost strategy=None n_iter=12
15:31:00  INFO      pipeline  Training Random Forest …
15:33:18  INFO      pipeline  Random Forest | per-model strategy=ClassWeight | OOF AUROC by strategy={'SMOTE': 0.7056, 'BorderlineSMOTE': 0.7111, 'SVMSMOTE': 0.7097, 'ADASYN': 0.7029, 'None': 0.7025, 'ClassWeight': 0.7171}
15:33:18  INFO      pipeline  RandomizedSearchCV | model=Random Forest strategy=ClassWeight n_iter=12
15:37:27  INFO      pipeline  Training Logistic Reg. …
15:38:54  INFO      pipeline  Logistic Reg. | per-model strategy=ClassWeight | OOF AUROC by strategy={'SMOTE': 0.6482, 'BorderlineSMOTE': 0.6611, 'SVMSMOTE': 0.6673, 'ADASYN': 0.6418, 'None': 0.6945, 'ClassWeight': 0.7016}
15:38:54  INFO      pipeline  RandomizedSearchCV | model=Logistic Reg. strategy=ClassWeight n_iter=12
15:39:06  INFO      pipeline  Training TabNet …
15:39:06  INFO      models.tabnet_model  Apple MPS backend passed smoke test — using GPU acceleration.
15:39:06  INFO      models.tabnet_model  TabNet starting | device=mps  max_epochs=200  patience=15  batch_size=1024  n_train=10217

epoch 19 | loss: 0.35468 | val_auc: 0.77255 |  0:00:31s
epoch 20 | loss: 0.35224 | val_auc: 0.77199 |  0:00:32s
epoch 21 | loss: 0.35243 | val_auc: 0.77315 |  0:00:34s
epoch 22 | loss: 0.35365 | val_auc: 0.77764 |  0:00:35s
epoch 23 | loss: 0.35264 | val_auc: 0.77219 |  0:00:37s
epoch 24 | loss: 0.35184 | val_auc: 0.78019 |  0:00:38s
epoch 25 | loss: 0.35052 | val_auc: 0.78586 |  0:00:40s
epoch 26 | loss: 0.34972 | val_auc: 0.78238 |  0:00:41s
epoch 27 | loss: 0.34811 | val_auc: 0.78524 |  0:00:43s
epoch 28 | loss: 0.34535 | val_auc: 0.78979 |  0:00:44s
epoch 29 | loss: 0.34496 | val_auc: 0.78857 |  0:00:46s
epoch 30 | loss: 0.3419  | val_auc: 0.77208 |  0:00:48s
epoch 31 | loss: 0.34478 | val_auc: 0.78272 |  0:00:49s
epoch 32 | loss: 0.34336 | val_auc: 0.78424 |  0:00:51s
epoch 33 | loss: 0.34198 | val_auc: 0.78894 |  0:00:52s
epoch 34 | loss: 0.33997 | val_auc: 0.7891  |  0:00:54s
epoch 35 | loss: 0.34119 | val_auc: 0.7804  |  0:00:55s
epoch 36 | loss: 0.34156 | val_auc: 0.77866 |  0:00:57s
epoch 37 | loss: 0.33945 | val_auc: 0.78169 |  0:00:59s
epoch 38 | loss: 0.33649 | val_auc: 0.77388 |  0:01:00s
epoch 39 | loss: 0.33919 | val_auc: 0.77148 |  0:01:02s
epoch 40 | loss: 0.33634 | val_auc: 0.78101 |  0:01:03s
epoch 41 | loss: 0.33681 | val_auc: 0.78354 |  0:01:05s
epoch 42 | loss: 0.33407 | val_auc: 0.77674 |  0:01:06s
epoch 43 | loss: 0.32988 | val_auc: 0.78252 |  0:01:08s

Early stopping occurred at epoch 43 with best_epoch = 28 and best_val_auc = 0.78979
epoch 0  | loss: 0.59603 | val_auc: 0.5951  |  0:00:02s
epoch 1  | loss: 0.4214  | val_auc: 0.67652 |  0:00:04s
epoch 2  | loss: 0.38883 | val_auc: 0.70456 |  0:00:07s
epoch 3  | loss: 0.37288 | val_auc: 0.7268  |  0:00:09s
epoch 4  | loss: 0.36876 | val_auc: 0.74497 |  0:00:11s
epoch 5  | loss: 0.36265 | val_auc: 0.74444 |  0:00:13s
epoch 6  | loss: 0.35917 | val_auc: 0.73579 |  0:00:16s
epoch 7  | loss: 0.35693 | val_auc: 0.74608 |  0:00:18s
epoch 8  | loss: 0.35415 | val_auc: 0.74182 |  0:00:21s
epoch 9  | loss: 0.35868 | val_auc: 0.73357 |  0:00:23s
epoch 10 | loss: 0.35388 | val_auc: 0.75564 |  0:00:25s
epoch 11 | loss: 0.35115 | val_auc: 0.75539 |  0:00:27s
epoch 12 | loss: 0.35371 | val_auc: 0.75576 |  0:00:30s
epoch 13 | loss: 0.3516  | val_auc: 0.77401 |  0:00:32s
epoch 14 | loss: 0.34927 | val_auc: 0.76617 |  0:00:34s
epoch 15 | loss: 0.35074 | val_auc: 0.76771 |  0:00:37s
epoch 16 | loss: 0.34754 | val_auc: 0.76244 |  0:00:39s
epoch 17 | loss: 0.34629 | val_auc: 0.77273 |  0:00:42s
epoch 18 | loss: 0.34585 | val_auc: 0.7692  |  0:00:44s
epoch 19 | loss: 0.34572 | val_auc: 0.76445 |  0:00:46s
epoch 20 | loss: 0.34417 | val_auc: 0.7726  |  0:00:49s
epoch 21 | loss: 0.34144 | val_auc: 0.77369 |  0:00:51s
epoch 22 | loss: 0.3384  | val_auc: 0.77813 |  0:00:54s
epoch 23 | loss: 0.33952 | val_auc: 0.76749 |  0:00:56s
epoch 24 | loss: 0.3371  | val_auc: 0.76595 |  0:00:58s
epoch 25 | loss: 0.33663 | val_auc: 0.77073 |  0:01:00s
epoch 26 | loss: 0.33411 | val_auc: 0.77302 |  0:01:03s
epoch 27 | loss: 0.33247 | val_auc: 0.77245 |  0:01:05s
epoch 28 | loss: 0.3312  | val_auc: 0.76951 |  0:01:07s
epoch 29 | loss: 0.32712 | val_auc: 0.77233 |  0:01:09s
epoch 30 | loss: 0.32422 | val_auc: 0.76441 |  0:01:12s
epoch 31 | loss: 0.32271 | val_auc: 0.76225 |  0:01:14s
epoch 32 | loss: 0.32162 | val_auc: 0.7693  |  0:01:16s
epoch 33 | loss: 0.32003 | val_auc: 0.7652  |  0:01:19s
epoch 34 | loss: 0.31894 | val_auc: 0.75857 |  0:01:21s
epoch 35 | loss: 0.31455 | val_auc: 0.75776 |  0:01:23s
epoch 36 | loss: 0.31339 | val_auc: 0.75866 |  0:01:26s
epoch 37 | loss: 0.31319 | val_auc: 0.75525 |  0:01:30s

Early stopping occurred at epoch 37 with best_epoch = 22 and best_val_auc = 0.77813
epoch 0  | loss: 0.54227 | val_auc: 0.62362 |  0:00:05s
epoch 1  | loss: 0.36384 | val_auc: 0.71037 |  0:00:08s
epoch 2  | loss: 0.34646 | val_auc: 0.72194 |  0:00:12s
epoch 3  | loss: 0.33479 | val_auc: 0.74029 |  0:00:15s
epoch 4  | loss: 0.32944 | val_auc: 0.74619 |  0:00:18s
epoch 5  | loss: 0.32854 | val_auc: 0.75552 |  0:00:21s
epoch 6  | loss: 0.32731 | val_auc: 0.74256 |  0:00:24s
epoch 7  | loss: 0.32573 | val_auc: 0.75198 |  0:00:27s
epoch 8  | loss: 0.32604 | val_auc: 0.7494  |  0:00:30s
epoch 9  | loss: 0.32405 | val_auc: 0.75819 |  0:00:33s
epoch 10 | loss: 0.32214 | val_auc: 0.74978 |  0:00:36s
epoch 11 | loss: 0.32275 | val_auc: 0.75377 |  0:00:39s
epoch 12 | loss: 0.32019 | val_auc: 0.7555  |  0:00:42s
epoch 13 | loss: 0.31831 | val_auc: 0.7653  |  0:00:45s
epoch 14 | loss: 0.31532 | val_auc: 0.76557 |  0:00:48s
epoch 15 | loss: 0.31252 | val_auc: 0.77203 |  0:00:51s
epoch 16 | loss: 0.3111  | val_auc: 0.77029 |  0:00:54s
epoch 17 | loss: 0.30918 | val_auc: 0.77586 |  0:00:57s
epoch 18 | loss: 0.30863 | val_auc: 0.76749 |  0:01:00s
epoch 19 | loss: 0.31127 | val_auc: 0.77507 |  0:01:03s
epoch 20 | loss: 0.30975 | val_auc: 0.75986 |  0:01:06s
epoch 21 | loss: 0.30665 | val_auc: 0.77431 |  0:01:09s
epoch 22 | loss: 0.30777 | val_auc: 0.77577 |  0:01:12s
epoch 23 | loss: 0.30338 | val_auc: 0.77308 |  0:01:15s
epoch 24 | loss: 0.30223 | val_auc: 0.7731  |  0:01:18s
epoch 25 | loss: 0.29948 | val_auc: 0.77055 |  0:01:21s
epoch 26 | loss: 0.29609 | val_auc: 0.77149 |  0:01:25s
epoch 27 | loss: 0.29445 | val_auc: 0.76087 |  0:01:28s
epoch 28 | loss: 0.28993 | val_auc: 0.75837 |  0:01:31s
epoch 29 | loss: 0.29134 | val_auc: 0.76859 |  0:01:34s
epoch 30 | loss: 0.28494 | val_auc: 0.75963 |  0:01:37s
epoch 31 | loss: 0.28244 | val_auc: 0.75865 |  0:01:40s
epoch 32 | loss: 0.27739 | val_auc: 0.74318 |  0:01:43s

Early stopping occurred at epoch 32 with best_epoch = 17 and best_val_auc = 0.77586
Successfully saved model at /Users/harekrishna/Downloads/credit-default-xai-benchmark 2/results/outputs/prosper_temporal/runs/cutoff_2012-01_seed_99/models/tabnet.pkl.zip
epoch 0  | loss: 0.7131  | val_auc: 0.65252 |  0:00:02s
epoch 1  | loss: 0.57094 | val_auc: 0.73291 |  0:00:03s
epoch 2  | loss: 0.48273 | val_auc: 0.72731 |  0:00:04s
epoch 3  | loss: 0.44957 | val_auc: 0.74347 |  0:00:05s
epoch 4  | loss: 0.40622 | val_auc: 0.7637  |  0:00:05s
epoch 5  | loss: 0.38723 | val_auc: 0.77592 |  0:00:06s
epoch 6  | loss: 0.37954 | val_auc: 0.7752  |  0:00:07s
epoch 7  | loss: 0.3716  | val_auc: 0.79122 |  0:00:08s
epoch 8  | loss: 0.36935 | val_auc: 0.78786 |  0:00:09s
epoch 9  | loss: 0.36696 | val_auc: 0.79159 |  0:00:10s
epoch 10 | loss: 0.36757 | val_auc: 0.79183 |  0:00:11s
epoch 11 | loss: 0.36303 | val_auc: 0.78102 |  0:00:12s
epoch 12 | loss: 0.35885 | val_auc: 0.78352 |  0:00:12s
epoch 13 | loss: 0.35958 | val_auc: 0.78253 |  0:00:13s
epoch 14 | loss: 0.35747 | val_auc: 0.78009 |  0:00:14s
epoch 15 | loss: 0.36365 | val_auc: 0.78456 |  0:00:15s
epoch 16 | loss: 0.35912 | val_auc: 0.77849 |  0:00:16s
epoch 17 | loss: 0.35764 | val_auc: 0.8009  |  0:00:17s
epoch 18 | loss: 0.35754 | val_auc: 0.81391 |  0:00:18s
epoch 19 | loss: 0.35341 | val_auc: 0.80684 |  0:00:18s
epoch 20 | loss: 0.35435 | val_auc: 0.79675 |  0:00:19s
epoch 21 | loss: 0.35664 | val_auc: 0.81287 |  0:00:20s
epoch 22 | loss: 0.35129 | val_auc: 0.8163  |  0:00:21s
epoch 23 | loss: 0.35163 | val_auc: 0.80772 |  0:00:22s
epoch 24 | loss: 0.35357 | val_auc: 0.80451 |  0:00:23s
epoch 25 | loss: 0.35476 | val_auc: 0.80657 |  0:00:24s
epoch 26 | loss: 0.35217 | val_auc: 0.8048  |  0:00:25s
epoch 27 | loss: 0.34719 | val_auc: 0.81967 |  0:00:25s
epoch 28 | loss: 0.34706 | val_auc: 0.81449 |  0:00:26s
epoch 29 | loss: 0.34521 | val_auc: 0.81104 |  0:00:27s
epoch 30 | loss: 0.34321 | val_auc: 0.8188  |  0:00:28s
epoch 31 | loss: 0.34148 | val_auc: 0.82187 |  0:00:29s
epoch 32 | loss: 0.34189 | val_auc: 0.81248 |  0:00:30s
epoch 33 | loss: 0.34026 | val_auc: 0.823   |  0:00:31s
epoch 34 | loss: 0.33935 | val_auc: 0.82567 |  0:00:32s
epoch 35 | loss: 0.33752 | val_auc: 0.81695 |  0:00:32s
epoch 36 | loss: 0.33803 | val_auc: 0.81217 |  0:00:33s
epoch 37 | loss: 0.33378 | val_auc: 0.81377 |  0:00:34s
epoch 38 | loss: 0.33701 | val_auc: 0.81393 |  0:00:35s
epoch 39 | loss: 0.33275 | val_auc: 0.82297 |  0:00:36s
epoch 40 | loss: 0.3318  | val_auc: 0.80971 |  0:00:37s
epoch 41 | loss: 0.32998 | val_auc: 0.81114 |  0:00:37s
epoch 42 | loss: 0.32879 | val_auc: 0.80866 |  0:00:38s15:39:52  INFO      models.tabnet_model  TabNet trained | device=mps  best_epoch=34  elapsed=45.8s
15:39:52  INFO      models.tabnet_model  Apple MPS backend passed smoke test — using GPU acceleration.
15:39:52  INFO      models.tabnet_model  TabNet starting | device=mps  max_epochs=200  patience=15  batch_size=1024  n_train=20432
15:41:40  INFO      models.tabnet_model  TabNet trained | device=mps  best_epoch=46  elapsed=107.3s
15:41:40  INFO      models.tabnet_model  Apple MPS backend passed smoke test — using GPU acceleration.
15:41:40  INFO      models.tabnet_model  TabNet starting | device=mps  max_epochs=200  patience=15  batch_size=1024  n_train=30647
15:43:20  INFO      models.tabnet_model  TabNet trained | device=mps  best_epoch=22  elapsed=99.5s
15:43:20  INFO      models.tabnet_model  Apple MPS backend passed smoke test — using GPU acceleration.
15:43:20  INFO      models.tabnet_model  TabNet starting | device=mps  max_epochs=200  patience=15  batch_size=1024  n_train=40862

epoch 43 | loss: 0.32773 | val_auc: 0.8128  |  0:00:39s
epoch 44 | loss: 0.32504 | val_auc: 0.81106 |  0:00:40s
epoch 45 | loss: 0.32685 | val_auc: 0.81176 |  0:00:41s
epoch 46 | loss: 0.32235 | val_auc: 0.8065  |  0:00:42s
epoch 47 | loss: 0.32178 | val_auc: 0.80078 |  0:00:43s
epoch 48 | loss: 0.32219 | val_auc: 0.81106 |  0:00:44s
epoch 49 | loss: 0.32164 | val_auc: 0.81151 |  0:00:44s

Early stopping occurred at epoch 49 with best_epoch = 34 and best_val_auc = 0.82567
epoch 0  | loss: 0.62519 | val_auc: 0.65294 |  0:00:01s
epoch 1  | loss: 0.48115 | val_auc: 0.67837 |  0:00:03s
epoch 2  | loss: 0.38766 | val_auc: 0.68617 |  0:00:05s
epoch 3  | loss: 0.37785 | val_auc: 0.71135 |  0:00:07s
epoch 4  | loss: 0.37106 | val_auc: 0.70107 |  0:00:08s
epoch 5  | loss: 0.36938 | val_auc: 0.72236 |  0:00:10s
epoch 6  | loss: 0.3641  | val_auc: 0.73972 |  0:00:12s
epoch 7  | loss: 0.35873 | val_auc: 0.73661 |  0:00:13s
epoch 8  | loss: 0.35753 | val_auc: 0.73691 |  0:00:15s
epoch 9  | loss: 0.35718 | val_auc: 0.74164 |  0:00:17s
epoch 10 | loss: 0.35889 | val_auc: 0.73656 |  0:00:19s
epoch 11 | loss: 0.35583 | val_auc: 0.74463 |  0:00:20s
epoch 12 | loss: 0.35496 | val_auc: 0.71383 |  0:00:22s
epoch 13 | loss: 0.35762 | val_auc: 0.73426 |  0:00:24s
epoch 14 | loss: 0.35653 | val_auc: 0.73795 |  0:00:25s
epoch 15 | loss: 0.35296 | val_auc: 0.74271 |  0:00:27s
epoch 16 | loss: 0.35056 | val_auc: 0.73995 |  0:00:29s
epoch 17 | loss: 0.34935 | val_auc: 0.7489  |  0:00:31s
epoch 18 | loss: 0.34862 | val_auc: 0.7468  |  0:00:32s
epoch 19 | loss: 0.34484 | val_auc: 0.74427 |  0:00:34s
epoch 20 | loss: 0.34576 | val_auc: 0.74297 |  0:00:36s
epoch 21 | loss: 0.34336 | val_auc: 0.75683 |  0:00:38s
epoch 22 | loss: 0.34431 | val_auc: 0.74474 |  0:00:39s
epoch 23 | loss: 0.3486  | val_auc: 0.75002 |  0:00:41s
epoch 24 | loss: 0.34365 | val_auc: 0.75144 |  0:00:43s
epoch 25 | loss: 0.33879 | val_auc: 0.7484  |  0:00:44s
epoch 26 | loss: 0.34022 | val_auc: 0.74886 |  0:00:46s
epoch 27 | loss: 0.33656 | val_auc: 0.75087 |  0:00:48s
epoch 28 | loss: 0.33371 | val_auc: 0.74627 |  0:00:49s
epoch 29 | loss: 0.33185 | val_auc: 0.74443 |  0:00:51s
epoch 30 | loss: 0.33267 | val_auc: 0.75221 |  0:00:53s
epoch 31 | loss: 0.33007 | val_auc: 0.74712 |  0:00:54s
epoch 32 | loss: 0.33059 | val_auc: 0.74804 |  0:00:56s
epoch 33 | loss: 0.33371 | val_auc: 0.75638 |  0:00:58s
epoch 34 | loss: 0.33532 | val_auc: 0.75965 |  0:01:00s
epoch 35 | loss: 0.33546 | val_auc: 0.74756 |  0:01:01s
epoch 36 | loss: 0.33657 | val_auc: 0.73808 |  0:01:03s
epoch 37 | loss: 0.33639 | val_auc: 0.75111 |  0:01:05s
epoch 38 | loss: 0.33207 | val_auc: 0.75395 |  0:01:06s
epoch 39 | loss: 0.33018 | val_auc: 0.75135 |  0:01:08s
epoch 40 | loss: 0.32919 | val_auc: 0.7529  |  0:01:10s
epoch 41 | loss: 0.33008 | val_auc: 0.76052 |  0:01:11s
epoch 42 | loss: 0.32697 | val_auc: 0.75683 |  0:01:13s
epoch 43 | loss: 0.32743 | val_auc: 0.76154 |  0:01:15s
epoch 44 | loss: 0.32604 | val_auc: 0.75618 |  0:01:16s
epoch 45 | loss: 0.32348 | val_auc: 0.76107 |  0:01:18s
epoch 46 | loss: 0.32059 | val_auc: 0.76546 |  0:01:20s
epoch 47 | loss: 0.31601 | val_auc: 0.75949 |  0:01:22s
epoch 48 | loss: 0.31279 | val_auc: 0.75964 |  0:01:23s
epoch 49 | loss: 0.31052 | val_auc: 0.75351 |  0:01:25s
epoch 50 | loss: 0.3075  | val_auc: 0.75071 |  0:01:27s
epoch 51 | loss: 0.30339 | val_auc: 0.75729 |  0:01:28s
epoch 52 | loss: 0.31422 | val_auc: 0.74898 |  0:01:30s
epoch 53 | loss: 0.31467 | val_auc: 0.7499  |  0:01:32s
epoch 54 | loss: 0.3126  | val_auc: 0.75747 |  0:01:34s
epoch 55 | loss: 0.3105  | val_auc: 0.75491 |  0:01:35s
epoch 56 | loss: 0.30489 | val_auc: 0.75014 |  0:01:37s
epoch 57 | loss: 0.29746 | val_auc: 0.74557 |  0:01:39s
epoch 58 | loss: 0.29379 | val_auc: 0.74581 |  0:01:41s
epoch 59 | loss: 0.28785 | val_auc: 0.74878 |  0:01:42s
epoch 60 | loss: 0.28231 | val_auc: 0.74281 |  0:01:44s
epoch 61 | loss: 0.27741 | val_auc: 0.73624 |  0:01:46s

Early stopping occurred at epoch 61 with best_epoch = 46 and best_val_auc = 0.76546
epoch 0  | loss: 0.52855 | val_auc: 0.58177 |  0:00:03s
epoch 1  | loss: 0.40095 | val_auc: 0.66857 |  0:00:05s
epoch 2  | loss: 0.36608 | val_auc: 0.71666 |  0:00:08s
epoch 3  | loss: 0.3577  | val_auc: 0.73054 |  0:00:10s
epoch 4  | loss: 0.35606 | val_auc: 0.72337 |  0:00:13s
epoch 5  | loss: 0.35636 | val_auc: 0.7145  |  0:00:15s
epoch 6  | loss: 0.35542 | val_auc: 0.74016 |  0:00:18s
epoch 7  | loss: 0.3515  | val_auc: 0.73167 |  0:00:20s
epoch 8  | loss: 0.34998 | val_auc: 0.72291 |  0:00:23s
epoch 9  | loss: 0.35009 | val_auc: 0.74613 |  0:00:26s
epoch 10 | loss: 0.34345 | val_auc: 0.74374 |  0:00:28s
epoch 11 | loss: 0.34331 | val_auc: 0.7468  |  0:00:31s
epoch 12 | loss: 0.3466  | val_auc: 0.73079 |  0:00:33s
epoch 13 | loss: 0.34594 | val_auc: 0.75501 |  0:00:36s
epoch 14 | loss: 0.34116 | val_auc: 0.75291 |  0:00:38s
epoch 15 | loss: 0.34008 | val_auc: 0.7621  |  0:00:41s
epoch 16 | loss: 0.33704 | val_auc: 0.76753 |  0:00:43s
epoch 17 | loss: 0.33697 | val_auc: 0.76454 |  0:00:47s
epoch 18 | loss: 0.33635 | val_auc: 0.75616 |  0:00:49s
epoch 19 | loss: 0.33414 | val_auc: 0.75399 |  0:00:52s
epoch 20 | loss: 0.33284 | val_auc: 0.76344 |  0:00:54s
epoch 21 | loss: 0.33253 | val_auc: 0.76243 |  0:00:57s
epoch 22 | loss: 0.331   | val_auc: 0.7752  |  0:00:59s
epoch 23 | loss: 0.33015 | val_auc: 0.77266 |  0:01:02s
epoch 24 | loss: 0.32806 | val_auc: 0.77377 |  0:01:04s
epoch 25 | loss: 0.32643 | val_auc: 0.76845 |  0:01:07s
epoch 26 | loss: 0.32747 | val_auc: 0.76331 |  0:01:10s
epoch 27 | loss: 0.32547 | val_auc: 0.77216 |  0:01:12s
epoch 28 | loss: 0.32428 | val_auc: 0.77004 |  0:01:14s
epoch 29 | loss: 0.32349 | val_auc: 0.75636 |  0:01:17s
epoch 30 | loss: 0.32265 | val_auc: 0.76137 |  0:01:20s
epoch 31 | loss: 0.32133 | val_auc: 0.76811 |  0:01:22s
epoch 32 | loss: 0.32099 | val_auc: 0.7688  |  0:01:25s
epoch 33 | loss: 0.3205  | val_auc: 0.75505 |  0:01:27s
epoch 34 | loss: 0.3201  | val_auc: 0.75748 |  0:01:30s
epoch 35 | loss: 0.31604 | val_auc: 0.76392 |  0:01:32s
epoch 36 | loss: 0.31491 | val_auc: 0.76284 |  0:01:35s
epoch 37 | loss: 0.31129 | val_auc: 0.7527  |  0:01:37s

Early stopping occurred at epoch 37 with best_epoch = 22 and best_val_auc = 0.7752
epoch 0  | loss: 0.45472 | val_auc: 0.59522 |  0:00:03s
epoch 1  | loss: 0.35251 | val_auc: 0.68957 |  0:00:07s
epoch 2  | loss: 0.3377  | val_auc: 0.69217 |  0:00:11s
epoch 3  | loss: 0.32945 | val_auc: 0.71032 |  0:00:14s
epoch 4  | loss: 0.32478 | val_auc: 0.72275 |  0:00:18s
epoch 5  | loss: 0.32344 | val_auc: 0.71258 |  0:00:21s
epoch 6  | loss: 0.32385 | val_auc: 0.73458 |  0:00:24s
epoch 7  | loss: 0.32304 | val_auc: 0.73412 |  0:00:28s
epoch 8  | loss: 0.3208  | val_auc: 0.75094 |  0:00:31s
epoch 9  | loss: 0.31602 | val_auc: 0.75655 |  0:00:35s
epoch 10 | loss: 0.31333 | val_auc: 0.75724 |  0:00:38s
epoch 11 | loss: 0.31133 | val_auc: 0.76275 |  0:00:41s
epoch 12 | loss: 0.30994 | val_auc: 0.75892 |  0:00:45s
epoch 13 | loss: 0.31075 | val_auc: 0.75714 |  0:00:48s
epoch 14 | loss: 0.31327 | val_auc: 0.75515 |  0:00:52s
epoch 15 | loss: 0.31033 | val_auc: 0.75247 |  0:00:55s
epoch 16 | loss: 0.30637 | val_auc: 0.76406 |  0:00:59s
epoch 17 | loss: 0.30697 | val_auc: 0.76694 |  0:01:02s
epoch 18 | loss: 0.30384 | val_auc: 0.7595  |  0:01:05s
epoch 19 | loss: 0.30227 | val_auc: 0.76299 |  0:01:09s
epoch 20 | loss: 0.30094 | val_auc: 0.74451 |  0:01:12s
epoch 21 | loss: 0.30446 | val_auc: 0.7637  |  0:01:16s
epoch 22 | loss: 0.30073 | val_auc: 0.76275 |  0:01:19s
epoch 23 | loss: 0.29866 | val_auc: 0.7565  |  0:01:22s
epoch 24 | loss: 0.2979  | val_auc: 0.76856 |  0:01:26s
epoch 25 | loss: 0.29714 | val_auc: 0.75543 |  0:01:29s
epoch 26 | loss: 0.29898 | val_auc: 0.75909 |  0:01:32s
epoch 27 | loss: 0.29719 | val_auc: 0.76317 |  0:01:36s
epoch 28 | loss: 0.29581 | val_auc: 0.75857 |  0:01:39s
epoch 29 | loss: 0.29874 | val_auc: 0.76424 |  0:01:43s
epoch 30 | loss: 0.29651 | val_auc: 0.76047 |  0:01:46s
epoch 31 | loss: 0.29783 | val_auc: 0.75273 |  0:01:50s
epoch 32 | loss: 0.29913 | val_auc: 0.7546  |  0:01:53s
epoch 33 | loss: 0.2985  | val_auc: 0.75797 |  0:01:56s
epoch 34 | loss: 0.29852 | val_auc: 0.7562  |  0:02:00s15:45:42  INFO      models.tabnet_model  TabNet trained | device=mps  best_epoch=24  elapsed=141.8s
15:45:42  INFO      models.tabnet_model  TabNet model saved to /Users/harekrishna/Downloads/credit-default-xai-benchmark 2/results/outputs/prosper_temporal/runs/cutoff_2012-07_seed_42/models/tabnet.pkl
15:45:42  INFO      pipeline  ============================================================
15:45:42  INFO      pipeline  STAGE 4: Evaluation (selection on OOF; test scored once)
15:45:42  INFO      pipeline  ============================================================
15:45:43  INFO      pipeline  XGBoost | OOF AUROC=0.7124  f1*=0.2812 @ t=0.18 | test AUROC=0.6721  F1=0.2006  MCC=0.1320
15:45:43  INFO      pipeline  LightGBM | OOF AUROC=0.7194  f1*=0.2881 @ t=0.14 | test AUROC=0.7042  F1=0.2215  MCC=0.1568
15:45:43  INFO      pipeline  CatBoost | OOF AUROC=0.7228  f1*=0.2872 @ t=0.15 | test AUROC=0.7007  F1=0.1498  MCC=0.1142
15:45:44  INFO      pipeline  Random Forest | OOF AUROC=0.7217  f1*=0.2883 @ t=0.38 | test AUROC=0.6879  F1=0.2051  MCC=0.1382
15:45:44  INFO      pipeline  Logistic Reg. | OOF AUROC=0.7149  f1*=0.2850 @ t=0.45 | test AUROC=0.6561  F1=0.1866  MCC=0.1232
15:45:45  INFO      pipeline  TabNet | OOF AUROC=0.6675  f1*=0.2558 @ t=0.13 | test AUROC=0.6226  F1=0.1672  MCC=0.0901
15:45:45  INFO      pipeline  LaTeX table → /Users/harekrishna/Downloads/credit-default-xai-benchmark 2/results/outputs/prosper_temporal/runs/cutoff_2012-07_seed_42/results/table2_test_metrics.tex
15:45:45  INFO      pipeline  
                AUROC   AUPRC      F1  Precision  Recall  Specificity  G-Mean     MCC   Brier
Model                                                                                        
XGBoost        0.6721  0.1361  0.2006     0.1444  0.3288       0.8611  0.5321  0.1320  0.0640
LightGBM       0.7042  0.1507  0.2215     0.1769  0.2960       0.9019  0.5167  0.1568  0.0599
CatBoost       0.7007  0.1533  0.1498     0.2145  0.1151       0.9700  0.3341  0.1142  0.0599
Random Forest  0.6879  0.1487  0.2051     0.1429  0.3632       0.8447  0.5539  0.1382  0.1110
Logistic Reg.  0.6561  0.1093  0.1866     0.1149  0.4963       0.7275  0.6009  0.1232  0.1663
TabNet         0.6226  0.1059  0.1672     0.1123  0.3274       0.8156  0.5167  0.0901  0.0629
15:45:45  INFO      visualization.plots  Fig 2 saved → /Users/harekrishna/Downloads/credit-default-xai-benchmark 2/results/outputs/prosper_temporal/runs/cutoff_2012-07_seed_42/figures/fig02_roc_curves.pdf
15:45:45  INFO      visualization.plots  Fig 3 saved → /Users/harekrishna/Downloads/credit-default-xai-benchmark 2/results/outputs/prosper_temporal/runs/cutoff_2012-07_seed_42/figures/fig03_pr_curves.pdf
15:45:45  INFO      visualization.plots  Fig 4 saved → /Users/harekrishna/Downloads/credit-default-xai-benchmark 2/results/outputs/prosper_temporal/runs/cutoff_2012-07_seed_42/figures/fig04_confusion_catboost.pdf
16:10:37  INFO      pipeline  Skipping TabNet in Fig 10 ablation (pass --full-ablation to include).
16:10:37  INFO      visualization.plots  Fig 10 saved → /Users/harekrishna/Downloads/credit-default-xai-benchmark 2/results/outputs/prosper_temporal/runs/cutoff_2012-07_seed_42/figures/fig10_smote_ablation.pdf
16:10:37  INFO      pipeline  ============================================================
16:10:37  INFO      pipeline  STAGE 5: SHAP Explanations
16:10:37  INFO      pipeline  ============================================================
16:10:37  INFO      explainability.shap_explainer  SHAP TreeExplainer initialised | output_space=log_odds
16:10:38  INFO      explainability.shap_explainer  SHAP values computed | shape=(2000, 63)
16:10:38  INFO      explainability.shap_explainer  SHAP additivity check | MAE=0.00000 | PASS ✓
16:10:39  INFO      explainability.shap_explainer  Saved SHAP summary → /Users/harekrishna/Downloads/credit-default-xai-benchmark 2/results/outputs/prosper_temporal/runs/cutoff_2012-07_seed_42/figures/fig05a_shap_summary_CatBoost.pdf
16:10:39  INFO      explainability.shap_explainer  Saved SHAP bar → /Users/harekrishna/Downloads/credit-default-xai-benchmark 2/results/outputs/prosper_temporal/runs/cutoff_2012-07_seed_42/figures/fig05b_shap_bar_CatBoost.pdf
16:10:39  INFO      explainability.shap_explainer  Saved SHAP dependence → /Users/harekrishna/Downloads/credit-default-xai-benchmark 2/results/outputs/prosper_temporal/runs/cutoff_2012-07_seed_42/figures/fig06_shap_dep_LoanOriginalAmount.pdf
16:10:39  INFO      pipeline  LaTeX table → /Users/harekrishna/Downloads/credit-default-xai-benchmark 2/results/outputs/prosper_temporal/runs/cutoff_2012-07_seed_42/results/table3_shap_ranking.tex
16:10:39  INFO      visualization.plots  Fig 8 saved → /Users/harekrishna/Downloads/credit-default-xai-benchmark 2/results/outputs/prosper_temporal/runs/cutoff_2012-07_seed_42/figures/fig08_importance_comparison.pdf
16:10:40  INFO      visualization.plots  Fig 9 saved → /Users/harekrishna/Downloads/credit-default-xai-benchmark 2/results/outputs/prosper_temporal/runs/cutoff_2012-07_seed_42/figures/fig09_threshold_sweep.pdf
16:10:40  INFO      pipeline  ============================================================
16:10:40  INFO      pipeline  STAGE 6: LIME Explanations
16:10:40  INFO      pipeline  ============================================================
16:10:41  INFO      explainability.lime_explainer  LIME tabular explainer initialised | features=63
16:10:41  INFO      pipeline  Local instances selected: {'TP': 7850, 'FP': 7537, 'FN': 8628, 'TN': 362}
16:10:41  INFO      explainability.lime_explainer  Saved LIME explanation → /Users/harekrishna/Downloads/credit-default-xai-benchmark 2/results/outputs/prosper_temporal/runs/cutoff_2012-07_seed_42/figures/fig07_tp_lime.pdf
16:10:41  INFO      explainability.lime_explainer  Saved LIME explanation → /Users/harekrishna/Downloads/credit-default-xai-benchmark 2/results/outputs/prosper_temporal/runs/cutoff_2012-07_seed_42/figures/fig07_fp_lime.pdf
16:10:41  INFO      explainability.lime_explainer  Saved LIME explanation → /Users/harekrishna/Downloads/credit-default-xai-benchmark 2/results/outputs/prosper_temporal/runs/cutoff_2012-07_seed_42/figures/fig07_fn_lime.pdf
16:10:41  INFO      explainability.lime_explainer  Saved LIME explanation → /Users/harekrishna/Downloads/credit-default-xai-benchmark 2/results/outputs/prosper_temporal/runs/cutoff_2012-07_seed_42/figures/fig07_tn_lime.pdf
16:10:42  INFO      explainability.lime_explainer  Saved LIME multi-instance grid → /Users/harekrishna/Downloads/credit-default-xai-benchmark 2/results/outputs/prosper_temporal/runs/cutoff_2012-07_seed_42/figures/fig07_lime_multi_instance.pdf
16:10:46  INFO      explainability.lime_explainer  LIME batch complete | n=200
16:10:46  INFO      explainability.lime_explainer  SHAP–LIME agreement | mean ρ=0.392 ± 0.258
16:10:46  INFO      explainability.lime_explainer  LIME tabular explainer initialised | features=63
16:10:46  INFO      explainability.lime_explainer  LIME tabular explainer initialised | features=63
16:10:47  INFO      explainability.lime_explainer  LIME tabular explainer initialised | features=63
16:10:47  INFO      explainability.lime_explainer  LIME tabular explainer initialised | features=63
16:10:48  INFO      explainability.lime_explainer  LIME tabular explainer initialised | features=63
16:10:48  INFO      explainability.lime_explainer  LIME tabular explainer initialised | features=63
16:10:48  INFO      explainability.lime_explainer  LIME tabular explainer initialised | features=63
16:10:49  INFO      explainability.lime_explainer  LIME tabular explainer initialised | features=63
16:10:49  INFO      explainability.lime_explainer  LIME tabular explainer initialised | features=63
16:10:49  INFO      explainability.lime_explainer  LIME tabular explainer initialised | features=63
16:10:50  INFO      explainability.lime_explainer  LIME tabular explainer initialised | features=63
16:10:50  INFO      explainability.lime_explainer  LIME tabular explainer initialised | features=63
16:10:50  INFO      explainability.lime_explainer  LIME tabular explainer initialised | features=63
16:10:51  INFO      explainability.lime_explainer  LIME tabular explainer initialised | features=63
16:10:51  INFO      explainability.lime_explainer  LIME tabular explainer initialised | features=63
16:10:52  INFO      explainability.lime_explainer  LIME tabular explainer initialised | features=63
16:10:52  INFO      explainability.lime_explainer  LIME tabular explainer initialised | features=63
16:10:52  INFO      explainability.lime_explainer  LIME tabular explainer initialised | features=63
16:10:53  INFO      explainability.lime_explainer  LIME tabular explainer initialised | features=63
16:10:53  INFO      explainability.lime_explainer  LIME tabular explainer initialised | features=63
16:10:53  INFO      explainability.lime_explainer  LIME tabular explainer initialised | features=63
16:10:54  INFO      explainability.lime_explainer  LIME tabular explainer initialised | features=63
16:10:54  INFO      explainability.lime_explainer  LIME tabular explainer initialised | features=63
16:10:55  INFO      explainability.lime_explainer  LIME tabular explainer initialised | features=63
16:10:55  INFO      explainability.lime_explainer  LIME tabular explainer initialised | features=63
16:10:55  INFO      explainability.lime_explainer  LIME tabular explainer initialised | features=63
16:10:56  INFO      explainability.lime_explainer  LIME tabular explainer initialised | features=63
16:10:56  INFO      explainability.lime_explainer  LIME tabular explainer initialised | features=63
16:10:56  INFO      explainability.lime_explainer  LIME tabular explainer initialised | features=63
16:10:57  INFO      explainability.lime_explainer  LIME tabular explainer initialised | features=63
16:10:57  INFO      explainability.lime_explainer  LIME tabular explainer initialised | features=63
16:10:58  INFO      explainability.lime_explainer  LIME tabular explainer initialised | features=63
16:10:58  INFO      explainability.lime_explainer  LIME tabular explainer initialised | features=63
16:10:58  INFO      explainability.lime_explainer  LIME tabular explainer initialised | features=63
16:10:59  INFO      explainability.lime_explainer  LIME tabular explainer initialised | features=63
16:10:59  INFO      explainability.lime_explainer  LIME tabular explainer initialised | features=63
16:10:59  INFO      explainability.lime_explainer  LIME tabular explainer initialised | features=63
16:11:00  INFO      explainability.lime_explainer  LIME tabular explainer initialised | features=63
16:11:00  INFO      explainability.lime_explainer  LIME tabular explainer initialised | features=63
16:11:00  INFO      explainability.lime_explainer  LIME tabular explainer initialised | features=63
16:11:01  INFO      explainability.lime_explainer  LIME tabular explainer initialised | features=63
16:11:01  INFO      explainability.lime_explainer  LIME tabular explainer initialised | features=63
16:11:02  INFO      explainability.lime_explainer  LIME tabular explainer initialised | features=63
16:11:02  INFO      explainability.lime_explainer  LIME tabular explainer initialised | features=63
16:11:02  INFO      explainability.lime_explainer  LIME tabular explainer initialised | features=63
16:11:03  INFO      explainability.lime_explainer  LIME tabular explainer initialised | features=63
16:11:03  INFO      explainability.lime_explainer  LIME tabular explainer initialised | features=63
16:11:03  INFO      explainability.lime_explainer  LIME tabular explainer initialised | features=63
16:11:04  INFO      explainability.lime_explainer  LIME tabular explainer initialised | features=63
16:11:04  INFO      explainability.lime_explainer  LIME tabular explainer initialised | features=63
16:11:05  INFO      explainability.lime_explainer  LIME tabular explainer initialised | features=63
16:11:05  INFO      explainability.lime_explainer  LIME tabular explainer initialised | features=63
16:11:05  INFO      explainability.lime_explainer  LIME tabular explainer initialised | features=63
16:11:06  INFO      explainability.lime_explainer  LIME tabular explainer initialised | features=63
16:11:06  INFO      explainability.lime_explainer  LIME tabular explainer initialised | features=63
16:11:06  INFO      explainability.lime_explainer  LIME tabular explainer initialised | features=63
16:11:07  INFO      explainability.lime_explainer  LIME tabular explainer initialised | features=63
16:11:07  INFO      explainability.lime_explainer  LIME tabular explainer initialised | features=63
16:11:08  INFO      explainability.lime_explainer  LIME tabular explainer initialised | features=63
16:11:08  INFO      explainability.lime_explainer  LIME tabular explainer initialised | features=63
16:11:08  INFO      explainability.lime_explainer  LIME tabular explainer initialised | features=63
16:11:09  INFO      explainability.lime_explainer  LIME tabular explainer initialised | features=63
16:11:09  INFO      explainability.lime_explainer  LIME tabular explainer initialised | features=63
16:11:09  INFO      explainability.lime_explainer  LIME tabular explainer initialised | features=63
16:11:10  INFO      explainability.lime_explainer  LIME tabular explainer initialised | features=63
16:11:10  INFO      explainability.lime_explainer  LIME tabular explainer initialised | features=63
16:11:11  INFO      explainability.lime_explainer  LIME tabular explainer initialised | features=63
16:11:11  INFO      explainability.lime_explainer  LIME tabular explainer initialised | features=63
16:11:11  INFO      explainability.lime_explainer  LIME tabular explainer initialised | features=63
16:11:12  INFO      explainability.lime_explainer  LIME tabular explainer initialised | features=63
16:11:12  INFO      explainability.lime_explainer  LIME tabular explainer initialised | features=63
16:11:12  INFO      explainability.lime_explainer  LIME tabular explainer initialised | features=63
16:11:13  INFO      explainability.lime_explainer  LIME tabular explainer initialised | features=63
16:11:13  INFO      explainability.lime_explainer  LIME tabular explainer initialised | features=63
16:11:13  INFO      explainability.lime_explainer  LIME tabular explainer initialised | features=63
16:11:14  INFO      explainability.lime_explainer  LIME tabular explainer initialised | features=63
16:11:14  INFO      explainability.lime_explainer  LIME tabular explainer initialised | features=63
16:11:15  INFO      explainability.lime_explainer  LIME tabular explainer initialised | features=63
16:11:15  INFO      explainability.lime_explainer  LIME tabular explainer initialised | features=63
16:11:15  INFO      explainability.lime_explainer  LIME tabular explainer initialised | features=63
16:11:16  INFO      explainability.lime_explainer  LIME tabular explainer initialised | features=63
16:11:16  INFO      explainability.lime_explainer  LIME tabular explainer initialised | features=63
16:11:16  INFO      explainability.lime_explainer  LIME tabular explainer initialised | features=63
16:11:17  INFO      explainability.lime_explainer  LIME tabular explainer initialised | features=63
16:11:17  INFO      explainability.lime_explainer  LIME tabular explainer initialised | features=63
16:11:18  INFO      explainability.lime_explainer  LIME tabular explainer initialised | features=63
16:11:18  INFO      explainability.lime_explainer  LIME tabular explainer initialised | features=63
16:11:18  INFO      explainability.lime_explainer  LIME tabular explainer initialised | features=63
16:11:19  INFO      explainability.lime_explainer  LIME tabular explainer initialised | features=63
16:11:19  INFO      explainability.lime_explainer  LIME tabular explainer initialised | features=63
16:11:19  INFO      explainability.lime_explainer  LIME tabular explainer initialised | features=63
16:11:20  INFO      explainability.lime_explainer  LIME tabular explainer initialised | features=63
16:11:20  INFO      explainability.lime_explainer  LIME tabular explainer initialised | features=63
16:11:20  INFO      explainability.lime_explainer  LIME tabular explainer initialised | features=63
16:11:21  INFO      explainability.lime_explainer  LIME tabular explainer initialised | features=63
16:11:21  INFO      explainability.lime_explainer  LIME tabular explainer initialised | features=63
16:11:22  INFO      explainability.lime_explainer  LIME tabular explainer initialised | features=63
16:11:22  INFO      explainability.lime_explainer  LIME tabular explainer initialised | features=63
16:11:22  INFO      explainability.lime_explainer  LIME tabular explainer initialised | features=63
16:11:23  INFO      explainability.lime_explainer  LIME tabular explainer initialised | features=63
16:11:23  INFO      explainability.lime_explainer  LIME tabular explainer initialised | features=63
16:11:23  INFO      explainability.lime_explainer  LIME tabular explainer initialised | features=63
16:11:24  INFO      explainability.lime_explainer  LIME tabular explainer initialised | features=63
16:11:24  INFO      explainability.lime_explainer  LIME tabular explainer initialised | features=63
16:11:25  INFO      explainability.lime_explainer  LIME tabular explainer initialised | features=63
16:11:25  INFO      explainability.lime_explainer  LIME tabular explainer initialised | features=63
16:11:25  INFO      explainability.lime_explainer  LIME tabular explainer initialised | features=63
16:11:26  INFO      explainability.lime_explainer  LIME tabular explainer initialised | features=63
16:11:26  INFO      explainability.lime_explainer  LIME tabular explainer initialised | features=63
16:11:26  INFO      explainability.lime_explainer  LIME tabular explainer initialised | features=63
16:11:27  INFO      explainability.lime_explainer  LIME tabular explainer initialised | features=63
16:11:27  INFO      explainability.lime_explainer  LIME tabular explainer initialised | features=63
16:11:27  INFO      explainability.lime_explainer  LIME tabular explainer initialised | features=63
16:11:28  INFO      explainability.lime_explainer  LIME tabular explainer initialised | features=63
16:11:28  INFO      explainability.lime_explainer  LIME tabular explainer initialised | features=63
16:11:29  INFO      explainability.lime_explainer  LIME tabular explainer initialised | features=63
16:11:29  INFO      explainability.lime_explainer  LIME tabular explainer initialised | features=63
16:11:29  INFO      explainability.lime_explainer  LIME tabular explainer initialised | features=63
16:11:30  INFO      explainability.lime_explainer  LIME tabular explainer initialised | features=63
16:11:30  INFO      explainability.lime_explainer  LIME tabular explainer initialised | features=63
16:11:31  INFO      explainability.lime_explainer  LIME tabular explainer initialised | features=63
16:11:31  INFO      explainability.lime_explainer  LIME tabular explainer initialised | features=63
16:11:31  INFO      explainability.lime_explainer  LIME tabular explainer initialised | features=63
16:11:32  INFO      explainability.lime_explainer  LIME tabular explainer initialised | features=63
16:11:32  INFO      explainability.lime_explainer  LIME tabular explainer initialised | features=63
16:11:32  INFO      explainability.lime_explainer  LIME tabular explainer initialised | features=63
16:11:33  INFO      explainability.lime_explainer  LIME tabular explainer initialised | features=63
16:11:33  INFO      explainability.lime_explainer  LIME tabular explainer initialised | features=63
16:11:34  INFO      explainability.lime_explainer  LIME tabular explainer initialised | features=63
16:11:34  INFO      explainability.lime_explainer  LIME tabular explainer initialised | features=63
16:11:34  INFO      explainability.lime_explainer  LIME tabular explainer initialised | features=63
16:11:35  INFO      explainability.lime_explainer  LIME tabular explainer initialised | features=63
16:11:35  INFO      explainability.lime_explainer  LIME tabular explainer initialised | features=63
16:11:35  INFO      explainability.lime_explainer  LIME tabular explainer initialised | features=63
16:11:36  INFO      explainability.lime_explainer  LIME tabular explainer initialised | features=63
16:11:36  INFO      explainability.lime_explainer  LIME tabular explainer initialised | features=63
16:11:36  INFO      explainability.lime_explainer  LIME tabular explainer initialised | features=63
16:11:37  INFO      explainability.lime_explainer  LIME tabular explainer initialised | features=63
16:11:37  INFO      explainability.lime_explainer  LIME tabular explainer initialised | features=63
16:11:38  INFO      explainability.lime_explainer  LIME tabular explainer initialised | features=63
16:11:38  INFO      explainability.lime_explainer  LIME tabular explainer initialised | features=63
16:11:38  INFO      explainability.lime_explainer  LIME tabular explainer initialised | features=63
16:11:39  INFO      explainability.lime_explainer  LIME tabular explainer initialised | features=63
16:11:39  INFO      explainability.lime_explainer  LIME tabular explainer initialised | features=63
16:11:40  INFO      explainability.lime_explainer  LIME tabular explainer initialised | features=63
16:11:40  INFO      explainability.lime_explainer  LIME tabular explainer initialised | features=63
16:11:40  INFO      explainability.lime_explainer  LIME tabular explainer initialised | features=63
16:11:41  INFO      explainability.lime_explainer  LIME tabular explainer initialised | features=63
16:11:41  INFO      explainability.lime_explainer  LIME tabular explainer initialised | features=63
16:11:41  INFO      explainability.lime_explainer  LIME tabular explainer initialised | features=63
16:11:42  INFO      explainability.lime_explainer  LIME tabular explainer initialised | features=63
16:11:42  INFO      explainability.lime_explainer  LIME tabular explainer initialised | features=63
16:11:43  INFO      explainability.lime_explainer  LIME tabular explainer initialised | features=63
16:11:43  INFO      explainability.lime_explainer  LIME tabular explainer initialised | features=63
16:11:43  INFO      explainability.lime_explainer  LIME tabular explainer initialised | features=63
16:11:44  INFO      explainability.lime_explainer  LIME tabular explainer initialised | features=63
16:11:44  INFO      explainability.lime_explainer  LIME tabular explainer initialised | features=63
16:11:44  INFO      explainability.lime_explainer  LIME tabular explainer initialised | features=63
16:11:45  INFO      explainability.lime_explainer  LIME tabular explainer initialised | features=63
16:11:45  INFO      explainability.lime_explainer  LIME tabular explainer initialised | features=63
16:11:45  INFO      explainability.lime_explainer  LIME tabular explainer initialised | features=63
16:11:46  INFO      explainability.lime_explainer  LIME tabular explainer initialised | features=63
16:11:46  INFO      explainability.lime_explainer  LIME tabular explainer initialised | features=63
16:11:47  INFO      explainability.lime_explainer  LIME tabular explainer initialised | features=63
16:11:47  INFO      explainability.lime_explainer  LIME tabular explainer initialised | features=63
16:11:47  INFO      explainability.lime_explainer  LIME tabular explainer initialised | features=63
16:11:48  INFO      explainability.lime_explainer  LIME tabular explainer initialised | features=63
16:11:48  INFO      explainability.lime_explainer  LIME tabular explainer initialised | features=63
16:11:48  INFO      explainability.lime_explainer  LIME tabular explainer initialised | features=63
16:11:49  INFO      explainability.lime_explainer  LIME tabular explainer initialised | features=63
16:11:49  INFO      explainability.lime_explainer  LIME tabular explainer initialised | features=63
16:11:50  INFO      explainability.lime_explainer  LIME tabular explainer initialised | features=63
16:11:50  INFO      explainability.lime_explainer  LIME tabular explainer initialised | features=63
16:11:50  INFO      explainability.lime_explainer  LIME tabular explainer initialised | features=63
16:11:51  INFO      explainability.lime_explainer  LIME tabular explainer initialised | features=63
16:11:51  INFO      explainability.lime_explainer  LIME tabular explainer initialised | features=63
16:11:51  INFO      explainability.lime_explainer  LIME tabular explainer initialised | features=63
16:11:52  INFO      explainability.lime_explainer  LIME tabular explainer initialised | features=63
16:11:52  INFO      explainability.lime_explainer  LIME tabular explainer initialised | features=63
16:11:53  INFO      explainability.lime_explainer  LIME tabular explainer initialised | features=63
16:11:53  INFO      explainability.lime_explainer  LIME tabular explainer initialised | features=63
16:11:53  INFO      explainability.lime_explainer  LIME tabular explainer initialised | features=63
16:11:54  INFO      explainability.lime_explainer  LIME tabular explainer initialised | features=63
16:11:54  INFO      explainability.lime_explainer  LIME tabular explainer initialised | features=63
16:11:54  INFO      explainability.lime_explainer  LIME tabular explainer initialised | features=63
16:11:55  INFO      explainability.lime_explainer  LIME tabular explainer initialised | features=63
16:11:55  INFO      explainability.lime_explainer  LIME tabular explainer initialised | features=63
16:11:56  INFO      explainability.lime_explainer  LIME tabular explainer initialised | features=63
16:11:56  INFO      explainability.lime_explainer  LIME tabular explainer initialised | features=63
16:11:56  INFO      explainability.lime_explainer  LIME tabular explainer initialised | features=63
16:11:57  INFO      explainability.lime_explainer  LIME tabular explainer initialised | features=63
16:11:57  INFO      explainability.lime_explainer  LIME tabular explainer initialised | features=63
16:11:57  INFO      explainability.lime_explainer  LIME tabular explainer initialised | features=63
16:11:58  INFO      explainability.lime_explainer  LIME tabular explainer initialised | features=63
16:11:58  INFO      explainability.lime_explainer  LIME tabular explainer initialised | features=63
16:11:58  INFO      explainability.lime_explainer  LIME tabular explainer initialised | features=63
16:11:59  INFO      explainability.lime_explainer  LIME tabular explainer initialised | features=63
16:11:59  INFO      explainability.lime_explainer  LIME tabular explainer initialised | features=63
16:12:00  INFO      explainability.lime_explainer  LIME tabular explainer initialised | features=63
16:12:00  INFO      explainability.lime_explainer  LIME tabular explainer initialised | features=63
16:12:00  INFO      explainability.lime_explainer  LIME tabular explainer initialised | features=63
16:12:01  INFO      explainability.lime_explainer  LIME tabular explainer initialised | features=63
16:12:01  INFO      explainability.lime_explainer  LIME tabular explainer initialised | features=63
16:12:01  INFO      explainability.lime_explainer  LIME tabular explainer initialised | features=63
16:12:02  INFO      explainability.lime_explainer  LIME tabular explainer initialised | features=63
16:12:02  INFO      explainability.lime_explainer  LIME tabular explainer initialised | features=63
16:12:03  INFO      explainability.lime_explainer  LIME tabular explainer initialised | features=63
16:12:03  INFO      explainability.lime_explainer  LIME tabular explainer initialised | features=63
16:12:03  INFO      explainability.lime_explainer  LIME tabular explainer initialised | features=63
16:12:04  INFO      explainability.lime_explainer  LIME tabular explainer initialised | features=63
16:12:04  INFO      explainability.lime_explainer  LIME tabular explainer initialised | features=63
16:12:04  INFO      explainability.lime_explainer  LIME tabular explainer initialised | features=63
16:12:05  INFO      explainability.lime_explainer  LIME tabular explainer initialised | features=63
16:12:05  INFO      explainability.lime_explainer  LIME tabular explainer initialised | features=63
16:12:05  INFO      explainability.lime_explainer  LIME tabular explainer initialised | features=63
16:12:06  INFO      explainability.lime_explainer  LIME tabular explainer initialised | features=63
16:12:06  INFO      explainability.lime_explainer  LIME tabular explainer initialised | features=63
16:12:07  INFO      explainability.lime_explainer  LIME tabular explainer initialised | features=63
16:12:07  INFO      explainability.lime_explainer  LIME tabular explainer initialised | features=63
16:12:07  INFO      explainability.lime_explainer  LIME tabular explainer initialised | features=63
16:12:08  INFO      explainability.lime_explainer  LIME tabular explainer initialised | features=63
16:12:08  INFO      explainability.lime_explainer  LIME tabular explainer initialised | features=63
16:12:08  INFO      explainability.lime_explainer  LIME tabular explainer initialised | features=63
16:12:09  INFO      explainability.lime_explainer  LIME tabular explainer initialised | features=63
16:12:09  INFO      explainability.lime_explainer  LIME tabular explainer initialised | features=63
16:12:10  INFO      explainability.lime_explainer  LIME tabular explainer initialised | features=63
16:12:10  INFO      explainability.lime_explainer  LIME tabular explainer initialised | features=63
16:12:10  INFO      explainability.lime_explainer  LIME tabular explainer initialised | features=63
16:12:11  INFO      explainability.lime_explainer  LIME tabular explainer initialised | features=63
16:12:11  INFO      explainability.lime_explainer  LIME tabular explainer initialised | features=63
16:12:11  INFO      explainability.lime_explainer  LIME tabular explainer initialised | features=63
16:12:12  INFO      explainability.lime_explainer  LIME tabular explainer initialised | features=63
16:12:12  INFO      explainability.lime_explainer  LIME tabular explainer initialised | features=63
16:12:13  INFO      explainability.lime_explainer  LIME tabular explainer initialised | features=63
16:12:13  INFO      explainability.lime_explainer  LIME tabular explainer initialised | features=63
16:12:13  INFO      explainability.lime_explainer  LIME tabular explainer initialised | features=63
16:12:14  INFO      explainability.lime_explainer  LIME tabular explainer initialised | features=63
16:12:14  INFO      explainability.lime_explainer  LIME tabular explainer initialised | features=63
16:12:14  INFO      explainability.lime_explainer  LIME tabular explainer initialised | features=63
16:12:15  INFO      explainability.lime_explainer  LIME tabular explainer initialised | features=63
16:12:15  INFO      explainability.lime_explainer  LIME tabular explainer initialised | features=63
16:12:16  INFO      explainability.lime_explainer  LIME tabular explainer initialised | features=63
16:12:16  INFO      explainability.lime_explainer  LIME tabular explainer initialised | features=63
16:12:16  INFO      explainability.lime_explainer  LIME tabular explainer initialised | features=63
16:12:17  INFO      explainability.lime_explainer  LIME tabular explainer initialised | features=63
16:12:17  INFO      explainability.lime_explainer  LIME tabular explainer initialised | features=63
16:12:17  INFO      explainability.lime_explainer  LIME tabular explainer initialised | features=63
16:12:18  INFO      explainability.lime_explainer  LIME tabular explainer initialised | features=63
16:12:18  INFO      explainability.lime_explainer  LIME tabular explainer initialised | features=63
16:12:19  INFO      explainability.lime_explainer  LIME tabular explainer initialised | features=63
16:12:19  INFO      explainability.lime_explainer  LIME tabular explainer initialised | features=63
16:12:20  INFO      explainability.lime_explainer  LIME tabular explainer initialised | features=63
16:12:20  INFO      explainability.lime_explainer  LIME tabular explainer initialised | features=63
16:12:20  INFO      explainability.lime_explainer  LIME tabular explainer initialised | features=63
16:12:21  INFO      explainability.lime_explainer  LIME tabular explainer initialised | features=63
16:12:21  INFO      explainability.lime_explainer  LIME tabular explainer initialised | features=63
16:12:22  INFO      explainability.lime_explainer  LIME tabular explainer initialised | features=63
16:12:22  INFO      explainability.lime_explainer  LIME tabular explainer initialised | features=63
16:12:22  INFO      explainability.lime_explainer  LIME tabular explainer initialised | features=63
16:12:23  INFO      explainability.lime_explainer  LIME tabular explainer initialised | features=63
16:12:23  INFO      explainability.lime_explainer  LIME tabular explainer initialised | features=63
16:12:24  INFO      explainability.lime_explainer  LIME tabular explainer initialised | features=63
16:12:24  INFO      explainability.lime_explainer  LIME tabular explainer initialised | features=63
16:12:25  INFO      explainability.lime_explainer  LIME tabular explainer initialised | features=63
16:12:25  INFO      explainability.lime_explainer  LIME tabular explainer initialised | features=63
16:12:25  INFO      explainability.lime_explainer  LIME tabular explainer initialised | features=63
16:12:26  INFO      explainability.lime_explainer  LIME tabular explainer initialised | features=63
16:12:26  INFO      explainability.lime_explainer  LIME tabular explainer initialised | features=63
16:12:27  INFO      explainability.lime_explainer  LIME tabular explainer initialised | features=63
16:12:27  INFO      explainability.lime_explainer  LIME tabular explainer initialised | features=63
16:12:27  INFO      explainability.lime_explainer  LIME tabular explainer initialised | features=63
16:12:28  INFO      explainability.lime_explainer  LIME tabular explainer initialised | features=63
16:12:28  INFO      explainability.lime_explainer  LIME tabular explainer initialised | features=63
16:12:29  INFO      explainability.lime_explainer  LIME tabular explainer initialised | features=63
16:12:29  INFO      explainability.lime_explainer  LIME tabular explainer initialised | features=63
16:12:29  INFO      explainability.lime_explainer  LIME tabular explainer initialised | features=63
16:12:30  INFO      explainability.lime_explainer  LIME tabular explainer initialised | features=63
16:12:30  INFO      explainability.lime_explainer  LIME tabular explainer initialised | features=63
16:12:31  INFO      explainability.lime_explainer  LIME tabular explainer initialised | features=63
16:12:31  INFO      explainability.lime_explainer  LIME tabular explainer initialised | features=63
16:12:32  INFO      explainability.lime_explainer  LIME tabular explainer initialised | features=63
16:12:32  INFO      explainability.lime_explainer  LIME tabular explainer initialised | features=63
16:12:33  INFO      explainability.lime_explainer  LIME tabular explainer initialised | features=63
16:12:33  INFO      explainability.lime_explainer  LIME tabular explainer initialised | features=63
16:12:33  INFO      explainability.lime_explainer  LIME tabular explainer initialised | features=63
16:12:34  INFO      explainability.lime_explainer  LIME tabular explainer initialised | features=63
16:12:34  INFO      explainability.lime_explainer  LIME tabular explainer initialised | features=63
16:12:35  INFO      explainability.lime_explainer  LIME tabular explainer initialised | features=63
16:12:35  INFO      explainability.lime_explainer  LIME tabular explainer initialised | features=63
16:12:35  INFO      explainability.lime_explainer  LIME tabular explainer initialised | features=63
16:12:36  INFO      explainability.lime_explainer  LIME tabular explainer initialised | features=63
16:12:36  INFO      explainability.lime_explainer  LIME tabular explainer initialised | features=63
16:12:36  INFO      explainability.lime_explainer  LIME tabular explainer initialised | features=63
16:12:37  INFO      explainability.lime_explainer  LIME tabular explainer initialised | features=63
16:12:37  INFO      explainability.lime_explainer  LIME tabular explainer initialised | features=63
16:12:37  INFO      explainability.lime_explainer  LIME tabular explainer initialised | features=63
16:12:38  INFO      explainability.lime_explainer  LIME tabular explainer initialised | features=63
16:12:38  INFO      explainability.lime_explainer  LIME tabular explainer initialised | features=63
16:12:39  INFO      explainability.lime_explainer  LIME tabular explainer initialised | features=63
16:12:39  INFO      explainability.lime_explainer  LIME tabular explainer initialised | features=63
16:12:39  INFO      pipeline  LaTeX table → /Users/harekrishna/Downloads/credit-default-xai-benchmark 2/results/outputs/prosper_temporal/runs/cutoff_2012-07_seed_42/results/table5_explanation_quality.tex
16:12:39  INFO      pipeline  LaTeX table → /Users/harekrishna/Downloads/credit-default-xai-benchmark 2/results/outputs/prosper_temporal/runs/cutoff_2012-07_seed_42/results/table4_shap_lime_agreement.tex
16:12:39  INFO      pipeline  ============================================================
16:12:39  INFO      pipeline  STAGE 7: Revision Analyses
16:12:39  INFO      pipeline  ============================================================
16:17:46  INFO      pipeline  RUN cutoff_2012-07_seed_42 COMPLETE | champion CatBoost | OOF AUROC 0.7228 | test AUROC 0.7007
16:17:46  INFO      pipeline  ╔══════════════════════════════════════════════╗
16:17:46  INFO      pipeline  ║  Credit Default Prediction with XAI (v3)     ║
16:17:46  INFO      pipeline  ║  Dataset: prosper                            ║
16:17:46  INFO      pipeline  ║  Run: cutoff_2012-07_seed_99                 ║
16:17:46  INFO      pipeline  ╚══════════════════════════════════════════════╝
16:17:46  INFO      pipeline  ============================================================
16:17:46  INFO      pipeline  STAGE 1: Data Loading, Labelling & Partitioning
16:17:46  INFO      pipeline  ============================================================
16:17:46  INFO      data.data_loader  Loading Prosper loans from /Users/harekrishna/Downloads/credit-default-xai-benchmark 2/data/prosperLoanData.csv
16:17:48  INFO      data.data_loader  Prosper: 113937 rows, 113066 after LoanKey de-duplication
16:17:48  INFO      data.data_loader  Prosper horizon label (H=12 months, snapshot 2014-03-12): 72067 labelled, 40999 censored, default rate 9.70%
16:17:49  INFO      data.data_loader  Skipping UCI-specific engineered features; required columns not present.
16:17:49  INFO      data.data_loader  Skipping UCI-specific engineered features; required columns not present.
16:17:49  INFO      data.data_loader  Dataset loaded | prosper | train=40862  test=10057 | default rate train=11.67% test=6.65% | 8 nominal, 33 continuous
16:17:49  INFO      pipeline  Imbalance stats (train): {"n_total": 40862, "n_majority": 36092, "n_minority": 4770, "imbalance_ratio": 7.5665, "minority_pct": 11.67}
16:17:49  INFO      visualization.plots  Fig 1 saved → /Users/harekrishna/Downloads/credit-default-xai-benchmark 2/results/outputs/prosper_temporal/runs/cutoff_2012-07_seed_99/figures/fig01_class_distribution.pdf
16:17:49  INFO      pipeline  ============================================================
16:17:49  INFO      pipeline  STAGE 2: Imbalance Strategy Ablation (selected on OOF AUROC)
16:17:49  INFO      pipeline  ============================================================
16:18:11  INFO      pipeline  Ablation | SMOTE            | OOF AUROC=0.7045  test AUROC=0.6834
16:18:32  INFO      pipeline  Ablation | BorderlineSMOTE  | OOF AUROC=0.7073  test AUROC=0.6898
16:21:11  INFO      pipeline  Ablation | SVMSMOTE         | OOF AUROC=0.7099  test AUROC=0.6957
16:21:32  INFO      pipeline  Ablation | ADASYN           | OOF AUROC=0.7019  test AUROC=0.6853
16:21:37  INFO      pipeline  Ablation | None             | OOF AUROC=0.7177  test AUROC=0.6999
16:21:39  INFO      pipeline  Ablation | ClassWeight      | OOF AUROC=0.6815  test AUROC=0.6189
16:21:39  INFO      pipeline  Best imbalance strategy (OOF AUROC): None → 0.7177 [probe: LightGBM]
16:21:39  INFO      pipeline  ============================================================
16:21:39  INFO      pipeline  STAGE 3: Model Training (nested tuning, OOF predictions, refit)
16:21:39  INFO      pipeline  ============================================================
16:21:39  INFO      pipeline  Training XGBoost …
16:23:20  INFO      pipeline  XGBoost | per-model strategy=None | OOF AUROC by strategy={'SMOTE': 0.7099, 'BorderlineSMOTE': 0.7124, 'SVMSMOTE': 0.7119, 'ADASYN': 0.7063, 'None': 0.7192, 'ClassWeight': 0.7142}
16:23:20  INFO      pipeline  RandomizedSearchCV | model=XGBoost strategy=None n_iter=12
16:23:53  INFO      pipeline  Training LightGBM …
16:25:50  INFO      pipeline  LightGBM | per-model strategy=None | OOF AUROC by strategy={'SMOTE': 0.7045, 'BorderlineSMOTE': 0.7073, 'SVMSMOTE': 0.7099, 'ADASYN': 0.7019, 'None': 0.7177, 'ClassWeight': 0.6815}
16:25:50  INFO      pipeline  RandomizedSearchCV | model=LightGBM strategy=None n_iter=12
16:26:42  INFO      pipeline  Training CatBoost …
16:28:59  INFO      pipeline  CatBoost | per-model strategy=None | OOF AUROC by strategy={'SMOTE': 0.7081, 'BorderlineSMOTE': 0.7136, 'SVMSMOTE': 0.7145, 'ADASYN': 0.7077, 'None': 0.7224, 'ClassWeight': 0.7196}
16:28:59  INFO      pipeline  RandomizedSearchCV | model=CatBoost strategy=None n_iter=12
16:29:55  INFO      pipeline  Training Random Forest …
16:32:12  INFO      pipeline  Random Forest | per-model strategy=ClassWeight | OOF AUROC by strategy={'SMOTE': 0.7062, 'BorderlineSMOTE': 0.7115, 'SVMSMOTE': 0.7096, 'ADASYN': 0.7058, 'None': 0.7039, 'ClassWeight': 0.7163}
16:32:12  INFO      pipeline  RandomizedSearchCV | model=Random Forest strategy=ClassWeight n_iter=12
16:34:46  INFO      pipeline  Training Logistic Reg. …
16:36:13  INFO      pipeline  Logistic Reg. | per-model strategy=ClassWeight | OOF AUROC by strategy={'SMOTE': 0.6506, 'BorderlineSMOTE': 0.6603, 'SVMSMOTE': 0.6697, 'ADASYN': 0.6435, 'None': 0.6945, 'ClassWeight': 0.7016}
16:36:13  INFO      pipeline  RandomizedSearchCV | model=Logistic Reg. strategy=ClassWeight n_iter=12
16:36:24  INFO      pipeline  Training TabNet …
16:36:24  INFO      models.tabnet_model  Apple MPS backend passed smoke test — using GPU acceleration.
16:36:24  INFO      models.tabnet_model  TabNet starting | device=mps  max_epochs=200  patience=15  batch_size=1024  n_train=10217
16:37:18  INFO      models.tabnet_model  TabNet trained | device=mps  best_epoch=44  elapsed=53.5s
16:37:18  INFO      models.tabnet_model  Apple MPS backend passed smoke test — using GPU acceleration.
16:37:18  INFO      models.tabnet_model  TabNet starting | device=mps  max_epochs=200  patience=15  batch_size=1024  n_train=20432
16:38:27  INFO      models.tabnet_model  TabNet trained | device=mps  best_epoch=22  elapsed=68.3s
16:38:27  INFO      models.tabnet_model  Apple MPS backend passed smoke test — using GPU acceleration.
16:38:27  INFO      models.tabnet_model  TabNet starting | device=mps  max_epochs=200  patience=15  batch_size=1024  n_train=30647
16:39:55  INFO      models.tabnet_model  TabNet trained | device=mps  best_epoch=17  elapsed=87.9s
16:39:56  INFO      models.tabnet_model  Apple MPS backend passed smoke test — using GPU acceleration.
16:39:56  INFO      models.tabnet_model  TabNet starting | device=mps  max_epochs=200  patience=15  batch_size=1024  n_train=40862

epoch 35 | loss: 0.29889 | val_auc: 0.76076 |  0:02:04s
epoch 36 | loss: 0.29828 | val_auc: 0.74988 |  0:02:08s
epoch 37 | loss: 0.29672 | val_auc: 0.7529  |  0:02:12s
epoch 38 | loss: 0.29365 | val_auc: 0.75941 |  0:02:15s
epoch 39 | loss: 0.29093 | val_auc: 0.7561  |  0:02:19s

Early stopping occurred at epoch 39 with best_epoch = 24 and best_val_auc = 0.76856
Successfully saved model at /Users/harekrishna/Downloads/credit-default-xai-benchmark 2/results/outputs/prosper_temporal/runs/cutoff_2012-07_seed_42/models/tabnet.pkl.zip
epoch 0  | loss: 0.77252 | val_auc: 0.6843  |  0:00:01s
epoch 1  | loss: 0.5363  | val_auc: 0.71203 |  0:00:01s
epoch 2  | loss: 0.47623 | val_auc: 0.76795 |  0:00:02s
epoch 3  | loss: 0.44557 | val_auc: 0.76838 |  0:00:03s
epoch 4  | loss: 0.42595 | val_auc: 0.80092 |  0:00:04s
epoch 5  | loss: 0.40063 | val_auc: 0.81297 |  0:00:05s
epoch 6  | loss: 0.38553 | val_auc: 0.80011 |  0:00:06s
epoch 7  | loss: 0.38275 | val_auc: 0.8143  |  0:00:07s
epoch 8  | loss: 0.37237 | val_auc: 0.79814 |  0:00:08s
epoch 9  | loss: 0.3739  | val_auc: 0.83165 |  0:00:08s
epoch 10 | loss: 0.3718  | val_auc: 0.81692 |  0:00:09s
epoch 11 | loss: 0.36963 | val_auc: 0.83153 |  0:00:10s
epoch 12 | loss: 0.36525 | val_auc: 0.82705 |  0:00:11s
epoch 13 | loss: 0.3647  | val_auc: 0.82442 |  0:00:12s
epoch 14 | loss: 0.36441 | val_auc: 0.82867 |  0:00:13s
epoch 15 | loss: 0.36239 | val_auc: 0.83196 |  0:00:14s
epoch 16 | loss: 0.3655  | val_auc: 0.82537 |  0:00:15s
epoch 17 | loss: 0.36775 | val_auc: 0.8254  |  0:00:16s
epoch 18 | loss: 0.36371 | val_auc: 0.82525 |  0:00:17s
epoch 19 | loss: 0.3608  | val_auc: 0.82532 |  0:00:18s
epoch 20 | loss: 0.36014 | val_auc: 0.83059 |  0:00:19s
epoch 21 | loss: 0.36317 | val_auc: 0.8346  |  0:00:19s
epoch 22 | loss: 0.36058 | val_auc: 0.82688 |  0:00:20s
epoch 23 | loss: 0.35888 | val_auc: 0.84026 |  0:00:21s
epoch 24 | loss: 0.35864 | val_auc: 0.8387  |  0:00:22s
epoch 25 | loss: 0.35696 | val_auc: 0.83608 |  0:00:23s
epoch 26 | loss: 0.35557 | val_auc: 0.83178 |  0:00:24s
epoch 27 | loss: 0.3544  | val_auc: 0.84181 |  0:00:25s
epoch 28 | loss: 0.35455 | val_auc: 0.8377  |  0:00:25s
epoch 29 | loss: 0.34959 | val_auc: 0.83406 |  0:00:26s
epoch 30 | loss: 0.34848 | val_auc: 0.83305 |  0:00:27s
epoch 31 | loss: 0.34964 | val_auc: 0.83617 |  0:00:28s
epoch 32 | loss: 0.34835 | val_auc: 0.83381 |  0:00:29s
epoch 33 | loss: 0.34878 | val_auc: 0.82839 |  0:00:30s
epoch 34 | loss: 0.34735 | val_auc: 0.82812 |  0:00:31s
epoch 35 | loss: 0.34586 | val_auc: 0.83518 |  0:00:31s
epoch 36 | loss: 0.34402 | val_auc: 0.83076 |  0:00:32s
epoch 37 | loss: 0.34116 | val_auc: 0.82628 |  0:00:33s
epoch 38 | loss: 0.3444  | val_auc: 0.82975 |  0:00:34s
epoch 39 | loss: 0.34408 | val_auc: 0.83954 |  0:00:35s
epoch 40 | loss: 0.34239 | val_auc: 0.83092 |  0:00:36s
epoch 41 | loss: 0.3417  | val_auc: 0.8376  |  0:00:37s
epoch 42 | loss: 0.34134 | val_auc: 0.84336 |  0:00:38s
epoch 43 | loss: 0.33863 | val_auc: 0.84214 |  0:00:38s
epoch 44 | loss: 0.33702 | val_auc: 0.84498 |  0:00:39s
epoch 45 | loss: 0.33434 | val_auc: 0.83732 |  0:00:40s
epoch 46 | loss: 0.33414 | val_auc: 0.84354 |  0:00:41s
epoch 47 | loss: 0.33104 | val_auc: 0.83656 |  0:00:42s
epoch 48 | loss: 0.33126 | val_auc: 0.84016 |  0:00:43s
epoch 49 | loss: 0.33123 | val_auc: 0.83841 |  0:00:43s
epoch 50 | loss: 0.33151 | val_auc: 0.84246 |  0:00:44s
epoch 51 | loss: 0.32848 | val_auc: 0.83901 |  0:00:45s
epoch 52 | loss: 0.33042 | val_auc: 0.83576 |  0:00:46s
epoch 53 | loss: 0.3298  | val_auc: 0.82976 |  0:00:47s
epoch 54 | loss: 0.32481 | val_auc: 0.83203 |  0:00:48s
epoch 55 | loss: 0.32616 | val_auc: 0.83345 |  0:00:49s
epoch 56 | loss: 0.32207 | val_auc: 0.83887 |  0:00:50s
epoch 57 | loss: 0.3187  | val_auc: 0.83471 |  0:00:50s
epoch 58 | loss: 0.31879 | val_auc: 0.83411 |  0:00:51s
epoch 59 | loss: 0.31995 | val_auc: 0.83096 |  0:00:52s

Early stopping occurred at epoch 59 with best_epoch = 44 and best_val_auc = 0.84498
epoch 0  | loss: 0.65369 | val_auc: 0.60362 |  0:00:01s
epoch 1  | loss: 0.46226 | val_auc: 0.69724 |  0:00:03s
epoch 2  | loss: 0.40302 | val_auc: 0.73533 |  0:00:05s
epoch 3  | loss: 0.39395 | val_auc: 0.74083 |  0:00:06s
epoch 4  | loss: 0.37563 | val_auc: 0.75706 |  0:00:08s
epoch 5  | loss: 0.3679  | val_auc: 0.75985 |  0:00:10s
epoch 6  | loss: 0.36818 | val_auc: 0.75518 |  0:00:12s
epoch 7  | loss: 0.36621 | val_auc: 0.76757 |  0:00:14s
epoch 8  | loss: 0.36794 | val_auc: 0.77182 |  0:00:15s
epoch 9  | loss: 0.36426 | val_auc: 0.77357 |  0:00:17s
epoch 10 | loss: 0.36033 | val_auc: 0.77166 |  0:00:19s
epoch 11 | loss: 0.35995 | val_auc: 0.76157 |  0:00:20s
epoch 12 | loss: 0.35945 | val_auc: 0.75428 |  0:00:22s
epoch 13 | loss: 0.36043 | val_auc: 0.7629  |  0:00:24s
epoch 14 | loss: 0.35635 | val_auc: 0.76274 |  0:00:26s
epoch 15 | loss: 0.35173 | val_auc: 0.77235 |  0:00:27s
epoch 16 | loss: 0.35182 | val_auc: 0.76929 |  0:00:29s
epoch 17 | loss: 0.34791 | val_auc: 0.77775 |  0:00:31s
epoch 18 | loss: 0.34535 | val_auc: 0.77529 |  0:00:33s
epoch 19 | loss: 0.34505 | val_auc: 0.77969 |  0:00:34s
epoch 20 | loss: 0.34162 | val_auc: 0.77437 |  0:00:36s
epoch 21 | loss: 0.3387  | val_auc: 0.7936  |  0:00:38s
epoch 22 | loss: 0.33639 | val_auc: 0.80222 |  0:00:40s
epoch 23 | loss: 0.33327 | val_auc: 0.79897 |  0:00:41s
epoch 24 | loss: 0.32958 | val_auc: 0.79853 |  0:00:43s
epoch 25 | loss: 0.32839 | val_auc: 0.7991  |  0:00:45s
epoch 26 | loss: 0.32602 | val_auc: 0.79809 |  0:00:47s
epoch 27 | loss: 0.32547 | val_auc: 0.79133 |  0:00:49s
epoch 28 | loss: 0.32176 | val_auc: 0.79231 |  0:00:51s
epoch 29 | loss: 0.3251  | val_auc: 0.77647 |  0:00:52s
epoch 30 | loss: 0.32246 | val_auc: 0.78611 |  0:00:54s
epoch 31 | loss: 0.31852 | val_auc: 0.78404 |  0:00:56s
epoch 32 | loss: 0.31353 | val_auc: 0.78736 |  0:00:58s
epoch 33 | loss: 0.31336 | val_auc: 0.78893 |  0:00:59s
epoch 34 | loss: 0.31044 | val_auc: 0.78523 |  0:01:01s
epoch 35 | loss: 0.30616 | val_auc: 0.78268 |  0:01:03s
epoch 36 | loss: 0.30312 | val_auc: 0.77856 |  0:01:04s
epoch 37 | loss: 0.29565 | val_auc: 0.77096 |  0:01:06s

Early stopping occurred at epoch 37 with best_epoch = 22 and best_val_auc = 0.80222
epoch 0  | loss: 0.55214 | val_auc: 0.67561 |  0:00:02s
epoch 1  | loss: 0.38505 | val_auc: 0.73578 |  0:00:05s
epoch 2  | loss: 0.3642  | val_auc: 0.75289 |  0:00:08s
epoch 3  | loss: 0.35825 | val_auc: 0.75508 |  0:00:10s
epoch 4  | loss: 0.35441 | val_auc: 0.75985 |  0:00:13s
epoch 5  | loss: 0.34912 | val_auc: 0.76516 |  0:00:16s
epoch 6  | loss: 0.34988 | val_auc: 0.75315 |  0:00:18s
epoch 7  | loss: 0.34771 | val_auc: 0.76008 |  0:00:21s
epoch 8  | loss: 0.34409 | val_auc: 0.75909 |  0:00:23s
epoch 9  | loss: 0.34172 | val_auc: 0.76723 |  0:00:26s
epoch 10 | loss: 0.33973 | val_auc: 0.77059 |  0:00:28s
epoch 11 | loss: 0.3386  | val_auc: 0.78066 |  0:00:31s
epoch 12 | loss: 0.33612 | val_auc: 0.77818 |  0:00:34s
epoch 13 | loss: 0.33314 | val_auc: 0.78015 |  0:00:36s
epoch 14 | loss: 0.3328  | val_auc: 0.78321 |  0:00:39s
epoch 15 | loss: 0.33115 | val_auc: 0.77304 |  0:00:41s
epoch 16 | loss: 0.3281  | val_auc: 0.77909 |  0:00:44s
epoch 17 | loss: 0.32419 | val_auc: 0.78596 |  0:00:46s
epoch 18 | loss: 0.32299 | val_auc: 0.77661 |  0:00:49s
epoch 19 | loss: 0.32349 | val_auc: 0.76973 |  0:00:52s
epoch 20 | loss: 0.32164 | val_auc: 0.77235 |  0:00:54s
epoch 21 | loss: 0.31989 | val_auc: 0.77294 |  0:00:57s
epoch 22 | loss: 0.31785 | val_auc: 0.77271 |  0:00:59s
epoch 23 | loss: 0.31385 | val_auc: 0.76628 |  0:01:02s
epoch 24 | loss: 0.3128  | val_auc: 0.76278 |  0:01:05s
epoch 25 | loss: 0.31352 | val_auc: 0.75448 |  0:01:07s
epoch 26 | loss: 0.30649 | val_auc: 0.75225 |  0:01:10s
epoch 27 | loss: 0.30585 | val_auc: 0.75322 |  0:01:13s
epoch 28 | loss: 0.30303 | val_auc: 0.7462  |  0:01:15s
epoch 29 | loss: 0.298   | val_auc: 0.7452  |  0:01:18s
epoch 30 | loss: 0.29606 | val_auc: 0.7447  |  0:01:20s
epoch 31 | loss: 0.29229 | val_auc: 0.74563 |  0:01:23s
epoch 32 | loss: 0.28866 | val_auc: 0.74579 |  0:01:26s

Early stopping occurred at epoch 32 with best_epoch = 17 and best_val_auc = 0.78596
epoch 0  | loss: 0.49499 | val_auc: 0.6716  |  0:00:03s
epoch 1  | loss: 0.34763 | val_auc: 0.69844 |  0:00:07s16:41:55  INFO      models.tabnet_model  TabNet trained | device=mps  best_epoch=18  elapsed=119.4s
16:41:55  INFO      models.tabnet_model  TabNet model saved to /Users/harekrishna/Downloads/credit-default-xai-benchmark 2/results/outputs/prosper_temporal/runs/cutoff_2012-07_seed_99/models/tabnet.pkl
16:41:55  INFO      pipeline  ============================================================
16:41:55  INFO      pipeline  STAGE 4: Evaluation (selection on OOF; test scored once)
16:41:55  INFO      pipeline  ============================================================
16:41:55  INFO      pipeline  XGBoost | OOF AUROC=0.7259  f1*=0.2885 @ t=0.12 | test AUROC=0.6959  F1=0.2193  MCC=0.1557
16:41:56  INFO      pipeline  LightGBM | OOF AUROC=0.7232  f1*=0.2893 @ t=0.14 | test AUROC=0.7012  F1=0.2157  MCC=0.1500
16:41:56  INFO      pipeline  CatBoost | OOF AUROC=0.7201  f1*=0.2868 @ t=0.14 | test AUROC=0.6961  F1=0.1764  MCC=0.1207
16:41:56  INFO      pipeline  Random Forest | OOF AUROC=0.7215  f1*=0.2900 @ t=0.32 | test AUROC=0.6958  F1=0.2082  MCC=0.1412
16:41:57  INFO      pipeline  Logistic Reg. | OOF AUROC=0.7149  f1*=0.2850 @ t=0.45 | test AUROC=0.6561  F1=0.1866  MCC=0.1232
16:41:57  INFO      pipeline  TabNet | OOF AUROC=0.6685  f1*=0.2491 @ t=0.13 | test AUROC=0.6329  F1=0.1682  MCC=0.0939
16:41:57  INFO      pipeline  LaTeX table → /Users/harekrishna/Downloads/credit-default-xai-benchmark 2/results/outputs/prosper_temporal/runs/cutoff_2012-07_seed_99/results/table2_test_metrics.tex
16:41:57  INFO      pipeline  
                AUROC   AUPRC      F1  Precision  Recall  Specificity  G-Mean     MCC   Brier
Model                                                                                        
XGBoost        0.6959  0.1478  0.2193     0.1539  0.3812       0.8507  0.5694  0.1557  0.0601
LightGBM       0.7012  0.1495  0.2157     0.1688  0.2990       0.8951  0.5173  0.1500  0.0600
CatBoost       0.6961  0.1480  0.1764     0.1846  0.1689       0.9468  0.3999  0.1207  0.0600
Random Forest  0.6958  0.1565  0.2082     0.1611  0.2945       0.8907  0.5121  0.1412  0.0854
Logistic Reg.  0.6561  0.1093  0.1866     0.1149  0.4963       0.7275  0.6009  0.1232  0.1663
TabNet         0.6329  0.1069  0.1682     0.1268  0.2496       0.8775  0.4680  0.0939  0.0616
16:41:58  INFO      visualization.plots  Fig 2 saved → /Users/harekrishna/Downloads/credit-default-xai-benchmark 2/results/outputs/prosper_temporal/runs/cutoff_2012-07_seed_99/figures/fig02_roc_curves.pdf
16:41:58  INFO      visualization.plots  Fig 3 saved → /Users/harekrishna/Downloads/credit-default-xai-benchmark 2/results/outputs/prosper_temporal/runs/cutoff_2012-07_seed_99/figures/fig03_pr_curves.pdf
16:41:58  INFO      visualization.plots  Fig 4 saved → /Users/harekrishna/Downloads/credit-default-xai-benchmark 2/results/outputs/prosper_temporal/runs/cutoff_2012-07_seed_99/figures/fig04_confusion_xgboost.pdf
17:06:40  INFO      pipeline  Skipping TabNet in Fig 10 ablation (pass --full-ablation to include).
17:06:40  INFO      visualization.plots  Fig 10 saved → /Users/harekrishna/Downloads/credit-default-xai-benchmark 2/results/outputs/prosper_temporal/runs/cutoff_2012-07_seed_99/figures/fig10_smote_ablation.pdf
17:06:40  INFO      pipeline  ============================================================
17:06:40  INFO      pipeline  STAGE 5: SHAP Explanations
17:06:40  INFO      pipeline  ============================================================
17:06:40  INFO      explainability.shap_explainer  SHAP TreeExplainer initialised | output_space=log_odds
17:06:40  INFO      explainability.shap_explainer  SHAP values computed | shape=(2000, 63)
17:06:40  INFO      explainability.shap_explainer  SHAP additivity check | MAE=0.00000 | PASS ✓
17:06:41  INFO      explainability.shap_explainer  Saved SHAP summary → /Users/harekrishna/Downloads/credit-default-xai-benchmark 2/results/outputs/prosper_temporal/runs/cutoff_2012-07_seed_99/figures/fig05a_shap_summary_XGBoost.pdf
17:06:41  INFO      explainability.shap_explainer  Saved SHAP bar → /Users/harekrishna/Downloads/credit-default-xai-benchmark 2/results/outputs/prosper_temporal/runs/cutoff_2012-07_seed_99/figures/fig05b_shap_bar_XGBoost.pdf
17:06:41  INFO      explainability.shap_explainer  Saved SHAP dependence → /Users/harekrishna/Downloads/credit-default-xai-benchmark 2/results/outputs/prosper_temporal/runs/cutoff_2012-07_seed_99/figures/fig06_shap_dep_CreditScoreRangeLower.pdf
17:06:41  INFO      pipeline  LaTeX table → /Users/harekrishna/Downloads/credit-default-xai-benchmark 2/results/outputs/prosper_temporal/runs/cutoff_2012-07_seed_99/results/table3_shap_ranking.tex
17:06:42  INFO      visualization.plots  Fig 8 saved → /Users/harekrishna/Downloads/credit-default-xai-benchmark 2/results/outputs/prosper_temporal/runs/cutoff_2012-07_seed_99/figures/fig08_importance_comparison.pdf
17:06:43  INFO      visualization.plots  Fig 9 saved → /Users/harekrishna/Downloads/credit-default-xai-benchmark 2/results/outputs/prosper_temporal/runs/cutoff_2012-07_seed_99/figures/fig09_threshold_sweep.pdf
17:06:43  INFO      pipeline  ============================================================
17:06:43  INFO      pipeline  STAGE 6: LIME Explanations
17:06:43  INFO      pipeline  ============================================================
17:06:43  INFO      explainability.lime_explainer  LIME tabular explainer initialised | features=63
17:06:43  INFO      pipeline  Local instances selected: {'TP': 7850, 'FP': 4878, 'FN': 3985, 'TN': 6083}
17:06:43  INFO      explainability.lime_explainer  Saved LIME explanation → /Users/harekrishna/Downloads/credit-default-xai-benchmark 2/results/outputs/prosper_temporal/runs/cutoff_2012-07_seed_99/figures/fig07_tp_lime.pdf
17:06:43  INFO      explainability.lime_explainer  Saved LIME explanation → /Users/harekrishna/Downloads/credit-default-xai-benchmark 2/results/outputs/prosper_temporal/runs/cutoff_2012-07_seed_99/figures/fig07_fp_lime.pdf
17:06:43  INFO      explainability.lime_explainer  Saved LIME explanation → /Users/harekrishna/Downloads/credit-default-xai-benchmark 2/results/outputs/prosper_temporal/runs/cutoff_2012-07_seed_99/figures/fig07_fn_lime.pdf
17:06:44  INFO      explainability.lime_explainer  Saved LIME explanation → /Users/harekrishna/Downloads/credit-default-xai-benchmark 2/results/outputs/prosper_temporal/runs/cutoff_2012-07_seed_99/figures/fig07_tn_lime.pdf
17:06:44  INFO      explainability.lime_explainer  Saved LIME multi-instance grid → /Users/harekrishna/Downloads/credit-default-xai-benchmark 2/results/outputs/prosper_temporal/runs/cutoff_2012-07_seed_99/figures/fig07_lime_multi_instance.pdf
17:06:48  INFO      explainability.lime_explainer  LIME batch complete | n=200
17:06:48  INFO      explainability.lime_explainer  SHAP–LIME agreement | mean ρ=0.319 ± 0.228
17:06:48  INFO      explainability.lime_explainer  LIME tabular explainer initialised | features=63
17:06:49  INFO      explainability.lime_explainer  LIME tabular explainer initialised | features=63
17:06:49  INFO      explainability.lime_explainer  LIME tabular explainer initialised | features=63
17:06:49  INFO      explainability.lime_explainer  LIME tabular explainer initialised | features=63
17:06:50  INFO      explainability.lime_explainer  LIME tabular explainer initialised | features=63
17:06:50  INFO      explainability.lime_explainer  LIME tabular explainer initialised | features=63
17:06:51  INFO      explainability.lime_explainer  LIME tabular explainer initialised | features=63
17:06:51  INFO      explainability.lime_explainer  LIME tabular explainer initialised | features=63
17:06:51  INFO      explainability.lime_explainer  LIME tabular explainer initialised | features=63
17:06:52  INFO      explainability.lime_explainer  LIME tabular explainer initialised | features=63
17:06:52  INFO      explainability.lime_explainer  LIME tabular explainer initialised | features=63
17:06:52  INFO      explainability.lime_explainer  LIME tabular explainer initialised | features=63
17:06:53  INFO      explainability.lime_explainer  LIME tabular explainer initialised | features=63
17:06:53  INFO      explainability.lime_explainer  LIME tabular explainer initialised | features=63
17:06:53  INFO      explainability.lime_explainer  LIME tabular explainer initialised | features=63
17:06:54  INFO      explainability.lime_explainer  LIME tabular explainer initialised | features=63
17:06:54  INFO      explainability.lime_explainer  LIME tabular explainer initialised | features=63
17:06:55  INFO      explainability.lime_explainer  LIME tabular explainer initialised | features=63
17:06:55  INFO      explainability.lime_explainer  LIME tabular explainer initialised | features=63
17:06:55  INFO      explainability.lime_explainer  LIME tabular explainer initialised | features=63
17:06:56  INFO      explainability.lime_explainer  LIME tabular explainer initialised | features=63
17:06:56  INFO      explainability.lime_explainer  LIME tabular explainer initialised | features=63
17:06:56  INFO      explainability.lime_explainer  LIME tabular explainer initialised | features=63
17:06:57  INFO      explainability.lime_explainer  LIME tabular explainer initialised | features=63
17:06:57  INFO      explainability.lime_explainer  LIME tabular explainer initialised | features=63
17:06:58  INFO      explainability.lime_explainer  LIME tabular explainer initialised | features=63
17:06:58  INFO      explainability.lime_explainer  LIME tabular explainer initialised | features=63
17:06:59  INFO      explainability.lime_explainer  LIME tabular explainer initialised | features=63
17:06:59  INFO      explainability.lime_explainer  LIME tabular explainer initialised | features=63
17:06:59  INFO      explainability.lime_explainer  LIME tabular explainer initialised | features=63
17:07:00  INFO      explainability.lime_explainer  LIME tabular explainer initialised | features=63
17:07:00  INFO      explainability.lime_explainer  LIME tabular explainer initialised | features=63
17:07:00  INFO      explainability.lime_explainer  LIME tabular explainer initialised | features=63
17:07:01  INFO      explainability.lime_explainer  LIME tabular explainer initialised | features=63
17:07:01  INFO      explainability.lime_explainer  LIME tabular explainer initialised | features=63
17:07:02  INFO      explainability.lime_explainer  LIME tabular explainer initialised | features=63
17:07:02  INFO      explainability.lime_explainer  LIME tabular explainer initialised | features=63
17:07:02  INFO      explainability.lime_explainer  LIME tabular explainer initialised | features=63
17:07:03  INFO      explainability.lime_explainer  LIME tabular explainer initialised | features=63
17:07:03  INFO      explainability.lime_explainer  LIME tabular explainer initialised | features=63
17:07:03  INFO      explainability.lime_explainer  LIME tabular explainer initialised | features=63
17:07:04  INFO      explainability.lime_explainer  LIME tabular explainer initialised | features=63
17:07:04  INFO      explainability.lime_explainer  LIME tabular explainer initialised | features=63
17:07:04  INFO      explainability.lime_explainer  LIME tabular explainer initialised | features=63
17:07:05  INFO      explainability.lime_explainer  LIME tabular explainer initialised | features=63
17:07:05  INFO      explainability.lime_explainer  LIME tabular explainer initialised | features=63
17:07:06  INFO      explainability.lime_explainer  LIME tabular explainer initialised | features=63
17:07:06  INFO      explainability.lime_explainer  LIME tabular explainer initialised | features=63
17:07:06  INFO      explainability.lime_explainer  LIME tabular explainer initialised | features=63
17:07:07  INFO      explainability.lime_explainer  LIME tabular explainer initialised | features=63
17:07:07  INFO      explainability.lime_explainer  LIME tabular explainer initialised | features=63
17:07:07  INFO      explainability.lime_explainer  LIME tabular explainer initialised | features=63
17:07:08  INFO      explainability.lime_explainer  LIME tabular explainer initialised | features=63
17:07:08  INFO      explainability.lime_explainer  LIME tabular explainer initialised | features=63
17:07:09  INFO      explainability.lime_explainer  LIME tabular explainer initialised | features=63
17:07:09  INFO      explainability.lime_explainer  LIME tabular explainer initialised | features=63
17:07:09  INFO      explainability.lime_explainer  LIME tabular explainer initialised | features=63
17:07:10  INFO      explainability.lime_explainer  LIME tabular explainer initialised | features=63
17:07:10  INFO      explainability.lime_explainer  LIME tabular explainer initialised | features=63
17:07:11  INFO      explainability.lime_explainer  LIME tabular explainer initialised | features=63
17:07:11  INFO      explainability.lime_explainer  LIME tabular explainer initialised | features=63
17:07:11  INFO      explainability.lime_explainer  LIME tabular explainer initialised | features=63
17:07:12  INFO      explainability.lime_explainer  LIME tabular explainer initialised | features=63
17:07:12  INFO      explainability.lime_explainer  LIME tabular explainer initialised | features=63
17:07:12  INFO      explainability.lime_explainer  LIME tabular explainer initialised | features=63
17:07:13  INFO      explainability.lime_explainer  LIME tabular explainer initialised | features=63
17:07:13  INFO      explainability.lime_explainer  LIME tabular explainer initialised | features=63
17:07:13  INFO      explainability.lime_explainer  LIME tabular explainer initialised | features=63
17:07:14  INFO      explainability.lime_explainer  LIME tabular explainer initialised | features=63
17:07:14  INFO      explainability.lime_explainer  LIME tabular explainer initialised | features=63
17:07:15  INFO      explainability.lime_explainer  LIME tabular explainer initialised | features=63
17:07:15  INFO      explainability.lime_explainer  LIME tabular explainer initialised | features=63
17:07:15  INFO      explainability.lime_explainer  LIME tabular explainer initialised | features=63
17:07:16  INFO      explainability.lime_explainer  LIME tabular explainer initialised | features=63
17:07:16  INFO      explainability.lime_explainer  LIME tabular explainer initialised | features=63
17:07:16  INFO      explainability.lime_explainer  LIME tabular explainer initialised | features=63
17:07:17  INFO      explainability.lime_explainer  LIME tabular explainer initialised | features=63
17:07:17  INFO      explainability.lime_explainer  LIME tabular explainer initialised | features=63
17:07:18  INFO      explainability.lime_explainer  LIME tabular explainer initialised | features=63
17:07:18  INFO      explainability.lime_explainer  LIME tabular explainer initialised | features=63
17:07:18  INFO      explainability.lime_explainer  LIME tabular explainer initialised | features=63
17:07:19  INFO      explainability.lime_explainer  LIME tabular explainer initialised | features=63
17:07:19  INFO      explainability.lime_explainer  LIME tabular explainer initialised | features=63
17:07:19  INFO      explainability.lime_explainer  LIME tabular explainer initialised | features=63
17:07:20  INFO      explainability.lime_explainer  LIME tabular explainer initialised | features=63
17:07:20  INFO      explainability.lime_explainer  LIME tabular explainer initialised | features=63
17:07:21  INFO      explainability.lime_explainer  LIME tabular explainer initialised | features=63
17:07:21  INFO      explainability.lime_explainer  LIME tabular explainer initialised | features=63
17:07:21  INFO      explainability.lime_explainer  LIME tabular explainer initialised | features=63
17:07:22  INFO      explainability.lime_explainer  LIME tabular explainer initialised | features=63
17:07:22  INFO      explainability.lime_explainer  LIME tabular explainer initialised | features=63
17:07:22  INFO      explainability.lime_explainer  LIME tabular explainer initialised | features=63
17:07:23  INFO      explainability.lime_explainer  LIME tabular explainer initialised | features=63
17:07:23  INFO      explainability.lime_explainer  LIME tabular explainer initialised | features=63
17:07:23  INFO      explainability.lime_explainer  LIME tabular explainer initialised | features=63
17:07:24  INFO      explainability.lime_explainer  LIME tabular explainer initialised | features=63
17:07:24  INFO      explainability.lime_explainer  LIME tabular explainer initialised | features=63
17:07:25  INFO      explainability.lime_explainer  LIME tabular explainer initialised | features=63
17:07:25  INFO      explainability.lime_explainer  LIME tabular explainer initialised | features=63
17:07:25  INFO      explainability.lime_explainer  LIME tabular explainer initialised | features=63
17:07:26  INFO      explainability.lime_explainer  LIME tabular explainer initialised | features=63
17:07:26  INFO      explainability.lime_explainer  LIME tabular explainer initialised | features=63
17:07:26  INFO      explainability.lime_explainer  LIME tabular explainer initialised | features=63
17:07:27  INFO      explainability.lime_explainer  LIME tabular explainer initialised | features=63
17:07:27  INFO      explainability.lime_explainer  LIME tabular explainer initialised | features=63
17:07:28  INFO      explainability.lime_explainer  LIME tabular explainer initialised | features=63
17:07:28  INFO      explainability.lime_explainer  LIME tabular explainer initialised | features=63
17:07:28  INFO      explainability.lime_explainer  LIME tabular explainer initialised | features=63
17:07:29  INFO      explainability.lime_explainer  LIME tabular explainer initialised | features=63
17:07:29  INFO      explainability.lime_explainer  LIME tabular explainer initialised | features=63
17:07:30  INFO      explainability.lime_explainer  LIME tabular explainer initialised | features=63
17:07:30  INFO      explainability.lime_explainer  LIME tabular explainer initialised | features=63
17:07:30  INFO      explainability.lime_explainer  LIME tabular explainer initialised | features=63
17:07:31  INFO      explainability.lime_explainer  LIME tabular explainer initialised | features=63
17:07:31  INFO      explainability.lime_explainer  LIME tabular explainer initialised | features=63
17:07:31  INFO      explainability.lime_explainer  LIME tabular explainer initialised | features=63
17:07:32  INFO      explainability.lime_explainer  LIME tabular explainer initialised | features=63
17:07:32  INFO      explainability.lime_explainer  LIME tabular explainer initialised | features=63
17:07:33  INFO      explainability.lime_explainer  LIME tabular explainer initialised | features=63
17:07:33  INFO      explainability.lime_explainer  LIME tabular explainer initialised | features=63
17:07:33  INFO      explainability.lime_explainer  LIME tabular explainer initialised | features=63
17:07:34  INFO      explainability.lime_explainer  LIME tabular explainer initialised | features=63
17:07:34  INFO      explainability.lime_explainer  LIME tabular explainer initialised | features=63
17:07:34  INFO      explainability.lime_explainer  LIME tabular explainer initialised | features=63
17:07:35  INFO      explainability.lime_explainer  LIME tabular explainer initialised | features=63
17:07:35  INFO      explainability.lime_explainer  LIME tabular explainer initialised | features=63
17:07:36  INFO      explainability.lime_explainer  LIME tabular explainer initialised | features=63
17:07:36  INFO      explainability.lime_explainer  LIME tabular explainer initialised | features=63
17:07:36  INFO      explainability.lime_explainer  LIME tabular explainer initialised | features=63
17:07:37  INFO      explainability.lime_explainer  LIME tabular explainer initialised | features=63
17:07:37  INFO      explainability.lime_explainer  LIME tabular explainer initialised | features=63
17:07:37  INFO      explainability.lime_explainer  LIME tabular explainer initialised | features=63
17:07:38  INFO      explainability.lime_explainer  LIME tabular explainer initialised | features=63
17:07:38  INFO      explainability.lime_explainer  LIME tabular explainer initialised | features=63
17:07:38  INFO      explainability.lime_explainer  LIME tabular explainer initialised | features=63
17:07:39  INFO      explainability.lime_explainer  LIME tabular explainer initialised | features=63
17:07:39  INFO      explainability.lime_explainer  LIME tabular explainer initialised | features=63
17:07:40  INFO      explainability.lime_explainer  LIME tabular explainer initialised | features=63
17:07:40  INFO      explainability.lime_explainer  LIME tabular explainer initialised | features=63
17:07:40  INFO      explainability.lime_explainer  LIME tabular explainer initialised | features=63
17:07:41  INFO      explainability.lime_explainer  LIME tabular explainer initialised | features=63
17:07:41  INFO      explainability.lime_explainer  LIME tabular explainer initialised | features=63
17:07:41  INFO      explainability.lime_explainer  LIME tabular explainer initialised | features=63
17:07:42  INFO      explainability.lime_explainer  LIME tabular explainer initialised | features=63
17:07:42  INFO      explainability.lime_explainer  LIME tabular explainer initialised | features=63
17:07:43  INFO      explainability.lime_explainer  LIME tabular explainer initialised | features=63
17:07:43  INFO      explainability.lime_explainer  LIME tabular explainer initialised | features=63
17:07:43  INFO      explainability.lime_explainer  LIME tabular explainer initialised | features=63
17:07:44  INFO      explainability.lime_explainer  LIME tabular explainer initialised | features=63
17:07:44  INFO      explainability.lime_explainer  LIME tabular explainer initialised | features=63
17:07:44  INFO      explainability.lime_explainer  LIME tabular explainer initialised | features=63
17:07:45  INFO      explainability.lime_explainer  LIME tabular explainer initialised | features=63
17:07:45  INFO      explainability.lime_explainer  LIME tabular explainer initialised | features=63
17:07:45  INFO      explainability.lime_explainer  LIME tabular explainer initialised | features=63
17:07:46  INFO      explainability.lime_explainer  LIME tabular explainer initialised | features=63
17:07:46  INFO      explainability.lime_explainer  LIME tabular explainer initialised | features=63
17:07:47  INFO      explainability.lime_explainer  LIME tabular explainer initialised | features=63
17:07:47  INFO      explainability.lime_explainer  LIME tabular explainer initialised | features=63
17:07:47  INFO      explainability.lime_explainer  LIME tabular explainer initialised | features=63
17:07:48  INFO      explainability.lime_explainer  LIME tabular explainer initialised | features=63
17:07:48  INFO      explainability.lime_explainer  LIME tabular explainer initialised | features=63
17:07:48  INFO      explainability.lime_explainer  LIME tabular explainer initialised | features=63
17:07:49  INFO      explainability.lime_explainer  LIME tabular explainer initialised | features=63
17:07:49  INFO      explainability.lime_explainer  LIME tabular explainer initialised | features=63
17:07:50  INFO      explainability.lime_explainer  LIME tabular explainer initialised | features=63
17:07:50  INFO      explainability.lime_explainer  LIME tabular explainer initialised | features=63
17:07:50  INFO      explainability.lime_explainer  LIME tabular explainer initialised | features=63
17:07:51  INFO      explainability.lime_explainer  LIME tabular explainer initialised | features=63
17:07:51  INFO      explainability.lime_explainer  LIME tabular explainer initialised | features=63
17:07:51  INFO      explainability.lime_explainer  LIME tabular explainer initialised | features=63
17:07:52  INFO      explainability.lime_explainer  LIME tabular explainer initialised | features=63
17:07:52  INFO      explainability.lime_explainer  LIME tabular explainer initialised | features=63
17:07:52  INFO      explainability.lime_explainer  LIME tabular explainer initialised | features=63
17:07:53  INFO      explainability.lime_explainer  LIME tabular explainer initialised | features=63
17:07:53  INFO      explainability.lime_explainer  LIME tabular explainer initialised | features=63
17:07:54  INFO      explainability.lime_explainer  LIME tabular explainer initialised | features=63
17:07:54  INFO      explainability.lime_explainer  LIME tabular explainer initialised | features=63
17:07:54  INFO      explainability.lime_explainer  LIME tabular explainer initialised | features=63
17:07:55  INFO      explainability.lime_explainer  LIME tabular explainer initialised | features=63
17:07:55  INFO      explainability.lime_explainer  LIME tabular explainer initialised | features=63
17:07:56  INFO      explainability.lime_explainer  LIME tabular explainer initialised | features=63
17:07:56  INFO      explainability.lime_explainer  LIME tabular explainer initialised | features=63
17:07:56  INFO      explainability.lime_explainer  LIME tabular explainer initialised | features=63
17:07:57  INFO      explainability.lime_explainer  LIME tabular explainer initialised | features=63
17:07:57  INFO      explainability.lime_explainer  LIME tabular explainer initialised | features=63
17:07:57  INFO      explainability.lime_explainer  LIME tabular explainer initialised | features=63
17:07:58  INFO      explainability.lime_explainer  LIME tabular explainer initialised | features=63
17:07:58  INFO      explainability.lime_explainer  LIME tabular explainer initialised | features=63
17:07:58  INFO      explainability.lime_explainer  LIME tabular explainer initialised | features=63
17:07:59  INFO      explainability.lime_explainer  LIME tabular explainer initialised | features=63
17:07:59  INFO      explainability.lime_explainer  LIME tabular explainer initialised | features=63
17:08:00  INFO      explainability.lime_explainer  LIME tabular explainer initialised | features=63
17:08:00  INFO      explainability.lime_explainer  LIME tabular explainer initialised | features=63
17:08:00  INFO      explainability.lime_explainer  LIME tabular explainer initialised | features=63
17:08:01  INFO      explainability.lime_explainer  LIME tabular explainer initialised | features=63
17:08:01  INFO      explainability.lime_explainer  LIME tabular explainer initialised | features=63
17:08:01  INFO      explainability.lime_explainer  LIME tabular explainer initialised | features=63
17:08:02  INFO      explainability.lime_explainer  LIME tabular explainer initialised | features=63
17:08:02  INFO      explainability.lime_explainer  LIME tabular explainer initialised | features=63
17:08:03  INFO      explainability.lime_explainer  LIME tabular explainer initialised | features=63
17:08:03  INFO      explainability.lime_explainer  LIME tabular explainer initialised | features=63
17:08:03  INFO      explainability.lime_explainer  LIME tabular explainer initialised | features=63
17:08:04  INFO      explainability.lime_explainer  LIME tabular explainer initialised | features=63
17:08:04  INFO      explainability.lime_explainer  LIME tabular explainer initialised | features=63
17:08:04  INFO      explainability.lime_explainer  LIME tabular explainer initialised | features=63
17:08:05  INFO      explainability.lime_explainer  LIME tabular explainer initialised | features=63
17:08:05  INFO      explainability.lime_explainer  LIME tabular explainer initialised | features=63
17:08:05  INFO      explainability.lime_explainer  LIME tabular explainer initialised | features=63
17:08:06  INFO      explainability.lime_explainer  LIME tabular explainer initialised | features=63
17:08:06  INFO      explainability.lime_explainer  LIME tabular explainer initialised | features=63
17:08:07  INFO      explainability.lime_explainer  LIME tabular explainer initialised | features=63
17:08:07  INFO      explainability.lime_explainer  LIME tabular explainer initialised | features=63
17:08:07  INFO      explainability.lime_explainer  LIME tabular explainer initialised | features=63
17:08:08  INFO      explainability.lime_explainer  LIME tabular explainer initialised | features=63
17:08:08  INFO      explainability.lime_explainer  LIME tabular explainer initialised | features=63
17:08:08  INFO      explainability.lime_explainer  LIME tabular explainer initialised | features=63
17:08:09  INFO      explainability.lime_explainer  LIME tabular explainer initialised | features=63
17:08:09  INFO      explainability.lime_explainer  LIME tabular explainer initialised | features=63
17:08:10  INFO      explainability.lime_explainer  LIME tabular explainer initialised | features=63
17:08:10  INFO      explainability.lime_explainer  LIME tabular explainer initialised | features=63
17:08:10  INFO      explainability.lime_explainer  LIME tabular explainer initialised | features=63
17:08:11  INFO      explainability.lime_explainer  LIME tabular explainer initialised | features=63
17:08:11  INFO      explainability.lime_explainer  LIME tabular explainer initialised | features=63
17:08:11  INFO      explainability.lime_explainer  LIME tabular explainer initialised | features=63
17:08:12  INFO      explainability.lime_explainer  LIME tabular explainer initialised | features=63
17:08:12  INFO      explainability.lime_explainer  LIME tabular explainer initialised | features=63
17:08:12  INFO      explainability.lime_explainer  LIME tabular explainer initialised | features=63
17:08:13  INFO      explainability.lime_explainer  LIME tabular explainer initialised | features=63
17:08:13  INFO      explainability.lime_explainer  LIME tabular explainer initialised | features=63
17:08:14  INFO      explainability.lime_explainer  LIME tabular explainer initialised | features=63
17:08:14  INFO      explainability.lime_explainer  LIME tabular explainer initialised | features=63
17:08:14  INFO      explainability.lime_explainer  LIME tabular explainer initialised | features=63
17:08:15  INFO      explainability.lime_explainer  LIME tabular explainer initialised | features=63
17:08:15  INFO      explainability.lime_explainer  LIME tabular explainer initialised | features=63
17:08:15  INFO      explainability.lime_explainer  LIME tabular explainer initialised | features=63
17:08:16  INFO      explainability.lime_explainer  LIME tabular explainer initialised | features=63
17:08:16  INFO      explainability.lime_explainer  LIME tabular explainer initialised | features=63
17:08:17  INFO      explainability.lime_explainer  LIME tabular explainer initialised | features=63
17:08:17  INFO      explainability.lime_explainer  LIME tabular explainer initialised | features=63
17:08:17  INFO      explainability.lime_explainer  LIME tabular explainer initialised | features=63
17:08:18  INFO      explainability.lime_explainer  LIME tabular explainer initialised | features=63
17:08:18  INFO      explainability.lime_explainer  LIME tabular explainer initialised | features=63
17:08:18  INFO      explainability.lime_explainer  LIME tabular explainer initialised | features=63
17:08:19  INFO      explainability.lime_explainer  LIME tabular explainer initialised | features=63
17:08:19  INFO      explainability.lime_explainer  LIME tabular explainer initialised | features=63
17:08:19  INFO      explainability.lime_explainer  LIME tabular explainer initialised | features=63
17:08:20  INFO      explainability.lime_explainer  LIME tabular explainer initialised | features=63
17:08:20  INFO      explainability.lime_explainer  LIME tabular explainer initialised | features=63
17:08:21  INFO      explainability.lime_explainer  LIME tabular explainer initialised | features=63
17:08:21  INFO      explainability.lime_explainer  LIME tabular explainer initialised | features=63
17:08:21  INFO      explainability.lime_explainer  LIME tabular explainer initialised | features=63
17:08:22  INFO      explainability.lime_explainer  LIME tabular explainer initialised | features=63
17:08:22  INFO      explainability.lime_explainer  LIME tabular explainer initialised | features=63
17:08:22  INFO      explainability.lime_explainer  LIME tabular explainer initialised | features=63
17:08:23  INFO      explainability.lime_explainer  LIME tabular explainer initialised | features=63
17:08:23  INFO      explainability.lime_explainer  LIME tabular explainer initialised | features=63
17:08:24  INFO      explainability.lime_explainer  LIME tabular explainer initialised | features=63
17:08:24  INFO      explainability.lime_explainer  LIME tabular explainer initialised | features=63
17:08:24  INFO      explainability.lime_explainer  LIME tabular explainer initialised | features=63
17:08:25  INFO      explainability.lime_explainer  LIME tabular explainer initialised | features=63
17:08:25  INFO      explainability.lime_explainer  LIME tabular explainer initialised | features=63
17:08:25  INFO      explainability.lime_explainer  LIME tabular explainer initialised | features=63
17:08:26  INFO      explainability.lime_explainer  LIME tabular explainer initialised | features=63
17:08:26  INFO      explainability.lime_explainer  LIME tabular explainer initialised | features=63
17:08:26  INFO      explainability.lime_explainer  LIME tabular explainer initialised | features=63
17:08:27  INFO      explainability.lime_explainer  LIME tabular explainer initialised | features=63
17:08:27  INFO      explainability.lime_explainer  LIME tabular explainer initialised | features=63
17:08:28  INFO      explainability.lime_explainer  LIME tabular explainer initialised | features=63
17:08:28  INFO      explainability.lime_explainer  LIME tabular explainer initialised | features=63
17:08:28  INFO      explainability.lime_explainer  LIME tabular explainer initialised | features=63
17:08:29  INFO      explainability.lime_explainer  LIME tabular explainer initialised | features=63
17:08:29  INFO      explainability.lime_explainer  LIME tabular explainer initialised | features=63
17:08:30  INFO      explainability.lime_explainer  LIME tabular explainer initialised | features=63
17:08:30  INFO      explainability.lime_explainer  LIME tabular explainer initialised | features=63
17:08:30  INFO      explainability.lime_explainer  LIME tabular explainer initialised | features=63
17:08:31  INFO      explainability.lime_explainer  LIME tabular explainer initialised | features=63
17:08:31  INFO      explainability.lime_explainer  LIME tabular explainer initialised | features=63
17:08:31  INFO      explainability.lime_explainer  LIME tabular explainer initialised | features=63
17:08:32  INFO      explainability.lime_explainer  LIME tabular explainer initialised | features=63
17:08:32  INFO      explainability.lime_explainer  LIME tabular explainer initialised | features=63
17:08:33  INFO      explainability.lime_explainer  LIME tabular explainer initialised | features=63
17:08:33  INFO      explainability.lime_explainer  LIME tabular explainer initialised | features=63
17:08:33  INFO      explainability.lime_explainer  LIME tabular explainer initialised | features=63
17:08:34  INFO      explainability.lime_explainer  LIME tabular explainer initialised | features=63
17:08:34  INFO      explainability.lime_explainer  LIME tabular explainer initialised | features=63
17:08:34  INFO      explainability.lime_explainer  LIME tabular explainer initialised | features=63
17:08:35  INFO      explainability.lime_explainer  LIME tabular explainer initialised | features=63
17:08:35  INFO      explainability.lime_explainer  LIME tabular explainer initialised | features=63
17:08:35  INFO      explainability.lime_explainer  LIME tabular explainer initialised | features=63
17:08:36  INFO      explainability.lime_explainer  LIME tabular explainer initialised | features=63
17:08:36  INFO      explainability.lime_explainer  LIME tabular explainer initialised | features=63
17:08:37  INFO      explainability.lime_explainer  LIME tabular explainer initialised | features=63
17:08:37  INFO      explainability.lime_explainer  LIME tabular explainer initialised | features=63
17:08:38  INFO      explainability.lime_explainer  LIME tabular explainer initialised | features=63
17:08:38  INFO      explainability.lime_explainer  LIME tabular explainer initialised | features=63
17:08:38  INFO      explainability.lime_explainer  LIME tabular explainer initialised | features=63
17:08:39  INFO      explainability.lime_explainer  LIME tabular explainer initialised | features=63
17:08:39  INFO      explainability.lime_explainer  LIME tabular explainer initialised | features=63
17:08:40  INFO      explainability.lime_explainer  LIME tabular explainer initialised | features=63
17:08:40  INFO      explainability.lime_explainer  LIME tabular explainer initialised | features=63
17:08:40  INFO      pipeline  LaTeX table → /Users/harekrishna/Downloads/credit-default-xai-benchmark 2/results/outputs/prosper_temporal/runs/cutoff_2012-07_seed_99/results/table5_explanation_quality.tex
17:08:40  INFO      pipeline  LaTeX table → /Users/harekrishna/Downloads/credit-default-xai-benchmark 2/results/outputs/prosper_temporal/runs/cutoff_2012-07_seed_99/results/table4_shap_lime_agreement.tex
17:08:40  INFO      pipeline  ============================================================
17:08:40  INFO      pipeline  STAGE 7: Revision Analyses
17:08:40  INFO      pipeline  ============================================================
17:12:37  INFO      pipeline  RUN cutoff_2012-07_seed_99 COMPLETE | champion XGBoost | OOF AUROC 0.7259 | test AUROC 0.6959
17:12:37  INFO      pipeline  Multi-run summary -> /Users/harekrishna/Downloads/credit-default-xai-benchmark 2/results/outputs/prosper_temporal/runs/summary
17:12:37  INFO      pipeline  ALL RUNS COMPLETE | runs=['cutoff_2010-01_seed_42', 'cutoff_2010-01_seed_99', 'cutoff_2010-07_seed_42', 'cutoff_2010-07_seed_99', 'cutoff_2011-01_seed_42', 'cutoff_2011-01_seed_99', 'cutoff_2011-07_seed_42', 'cutoff_2011-07_seed_99', 'cutoff_2012-01_seed_42', 'cutoff_2012-01_seed_99', 'cutoff_2012-07_seed_42', 'cutoff_2012-07_seed_99']

epoch 2  | loss: 0.33961 | val_auc: 0.72642 |  0:00:10s
epoch 3  | loss: 0.33217 | val_auc: 0.73555 |  0:00:13s
epoch 4  | loss: 0.32468 | val_auc: 0.74883 |  0:00:17s
epoch 5  | loss: 0.32327 | val_auc: 0.7515  |  0:00:20s
epoch 6  | loss: 0.32222 | val_auc: 0.76    |  0:00:24s
epoch 7  | loss: 0.31938 | val_auc: 0.76248 |  0:00:27s
epoch 8  | loss: 0.31939 | val_auc: 0.76607 |  0:00:30s
epoch 9  | loss: 0.31633 | val_auc: 0.77909 |  0:00:34s
epoch 10 | loss: 0.3142  | val_auc: 0.77167 |  0:00:38s
epoch 11 | loss: 0.31451 | val_auc: 0.76982 |  0:00:41s
epoch 12 | loss: 0.31359 | val_auc: 0.77471 |  0:00:44s
epoch 13 | loss: 0.31097 | val_auc: 0.77168 |  0:00:48s
epoch 14 | loss: 0.30958 | val_auc: 0.77619 |  0:00:51s
epoch 15 | loss: 0.30768 | val_auc: 0.77438 |  0:00:54s
epoch 16 | loss: 0.30661 | val_auc: 0.77775 |  0:00:58s
epoch 17 | loss: 0.30511 | val_auc: 0.77666 |  0:01:01s
epoch 18 | loss: 0.30351 | val_auc: 0.78559 |  0:01:04s
epoch 19 | loss: 0.30111 | val_auc: 0.77985 |  0:01:08s
epoch 20 | loss: 0.29929 | val_auc: 0.77847 |  0:01:12s
epoch 21 | loss: 0.29969 | val_auc: 0.78459 |  0:01:15s
epoch 22 | loss: 0.29575 | val_auc: 0.77891 |  0:01:19s
epoch 23 | loss: 0.29249 | val_auc: 0.77085 |  0:01:22s
epoch 24 | loss: 0.29566 | val_auc: 0.77549 |  0:01:25s
epoch 25 | loss: 0.29469 | val_auc: 0.77155 |  0:01:29s
epoch 26 | loss: 0.29021 | val_auc: 0.77586 |  0:01:33s
epoch 27 | loss: 0.28709 | val_auc: 0.77625 |  0:01:36s
epoch 28 | loss: 0.28323 | val_auc: 0.77564 |  0:01:40s
epoch 29 | loss: 0.28079 | val_auc: 0.76918 |  0:01:43s
epoch 30 | loss: 0.28011 | val_auc: 0.76959 |  0:01:46s
epoch 31 | loss: 0.27716 | val_auc: 0.76243 |  0:01:50s
epoch 32 | loss: 0.2735  | val_auc: 0.76503 |  0:01:53s
epoch 33 | loss: 0.27025 | val_auc: 0.76181 |  0:01:56s

Early stopping occurred at epoch 33 with best_epoch = 18 and best_val_auc = 0.78559
Successfully saved model at /Users/harekrishna/Downloads/credit-default-xai-benchmark 2/results/outputs/prosper_temporal/runs/cutoff_2012-07_seed_99/models/tabnet.pkl.zip
