22:59:21  INFO      pipeline  ╔══════════════════════════════════════════════╗
22:59:21  INFO      pipeline  ║  Credit Default Prediction with XAI         ║
22:59:21  INFO      pipeline  ║  Dataset: south_german                       ║
22:59:21  INFO      pipeline  ║  Seed: 42                                    ║
22:59:21  INFO      pipeline  ╚══════════════════════════════════════════════╝
22:59:21  INFO      pipeline  ============================================================
22:59:21  INFO      pipeline  STAGE 1: Data Loading & Feature Engineering
22:59:21  INFO      pipeline  ============================================================
22:59:21  INFO      data.data_loader  Skipping UCI-specific engineered features; required columns not present.
22:59:21  INFO      data.data_loader  Skipping UCI-specific engineered features; required columns not present.
22:59:21  INFO      data.data_loader  Skipping UCI-specific engineered features; required columns not present.
22:59:21  INFO      data.data_loader  Dataset loaded | train=700  val=100  test=200 | default rate  train=30.00%  test=30.00%
22:59:21  INFO      pipeline  Imbalance stats: {
  "n_total": 700,
  "n_majority": 490,
  "n_minority": 210,
  "imbalance_ratio": 2.3333,
  "minority_pct": 30.0
}
22:59:22  INFO      visualization.plots  Fig 1 saved → /Users/harekrishna/Downloads/discover_ai_credit_experiment_v2/results/outputs/south_german/runs/seed_42/figures/fig01_class_distribution.pdf
22:59:22  INFO      pipeline  ============================================================
22:59:22  INFO      pipeline  STAGE 2: SMOTE Strategy Ablation
22:59:22  INFO      pipeline  ============================================================
22:59:22  INFO      preprocessing.imbalance_handler  Before resampling | class 0: 490 (70.0%)  class 1: 210 (30.0%)  IR=2.33
22:59:22  INFO      preprocessing.imbalance_handler  After SMOTE | class 0: 490 (50.0%)  class 1: 490 (50.0%)  IR=1.00
22:59:22  INFO      preprocessing.imbalance_handler  Before resampling | class 0: 490 (70.0%)  class 1: 210 (30.0%)  IR=2.33
22:59:22  INFO      preprocessing.imbalance_handler  After BorderlineSMOTE | class 0: 490 (50.0%)  class 1: 490 (50.0%)  IR=1.00
22:59:22  INFO      preprocessing.imbalance_handler  Before resampling | class 0: 490 (70.0%)  class 1: 210 (30.0%)  IR=2.33
22:59:22  INFO      preprocessing.imbalance_handler  After SVMSMOTE | class 0: 490 (50.0%)  class 1: 490 (50.0%)  IR=1.00
22:59:22  INFO      preprocessing.imbalance_handler  Before resampling | class 0: 490 (70.0%)  class 1: 210 (30.0%)  IR=2.33
22:59:22  INFO      preprocessing.imbalance_handler  After ADASYN | class 0: 490 (50.8%)  class 1: 474 (49.2%)  IR=1.03
22:59:22  INFO      preprocessing.imbalance_handler  Before resampling | class 0: 490 (70.0%)  class 1: 210 (30.0%)  IR=2.33
22:59:22  INFO      preprocessing.imbalance_handler  No resampling applied.
22:59:22  INFO      pipeline  Ablation | strategy=SMOTE | n=980
22:59:23  INFO      models.gradient_boosting  LightGBM trained | best_iteration=241
22:59:23  INFO      pipeline  Ablation | strategy=BorderlineSMOTE | n=980
22:59:23  INFO      models.gradient_boosting  LightGBM trained | best_iteration=106
22:59:23  INFO      pipeline  Ablation | strategy=SVMSMOTE | n=980
22:59:24  INFO      models.gradient_boosting  LightGBM trained | best_iteration=184
22:59:24  INFO      pipeline  Ablation | strategy=ADASYN | n=964
22:59:25  INFO      models.gradient_boosting  LightGBM trained | best_iteration=130
22:59:25  INFO      pipeline  Ablation | strategy=None | n=700
22:59:25  INFO      models.gradient_boosting  LightGBM trained | best_iteration=109
22:59:25  INFO      pipeline  Best SMOTE strategy (validation AUROC): SVMSMOTE → 0.8919  [model used: LightGBM]
22:59:25  INFO      pipeline  ============================================================
22:59:25  INFO      pipeline  STAGE 3: Model Training
22:59:25  INFO      pipeline  ============================================================
22:59:25  INFO      pipeline  Training XGBoost …
22:59:25  INFO      pipeline  RandomizedSearchCV | model=XGBoost seed=42 n_iter=12 cv=3 scoring=roc_auc
22:59:26  INFO      models.gradient_boosting  XGBoost trained | best_iteration=N/A
22:59:27  INFO      models.gradient_boosting  XGBoost trained | best_iteration=N/A
22:59:27  INFO      models.gradient_boosting  XGBoost trained | best_iteration=N/A
22:59:29  INFO      models.gradient_boosting  XGBoost trained | best_iteration=N/A
22:59:30  INFO      models.gradient_boosting  XGBoost trained | best_iteration=N/A
22:59:31  INFO      models.gradient_boosting  XGBoost trained | best_iteration=N/A
22:59:32  INFO      models.gradient_boosting  XGBoost trained | best_iteration=N/A
22:59:33  INFO      models.gradient_boosting  XGBoost trained | best_iteration=N/A
22:59:34  INFO      models.gradient_boosting  XGBoost trained | best_iteration=N/A
22:59:35  INFO      models.gradient_boosting  XGBoost trained | best_iteration=N/A
22:59:36  INFO      models.gradient_boosting  XGBoost trained | best_iteration=N/A
22:59:37  INFO      models.gradient_boosting  XGBoost trained | best_iteration=N/A
22:59:37  INFO      models.gradient_boosting  XGBoost trained | best_iteration=N/A
22:59:38  INFO      models.gradient_boosting  XGBoost trained | best_iteration=N/A
22:59:39  INFO      models.gradient_boosting  XGBoost trained | best_iteration=N/A
22:59:41  INFO      models.gradient_boosting  XGBoost trained | best_iteration=N/A
22:59:42  INFO      models.gradient_boosting  XGBoost trained | best_iteration=N/A
22:59:45  INFO      models.gradient_boosting  XGBoost trained | best_iteration=N/A
22:59:48  INFO      models.gradient_boosting  XGBoost trained | best_iteration=N/A
22:59:49  INFO      models.gradient_boosting  XGBoost trained | best_iteration=N/A
22:59:51  INFO      models.gradient_boosting  XGBoost trained | best_iteration=N/A
22:59:51  INFO      models.gradient_boosting  XGBoost trained | best_iteration=N/A
22:59:52  INFO      models.gradient_boosting  XGBoost trained | best_iteration=N/A
22:59:53  INFO      models.gradient_boosting  XGBoost trained | best_iteration=N/A
22:59:54  INFO      models.gradient_boosting  XGBoost trained | best_iteration=N/A
22:59:55  INFO      models.gradient_boosting  XGBoost trained | best_iteration=N/A
22:59:56  INFO      models.gradient_boosting  XGBoost trained | best_iteration=N/A
22:59:57  INFO      models.gradient_boosting  XGBoost trained | best_iteration=N/A
22:59:57  INFO      models.gradient_boosting  XGBoost trained | best_iteration=N/A
22:59:59  INFO      models.gradient_boosting  XGBoost trained | best_iteration=N/A
23:00:00  INFO      models.gradient_boosting  XGBoost trained | best_iteration=N/A
23:00:01  INFO      models.gradient_boosting  XGBoost trained | best_iteration=N/A
23:00:01  INFO      models.gradient_boosting  XGBoost trained | best_iteration=N/A
23:00:02  INFO      models.gradient_boosting  XGBoost trained | best_iteration=N/A
23:00:03  INFO      models.gradient_boosting  XGBoost trained | best_iteration=N/A
23:00:04  INFO      models.gradient_boosting  XGBoost trained | best_iteration=N/A
23:00:05  INFO      models.gradient_boosting  XGBoost trained | best_iteration=N/A
23:00:05  INFO      models.gradient_boosting  XGBoost trained | best_iteration=36
23:00:05  INFO      pipeline  Training LightGBM …
23:00:05  INFO      pipeline  RandomizedSearchCV | model=LightGBM seed=42 n_iter=12 cv=3 scoring=roc_auc
23:00:06  INFO      models.gradient_boosting  LightGBM trained | best_iteration=0
23:00:08  INFO      models.gradient_boosting  LightGBM trained | best_iteration=0
23:00:09  INFO      models.gradient_boosting  LightGBM trained | best_iteration=0
23:00:09  INFO      models.gradient_boosting  LightGBM trained | best_iteration=0
23:00:09  INFO      models.gradient_boosting  LightGBM trained | best_iteration=0
23:00:10  INFO      models.gradient_boosting  LightGBM trained | best_iteration=0
23:00:10  INFO      models.gradient_boosting  LightGBM trained | best_iteration=0
23:00:11  INFO      models.gradient_boosting  LightGBM trained | best_iteration=0
23:00:11  INFO      models.gradient_boosting  LightGBM trained | best_iteration=0
23:00:12  INFO      models.gradient_boosting  LightGBM trained | best_iteration=0
23:00:14  INFO      models.gradient_boosting  LightGBM trained | best_iteration=0
23:00:15  INFO      models.gradient_boosting  LightGBM trained | best_iteration=0
23:00:15  INFO      models.gradient_boosting  LightGBM trained | best_iteration=0
23:00:15  INFO      models.gradient_boosting  LightGBM trained | best_iteration=0
23:00:16  INFO      models.gradient_boosting  LightGBM trained | best_iteration=0
23:00:17  INFO      models.gradient_boosting  LightGBM trained | best_iteration=0
23:00:17  INFO      models.gradient_boosting  LightGBM trained | best_iteration=0
23:00:18  INFO      models.gradient_boosting  LightGBM trained | best_iteration=0
23:00:19  INFO      models.gradient_boosting  LightGBM trained | best_iteration=0
23:00:19  INFO      models.gradient_boosting  LightGBM trained | best_iteration=0
23:00:19  INFO      models.gradient_boosting  LightGBM trained | best_iteration=0
23:00:20  INFO      models.gradient_boosting  LightGBM trained | best_iteration=0
23:00:21  INFO      models.gradient_boosting  LightGBM trained | best_iteration=0
23:00:22  INFO      models.gradient_boosting  LightGBM trained | best_iteration=0
23:00:22  INFO      models.gradient_boosting  LightGBM trained | best_iteration=0
23:00:23  INFO      models.gradient_boosting  LightGBM trained | best_iteration=0
23:00:23  INFO      models.gradient_boosting  LightGBM trained | best_iteration=0
23:00:24  INFO      models.gradient_boosting  LightGBM trained | best_iteration=0
23:00:25  INFO      models.gradient_boosting  LightGBM trained | best_iteration=0
23:00:26  INFO      models.gradient_boosting  LightGBM trained | best_iteration=0
23:00:28  INFO      models.gradient_boosting  LightGBM trained | best_iteration=0
23:00:30  INFO      models.gradient_boosting  LightGBM trained | best_iteration=0
23:00:33  INFO      models.gradient_boosting  LightGBM trained | best_iteration=0
23:00:33  INFO      models.gradient_boosting  LightGBM trained | best_iteration=0
23:00:34  INFO      models.gradient_boosting  LightGBM trained | best_iteration=0
23:00:35  INFO      models.gradient_boosting  LightGBM trained | best_iteration=0
23:00:36  INFO      models.gradient_boosting  LightGBM trained | best_iteration=0
23:00:37  INFO      models.gradient_boosting  LightGBM trained | best_iteration=113
23:00:37  INFO      pipeline  Training CatBoost …
23:00:37  INFO      pipeline  RandomizedSearchCV | model=CatBoost seed=42 n_iter=12 cv=3 scoring=roc_auc
23:00:38  INFO      models.gradient_boosting  CatBoost trained
23:00:39  INFO      models.gradient_boosting  CatBoost trained
23:00:40  INFO      models.gradient_boosting  CatBoost trained
23:00:41  INFO      models.gradient_boosting  CatBoost trained
23:00:42  INFO      models.gradient_boosting  CatBoost trained
23:00:44  INFO      models.gradient_boosting  CatBoost trained
23:00:44  INFO      models.gradient_boosting  CatBoost trained
23:00:44  INFO      models.gradient_boosting  CatBoost trained
23:00:45  INFO      models.gradient_boosting  CatBoost trained
23:00:45  INFO      models.gradient_boosting  CatBoost trained
23:00:45  INFO      models.gradient_boosting  CatBoost trained
23:00:45  INFO      models.gradient_boosting  CatBoost trained
23:00:46  INFO      models.gradient_boosting  CatBoost trained
23:00:47  INFO      models.gradient_boosting  CatBoost trained
23:00:48  INFO      models.gradient_boosting  CatBoost trained
23:00:48  INFO      models.gradient_boosting  CatBoost trained
23:00:49  INFO      models.gradient_boosting  CatBoost trained
23:00:50  INFO      models.gradient_boosting  CatBoost trained
23:00:50  INFO      models.gradient_boosting  CatBoost trained
23:00:51  INFO      models.gradient_boosting  CatBoost trained
23:00:51  INFO      models.gradient_boosting  CatBoost trained
23:00:52  INFO      models.gradient_boosting  CatBoost trained
23:00:52  INFO      models.gradient_boosting  CatBoost trained
23:00:52  INFO      models.gradient_boosting  CatBoost trained
23:00:53  INFO      models.gradient_boosting  CatBoost trained
23:00:53  INFO      models.gradient_boosting  CatBoost trained
23:00:53  INFO      models.gradient_boosting  CatBoost trained
23:00:53  INFO      models.gradient_boosting  CatBoost trained
23:00:54  INFO      models.gradient_boosting  CatBoost trained
23:00:55  INFO      models.gradient_boosting  CatBoost trained
23:00:56  INFO      models.gradient_boosting  CatBoost trained
23:00:56  INFO      models.gradient_boosting  CatBoost trained
23:00:57  INFO      models.gradient_boosting  CatBoost trained
23:00:58  INFO      models.gradient_boosting  CatBoost trained
23:00:58  INFO      models.gradient_boosting  CatBoost trained
23:00:59  INFO      models.gradient_boosting  CatBoost trained
23:01:00  INFO      models.gradient_boosting  CatBoost trained
23:01:00  INFO      models.gradient_boosting  CatBoost trained
23:01:00  INFO      pipeline  Training Random Forest …
23:01:00  INFO      pipeline  RandomizedSearchCV | model=Random Forest seed=42 n_iter=12 cv=3 scoring=roc_auc
23:01:18  INFO      pipeline  Training Logistic Reg. …
23:01:18  INFO      pipeline  RandomizedSearchCV | model=Logistic Reg. seed=42 n_iter=12 cv=3 scoring=roc_auc
23:01:18  INFO      pipeline  Training TabNet …
23:01:24  INFO      models.tabnet_model  Apple MPS backend passed smoke test — using GPU acceleration.
23:01:24  INFO      models.tabnet_model  TabNet starting | device=mps  max_epochs=200  patience=15  batch_size=1024  n_train=980
23:01:28  INFO      models.tabnet_model  TabNet trained | device=mps  best_epoch=6  elapsed=3.7s
23:01:28  INFO      pipeline  YAML saved → /Users/harekrishna/Downloads/discover_ai_credit_experiment_v2/results/outputs/south_german/runs/seed_42/results/best_params.yaml
23:01:28  INFO      pipeline  ============================================================
23:01:28  INFO      pipeline  STAGE 4: Evaluation
23:01:28  INFO      pipeline  ============================================================
23:01:28  INFO      pipeline  XGBoost | val_F1*=0.7463 @ t=0.49 | test AUROC=0.7638  F1=0.5512  G-Mean=0.6708  MCC=0.3444
23:01:28  INFO      pipeline  LightGBM | val_F1*=0.7213 @ t=0.34 | test AUROC=0.7306  F1=0.5038  G-Mean=0.6330  MCC=0.2668
23:01:28  INFO      pipeline  CatBoost | val_F1*=0.7869 @ t=0.45 | test AUROC=0.7645  F1=0.5891  G-Mean=0.7022  MCC=0.3971
23:01:28  INFO      pipeline  Random Forest | val_F1*=0.7429 @ t=0.40 | test AUROC=0.7620  F1=0.5816  G-Mean=0.6986  MCC=0.3712
23:01:28  INFO      pipeline  Logistic Reg. | val_F1*=0.7742 @ t=0.56 | test AUROC=0.7411  F1=0.5345  G-Mean=0.6515  MCC=0.3451
23:01:28  INFO      pipeline  TabNet | val_F1*=0.6588 @ t=0.66 | test AUROC=0.6457  F1=0.5195  G-Mean=0.6399  MCC=0.2580
23:01:28  INFO      pipeline  LaTeX table → /Users/harekrishna/Downloads/discover_ai_credit_experiment_v2/results/outputs/south_german/runs/seed_42/results/table2_test_metrics.tex
23:01:28  INFO      pipeline  
                AUROC   AUPRC      F1  Precision  Recall  Specificity  G-Mean     MCC   Brier
Model                                                                                        
XGBoost        0.7638  0.6164  0.5512     0.5224  0.5833       0.7714  0.6708  0.3444  0.2171
LightGBM       0.7306  0.6025  0.5038     0.4648  0.5500       0.7286  0.6330  0.2668  0.1893
CatBoost       0.7645  0.6582  0.5891     0.5507  0.6333       0.7786  0.7022  0.3971  0.1714
Random Forest  0.7620  0.6483  0.5816     0.5062  0.6833       0.7143  0.6986  0.3712  0.1723
Logistic Reg.  0.7411  0.5597  0.5345     0.5536  0.5167       0.8214  0.6515  0.3451  0.1980
TabNet         0.6457  0.4149  0.5195     0.4255  0.6667       0.6143  0.6399  0.2580  0.3384
23:01:29  INFO      visualization.plots  Fig 2 saved → /Users/harekrishna/Downloads/discover_ai_credit_experiment_v2/results/outputs/south_german/runs/seed_42/figures/fig02_roc_curves.pdf
23:01:29  INFO      visualization.plots  Fig 3 saved → /Users/harekrishna/Downloads/discover_ai_credit_experiment_v2/results/outputs/south_german/runs/seed_42/figures/fig03_pr_curves.pdf
23:01:29  INFO      visualization.plots  Fig 4 saved → /Users/harekrishna/Downloads/discover_ai_credit_experiment_v2/results/outputs/south_german/runs/seed_42/figures/fig04_confusion_catboost.pdf
23:01:29  INFO      pipeline  Top pair CatBoost vs XGBoost | DeLong z=0.0354 p=0.9718 | McNemar chi2=0.3462 p=0.5563
23:07:29  INFO      models.gradient_boosting  XGBoost trained | best_iteration=35
23:07:29  INFO      models.gradient_boosting  XGBoost trained | best_iteration=25
23:07:29  INFO      models.gradient_boosting  XGBoost trained | best_iteration=25
23:07:29  INFO      models.gradient_boosting  XGBoost trained | best_iteration=68
23:07:29  INFO      models.gradient_boosting  XGBoost trained | best_iteration=73
23:07:30  INFO      models.gradient_boosting  LightGBM trained | best_iteration=241
23:07:31  INFO      models.gradient_boosting  LightGBM trained | best_iteration=106
23:07:31  INFO      models.gradient_boosting  LightGBM trained | best_iteration=184
23:07:32  INFO      models.gradient_boosting  LightGBM trained | best_iteration=130
23:07:32  INFO      models.gradient_boosting  LightGBM trained | best_iteration=109
23:07:32  INFO      models.gradient_boosting  CatBoost trained
23:07:32  INFO      models.gradient_boosting  CatBoost trained
23:07:32  INFO      models.gradient_boosting  CatBoost trained
23:07:32  INFO      models.gradient_boosting  CatBoost trained
23:07:33  INFO      models.gradient_boosting  CatBoost trained
23:07:34  INFO      pipeline  Skipping TabNet in SMOTE ablation (Fig 10) — its single official result is already in Table II. Pass --full-ablation to include it (runs in isolated subprocesses to avoid the MPS stall seen previously).
23:07:34  INFO      visualization.plots  Fig 10 saved → /Users/harekrishna/Downloads/discover_ai_credit_experiment_v2/results/outputs/south_german/runs/seed_42/figures/fig10_smote_ablation.pdf
23:07:34  INFO      pipeline  ============================================================
23:07:34  INFO      pipeline  STAGE 5: SHAP Explanations
23:07:34  INFO      pipeline  ============================================================
23:07:35  WARNING   shap  Background dataset has 200 samples but max_samples=100. Subsampling to 100 samples for SHAP value computation. To use all samples, set max_samples=200 when initializing the masker.
23:07:35  INFO      explainability.shap_explainer  SHAP TreeExplainer initialised
23:07:37  INFO      explainability.shap_explainer  SHAP values computed | shape=(200, 20)
23:07:37  INFO      explainability.shap_explainer  SHAP additivity check | MAE=0.00000 | PASS ✓
23:07:37  INFO      explainability.shap_explainer  Saved SHAP summary → /Users/harekrishna/Downloads/discover_ai_credit_experiment_v2/results/outputs/south_german/runs/seed_42/figures/fig05a_shap_summary_CatBoost.pdf
23:07:37  INFO      explainability.shap_explainer  Saved SHAP bar → /Users/harekrishna/Downloads/discover_ai_credit_experiment_v2/results/outputs/south_german/runs/seed_42/figures/fig05b_shap_bar_CatBoost.pdf
23:07:37  INFO      explainability.shap_explainer  Saved SHAP dependence → /Users/harekrishna/Downloads/discover_ai_credit_experiment_v2/results/outputs/south_german/runs/seed_42/figures/fig06_shap_dep_status.pdf
23:07:37  INFO      pipeline  LaTeX table → /Users/harekrishna/Downloads/discover_ai_credit_experiment_v2/results/outputs/south_german/runs/seed_42/results/table3_shap_ranking.tex
23:07:38  INFO      visualization.plots  Fig 8 saved → /Users/harekrishna/Downloads/discover_ai_credit_experiment_v2/results/outputs/south_german/runs/seed_42/figures/fig08_importance_comparison.pdf
23:07:38  INFO      visualization.plots  Fig 9 saved → /Users/harekrishna/Downloads/discover_ai_credit_experiment_v2/results/outputs/south_german/runs/seed_42/figures/fig09_threshold_sweep.pdf
23:07:38  INFO      pipeline  ============================================================
23:07:38  INFO      pipeline  STAGE 6: LIME Explanations
23:07:38  INFO      pipeline  ============================================================
23:07:38  INFO      explainability.lime_explainer  LIME tabular explainer initialised | features=20
23:07:38  INFO      pipeline  Local instances selected: {'TP': 33, 'FP': 38, 'FN': 58, 'TN': 171}
23:07:38  INFO      explainability.lime_explainer  Saved LIME explanation → /Users/harekrishna/Downloads/discover_ai_credit_experiment_v2/results/outputs/south_german/runs/seed_42/figures/fig07_tp_lime.pdf
23:07:38  INFO      explainability.lime_explainer  Saved LIME explanation → /Users/harekrishna/Downloads/discover_ai_credit_experiment_v2/results/outputs/south_german/runs/seed_42/figures/fig07_fp_lime.pdf
23:07:39  INFO      explainability.lime_explainer  Saved LIME explanation → /Users/harekrishna/Downloads/discover_ai_credit_experiment_v2/results/outputs/south_german/runs/seed_42/figures/fig07_fn_lime.pdf
23:07:39  INFO      explainability.lime_explainer  Saved LIME explanation → /Users/harekrishna/Downloads/discover_ai_credit_experiment_v2/results/outputs/south_german/runs/seed_42/figures/fig07_tn_lime.pdf
23:07:39  INFO      explainability.lime_explainer  Saved LIME multi-instance grid → /Users/harekrishna/Downloads/discover_ai_credit_experiment_v2/results/outputs/south_german/runs/seed_42/figures/fig07_lime_multi_instance.pdf
23:07:41  INFO      explainability.lime_explainer  LIME batch complete | n=200
23:07:41  INFO      explainability.lime_explainer  SHAP–LIME agreement | mean ρ=0.415 ± 0.174
23:07:41  INFO      explainability.lime_explainer  LIME tabular explainer initialised | features=20
23:07:41  INFO      explainability.lime_explainer  LIME tabular explainer initialised | features=20
23:07:41  INFO      explainability.lime_explainer  LIME tabular explainer initialised | features=20
23:07:41  INFO      explainability.lime_explainer  LIME tabular explainer initialised | features=20
23:07:41  INFO      explainability.lime_explainer  LIME tabular explainer initialised | features=20
23:07:41  INFO      explainability.lime_explainer  LIME tabular explainer initialised | features=20
23:07:41  INFO      explainability.lime_explainer  LIME tabular explainer initialised | features=20
23:07:41  INFO      explainability.lime_explainer  LIME tabular explainer initialised | features=20
23:07:41  INFO      explainability.lime_explainer  LIME tabular explainer initialised | features=20
23:07:41  INFO      explainability.lime_explainer  LIME tabular explainer initialised | features=20
23:07:41  INFO      explainability.lime_explainer  LIME tabular explainer initialised | features=20
23:07:41  INFO      explainability.lime_explainer  LIME tabular explainer initialised | features=20
23:07:41  INFO      explainability.lime_explainer  LIME tabular explainer initialised | features=20
23:07:41  INFO      explainability.lime_explainer  LIME tabular explainer initialised | features=20
23:07:41  INFO      explainability.lime_explainer  LIME tabular explainer initialised | features=20
23:07:42  INFO      explainability.lime_explainer  LIME tabular explainer initialised | features=20
23:07:42  INFO      explainability.lime_explainer  LIME tabular explainer initialised | features=20
23:07:42  INFO      explainability.lime_explainer  LIME tabular explainer initialised | features=20
23:07:42  INFO      explainability.lime_explainer  LIME tabular explainer initialised | features=20
23:07:42  INFO      explainability.lime_explainer  LIME tabular explainer initialised | features=20
23:07:42  INFO      explainability.lime_explainer  LIME tabular explainer initialised | features=20
23:07:42  INFO      explainability.lime_explainer  LIME tabular explainer initialised | features=20
23:07:42  INFO      explainability.lime_explainer  LIME tabular explainer initialised | features=20
23:07:42  INFO      explainability.lime_explainer  LIME tabular explainer initialised | features=20
23:07:42  INFO      explainability.lime_explainer  LIME tabular explainer initialised | features=20
23:07:42  INFO      explainability.lime_explainer  LIME tabular explainer initialised | features=20
23:07:42  INFO      explainability.lime_explainer  LIME tabular explainer initialised | features=20
23:07:42  INFO      explainability.lime_explainer  LIME tabular explainer initialised | features=20
23:07:42  INFO      explainability.lime_explainer  LIME tabular explainer initialised | features=20
23:07:42  INFO      explainability.lime_explainer  LIME tabular explainer initialised | features=20
23:07:42  INFO      explainability.lime_explainer  LIME tabular explainer initialised | features=20
23:07:42  INFO      explainability.lime_explainer  LIME tabular explainer initialised | features=20
23:07:42  INFO      explainability.lime_explainer  LIME tabular explainer initialised | features=20
23:07:42  INFO      explainability.lime_explainer  LIME tabular explainer initialised | features=20
23:07:42  INFO      explainability.lime_explainer  LIME tabular explainer initialised | features=20
23:07:42  INFO      explainability.lime_explainer  LIME tabular explainer initialised | features=20
23:07:42  INFO      explainability.lime_explainer  LIME tabular explainer initialised | features=20
23:07:42  INFO      explainability.lime_explainer  LIME tabular explainer initialised | features=20
23:07:42  INFO      explainability.lime_explainer  LIME tabular explainer initialised | features=20
23:07:42  INFO      explainability.lime_explainer  LIME tabular explainer initialised | features=20
23:07:42  INFO      explainability.lime_explainer  LIME tabular explainer initialised | features=20
23:07:42  INFO      explainability.lime_explainer  LIME tabular explainer initialised | features=20
23:07:42  INFO      explainability.lime_explainer  LIME tabular explainer initialised | features=20
23:07:42  INFO      explainability.lime_explainer  LIME tabular explainer initialised | features=20
23:07:42  INFO      explainability.lime_explainer  LIME tabular explainer initialised | features=20
23:07:42  INFO      explainability.lime_explainer  LIME tabular explainer initialised | features=20
23:07:42  INFO      explainability.lime_explainer  LIME tabular explainer initialised | features=20
23:07:42  INFO      explainability.lime_explainer  LIME tabular explainer initialised | features=20
23:07:42  INFO      explainability.lime_explainer  LIME tabular explainer initialised | features=20
23:07:42  INFO      explainability.lime_explainer  LIME tabular explainer initialised | features=20
23:07:42  INFO      explainability.lime_explainer  LIME tabular explainer initialised | features=20
23:07:42  INFO      explainability.lime_explainer  LIME tabular explainer initialised | features=20
23:07:42  INFO      explainability.lime_explainer  LIME tabular explainer initialised | features=20
23:07:42  INFO      explainability.lime_explainer  LIME tabular explainer initialised | features=20
23:07:42  INFO      explainability.lime_explainer  LIME tabular explainer initialised | features=20
23:07:42  INFO      explainability.lime_explainer  LIME tabular explainer initialised | features=20
23:07:42  INFO      explainability.lime_explainer  LIME tabular explainer initialised | features=20
23:07:42  INFO      explainability.lime_explainer  LIME tabular explainer initialised | features=20
23:07:42  INFO      explainability.lime_explainer  LIME tabular explainer initialised | features=20
23:07:42  INFO      explainability.lime_explainer  LIME tabular explainer initialised | features=20
23:07:42  INFO      explainability.lime_explainer  LIME tabular explainer initialised | features=20
23:07:42  INFO      explainability.lime_explainer  LIME tabular explainer initialised | features=20
23:07:42  INFO      explainability.lime_explainer  LIME tabular explainer initialised | features=20
23:07:42  INFO      explainability.lime_explainer  LIME tabular explainer initialised | features=20
23:07:42  INFO      explainability.lime_explainer  LIME tabular explainer initialised | features=20
23:07:42  INFO      explainability.lime_explainer  LIME tabular explainer initialised | features=20
23:07:42  INFO      explainability.lime_explainer  LIME tabular explainer initialised | features=20
23:07:42  INFO      explainability.lime_explainer  LIME tabular explainer initialised | features=20
23:07:42  INFO      explainability.lime_explainer  LIME tabular explainer initialised | features=20
23:07:42  INFO      explainability.lime_explainer  LIME tabular explainer initialised | features=20
23:07:42  INFO      explainability.lime_explainer  LIME tabular explainer initialised | features=20
23:07:42  INFO      explainability.lime_explainer  LIME tabular explainer initialised | features=20
23:07:42  INFO      explainability.lime_explainer  LIME tabular explainer initialised | features=20
23:07:42  INFO      explainability.lime_explainer  LIME tabular explainer initialised | features=20
23:07:42  INFO      explainability.lime_explainer  LIME tabular explainer initialised | features=20
23:07:42  INFO      explainability.lime_explainer  LIME tabular explainer initialised | features=20
23:07:42  INFO      explainability.lime_explainer  LIME tabular explainer initialised | features=20
23:07:42  INFO      explainability.lime_explainer  LIME tabular explainer initialised | features=20
23:07:42  INFO      explainability.lime_explainer  LIME tabular explainer initialised | features=20
23:07:42  INFO      explainability.lime_explainer  LIME tabular explainer initialised | features=20
23:07:42  INFO      explainability.lime_explainer  LIME tabular explainer initialised | features=20
23:07:42  INFO      explainability.lime_explainer  LIME tabular explainer initialised | features=20
23:07:42  INFO      explainability.lime_explainer  LIME tabular explainer initialised | features=20
23:07:43  INFO      explainability.lime_explainer  LIME tabular explainer initialised | features=20
23:07:43  INFO      explainability.lime_explainer  LIME tabular explainer initialised | features=20
23:07:43  INFO      explainability.lime_explainer  LIME tabular explainer initialised | features=20
23:07:43  INFO      explainability.lime_explainer  LIME tabular explainer initialised | features=20
23:07:43  INFO      explainability.lime_explainer  LIME tabular explainer initialised | features=20
23:07:43  INFO      explainability.lime_explainer  LIME tabular explainer initialised | features=20
23:07:43  INFO      explainability.lime_explainer  LIME tabular explainer initialised | features=20
23:07:43  INFO      explainability.lime_explainer  LIME tabular explainer initialised | features=20
23:07:43  INFO      explainability.lime_explainer  LIME tabular explainer initialised | features=20
23:07:43  INFO      explainability.lime_explainer  LIME tabular explainer initialised | features=20
23:07:43  INFO      explainability.lime_explainer  LIME tabular explainer initialised | features=20
23:07:43  INFO      explainability.lime_explainer  LIME tabular explainer initialised | features=20
23:07:43  INFO      explainability.lime_explainer  LIME tabular explainer initialised | features=20
23:07:43  INFO      explainability.lime_explainer  LIME tabular explainer initialised | features=20
23:07:43  INFO      explainability.lime_explainer  LIME tabular explainer initialised | features=20
23:07:43  INFO      explainability.lime_explainer  LIME tabular explainer initialised | features=20
23:07:43  INFO      explainability.lime_explainer  LIME tabular explainer initialised | features=20
23:07:43  INFO      explainability.lime_explainer  LIME tabular explainer initialised | features=20
23:07:43  INFO      explainability.lime_explainer  LIME tabular explainer initialised | features=20
23:07:43  INFO      explainability.lime_explainer  LIME tabular explainer initialised | features=20
23:07:43  INFO      explainability.lime_explainer  LIME tabular explainer initialised | features=20
23:07:43  INFO      explainability.lime_explainer  LIME tabular explainer initialised | features=20
23:07:43  INFO      explainability.lime_explainer  LIME tabular explainer initialised | features=20
23:07:43  INFO      explainability.lime_explainer  LIME tabular explainer initialised | features=20
23:07:43  INFO      explainability.lime_explainer  LIME tabular explainer initialised | features=20
23:07:43  INFO      explainability.lime_explainer  LIME tabular explainer initialised | features=20
23:07:43  INFO      explainability.lime_explainer  LIME tabular explainer initialised | features=20
23:07:43  INFO      explainability.lime_explainer  LIME tabular explainer initialised | features=20
23:07:43  INFO      explainability.lime_explainer  LIME tabular explainer initialised | features=20
23:07:43  INFO      explainability.lime_explainer  LIME tabular explainer initialised | features=20
23:07:43  INFO      explainability.lime_explainer  LIME tabular explainer initialised | features=20
23:07:43  INFO      explainability.lime_explainer  LIME tabular explainer initialised | features=20
23:07:43  INFO      explainability.lime_explainer  LIME tabular explainer initialised | features=20
23:07:43  INFO      explainability.lime_explainer  LIME tabular explainer initialised | features=20
23:07:43  INFO      explainability.lime_explainer  LIME tabular explainer initialised | features=20
23:07:43  INFO      explainability.lime_explainer  LIME tabular explainer initialised | features=20
23:07:43  INFO      explainability.lime_explainer  LIME tabular explainer initialised | features=20
23:07:43  INFO      explainability.lime_explainer  LIME tabular explainer initialised | features=20
23:07:43  INFO      explainability.lime_explainer  LIME tabular explainer initialised | features=20
23:07:43  INFO      explainability.lime_explainer  LIME tabular explainer initialised | features=20
23:07:43  INFO      explainability.lime_explainer  LIME tabular explainer initialised | features=20
23:07:43  INFO      explainability.lime_explainer  LIME tabular explainer initialised | features=20
23:07:43  INFO      explainability.lime_explainer  LIME tabular explainer initialised | features=20
23:07:43  INFO      explainability.lime_explainer  LIME tabular explainer initialised | features=20
23:07:43  INFO      explainability.lime_explainer  LIME tabular explainer initialised | features=20
23:07:43  INFO      explainability.lime_explainer  LIME tabular explainer initialised | features=20
23:07:43  INFO      explainability.lime_explainer  LIME tabular explainer initialised | features=20
23:07:43  INFO      explainability.lime_explainer  LIME tabular explainer initialised | features=20
23:07:43  INFO      explainability.lime_explainer  LIME tabular explainer initialised | features=20
23:07:43  INFO      explainability.lime_explainer  LIME tabular explainer initialised | features=20
23:07:43  INFO      explainability.lime_explainer  LIME tabular explainer initialised | features=20
23:07:43  INFO      explainability.lime_explainer  LIME tabular explainer initialised | features=20
23:07:43  INFO      explainability.lime_explainer  LIME tabular explainer initialised | features=20
23:07:43  INFO      explainability.lime_explainer  LIME tabular explainer initialised | features=20
23:07:43  INFO      explainability.lime_explainer  LIME tabular explainer initialised | features=20
23:07:43  INFO      explainability.lime_explainer  LIME tabular explainer initialised | features=20
23:07:43  INFO      explainability.lime_explainer  LIME tabular explainer initialised | features=20
23:07:43  INFO      explainability.lime_explainer  LIME tabular explainer initialised | features=20
23:07:43  INFO      explainability.lime_explainer  LIME tabular explainer initialised | features=20
23:07:43  INFO      explainability.lime_explainer  LIME tabular explainer initialised | features=20
23:07:43  INFO      explainability.lime_explainer  LIME tabular explainer initialised | features=20
23:07:43  INFO      explainability.lime_explainer  LIME tabular explainer initialised | features=20
23:07:43  INFO      explainability.lime_explainer  LIME tabular explainer initialised | features=20
23:07:43  INFO      explainability.lime_explainer  LIME tabular explainer initialised | features=20
23:07:43  INFO      explainability.lime_explainer  LIME tabular explainer initialised | features=20
23:07:43  INFO      explainability.lime_explainer  LIME tabular explainer initialised | features=20
23:07:43  INFO      explainability.lime_explainer  LIME tabular explainer initialised | features=20
23:07:43  INFO      explainability.lime_explainer  LIME tabular explainer initialised | features=20
23:07:44  INFO      explainability.lime_explainer  LIME tabular explainer initialised | features=20
23:07:44  INFO      explainability.lime_explainer  LIME tabular explainer initialised | features=20
23:07:44  INFO      explainability.lime_explainer  LIME tabular explainer initialised | features=20
23:07:44  INFO      explainability.lime_explainer  LIME tabular explainer initialised | features=20
23:07:44  INFO      explainability.lime_explainer  LIME tabular explainer initialised | features=20
23:07:44  INFO      explainability.lime_explainer  LIME tabular explainer initialised | features=20
23:07:44  INFO      explainability.lime_explainer  LIME tabular explainer initialised | features=20
23:07:44  INFO      explainability.lime_explainer  LIME tabular explainer initialised | features=20
23:07:44  INFO      explainability.lime_explainer  LIME tabular explainer initialised | features=20
23:07:44  INFO      explainability.lime_explainer  LIME tabular explainer initialised | features=20
23:07:44  INFO      explainability.lime_explainer  LIME tabular explainer initialised | features=20
23:07:44  INFO      explainability.lime_explainer  LIME tabular explainer initialised | features=20
23:07:44  INFO      explainability.lime_explainer  LIME tabular explainer initialised | features=20
23:07:44  INFO      explainability.lime_explainer  LIME tabular explainer initialised | features=20
23:07:44  INFO      explainability.lime_explainer  LIME tabular explainer initialised | features=20
23:07:44  INFO      explainability.lime_explainer  LIME tabular explainer initialised | features=20
23:07:44  INFO      explainability.lime_explainer  LIME tabular explainer initialised | features=20
23:07:44  INFO      explainability.lime_explainer  LIME tabular explainer initialised | features=20
23:07:44  INFO      explainability.lime_explainer  LIME tabular explainer initialised | features=20
23:07:44  INFO      explainability.lime_explainer  LIME tabular explainer initialised | features=20
23:07:44  INFO      explainability.lime_explainer  LIME tabular explainer initialised | features=20
23:07:44  INFO      explainability.lime_explainer  LIME tabular explainer initialised | features=20
23:07:44  INFO      explainability.lime_explainer  LIME tabular explainer initialised | features=20
23:07:44  INFO      explainability.lime_explainer  LIME tabular explainer initialised | features=20
23:07:44  INFO      explainability.lime_explainer  LIME tabular explainer initialised | features=20
23:07:44  INFO      explainability.lime_explainer  LIME tabular explainer initialised | features=20
23:07:44  INFO      explainability.lime_explainer  LIME tabular explainer initialised | features=20
23:07:44  INFO      explainability.lime_explainer  LIME tabular explainer initialised | features=20
23:07:44  INFO      explainability.lime_explainer  LIME tabular explainer initialised | features=20
23:07:44  INFO      explainability.lime_explainer  LIME tabular explainer initialised | features=20
23:07:44  INFO      explainability.lime_explainer  LIME tabular explainer initialised | features=20
23:07:44  INFO      explainability.lime_explainer  LIME tabular explainer initialised | features=20
23:07:44  INFO      explainability.lime_explainer  LIME tabular explainer initialised | features=20
23:07:44  INFO      explainability.lime_explainer  LIME tabular explainer initialised | features=20
23:07:44  INFO      explainability.lime_explainer  LIME tabular explainer initialised | features=20
23:07:44  INFO      explainability.lime_explainer  LIME tabular explainer initialised | features=20
23:07:44  INFO      explainability.lime_explainer  LIME tabular explainer initialised | features=20
23:07:44  INFO      explainability.lime_explainer  LIME tabular explainer initialised | features=20
23:07:44  INFO      explainability.lime_explainer  LIME tabular explainer initialised | features=20
23:07:44  INFO      explainability.lime_explainer  LIME tabular explainer initialised | features=20
23:07:44  INFO      explainability.lime_explainer  LIME tabular explainer initialised | features=20
23:07:44  INFO      explainability.lime_explainer  LIME tabular explainer initialised | features=20
23:07:44  INFO      explainability.lime_explainer  LIME tabular explainer initialised | features=20
23:07:44  INFO      explainability.lime_explainer  LIME tabular explainer initialised | features=20
23:07:44  INFO      explainability.lime_explainer  LIME tabular explainer initialised | features=20
23:07:44  INFO      explainability.lime_explainer  LIME tabular explainer initialised | features=20
23:07:44  INFO      explainability.lime_explainer  LIME tabular explainer initialised | features=20
23:07:44  INFO      explainability.lime_explainer  LIME tabular explainer initialised | features=20
23:07:44  INFO      explainability.lime_explainer  LIME tabular explainer initialised | features=20
23:07:44  INFO      explainability.lime_explainer  LIME tabular explainer initialised | features=20
23:07:44  INFO      explainability.lime_explainer  LIME tabular explainer initialised | features=20
23:07:44  INFO      explainability.lime_explainer  LIME tabular explainer initialised | features=20
23:07:44  INFO      explainability.lime_explainer  LIME tabular explainer initialised | features=20
23:07:44  INFO      explainability.lime_explainer  LIME tabular explainer initialised | features=20
23:07:44  INFO      explainability.lime_explainer  LIME tabular explainer initialised | features=20
23:07:44  INFO      explainability.lime_explainer  LIME tabular explainer initialised | features=20
23:07:44  INFO      explainability.lime_explainer  LIME tabular explainer initialised | features=20
23:07:44  INFO      explainability.lime_explainer  LIME tabular explainer initialised | features=20
23:07:44  INFO      explainability.lime_explainer  LIME tabular explainer initialised | features=20
23:07:44  INFO      explainability.lime_explainer  LIME tabular explainer initialised | features=20
23:07:44  INFO      explainability.lime_explainer  LIME tabular explainer initialised | features=20
23:07:44  INFO      explainability.lime_explainer  LIME tabular explainer initialised | features=20
23:07:44  INFO      explainability.lime_explainer  LIME tabular explainer initialised | features=20
23:07:44  INFO      explainability.lime_explainer  LIME tabular explainer initialised | features=20
23:07:44  INFO      explainability.lime_explainer  LIME tabular explainer initialised | features=20
23:07:44  INFO      explainability.lime_explainer  LIME tabular explainer initialised | features=20
23:07:44  INFO      explainability.lime_explainer  LIME tabular explainer initialised | features=20
23:07:45  INFO      explainability.lime_explainer  LIME tabular explainer initialised | features=20
23:07:45  INFO      explainability.lime_explainer  LIME tabular explainer initialised | features=20
23:07:45  INFO      explainability.lime_explainer  LIME tabular explainer initialised | features=20
23:07:45  INFO      explainability.lime_explainer  LIME tabular explainer initialised | features=20
23:07:45  INFO      explainability.lime_explainer  LIME tabular explainer initialised | features=20
23:07:45  INFO      explainability.lime_explainer  LIME tabular explainer initialised | features=20
23:07:45  INFO      explainability.lime_explainer  LIME tabular explainer initialised | features=20
23:07:45  INFO      explainability.lime_explainer  LIME tabular explainer initialised | features=20
23:07:45  INFO      explainability.lime_explainer  LIME tabular explainer initialised | features=20
23:07:45  INFO      explainability.lime_explainer  LIME tabular explainer initialised | features=20
23:07:45  INFO      explainability.lime_explainer  LIME tabular explainer initialised | features=20
23:07:45  INFO      explainability.lime_explainer  LIME tabular explainer initialised | features=20
23:07:45  INFO      explainability.lime_explainer  LIME tabular explainer initialised | features=20
23:07:45  INFO      explainability.lime_explainer  LIME tabular explainer initialised | features=20
23:07:45  INFO      explainability.lime_explainer  LIME tabular explainer initialised | features=20
23:07:45  INFO      explainability.lime_explainer  LIME tabular explainer initialised | features=20
23:07:45  INFO      explainability.lime_explainer  LIME tabular explainer initialised | features=20
23:07:45  INFO      explainability.lime_explainer  LIME tabular explainer initialised | features=20
23:07:45  INFO      explainability.lime_explainer  LIME tabular explainer initialised | features=20
23:07:45  INFO      explainability.lime_explainer  LIME tabular explainer initialised | features=20
23:07:45  INFO      explainability.lime_explainer  LIME tabular explainer initialised | features=20
23:07:45  INFO      explainability.lime_explainer  LIME tabular explainer initialised | features=20
23:07:45  INFO      explainability.lime_explainer  LIME tabular explainer initialised | features=20
23:07:45  INFO      explainability.lime_explainer  LIME tabular explainer initialised | features=20
23:07:45  INFO      explainability.lime_explainer  LIME tabular explainer initialised | features=20
23:07:45  INFO      explainability.lime_explainer  LIME tabular explainer initialised | features=20
23:07:45  INFO      explainability.lime_explainer  LIME tabular explainer initialised | features=20
23:07:45  INFO      explainability.lime_explainer  LIME tabular explainer initialised | features=20
23:07:45  INFO      explainability.lime_explainer  LIME tabular explainer initialised | features=20
23:07:45  INFO      explainability.lime_explainer  LIME tabular explainer initialised | features=20
23:07:45  INFO      explainability.lime_explainer  LIME tabular explainer initialised | features=20
23:07:45  INFO      explainability.lime_explainer  LIME tabular explainer initialised | features=20
23:07:45  INFO      explainability.lime_explainer  LIME tabular explainer initialised | features=20
23:07:45  INFO      explainability.lime_explainer  LIME tabular explainer initialised | features=20
23:07:45  INFO      explainability.lime_explainer  LIME tabular explainer initialised | features=20
23:07:45  INFO      explainability.lime_explainer  LIME tabular explainer initialised | features=20
23:07:45  INFO      explainability.lime_explainer  LIME tabular explainer initialised | features=20
23:07:45  INFO      explainability.lime_explainer  LIME tabular explainer initialised | features=20
23:07:45  INFO      explainability.lime_explainer  LIME tabular explainer initialised | features=20
23:07:45  INFO      explainability.lime_explainer  LIME tabular explainer initialised | features=20
23:07:45  INFO      explainability.lime_explainer  LIME tabular explainer initialised | features=20
23:07:45  INFO      explainability.lime_explainer  LIME tabular explainer initialised | features=20
23:07:45  INFO      explainability.lime_explainer  LIME tabular explainer initialised | features=20
23:07:45  INFO      explainability.lime_explainer  LIME tabular explainer initialised | features=20
23:07:45  INFO      explainability.lime_explainer  LIME tabular explainer initialised | features=20
23:07:45  INFO      explainability.lime_explainer  LIME tabular explainer initialised | features=20
23:07:45  INFO      explainability.lime_explainer  LIME tabular explainer initialised | features=20
23:07:45  INFO      explainability.lime_explainer  LIME tabular explainer initialised | features=20
23:07:45  INFO      explainability.lime_explainer  LIME tabular explainer initialised | features=20
23:07:45  INFO      explainability.lime_explainer  LIME tabular explainer initialised | features=20
23:07:45  INFO      explainability.lime_explainer  LIME tabular explainer initialised | features=20
23:07:45  INFO      explainability.lime_explainer  LIME tabular explainer initialised | features=20
23:07:45  INFO      explainability.lime_explainer  LIME tabular explainer initialised | features=20
23:07:45  INFO      explainability.lime_explainer  LIME tabular explainer initialised | features=20
23:07:45  INFO      explainability.lime_explainer  LIME tabular explainer initialised | features=20
23:07:45  INFO      explainability.lime_explainer  LIME tabular explainer initialised | features=20
23:07:45  INFO      explainability.lime_explainer  LIME tabular explainer initialised | features=20
23:07:45  INFO      explainability.lime_explainer  LIME tabular explainer initialised | features=20
23:07:45  INFO      explainability.lime_explainer  LIME tabular explainer initialised | features=20
23:07:45  INFO      explainability.lime_explainer  LIME tabular explainer initialised | features=20
23:07:45  INFO      explainability.lime_explainer  LIME tabular explainer initialised | features=20
23:07:45  INFO      explainability.lime_explainer  LIME tabular explainer initialised | features=20
23:07:45  INFO      explainability.lime_explainer  LIME tabular explainer initialised | features=20
23:07:45  INFO      explainability.lime_explainer  LIME tabular explainer initialised | features=20
23:07:45  INFO      explainability.lime_explainer  LIME tabular explainer initialised | features=20
23:07:45  INFO      explainability.lime_explainer  LIME tabular explainer initialised | features=20
23:07:45  INFO      explainability.lime_explainer  LIME tabular explainer initialised | features=20
23:07:46  INFO      explainability.lime_explainer  LIME tabular explainer initialised | features=20
23:07:46  INFO      explainability.lime_explainer  LIME tabular explainer initialised | features=20
23:07:46  INFO      explainability.lime_explainer  LIME tabular explainer initialised | features=20
23:07:46  INFO      explainability.lime_explainer  LIME tabular explainer initialised | features=20
23:07:46  INFO      explainability.lime_explainer  LIME tabular explainer initialised | features=20
23:07:46  INFO      explainability.lime_explainer  LIME tabular explainer initialised | features=20
23:07:46  INFO      explainability.lime_explainer  LIME tabular explainer initialised | features=20
23:07:46  INFO      explainability.lime_explainer  LIME tabular explainer initialised | features=20
23:07:46  INFO      explainability.lime_explainer  LIME tabular explainer initialised | features=20
23:07:46  INFO      explainability.lime_explainer  LIME tabular explainer initialised | features=20
23:07:46  INFO      explainability.lime_explainer  LIME tabular explainer initialised | features=20
23:07:46  INFO      explainability.lime_explainer  LIME tabular explainer initialised | features=20
23:07:46  INFO      explainability.lime_explainer  LIME tabular explainer initialised | features=20
23:07:46  INFO      explainability.lime_explainer  LIME tabular explainer initialised | features=20
23:07:46  INFO      explainability.lime_explainer  LIME tabular explainer initialised | features=20
23:07:46  INFO      pipeline  LaTeX table → /Users/harekrishna/Downloads/discover_ai_credit_experiment_v2/results/outputs/south_german/runs/seed_42/results/table5_explanation_quality.tex
23:07:46  INFO      pipeline  SHAP–LIME agreement | mean ρ=0.415 ± 0.174
23:07:46  INFO      pipeline  LaTeX table → /Users/harekrishna/Downloads/discover_ai_credit_experiment_v2/results/outputs/south_german/runs/seed_42/results/table4_shap_lime_agreement.tex
23:07:50  INFO      models.gradient_boosting  CatBoost trained
23:07:50  INFO      models.gradient_boosting  CatBoost trained
23:07:50  INFO      models.gradient_boosting  CatBoost trained
23:07:50  INFO      models.gradient_boosting  CatBoost trained
23:07:50  INFO      models.gradient_boosting  CatBoost trained
23:08:15  INFO      pipeline  ============================================================
23:08:15  INFO      pipeline  SEED 42 COMPLETE
23:08:15  INFO      pipeline  Figures    -> /Users/harekrishna/Downloads/discover_ai_credit_experiment_v2/results/outputs/south_german/runs/seed_42/figures
23:08:15  INFO      pipeline  Results    -> /Users/harekrishna/Downloads/discover_ai_credit_experiment_v2/results/outputs/south_german/runs/seed_42/results
23:08:15  INFO      pipeline  Best model -> CatBoost (AUROC=0.7645)
23:08:15  INFO      pipeline  ============================================================
23:08:15  INFO      pipeline  ╔══════════════════════════════════════════════╗
23:08:15  INFO      pipeline  ║  Credit Default Prediction with XAI         ║
23:08:15  INFO      pipeline  ║  Dataset: south_german                       ║
23:08:15  INFO      pipeline  ║  Seed: 99                                    ║
23:08:15  INFO      pipeline  ╚══════════════════════════════════════════════╝
23:08:15  INFO      pipeline  ============================================================
23:08:15  INFO      pipeline  STAGE 1: Data Loading & Feature Engineering
23:08:15  INFO      pipeline  ============================================================
23:08:15  INFO      data.data_loader  Skipping UCI-specific engineered features; required columns not present.
23:08:15  INFO      data.data_loader  Skipping UCI-specific engineered features; required columns not present.
23:08:15  INFO      data.data_loader  Skipping UCI-specific engineered features; required columns not present.
23:08:15  INFO      data.data_loader  Dataset loaded | train=700  val=100  test=200 | default rate  train=30.00%  test=30.00%
23:08:15  INFO      pipeline  Imbalance stats: {
  "n_total": 700,
  "n_majority": 490,
  "n_minority": 210,
  "imbalance_ratio": 2.3333,
  "minority_pct": 30.0
}
23:08:15  INFO      visualization.plots  Fig 1 saved → /Users/harekrishna/Downloads/discover_ai_credit_experiment_v2/results/outputs/south_german/runs/seed_99/figures/fig01_class_distribution.pdf
23:08:15  INFO      pipeline  ============================================================
23:08:15  INFO      pipeline  STAGE 2: SMOTE Strategy Ablation
23:08:15  INFO      pipeline  ============================================================
23:08:15  INFO      preprocessing.imbalance_handler  Before resampling | class 0: 490 (70.0%)  class 1: 210 (30.0%)  IR=2.33
23:08:15  INFO      preprocessing.imbalance_handler  After SMOTE | class 0: 490 (50.0%)  class 1: 490 (50.0%)  IR=1.00
23:08:15  INFO      preprocessing.imbalance_handler  Before resampling | class 0: 490 (70.0%)  class 1: 210 (30.0%)  IR=2.33
23:08:15  INFO      preprocessing.imbalance_handler  After BorderlineSMOTE | class 0: 490 (50.0%)  class 1: 490 (50.0%)  IR=1.00
23:08:15  INFO      preprocessing.imbalance_handler  Before resampling | class 0: 490 (70.0%)  class 1: 210 (30.0%)  IR=2.33
23:08:15  INFO      preprocessing.imbalance_handler  After SVMSMOTE | class 0: 490 (50.0%)  class 1: 490 (50.0%)  IR=1.00
23:08:15  INFO      preprocessing.imbalance_handler  Before resampling | class 0: 490 (70.0%)  class 1: 210 (30.0%)  IR=2.33
23:08:15  INFO      preprocessing.imbalance_handler  After ADASYN | class 0: 490 (50.4%)  class 1: 482 (49.6%)  IR=1.02
23:08:15  INFO      preprocessing.imbalance_handler  Before resampling | class 0: 490 (70.0%)  class 1: 210 (30.0%)  IR=2.33
23:08:15  INFO      preprocessing.imbalance_handler  No resampling applied.
23:08:15  INFO      pipeline  Ablation | strategy=SMOTE | n=980
23:08:16  INFO      models.gradient_boosting  LightGBM trained | best_iteration=144
23:08:16  INFO      pipeline  Ablation | strategy=BorderlineSMOTE | n=980
23:08:16  INFO      models.gradient_boosting  LightGBM trained | best_iteration=177
23:08:16  INFO      pipeline  Ablation | strategy=SVMSMOTE | n=980
23:08:17  INFO      models.gradient_boosting  LightGBM trained | best_iteration=167
23:08:17  INFO      pipeline  Ablation | strategy=ADASYN | n=972
23:08:17  INFO      models.gradient_boosting  LightGBM trained | best_iteration=132
23:08:17  INFO      pipeline  Ablation | strategy=None | n=700
23:08:17  INFO      models.gradient_boosting  LightGBM trained | best_iteration=71
23:08:17  INFO      pipeline  Best SMOTE strategy (validation AUROC): SVMSMOTE → 0.8414  [model used: LightGBM]
23:08:17  INFO      pipeline  ============================================================
23:08:17  INFO      pipeline  STAGE 3: Model Training
23:08:17  INFO      pipeline  ============================================================
23:08:17  INFO      pipeline  Training XGBoost …
23:08:17  INFO      pipeline  RandomizedSearchCV | model=XGBoost seed=99 n_iter=12 cv=3 scoring=roc_auc
23:08:19  INFO      models.gradient_boosting  XGBoost trained | best_iteration=N/A
23:08:20  INFO      models.gradient_boosting  XGBoost trained | best_iteration=N/A
23:08:21  INFO      models.gradient_boosting  XGBoost trained | best_iteration=N/A
23:08:22  INFO      models.gradient_boosting  XGBoost trained | best_iteration=N/A
23:08:23  INFO      models.gradient_boosting  XGBoost trained | best_iteration=N/A
23:08:23  INFO      models.gradient_boosting  XGBoost trained | best_iteration=N/A
23:08:24  INFO      models.gradient_boosting  XGBoost trained | best_iteration=N/A
23:08:25  INFO      models.gradient_boosting  XGBoost trained | best_iteration=N/A
23:08:26  INFO      models.gradient_boosting  XGBoost trained | best_iteration=N/A
23:08:26  INFO      models.gradient_boosting  XGBoost trained | best_iteration=N/A
23:08:27  INFO      models.gradient_boosting  XGBoost trained | best_iteration=N/A
23:08:27  INFO      models.gradient_boosting  XGBoost trained | best_iteration=N/A
23:08:27  INFO      models.gradient_boosting  XGBoost trained | best_iteration=N/A
23:08:28  INFO      models.gradient_boosting  XGBoost trained | best_iteration=N/A
23:08:28  INFO      models.gradient_boosting  XGBoost trained | best_iteration=N/A
23:08:29  INFO      models.gradient_boosting  XGBoost trained | best_iteration=N/A
23:08:30  INFO      models.gradient_boosting  XGBoost trained | best_iteration=N/A
23:08:31  INFO      models.gradient_boosting  XGBoost trained | best_iteration=N/A
23:08:31  INFO      models.gradient_boosting  XGBoost trained | best_iteration=N/A
23:08:31  INFO      models.gradient_boosting  XGBoost trained | best_iteration=N/A
23:08:32  INFO      models.gradient_boosting  XGBoost trained | best_iteration=N/A
23:08:32  INFO      models.gradient_boosting  XGBoost trained | best_iteration=N/A
23:08:33  INFO      models.gradient_boosting  XGBoost trained | best_iteration=N/A
23:08:34  INFO      models.gradient_boosting  XGBoost trained | best_iteration=N/A
23:08:34  INFO      models.gradient_boosting  XGBoost trained | best_iteration=N/A
23:08:35  INFO      models.gradient_boosting  XGBoost trained | best_iteration=N/A
23:08:35  INFO      models.gradient_boosting  XGBoost trained | best_iteration=N/A
23:08:35  INFO      models.gradient_boosting  XGBoost trained | best_iteration=N/A
23:08:36  INFO      models.gradient_boosting  XGBoost trained | best_iteration=N/A
23:08:36  INFO      models.gradient_boosting  XGBoost trained | best_iteration=N/A
23:08:37  INFO      models.gradient_boosting  XGBoost trained | best_iteration=N/A
23:08:38  INFO      models.gradient_boosting  XGBoost trained | best_iteration=N/A
23:08:39  INFO      models.gradient_boosting  XGBoost trained | best_iteration=N/A
23:08:40  INFO      models.gradient_boosting  XGBoost trained | best_iteration=N/A
23:08:41  INFO      models.gradient_boosting  XGBoost trained | best_iteration=N/A
23:08:42  INFO      models.gradient_boosting  XGBoost trained | best_iteration=N/A
23:08:43  INFO      models.gradient_boosting  XGBoost trained | best_iteration=N/A
23:08:43  INFO      models.gradient_boosting  XGBoost trained | best_iteration=71
23:08:43  INFO      pipeline  Training LightGBM …
23:08:43  INFO      pipeline  RandomizedSearchCV | model=LightGBM seed=99 n_iter=12 cv=3 scoring=roc_auc
23:08:46  INFO      models.gradient_boosting  LightGBM trained | best_iteration=0
23:08:49  INFO      models.gradient_boosting  LightGBM trained | best_iteration=0
23:08:52  INFO      models.gradient_boosting  LightGBM trained | best_iteration=0
23:08:53  INFO      models.gradient_boosting  LightGBM trained | best_iteration=0
23:08:54  INFO      models.gradient_boosting  LightGBM trained | best_iteration=0
23:08:55  INFO      models.gradient_boosting  LightGBM trained | best_iteration=0
23:08:56  INFO      models.gradient_boosting  LightGBM trained | best_iteration=0
23:08:57  INFO      models.gradient_boosting  LightGBM trained | best_iteration=0
23:08:57  INFO      models.gradient_boosting  LightGBM trained | best_iteration=0
23:08:58  INFO      models.gradient_boosting  LightGBM trained | best_iteration=0
23:08:58  INFO      models.gradient_boosting  LightGBM trained | best_iteration=0
23:08:59  INFO      models.gradient_boosting  LightGBM trained | best_iteration=0
23:08:59  INFO      models.gradient_boosting  LightGBM trained | best_iteration=0
23:08:59  INFO      models.gradient_boosting  LightGBM trained | best_iteration=0
23:09:00  INFO      models.gradient_boosting  LightGBM trained | best_iteration=0
23:09:02  INFO      models.gradient_boosting  LightGBM trained | best_iteration=0
23:09:05  INFO      models.gradient_boosting  LightGBM trained | best_iteration=0
23:09:07  INFO      models.gradient_boosting  LightGBM trained | best_iteration=0
23:09:07  INFO      models.gradient_boosting  LightGBM trained | best_iteration=0
23:09:08  INFO      models.gradient_boosting  LightGBM trained | best_iteration=0
23:09:08  INFO      models.gradient_boosting  LightGBM trained | best_iteration=0
23:09:09  INFO      models.gradient_boosting  LightGBM trained | best_iteration=0
23:09:11  INFO      models.gradient_boosting  LightGBM trained | best_iteration=0
23:09:12  INFO      models.gradient_boosting  LightGBM trained | best_iteration=0
23:09:13  INFO      models.gradient_boosting  LightGBM trained | best_iteration=0
23:09:14  INFO      models.gradient_boosting  LightGBM trained | best_iteration=0
23:09:15  INFO      models.gradient_boosting  LightGBM trained | best_iteration=0
23:09:16  INFO      models.gradient_boosting  LightGBM trained | best_iteration=0
23:09:16  INFO      models.gradient_boosting  LightGBM trained | best_iteration=0
23:09:17  INFO      models.gradient_boosting  LightGBM trained | best_iteration=0
23:09:17  INFO      models.gradient_boosting  LightGBM trained | best_iteration=0
23:09:18  INFO      models.gradient_boosting  LightGBM trained | best_iteration=0
23:09:18  INFO      models.gradient_boosting  LightGBM trained | best_iteration=0
23:09:18  INFO      models.gradient_boosting  LightGBM trained | best_iteration=0
23:09:19  INFO      models.gradient_boosting  LightGBM trained | best_iteration=0
23:09:20  INFO      models.gradient_boosting  LightGBM trained | best_iteration=0
23:09:23  INFO      models.gradient_boosting  LightGBM trained | best_iteration=0
23:09:24  INFO      models.gradient_boosting  LightGBM trained | best_iteration=72
23:09:24  INFO      pipeline  Training CatBoost …
23:09:24  INFO      pipeline  RandomizedSearchCV | model=CatBoost seed=99 n_iter=12 cv=3 scoring=roc_auc
23:09:24  INFO      models.gradient_boosting  CatBoost trained
23:09:24  INFO      models.gradient_boosting  CatBoost trained
23:09:25  INFO      models.gradient_boosting  CatBoost trained
23:09:25  INFO      models.gradient_boosting  CatBoost trained
23:09:25  INFO      models.gradient_boosting  CatBoost trained
23:09:25  INFO      models.gradient_boosting  CatBoost trained
23:09:27  INFO      models.gradient_boosting  CatBoost trained
23:09:28  INFO      models.gradient_boosting  CatBoost trained
23:09:29  INFO      models.gradient_boosting  CatBoost trained
23:09:29  INFO      models.gradient_boosting  CatBoost trained
23:09:30  INFO      models.gradient_boosting  CatBoost trained
23:09:31  INFO      models.gradient_boosting  CatBoost trained
23:09:31  INFO      models.gradient_boosting  CatBoost trained
23:09:32  INFO      models.gradient_boosting  CatBoost trained
23:09:33  INFO      models.gradient_boosting  CatBoost trained
23:09:35  INFO      models.gradient_boosting  CatBoost trained
23:09:37  INFO      models.gradient_boosting  CatBoost trained
23:09:39  INFO      models.gradient_boosting  CatBoost trained
23:09:40  INFO      models.gradient_boosting  CatBoost trained
23:09:40  INFO      models.gradient_boosting  CatBoost trained
23:09:40  INFO      models.gradient_boosting  CatBoost trained
23:09:40  INFO      models.gradient_boosting  CatBoost trained
23:09:41  INFO      models.gradient_boosting  CatBoost trained
23:09:41  INFO      models.gradient_boosting  CatBoost trained
23:09:41  INFO      models.gradient_boosting  CatBoost trained
23:09:41  INFO      models.gradient_boosting  CatBoost trained
23:09:42  INFO      models.gradient_boosting  CatBoost trained
23:09:42  INFO      models.gradient_boosting  CatBoost trained
23:09:42  INFO      models.gradient_boosting  CatBoost trained
23:09:42  INFO      models.gradient_boosting  CatBoost trained
23:09:43  INFO      models.gradient_boosting  CatBoost trained
23:09:44  INFO      models.gradient_boosting  CatBoost trained
23:09:45  INFO      models.gradient_boosting  CatBoost trained
23:09:45  INFO      models.gradient_boosting  CatBoost trained
23:09:45  INFO      models.gradient_boosting  CatBoost trained
23:09:46  INFO      models.gradient_boosting  CatBoost trained
23:09:47  INFO      models.gradient_boosting  CatBoost trained
23:09:48  INFO      models.gradient_boosting  CatBoost trained
23:09:48  INFO      pipeline  Training Random Forest …
23:09:48  INFO      pipeline  RandomizedSearchCV | model=Random Forest seed=99 n_iter=12 cv=3 scoring=roc_auc
23:10:00  INFO      pipeline  Training Logistic Reg. …
23:10:00  INFO      pipeline  RandomizedSearchCV | model=Logistic Reg. seed=99 n_iter=12 cv=3 scoring=roc_auc
23:10:00  INFO      pipeline  Training TabNet …
23:10:00  INFO      models.tabnet_model  Apple MPS backend passed smoke test — using GPU acceleration.
23:10:00  INFO      models.tabnet_model  TabNet starting | device=mps  max_epochs=200  patience=15  batch_size=1024  n_train=980
23:10:03  INFO      models.tabnet_model  TabNet trained | device=mps  best_epoch=14  elapsed=3.3s
23:10:03  INFO      pipeline  YAML saved → /Users/harekrishna/Downloads/discover_ai_credit_experiment_v2/results/outputs/south_german/runs/seed_99/results/best_params.yaml
23:10:03  INFO      pipeline  ============================================================
23:10:03  INFO      pipeline  STAGE 4: Evaluation
23:10:03  INFO      pipeline  ============================================================
23:10:03  INFO      pipeline  XGBoost | val_F1*=0.7077 @ t=0.46 | test AUROC=0.7768  F1=0.5614  G-Mean=0.6705  MCC=0.3883
23:10:03  INFO      pipeline  LightGBM | val_F1*=0.6500 @ t=0.20 | test AUROC=0.7693  F1=0.5882  G-Mean=0.7037  MCC=0.3866
23:10:04  INFO      pipeline  CatBoost | val_F1*=0.6769 @ t=0.53 | test AUROC=0.7769  F1=0.5439  G-Mean=0.6571  MCC=0.3637
23:10:04  INFO      pipeline  Random Forest | val_F1*=0.7164 @ t=0.41 | test AUROC=0.7762  F1=0.5760  G-Mean=0.6897  MCC=0.3844
23:10:04  INFO      pipeline  Logistic Reg. | val_F1*=0.6765 @ t=0.53 | test AUROC=0.7621  F1=0.5614  G-Mean=0.6705  MCC=0.3883
23:10:04  INFO      pipeline  TabNet | val_F1*=0.6667 @ t=0.62 | test AUROC=0.6589  F1=0.4248  G-Mean=0.5632  MCC=0.2003
23:10:04  INFO      pipeline  LaTeX table → /Users/harekrishna/Downloads/discover_ai_credit_experiment_v2/results/outputs/south_german/runs/seed_99/results/table2_test_metrics.tex
23:10:04  INFO      pipeline  
                AUROC   AUPRC      F1  Precision  Recall  Specificity  G-Mean     MCC   Brier
Model                                                                                        
XGBoost        0.7768  0.6635  0.5614     0.5926  0.5333       0.8429  0.6705  0.3883  0.1632
LightGBM       0.7693  0.6392  0.5882     0.5263  0.6667       0.7429  0.7037  0.3866  0.1758
CatBoost       0.7769  0.6111  0.5439     0.5741  0.5167       0.8357  0.6571  0.3637  0.1851
Random Forest  0.7762  0.6236  0.5760     0.5538  0.6000       0.7929  0.6897  0.3844  0.1654
Logistic Reg.  0.7621  0.6919  0.5614     0.5926  0.5333       0.8429  0.6705  0.3883  0.1706
TabNet         0.6589  0.4388  0.4248     0.4528  0.4000       0.7929  0.5632  0.2003  0.2573
23:10:04  INFO      visualization.plots  Fig 2 saved → /Users/harekrishna/Downloads/discover_ai_credit_experiment_v2/results/outputs/south_german/runs/seed_99/figures/fig02_roc_curves.pdf
23:10:04  INFO      visualization.plots  Fig 3 saved → /Users/harekrishna/Downloads/discover_ai_credit_experiment_v2/results/outputs/south_german/runs/seed_99/figures/fig03_pr_curves.pdf
23:10:04  INFO      visualization.plots  Fig 4 saved → /Users/harekrishna/Downloads/discover_ai_credit_experiment_v2/results/outputs/south_german/runs/seed_99/figures/fig04_confusion_random_forest.pdf
23:10:04  INFO      pipeline  Top pair CatBoost vs XGBoost | DeLong z=0.0084 p=0.9933 | McNemar chi2=0.0833 p=0.7728
23:15:53  INFO      models.gradient_boosting  XGBoost trained | best_iteration=61
23:15:53  INFO      models.gradient_boosting  XGBoost trained | best_iteration=1
23:15:53  INFO      models.gradient_boosting  XGBoost trained | best_iteration=1
23:15:53  INFO      models.gradient_boosting  XGBoost trained | best_iteration=16
23:15:53  INFO      models.gradient_boosting  XGBoost trained | best_iteration=8
23:15:54  INFO      models.gradient_boosting  LightGBM trained | best_iteration=144
23:15:55  INFO      models.gradient_boosting  LightGBM trained | best_iteration=177
23:15:55  INFO      models.gradient_boosting  LightGBM trained | best_iteration=167
23:15:56  INFO      models.gradient_boosting  LightGBM trained | best_iteration=132
23:15:56  INFO      models.gradient_boosting  LightGBM trained | best_iteration=71
23:15:56  INFO      models.gradient_boosting  CatBoost trained
23:15:56  INFO      models.gradient_boosting  CatBoost trained
23:15:57  INFO      models.gradient_boosting  CatBoost trained
23:15:57  INFO      models.gradient_boosting  CatBoost trained
23:15:57  INFO      models.gradient_boosting  CatBoost trained
23:15:58  INFO      pipeline  Skipping TabNet in SMOTE ablation (Fig 10) — its single official result is already in Table II. Pass --full-ablation to include it (runs in isolated subprocesses to avoid the MPS stall seen previously).
23:15:58  INFO      visualization.plots  Fig 10 saved → /Users/harekrishna/Downloads/discover_ai_credit_experiment_v2/results/outputs/south_german/runs/seed_99/figures/fig10_smote_ablation.pdf
23:15:58  INFO      pipeline  ============================================================
23:15:58  INFO      pipeline  STAGE 5: SHAP Explanations
23:15:58  INFO      pipeline  ============================================================
23:15:58  WARNING   shap  Background dataset has 200 samples but max_samples=100. Subsampling to 100 samples for SHAP value computation. To use all samples, set max_samples=200 when initializing the masker.
23:15:59  INFO      explainability.shap_explainer  SHAP TreeExplainer initialised
23:16:09  INFO      explainability.shap_explainer  SHAP values computed | shape=(200, 20)
23:16:09  INFO      explainability.shap_explainer  SHAP additivity check | MAE=0.00079 | PASS ✓
23:16:10  INFO      explainability.shap_explainer  Saved SHAP summary → /Users/harekrishna/Downloads/discover_ai_credit_experiment_v2/results/outputs/south_german/runs/seed_99/figures/fig05a_shap_summary_Random_Forest.pdf
23:16:10  INFO      explainability.shap_explainer  Saved SHAP bar → /Users/harekrishna/Downloads/discover_ai_credit_experiment_v2/results/outputs/south_german/runs/seed_99/figures/fig05b_shap_bar_Random_Forest.pdf
23:16:10  INFO      explainability.shap_explainer  Saved SHAP dependence → /Users/harekrishna/Downloads/discover_ai_credit_experiment_v2/results/outputs/south_german/runs/seed_99/figures/fig06_shap_dep_status.pdf
23:16:10  INFO      pipeline  LaTeX table → /Users/harekrishna/Downloads/discover_ai_credit_experiment_v2/results/outputs/south_german/runs/seed_99/results/table3_shap_ranking.tex
23:16:10  INFO      visualization.plots  Fig 8 saved → /Users/harekrishna/Downloads/discover_ai_credit_experiment_v2/results/outputs/south_german/runs/seed_99/figures/fig08_importance_comparison.pdf
23:16:11  INFO      visualization.plots  Fig 9 saved → /Users/harekrishna/Downloads/discover_ai_credit_experiment_v2/results/outputs/south_german/runs/seed_99/figures/fig09_threshold_sweep.pdf
23:16:11  INFO      pipeline  ============================================================
23:16:11  INFO      pipeline  STAGE 6: LIME Explanations
23:16:11  INFO      pipeline  ============================================================
23:16:11  INFO      explainability.lime_explainer  LIME tabular explainer initialised | features=20
23:16:11  INFO      pipeline  Local instances selected: {'TP': 187, 'FP': 62, 'FN': 46, 'TN': 95}
23:16:11  INFO      explainability.lime_explainer  Saved LIME explanation → /Users/harekrishna/Downloads/discover_ai_credit_experiment_v2/results/outputs/south_german/runs/seed_99/figures/fig07_tp_lime.pdf
23:16:11  INFO      explainability.lime_explainer  Saved LIME explanation → /Users/harekrishna/Downloads/discover_ai_credit_experiment_v2/results/outputs/south_german/runs/seed_99/figures/fig07_fp_lime.pdf
23:16:11  INFO      explainability.lime_explainer  Saved LIME explanation → /Users/harekrishna/Downloads/discover_ai_credit_experiment_v2/results/outputs/south_german/runs/seed_99/figures/fig07_fn_lime.pdf
23:16:11  INFO      explainability.lime_explainer  Saved LIME explanation → /Users/harekrishna/Downloads/discover_ai_credit_experiment_v2/results/outputs/south_german/runs/seed_99/figures/fig07_tn_lime.pdf
23:16:12  INFO      explainability.lime_explainer  Saved LIME multi-instance grid → /Users/harekrishna/Downloads/discover_ai_credit_experiment_v2/results/outputs/south_german/runs/seed_99/figures/fig07_lime_multi_instance.pdf
23:16:19  INFO      explainability.lime_explainer  LIME batch complete | n=200
23:16:19  INFO      explainability.lime_explainer  SHAP–LIME agreement | mean ρ=0.504 ± 0.208
23:16:19  INFO      explainability.lime_explainer  LIME tabular explainer initialised | features=20
23:16:19  INFO      explainability.lime_explainer  LIME tabular explainer initialised | features=20
23:16:19  INFO      explainability.lime_explainer  LIME tabular explainer initialised | features=20
23:16:19  INFO      explainability.lime_explainer  LIME tabular explainer initialised | features=20
23:16:19  INFO      explainability.lime_explainer  LIME tabular explainer initialised | features=20
23:16:19  INFO      explainability.lime_explainer  LIME tabular explainer initialised | features=20
23:16:19  INFO      explainability.lime_explainer  LIME tabular explainer initialised | features=20
23:16:19  INFO      explainability.lime_explainer  LIME tabular explainer initialised | features=20
23:16:20  INFO      explainability.lime_explainer  LIME tabular explainer initialised | features=20
23:16:20  INFO      explainability.lime_explainer  LIME tabular explainer initialised | features=20
23:16:20  INFO      explainability.lime_explainer  LIME tabular explainer initialised | features=20
23:16:20  INFO      explainability.lime_explainer  LIME tabular explainer initialised | features=20
23:16:20  INFO      explainability.lime_explainer  LIME tabular explainer initialised | features=20
23:16:20  INFO      explainability.lime_explainer  LIME tabular explainer initialised | features=20
23:16:20  INFO      explainability.lime_explainer  LIME tabular explainer initialised | features=20
23:16:20  INFO      explainability.lime_explainer  LIME tabular explainer initialised | features=20
23:16:20  INFO      explainability.lime_explainer  LIME tabular explainer initialised | features=20
23:16:20  INFO      explainability.lime_explainer  LIME tabular explainer initialised | features=20
23:16:20  INFO      explainability.lime_explainer  LIME tabular explainer initialised | features=20
23:16:20  INFO      explainability.lime_explainer  LIME tabular explainer initialised | features=20
23:16:20  INFO      explainability.lime_explainer  LIME tabular explainer initialised | features=20
23:16:20  INFO      explainability.lime_explainer  LIME tabular explainer initialised | features=20
23:16:20  INFO      explainability.lime_explainer  LIME tabular explainer initialised | features=20
23:16:20  INFO      explainability.lime_explainer  LIME tabular explainer initialised | features=20
23:16:20  INFO      explainability.lime_explainer  LIME tabular explainer initialised | features=20
23:16:20  INFO      explainability.lime_explainer  LIME tabular explainer initialised | features=20
23:16:20  INFO      explainability.lime_explainer  LIME tabular explainer initialised | features=20
23:16:20  INFO      explainability.lime_explainer  LIME tabular explainer initialised | features=20
23:16:20  INFO      explainability.lime_explainer  LIME tabular explainer initialised | features=20
23:16:20  INFO      explainability.lime_explainer  LIME tabular explainer initialised | features=20
23:16:20  INFO      explainability.lime_explainer  LIME tabular explainer initialised | features=20
23:16:20  INFO      explainability.lime_explainer  LIME tabular explainer initialised | features=20
23:16:20  INFO      explainability.lime_explainer  LIME tabular explainer initialised | features=20
23:16:21  INFO      explainability.lime_explainer  LIME tabular explainer initialised | features=20
23:16:21  INFO      explainability.lime_explainer  LIME tabular explainer initialised | features=20
23:16:21  INFO      explainability.lime_explainer  LIME tabular explainer initialised | features=20
23:16:21  INFO      explainability.lime_explainer  LIME tabular explainer initialised | features=20
23:16:21  INFO      explainability.lime_explainer  LIME tabular explainer initialised | features=20
23:16:21  INFO      explainability.lime_explainer  LIME tabular explainer initialised | features=20
23:16:21  INFO      explainability.lime_explainer  LIME tabular explainer initialised | features=20
23:16:21  INFO      explainability.lime_explainer  LIME tabular explainer initialised | features=20
23:16:21  INFO      explainability.lime_explainer  LIME tabular explainer initialised | features=20
23:16:21  INFO      explainability.lime_explainer  LIME tabular explainer initialised | features=20
23:16:21  INFO      explainability.lime_explainer  LIME tabular explainer initialised | features=20
23:16:21  INFO      explainability.lime_explainer  LIME tabular explainer initialised | features=20
23:16:21  INFO      explainability.lime_explainer  LIME tabular explainer initialised | features=20
23:16:21  INFO      explainability.lime_explainer  LIME tabular explainer initialised | features=20
23:16:21  INFO      explainability.lime_explainer  LIME tabular explainer initialised | features=20
23:16:21  INFO      explainability.lime_explainer  LIME tabular explainer initialised | features=20
23:16:21  INFO      explainability.lime_explainer  LIME tabular explainer initialised | features=20
23:16:21  INFO      explainability.lime_explainer  LIME tabular explainer initialised | features=20
23:16:21  INFO      explainability.lime_explainer  LIME tabular explainer initialised | features=20
23:16:21  INFO      explainability.lime_explainer  LIME tabular explainer initialised | features=20
23:16:21  INFO      explainability.lime_explainer  LIME tabular explainer initialised | features=20
23:16:21  INFO      explainability.lime_explainer  LIME tabular explainer initialised | features=20
23:16:21  INFO      explainability.lime_explainer  LIME tabular explainer initialised | features=20
23:16:21  INFO      explainability.lime_explainer  LIME tabular explainer initialised | features=20
23:16:21  INFO      explainability.lime_explainer  LIME tabular explainer initialised | features=20
23:16:22  INFO      explainability.lime_explainer  LIME tabular explainer initialised | features=20
23:16:22  INFO      explainability.lime_explainer  LIME tabular explainer initialised | features=20
23:16:22  INFO      explainability.lime_explainer  LIME tabular explainer initialised | features=20
23:16:22  INFO      explainability.lime_explainer  LIME tabular explainer initialised | features=20
23:16:22  INFO      explainability.lime_explainer  LIME tabular explainer initialised | features=20
23:16:22  INFO      explainability.lime_explainer  LIME tabular explainer initialised | features=20
23:16:22  INFO      explainability.lime_explainer  LIME tabular explainer initialised | features=20
23:16:22  INFO      explainability.lime_explainer  LIME tabular explainer initialised | features=20
23:16:22  INFO      explainability.lime_explainer  LIME tabular explainer initialised | features=20
23:16:22  INFO      explainability.lime_explainer  LIME tabular explainer initialised | features=20
23:16:22  INFO      explainability.lime_explainer  LIME tabular explainer initialised | features=20
23:16:22  INFO      explainability.lime_explainer  LIME tabular explainer initialised | features=20
23:16:22  INFO      explainability.lime_explainer  LIME tabular explainer initialised | features=20
23:16:22  INFO      explainability.lime_explainer  LIME tabular explainer initialised | features=20
23:16:22  INFO      explainability.lime_explainer  LIME tabular explainer initialised | features=20
23:16:22  INFO      explainability.lime_explainer  LIME tabular explainer initialised | features=20
23:16:22  INFO      explainability.lime_explainer  LIME tabular explainer initialised | features=20
23:16:22  INFO      explainability.lime_explainer  LIME tabular explainer initialised | features=20
23:16:22  INFO      explainability.lime_explainer  LIME tabular explainer initialised | features=20
23:16:22  INFO      explainability.lime_explainer  LIME tabular explainer initialised | features=20
23:16:22  INFO      explainability.lime_explainer  LIME tabular explainer initialised | features=20
23:16:22  INFO      explainability.lime_explainer  LIME tabular explainer initialised | features=20
23:16:22  INFO      explainability.lime_explainer  LIME tabular explainer initialised | features=20
23:16:22  INFO      explainability.lime_explainer  LIME tabular explainer initialised | features=20
23:16:22  INFO      explainability.lime_explainer  LIME tabular explainer initialised | features=20
23:16:23  INFO      explainability.lime_explainer  LIME tabular explainer initialised | features=20
23:16:23  INFO      explainability.lime_explainer  LIME tabular explainer initialised | features=20
23:16:23  INFO      explainability.lime_explainer  LIME tabular explainer initialised | features=20
23:16:23  INFO      explainability.lime_explainer  LIME tabular explainer initialised | features=20
23:16:23  INFO      explainability.lime_explainer  LIME tabular explainer initialised | features=20
23:16:23  INFO      explainability.lime_explainer  LIME tabular explainer initialised | features=20
23:16:23  INFO      explainability.lime_explainer  LIME tabular explainer initialised | features=20
23:16:23  INFO      explainability.lime_explainer  LIME tabular explainer initialised | features=20
23:16:23  INFO      explainability.lime_explainer  LIME tabular explainer initialised | features=20
23:16:23  INFO      explainability.lime_explainer  LIME tabular explainer initialised | features=20
23:16:23  INFO      explainability.lime_explainer  LIME tabular explainer initialised | features=20
23:16:23  INFO      explainability.lime_explainer  LIME tabular explainer initialised | features=20
23:16:23  INFO      explainability.lime_explainer  LIME tabular explainer initialised | features=20
23:16:23  INFO      explainability.lime_explainer  LIME tabular explainer initialised | features=20
23:16:23  INFO      explainability.lime_explainer  LIME tabular explainer initialised | features=20
23:16:23  INFO      explainability.lime_explainer  LIME tabular explainer initialised | features=20
23:16:23  INFO      explainability.lime_explainer  LIME tabular explainer initialised | features=20
23:16:23  INFO      explainability.lime_explainer  LIME tabular explainer initialised | features=20
23:16:23  INFO      explainability.lime_explainer  LIME tabular explainer initialised | features=20
23:16:23  INFO      explainability.lime_explainer  LIME tabular explainer initialised | features=20
23:16:23  INFO      explainability.lime_explainer  LIME tabular explainer initialised | features=20
23:16:23  INFO      explainability.lime_explainer  LIME tabular explainer initialised | features=20
23:16:23  INFO      explainability.lime_explainer  LIME tabular explainer initialised | features=20
23:16:23  INFO      explainability.lime_explainer  LIME tabular explainer initialised | features=20
23:16:23  INFO      explainability.lime_explainer  LIME tabular explainer initialised | features=20
23:16:24  INFO      explainability.lime_explainer  LIME tabular explainer initialised | features=20
23:16:24  INFO      explainability.lime_explainer  LIME tabular explainer initialised | features=20
23:16:24  INFO      explainability.lime_explainer  LIME tabular explainer initialised | features=20
23:16:24  INFO      explainability.lime_explainer  LIME tabular explainer initialised | features=20
23:16:24  INFO      explainability.lime_explainer  LIME tabular explainer initialised | features=20
23:16:24  INFO      explainability.lime_explainer  LIME tabular explainer initialised | features=20
23:16:24  INFO      explainability.lime_explainer  LIME tabular explainer initialised | features=20
23:16:24  INFO      explainability.lime_explainer  LIME tabular explainer initialised | features=20
23:16:24  INFO      explainability.lime_explainer  LIME tabular explainer initialised | features=20
23:16:24  INFO      explainability.lime_explainer  LIME tabular explainer initialised | features=20
23:16:24  INFO      explainability.lime_explainer  LIME tabular explainer initialised | features=20
23:16:24  INFO      explainability.lime_explainer  LIME tabular explainer initialised | features=20
23:16:24  INFO      explainability.lime_explainer  LIME tabular explainer initialised | features=20
23:16:24  INFO      explainability.lime_explainer  LIME tabular explainer initialised | features=20
23:16:24  INFO      explainability.lime_explainer  LIME tabular explainer initialised | features=20
23:16:24  INFO      explainability.lime_explainer  LIME tabular explainer initialised | features=20
23:16:24  INFO      explainability.lime_explainer  LIME tabular explainer initialised | features=20
23:16:24  INFO      explainability.lime_explainer  LIME tabular explainer initialised | features=20
23:16:24  INFO      explainability.lime_explainer  LIME tabular explainer initialised | features=20
23:16:24  INFO      explainability.lime_explainer  LIME tabular explainer initialised | features=20
23:16:24  INFO      explainability.lime_explainer  LIME tabular explainer initialised | features=20
23:16:24  INFO      explainability.lime_explainer  LIME tabular explainer initialised | features=20
23:16:24  INFO      explainability.lime_explainer  LIME tabular explainer initialised | features=20
23:16:24  INFO      explainability.lime_explainer  LIME tabular explainer initialised | features=20
23:16:24  INFO      explainability.lime_explainer  LIME tabular explainer initialised | features=20
23:16:25  INFO      explainability.lime_explainer  LIME tabular explainer initialised | features=20
23:16:25  INFO      explainability.lime_explainer  LIME tabular explainer initialised | features=20
23:16:25  INFO      explainability.lime_explainer  LIME tabular explainer initialised | features=20
23:16:25  INFO      explainability.lime_explainer  LIME tabular explainer initialised | features=20
23:16:25  INFO      explainability.lime_explainer  LIME tabular explainer initialised | features=20
23:16:25  INFO      explainability.lime_explainer  LIME tabular explainer initialised | features=20
23:16:25  INFO      explainability.lime_explainer  LIME tabular explainer initialised | features=20
23:16:25  INFO      explainability.lime_explainer  LIME tabular explainer initialised | features=20
23:16:25  INFO      explainability.lime_explainer  LIME tabular explainer initialised | features=20
23:16:25  INFO      explainability.lime_explainer  LIME tabular explainer initialised | features=20
23:16:25  INFO      explainability.lime_explainer  LIME tabular explainer initialised | features=20
23:16:25  INFO      explainability.lime_explainer  LIME tabular explainer initialised | features=20
23:16:25  INFO      explainability.lime_explainer  LIME tabular explainer initialised | features=20
23:16:25  INFO      explainability.lime_explainer  LIME tabular explainer initialised | features=20
23:16:25  INFO      explainability.lime_explainer  LIME tabular explainer initialised | features=20
23:16:25  INFO      explainability.lime_explainer  LIME tabular explainer initialised | features=20
23:16:25  INFO      explainability.lime_explainer  LIME tabular explainer initialised | features=20
23:16:25  INFO      explainability.lime_explainer  LIME tabular explainer initialised | features=20
23:16:25  INFO      explainability.lime_explainer  LIME tabular explainer initialised | features=20
23:16:25  INFO      explainability.lime_explainer  LIME tabular explainer initialised | features=20
23:16:25  INFO      explainability.lime_explainer  LIME tabular explainer initialised | features=20
23:16:25  INFO      explainability.lime_explainer  LIME tabular explainer initialised | features=20
23:16:25  INFO      explainability.lime_explainer  LIME tabular explainer initialised | features=20
23:16:26  INFO      explainability.lime_explainer  LIME tabular explainer initialised | features=20
23:16:26  INFO      explainability.lime_explainer  LIME tabular explainer initialised | features=20
23:16:26  INFO      explainability.lime_explainer  LIME tabular explainer initialised | features=20
23:16:26  INFO      explainability.lime_explainer  LIME tabular explainer initialised | features=20
23:16:26  INFO      explainability.lime_explainer  LIME tabular explainer initialised | features=20
23:16:26  INFO      explainability.lime_explainer  LIME tabular explainer initialised | features=20
23:16:26  INFO      explainability.lime_explainer  LIME tabular explainer initialised | features=20
23:16:26  INFO      explainability.lime_explainer  LIME tabular explainer initialised | features=20
23:16:26  INFO      explainability.lime_explainer  LIME tabular explainer initialised | features=20
23:16:26  INFO      explainability.lime_explainer  LIME tabular explainer initialised | features=20
23:16:26  INFO      explainability.lime_explainer  LIME tabular explainer initialised | features=20
23:16:26  INFO      explainability.lime_explainer  LIME tabular explainer initialised | features=20
23:16:26  INFO      explainability.lime_explainer  LIME tabular explainer initialised | features=20
23:16:26  INFO      explainability.lime_explainer  LIME tabular explainer initialised | features=20
23:16:26  INFO      explainability.lime_explainer  LIME tabular explainer initialised | features=20
23:16:26  INFO      explainability.lime_explainer  LIME tabular explainer initialised | features=20
23:16:26  INFO      explainability.lime_explainer  LIME tabular explainer initialised | features=20
23:16:26  INFO      explainability.lime_explainer  LIME tabular explainer initialised | features=20
23:16:26  INFO      explainability.lime_explainer  LIME tabular explainer initialised | features=20
23:16:26  INFO      explainability.lime_explainer  LIME tabular explainer initialised | features=20
23:16:26  INFO      explainability.lime_explainer  LIME tabular explainer initialised | features=20
23:16:26  INFO      explainability.lime_explainer  LIME tabular explainer initialised | features=20
23:16:26  INFO      explainability.lime_explainer  LIME tabular explainer initialised | features=20
23:16:26  INFO      explainability.lime_explainer  LIME tabular explainer initialised | features=20
23:16:27  INFO      explainability.lime_explainer  LIME tabular explainer initialised | features=20
23:16:27  INFO      explainability.lime_explainer  LIME tabular explainer initialised | features=20
23:16:27  INFO      explainability.lime_explainer  LIME tabular explainer initialised | features=20
23:16:27  INFO      explainability.lime_explainer  LIME tabular explainer initialised | features=20
23:16:27  INFO      explainability.lime_explainer  LIME tabular explainer initialised | features=20
23:16:27  INFO      explainability.lime_explainer  LIME tabular explainer initialised | features=20
23:16:27  INFO      explainability.lime_explainer  LIME tabular explainer initialised | features=20
23:16:27  INFO      explainability.lime_explainer  LIME tabular explainer initialised | features=20
23:16:27  INFO      explainability.lime_explainer  LIME tabular explainer initialised | features=20
23:16:27  INFO      explainability.lime_explainer  LIME tabular explainer initialised | features=20
23:16:27  INFO      explainability.lime_explainer  LIME tabular explainer initialised | features=20
23:16:27  INFO      explainability.lime_explainer  LIME tabular explainer initialised | features=20
23:16:27  INFO      explainability.lime_explainer  LIME tabular explainer initialised | features=20
23:16:27  INFO      explainability.lime_explainer  LIME tabular explainer initialised | features=20
23:16:27  INFO      explainability.lime_explainer  LIME tabular explainer initialised | features=20
23:16:27  INFO      explainability.lime_explainer  LIME tabular explainer initialised | features=20
23:16:27  INFO      explainability.lime_explainer  LIME tabular explainer initialised | features=20
23:16:27  INFO      explainability.lime_explainer  LIME tabular explainer initialised | features=20
23:16:27  INFO      explainability.lime_explainer  LIME tabular explainer initialised | features=20
23:16:27  INFO      explainability.lime_explainer  LIME tabular explainer initialised | features=20
23:16:27  INFO      explainability.lime_explainer  LIME tabular explainer initialised | features=20
23:16:27  INFO      explainability.lime_explainer  LIME tabular explainer initialised | features=20
23:16:27  INFO      explainability.lime_explainer  LIME tabular explainer initialised | features=20
23:16:27  INFO      explainability.lime_explainer  LIME tabular explainer initialised | features=20
23:16:27  INFO      explainability.lime_explainer  LIME tabular explainer initialised | features=20
23:16:28  INFO      explainability.lime_explainer  LIME tabular explainer initialised | features=20
23:16:28  INFO      explainability.lime_explainer  LIME tabular explainer initialised | features=20
23:16:28  INFO      explainability.lime_explainer  LIME tabular explainer initialised | features=20
23:16:28  INFO      explainability.lime_explainer  LIME tabular explainer initialised | features=20
23:16:28  INFO      explainability.lime_explainer  LIME tabular explainer initialised | features=20
23:16:28  INFO      explainability.lime_explainer  LIME tabular explainer initialised | features=20
23:16:28  INFO      explainability.lime_explainer  LIME tabular explainer initialised | features=20
23:16:28  INFO      explainability.lime_explainer  LIME tabular explainer initialised | features=20
23:16:28  INFO      explainability.lime_explainer  LIME tabular explainer initialised | features=20
23:16:28  INFO      explainability.lime_explainer  LIME tabular explainer initialised | features=20
23:16:28  INFO      explainability.lime_explainer  LIME tabular explainer initialised | features=20
23:16:28  INFO      explainability.lime_explainer  LIME tabular explainer initialised | features=20
23:16:28  INFO      explainability.lime_explainer  LIME tabular explainer initialised | features=20
23:16:28  INFO      explainability.lime_explainer  LIME tabular explainer initialised | features=20
23:16:28  INFO      explainability.lime_explainer  LIME tabular explainer initialised | features=20
23:16:28  INFO      explainability.lime_explainer  LIME tabular explainer initialised | features=20
23:16:28  INFO      explainability.lime_explainer  LIME tabular explainer initialised | features=20
23:16:28  INFO      explainability.lime_explainer  LIME tabular explainer initialised | features=20
23:16:28  INFO      explainability.lime_explainer  LIME tabular explainer initialised | features=20
23:16:28  INFO      explainability.lime_explainer  LIME tabular explainer initialised | features=20
23:16:28  INFO      explainability.lime_explainer  LIME tabular explainer initialised | features=20
23:16:28  INFO      explainability.lime_explainer  LIME tabular explainer initialised | features=20
23:16:28  INFO      explainability.lime_explainer  LIME tabular explainer initialised | features=20
23:16:28  INFO      explainability.lime_explainer  LIME tabular explainer initialised | features=20
23:16:28  INFO      explainability.lime_explainer  LIME tabular explainer initialised | features=20
23:16:29  INFO      explainability.lime_explainer  LIME tabular explainer initialised | features=20
23:16:29  INFO      explainability.lime_explainer  LIME tabular explainer initialised | features=20
23:16:29  INFO      explainability.lime_explainer  LIME tabular explainer initialised | features=20
23:16:29  INFO      explainability.lime_explainer  LIME tabular explainer initialised | features=20
23:16:29  INFO      explainability.lime_explainer  LIME tabular explainer initialised | features=20
23:16:29  INFO      explainability.lime_explainer  LIME tabular explainer initialised | features=20
23:16:29  INFO      explainability.lime_explainer  LIME tabular explainer initialised | features=20
23:16:29  INFO      explainability.lime_explainer  LIME tabular explainer initialised | features=20
23:16:29  INFO      explainability.lime_explainer  LIME tabular explainer initialised | features=20
23:16:29  INFO      explainability.lime_explainer  LIME tabular explainer initialised | features=20
23:16:29  INFO      explainability.lime_explainer  LIME tabular explainer initialised | features=20
23:16:29  INFO      explainability.lime_explainer  LIME tabular explainer initialised | features=20
23:16:29  INFO      explainability.lime_explainer  LIME tabular explainer initialised | features=20
23:16:29  INFO      explainability.lime_explainer  LIME tabular explainer initialised | features=20
23:16:29  INFO      explainability.lime_explainer  LIME tabular explainer initialised | features=20
23:16:29  INFO      explainability.lime_explainer  LIME tabular explainer initialised | features=20
23:16:29  INFO      explainability.lime_explainer  LIME tabular explainer initialised | features=20
23:16:29  INFO      explainability.lime_explainer  LIME tabular explainer initialised | features=20
23:16:29  INFO      explainability.lime_explainer  LIME tabular explainer initialised | features=20
23:16:29  INFO      explainability.lime_explainer  LIME tabular explainer initialised | features=20
23:16:29  INFO      explainability.lime_explainer  LIME tabular explainer initialised | features=20
23:16:29  INFO      explainability.lime_explainer  LIME tabular explainer initialised | features=20
23:16:29  INFO      explainability.lime_explainer  LIME tabular explainer initialised | features=20
23:16:29  INFO      explainability.lime_explainer  LIME tabular explainer initialised | features=20
23:16:30  INFO      explainability.lime_explainer  LIME tabular explainer initialised | features=20
23:16:30  INFO      explainability.lime_explainer  LIME tabular explainer initialised | features=20
23:16:30  INFO      explainability.lime_explainer  LIME tabular explainer initialised | features=20
23:16:30  INFO      explainability.lime_explainer  LIME tabular explainer initialised | features=20
23:16:30  INFO      explainability.lime_explainer  LIME tabular explainer initialised | features=20
23:16:30  INFO      explainability.lime_explainer  LIME tabular explainer initialised | features=20
23:16:30  INFO      explainability.lime_explainer  LIME tabular explainer initialised | features=20
23:16:30  INFO      explainability.lime_explainer  LIME tabular explainer initialised | features=20
23:16:30  INFO      explainability.lime_explainer  LIME tabular explainer initialised | features=20
23:16:30  INFO      explainability.lime_explainer  LIME tabular explainer initialised | features=20
23:16:30  INFO      explainability.lime_explainer  LIME tabular explainer initialised | features=20
23:16:30  INFO      explainability.lime_explainer  LIME tabular explainer initialised | features=20
23:16:30  INFO      explainability.lime_explainer  LIME tabular explainer initialised | features=20
23:16:30  INFO      explainability.lime_explainer  LIME tabular explainer initialised | features=20
23:16:30  INFO      explainability.lime_explainer  LIME tabular explainer initialised | features=20
23:16:30  INFO      explainability.lime_explainer  LIME tabular explainer initialised | features=20
23:16:30  INFO      explainability.lime_explainer  LIME tabular explainer initialised | features=20
23:16:30  INFO      explainability.lime_explainer  LIME tabular explainer initialised | features=20
23:16:30  INFO      explainability.lime_explainer  LIME tabular explainer initialised | features=20
23:16:31  INFO      explainability.lime_explainer  LIME tabular explainer initialised | features=20
23:16:31  INFO      explainability.lime_explainer  LIME tabular explainer initialised | features=20
23:16:31  INFO      explainability.lime_explainer  LIME tabular explainer initialised | features=20
23:16:31  INFO      explainability.lime_explainer  LIME tabular explainer initialised | features=20
23:16:31  INFO      explainability.lime_explainer  LIME tabular explainer initialised | features=20
23:16:31  INFO      explainability.lime_explainer  LIME tabular explainer initialised | features=20
23:16:31  INFO      explainability.lime_explainer  LIME tabular explainer initialised | features=20
23:16:31  INFO      explainability.lime_explainer  LIME tabular explainer initialised | features=20
23:16:31  INFO      explainability.lime_explainer  LIME tabular explainer initialised | features=20
23:16:31  INFO      explainability.lime_explainer  LIME tabular explainer initialised | features=20
23:16:31  INFO      explainability.lime_explainer  LIME tabular explainer initialised | features=20
23:16:31  INFO      explainability.lime_explainer  LIME tabular explainer initialised | features=20
23:16:31  INFO      explainability.lime_explainer  LIME tabular explainer initialised | features=20
23:16:31  INFO      explainability.lime_explainer  LIME tabular explainer initialised | features=20
23:16:31  INFO      explainability.lime_explainer  LIME tabular explainer initialised | features=20
23:16:31  INFO      explainability.lime_explainer  LIME tabular explainer initialised | features=20
23:16:31  INFO      explainability.lime_explainer  LIME tabular explainer initialised | features=20
23:16:31  INFO      explainability.lime_explainer  LIME tabular explainer initialised | features=20
23:16:31  INFO      explainability.lime_explainer  LIME tabular explainer initialised | features=20
23:16:31  INFO      explainability.lime_explainer  LIME tabular explainer initialised | features=20
23:16:31  INFO      explainability.lime_explainer  LIME tabular explainer initialised | features=20
23:16:31  INFO      explainability.lime_explainer  LIME tabular explainer initialised | features=20
23:16:31  INFO      explainability.lime_explainer  LIME tabular explainer initialised | features=20
23:16:31  INFO      explainability.lime_explainer  LIME tabular explainer initialised | features=20
23:16:31  INFO      explainability.lime_explainer  LIME tabular explainer initialised | features=20
23:16:32  INFO      explainability.lime_explainer  LIME tabular explainer initialised | features=20
23:16:32  INFO      explainability.lime_explainer  LIME tabular explainer initialised | features=20
23:16:32  INFO      pipeline  LaTeX table → /Users/harekrishna/Downloads/discover_ai_credit_experiment_v2/results/outputs/south_german/runs/seed_99/results/table5_explanation_quality.tex
23:16:32  INFO      pipeline  SHAP–LIME agreement | mean ρ=0.504 ± 0.208
23:16:32  INFO      pipeline  LaTeX table → /Users/harekrishna/Downloads/discover_ai_credit_experiment_v2/results/outputs/south_german/runs/seed_99/results/table4_shap_lime_agreement.tex
23:17:06  INFO      pipeline  ============================================================
23:17:06  INFO      pipeline  SEED 99 COMPLETE
23:17:06  INFO      pipeline  Figures    -> /Users/harekrishna/Downloads/discover_ai_credit_experiment_v2/results/outputs/south_german/runs/seed_99/figures
23:17:06  INFO      pipeline  Results    -> /Users/harekrishna/Downloads/discover_ai_credit_experiment_v2/results/outputs/south_german/runs/seed_99/results
23:17:06  INFO      pipeline  Best model -> Random Forest (AUROC=0.7762)
23:17:06  INFO      pipeline  ============================================================
23:17:06  INFO      pipeline  ╔══════════════════════════════════════════════╗
23:17:06  INFO      pipeline  ║  Credit Default Prediction with XAI         ║
23:17:06  INFO      pipeline  ║  Dataset: south_german                       ║
23:17:06  INFO      pipeline  ║  Seed: 123                                   ║
23:17:06  INFO      pipeline  ╚══════════════════════════════════════════════╝
23:17:06  INFO      pipeline  ============================================================
23:17:06  INFO      pipeline  STAGE 1: Data Loading & Feature Engineering
23:17:06  INFO      pipeline  ============================================================
23:17:06  INFO      data.data_loader  Skipping UCI-specific engineered features; required columns not present.
23:17:06  INFO      data.data_loader  Skipping UCI-specific engineered features; required columns not present.
23:17:06  INFO      data.data_loader  Skipping UCI-specific engineered features; required columns not present.
23:17:06  INFO      data.data_loader  Dataset loaded | train=700  val=100  test=200 | default rate  train=30.00%  test=30.00%
23:17:06  INFO      pipeline  Imbalance stats: {
  "n_total": 700,
  "n_majority": 490,
  "n_minority": 210,
  "imbalance_ratio": 2.3333,
  "minority_pct": 30.0
}
23:17:06  INFO      visualization.plots  Fig 1 saved → /Users/harekrishna/Downloads/discover_ai_credit_experiment_v2/results/outputs/south_german/runs/seed_123/figures/fig01_class_distribution.pdf
23:17:06  INFO      pipeline  ============================================================
23:17:06  INFO      pipeline  STAGE 2: SMOTE Strategy Ablation
23:17:06  INFO      pipeline  ============================================================
23:17:06  INFO      preprocessing.imbalance_handler  Before resampling | class 0: 490 (70.0%)  class 1: 210 (30.0%)  IR=2.33
23:17:06  INFO      preprocessing.imbalance_handler  After SMOTE | class 0: 490 (50.0%)  class 1: 490 (50.0%)  IR=1.00
23:17:06  INFO      preprocessing.imbalance_handler  Before resampling | class 0: 490 (70.0%)  class 1: 210 (30.0%)  IR=2.33
23:17:06  INFO      preprocessing.imbalance_handler  After BorderlineSMOTE | class 0: 490 (50.0%)  class 1: 490 (50.0%)  IR=1.00
23:17:06  INFO      preprocessing.imbalance_handler  Before resampling | class 0: 490 (70.0%)  class 1: 210 (30.0%)  IR=2.33
23:17:06  INFO      preprocessing.imbalance_handler  After SVMSMOTE | class 0: 490 (50.0%)  class 1: 490 (50.0%)  IR=1.00
23:17:06  INFO      preprocessing.imbalance_handler  Before resampling | class 0: 490 (70.0%)  class 1: 210 (30.0%)  IR=2.33
23:17:06  INFO      preprocessing.imbalance_handler  After ADASYN | class 0: 490 (50.7%)  class 1: 477 (49.3%)  IR=1.03
23:17:06  INFO      preprocessing.imbalance_handler  Before resampling | class 0: 490 (70.0%)  class 1: 210 (30.0%)  IR=2.33
23:17:06  INFO      preprocessing.imbalance_handler  No resampling applied.
23:17:06  INFO      pipeline  Ablation | strategy=SMOTE | n=980
23:17:07  INFO      models.gradient_boosting  LightGBM trained | best_iteration=89
23:17:07  INFO      pipeline  Ablation | strategy=BorderlineSMOTE | n=980
23:17:07  INFO      models.gradient_boosting  LightGBM trained | best_iteration=113
23:17:07  INFO      pipeline  Ablation | strategy=SVMSMOTE | n=980
23:17:08  INFO      models.gradient_boosting  LightGBM trained | best_iteration=100
23:17:08  INFO      pipeline  Ablation | strategy=ADASYN | n=967
23:17:08  INFO      models.gradient_boosting  LightGBM trained | best_iteration=101
23:17:08  INFO      pipeline  Ablation | strategy=None | n=700
23:17:08  INFO      models.gradient_boosting  LightGBM trained | best_iteration=92
23:17:08  INFO      pipeline  Best SMOTE strategy (validation AUROC): SVMSMOTE → 0.8081  [model used: LightGBM]
23:17:08  INFO      pipeline  ============================================================
23:17:08  INFO      pipeline  STAGE 3: Model Training
23:17:08  INFO      pipeline  ============================================================
23:17:08  INFO      pipeline  Training XGBoost …
23:17:08  INFO      pipeline  RandomizedSearchCV | model=XGBoost seed=123 n_iter=12 cv=3 scoring=roc_auc
23:17:09  INFO      models.gradient_boosting  XGBoost trained | best_iteration=N/A
23:17:10  INFO      models.gradient_boosting  XGBoost trained | best_iteration=N/A
23:17:11  INFO      models.gradient_boosting  XGBoost trained | best_iteration=N/A
23:17:12  INFO      models.gradient_boosting  XGBoost trained | best_iteration=N/A
23:17:13  INFO      models.gradient_boosting  XGBoost trained | best_iteration=N/A
23:17:14  INFO      models.gradient_boosting  XGBoost trained | best_iteration=N/A
23:17:14  INFO      models.gradient_boosting  XGBoost trained | best_iteration=N/A
23:17:15  INFO      models.gradient_boosting  XGBoost trained | best_iteration=N/A
23:17:15  INFO      models.gradient_boosting  XGBoost trained | best_iteration=N/A
23:17:16  INFO      models.gradient_boosting  XGBoost trained | best_iteration=N/A
23:17:17  INFO      models.gradient_boosting  XGBoost trained | best_iteration=N/A
23:17:19  INFO      models.gradient_boosting  XGBoost trained | best_iteration=N/A
23:17:19  INFO      models.gradient_boosting  XGBoost trained | best_iteration=N/A
23:17:20  INFO      models.gradient_boosting  XGBoost trained | best_iteration=N/A
23:17:20  INFO      models.gradient_boosting  XGBoost trained | best_iteration=N/A
23:17:21  INFO      models.gradient_boosting  XGBoost trained | best_iteration=N/A
23:17:21  INFO      models.gradient_boosting  XGBoost trained | best_iteration=N/A
23:17:21  INFO      models.gradient_boosting  XGBoost trained | best_iteration=N/A
23:17:22  INFO      models.gradient_boosting  XGBoost trained | best_iteration=N/A
23:17:22  INFO      models.gradient_boosting  XGBoost trained | best_iteration=N/A
23:17:23  INFO      models.gradient_boosting  XGBoost trained | best_iteration=N/A
23:17:23  INFO      models.gradient_boosting  XGBoost trained | best_iteration=N/A
23:17:24  INFO      models.gradient_boosting  XGBoost trained | best_iteration=N/A
23:17:24  INFO      models.gradient_boosting  XGBoost trained | best_iteration=N/A
23:17:25  INFO      models.gradient_boosting  XGBoost trained | best_iteration=N/A
23:17:25  INFO      models.gradient_boosting  XGBoost trained | best_iteration=N/A
23:17:26  INFO      models.gradient_boosting  XGBoost trained | best_iteration=N/A
23:17:27  INFO      models.gradient_boosting  XGBoost trained | best_iteration=N/A
23:17:27  INFO      models.gradient_boosting  XGBoost trained | best_iteration=N/A
23:17:28  INFO      models.gradient_boosting  XGBoost trained | best_iteration=N/A
23:17:29  INFO      models.gradient_boosting  XGBoost trained | best_iteration=N/A
23:17:29  INFO      models.gradient_boosting  XGBoost trained | best_iteration=N/A
23:17:30  INFO      models.gradient_boosting  XGBoost trained | best_iteration=N/A
23:17:30  INFO      models.gradient_boosting  XGBoost trained | best_iteration=N/A
23:17:31  INFO      models.gradient_boosting  XGBoost trained | best_iteration=N/A
23:17:31  INFO      models.gradient_boosting  XGBoost trained | best_iteration=N/A
23:17:32  INFO      models.gradient_boosting  XGBoost trained | best_iteration=N/A
23:17:32  INFO      models.gradient_boosting  XGBoost trained | best_iteration=1
23:17:32  INFO      pipeline  Training LightGBM …
23:17:32  INFO      pipeline  RandomizedSearchCV | model=LightGBM seed=123 n_iter=12 cv=3 scoring=roc_auc
23:17:33  INFO      models.gradient_boosting  LightGBM trained | best_iteration=0
23:17:35  INFO      models.gradient_boosting  LightGBM trained | best_iteration=0
23:17:36  INFO      models.gradient_boosting  LightGBM trained | best_iteration=0
23:17:36  INFO      models.gradient_boosting  LightGBM trained | best_iteration=0
23:17:37  INFO      models.gradient_boosting  LightGBM trained | best_iteration=0
23:17:38  INFO      models.gradient_boosting  LightGBM trained | best_iteration=0
23:17:39  INFO      models.gradient_boosting  LightGBM trained | best_iteration=0
23:17:41  INFO      models.gradient_boosting  LightGBM trained | best_iteration=0
23:17:42  INFO      models.gradient_boosting  LightGBM trained | best_iteration=0
23:17:43  INFO      models.gradient_boosting  LightGBM trained | best_iteration=0
23:17:43  INFO      models.gradient_boosting  LightGBM trained | best_iteration=0
23:17:43  INFO      models.gradient_boosting  LightGBM trained | best_iteration=0
23:17:44  INFO      models.gradient_boosting  LightGBM trained | best_iteration=0
23:17:44  INFO      models.gradient_boosting  LightGBM trained | best_iteration=0
23:17:45  INFO      models.gradient_boosting  LightGBM trained | best_iteration=0
23:17:47  INFO      models.gradient_boosting  LightGBM trained | best_iteration=0
23:17:49  INFO      models.gradient_boosting  LightGBM trained | best_iteration=0
23:17:52  INFO      models.gradient_boosting  LightGBM trained | best_iteration=0
23:17:53  INFO      models.gradient_boosting  LightGBM trained | best_iteration=0
23:17:54  INFO      models.gradient_boosting  LightGBM trained | best_iteration=0
23:17:56  INFO      models.gradient_boosting  LightGBM trained | best_iteration=0
23:17:56  INFO      models.gradient_boosting  LightGBM trained | best_iteration=0
23:17:56  INFO      models.gradient_boosting  LightGBM trained | best_iteration=0
23:17:56  INFO      models.gradient_boosting  LightGBM trained | best_iteration=0
23:17:57  INFO      models.gradient_boosting  LightGBM trained | best_iteration=0
23:17:58  INFO      models.gradient_boosting  LightGBM trained | best_iteration=0
23:17:59  INFO      models.gradient_boosting  LightGBM trained | best_iteration=0
23:18:00  INFO      models.gradient_boosting  LightGBM trained | best_iteration=0
23:18:01  INFO      models.gradient_boosting  LightGBM trained | best_iteration=0
23:18:02  INFO      models.gradient_boosting  LightGBM trained | best_iteration=0
23:18:03  INFO      models.gradient_boosting  LightGBM trained | best_iteration=0
23:18:03  INFO      models.gradient_boosting  LightGBM trained | best_iteration=0
23:18:03  INFO      models.gradient_boosting  LightGBM trained | best_iteration=0
23:18:05  INFO      models.gradient_boosting  LightGBM trained | best_iteration=0
23:18:06  INFO      models.gradient_boosting  LightGBM trained | best_iteration=0
23:18:06  INFO      models.gradient_boosting  LightGBM trained | best_iteration=0
23:18:08  INFO      models.gradient_boosting  LightGBM trained | best_iteration=0
23:18:09  INFO      models.gradient_boosting  LightGBM trained | best_iteration=332
23:18:09  INFO      pipeline  Training CatBoost …
23:18:09  INFO      pipeline  RandomizedSearchCV | model=CatBoost seed=123 n_iter=12 cv=3 scoring=roc_auc
23:18:10  INFO      models.gradient_boosting  CatBoost trained
23:18:12  INFO      models.gradient_boosting  CatBoost trained
23:18:13  INFO      models.gradient_boosting  CatBoost trained
23:18:14  INFO      models.gradient_boosting  CatBoost trained
23:18:14  INFO      models.gradient_boosting  CatBoost trained
23:18:15  INFO      models.gradient_boosting  CatBoost trained
23:18:15  INFO      models.gradient_boosting  CatBoost trained
23:18:15  INFO      models.gradient_boosting  CatBoost trained
23:18:16  INFO      models.gradient_boosting  CatBoost trained
23:18:18  INFO      models.gradient_boosting  CatBoost trained
23:18:20  INFO      models.gradient_boosting  CatBoost trained
23:18:22  INFO      models.gradient_boosting  CatBoost trained
23:18:24  INFO      models.gradient_boosting  CatBoost trained
23:18:26  INFO      models.gradient_boosting  CatBoost trained
23:18:28  INFO      models.gradient_boosting  CatBoost trained
23:18:29  INFO      models.gradient_boosting  CatBoost trained
23:18:29  INFO      models.gradient_boosting  CatBoost trained
23:18:30  INFO      models.gradient_boosting  CatBoost trained
23:18:30  INFO      models.gradient_boosting  CatBoost trained
23:18:30  INFO      models.gradient_boosting  CatBoost trained
23:18:30  INFO      models.gradient_boosting  CatBoost trained
23:18:31  INFO      models.gradient_boosting  CatBoost trained
23:18:32  INFO      models.gradient_boosting  CatBoost trained
23:18:33  INFO      models.gradient_boosting  CatBoost trained
23:18:34  INFO      models.gradient_boosting  CatBoost trained
23:18:35  INFO      models.gradient_boosting  CatBoost trained
23:18:35  INFO      models.gradient_boosting  CatBoost trained
23:18:36  INFO      models.gradient_boosting  CatBoost trained
23:18:37  INFO      models.gradient_boosting  CatBoost trained
23:18:38  INFO      models.gradient_boosting  CatBoost trained
23:18:39  INFO      models.gradient_boosting  CatBoost trained
23:18:39  INFO      models.gradient_boosting  CatBoost trained
23:18:40  INFO      models.gradient_boosting  CatBoost trained
23:18:41  INFO      models.gradient_boosting  CatBoost trained
23:18:42  INFO      models.gradient_boosting  CatBoost trained
23:18:43  INFO      models.gradient_boosting  CatBoost trained
23:18:46  INFO      models.gradient_boosting  CatBoost trained
23:18:46  INFO      models.gradient_boosting  CatBoost trained
23:18:46  INFO      pipeline  Training Random Forest …
23:18:46  INFO      pipeline  RandomizedSearchCV | model=Random Forest seed=123 n_iter=12 cv=3 scoring=roc_auc
23:18:59  INFO      pipeline  Training Logistic Reg. …
23:18:59  INFO      pipeline  RandomizedSearchCV | model=Logistic Reg. seed=123 n_iter=12 cv=3 scoring=roc_auc
23:18:59  INFO      pipeline  Training TabNet …
23:18:59  INFO      models.tabnet_model  Apple MPS backend passed smoke test — using GPU acceleration.
23:18:59  INFO      models.tabnet_model  TabNet starting | device=mps  max_epochs=200  patience=15  batch_size=1024  n_train=980
23:19:01  INFO      models.tabnet_model  TabNet trained | device=mps  best_epoch=2  elapsed=2.1s
23:19:01  INFO      pipeline  YAML saved → /Users/harekrishna/Downloads/discover_ai_credit_experiment_v2/results/outputs/south_german/runs/seed_123/results/best_params.yaml
23:19:01  INFO      pipeline  ============================================================
23:19:01  INFO      pipeline  STAGE 4: Evaluation
23:19:01  INFO      pipeline  ============================================================
23:19:02  INFO      pipeline  XGBoost | val_F1*=0.6479 @ t=0.49 | test AUROC=0.7484  F1=0.5755  G-Mean=0.6935  MCC=0.3638
23:19:02  INFO      pipeline  LightGBM | val_F1*=0.6933 @ t=0.20 | test AUROC=0.7836  F1=0.6000  G-Mean=0.7091  MCC=0.3928
23:19:02  INFO      pipeline  CatBoost | val_F1*=0.6341 @ t=0.37 | test AUROC=0.7563  F1=0.5610  G-Mean=0.6701  MCC=0.3232
23:19:02  INFO      pipeline  Random Forest | val_F1*=0.6761 @ t=0.36 | test AUROC=0.7781  F1=0.5986  G-Mean=0.7128  MCC=0.3940
23:19:02  INFO      pipeline  Logistic Reg. | val_F1*=0.6067 @ t=0.26 | test AUROC=0.7706  F1=0.5465  G-Mean=0.6478  MCC=0.2945
23:19:02  INFO      pipeline  TabNet | val_F1*=0.6301 @ t=0.92 | test AUROC=0.6557  F1=0.4828  G-Mean=0.6124  MCC=0.2097
23:19:02  INFO      pipeline  LaTeX table → /Users/harekrishna/Downloads/discover_ai_credit_experiment_v2/results/outputs/south_german/runs/seed_123/results/table2_test_metrics.tex
23:19:02  INFO      pipeline  
                AUROC   AUPRC      F1  Precision  Recall  Specificity  G-Mean     MCC   Brier
Model                                                                                        
XGBoost        0.7484  0.5161  0.5755     0.5063  0.6667       0.7214  0.6935  0.3638  0.2349
LightGBM       0.7836  0.6149  0.6000     0.4800  0.8000       0.6286  0.7091  0.3928  0.1697
CatBoost       0.7563  0.5886  0.5610     0.4423  0.7667       0.5857  0.6701  0.3232  0.1849
Random Forest  0.7781  0.6045  0.5986     0.5057  0.7333       0.6929  0.7128  0.3940  0.1694
Logistic Reg.  0.7706  0.6418  0.5465     0.4196  0.7833       0.5357  0.6478  0.2945  0.1793
TabNet         0.6557  0.4384  0.4828     0.4118  0.5833       0.6429  0.6124  0.2097  0.4169
23:19:02  INFO      visualization.plots  Fig 2 saved → /Users/harekrishna/Downloads/discover_ai_credit_experiment_v2/results/outputs/south_german/runs/seed_123/figures/fig02_roc_curves.pdf
23:19:02  INFO      visualization.plots  Fig 3 saved → /Users/harekrishna/Downloads/discover_ai_credit_experiment_v2/results/outputs/south_german/runs/seed_123/figures/fig03_pr_curves.pdf
23:19:02  INFO      visualization.plots  Fig 4 saved → /Users/harekrishna/Downloads/discover_ai_credit_experiment_v2/results/outputs/south_german/runs/seed_123/figures/fig04_confusion_lightgbm.pdf
23:19:02  INFO      pipeline  Top pair LightGBM vs Random Forest | DeLong z=0.3347 p=0.7378 | McNemar chi2=0.6957 p=0.4042
23:24:50  INFO      models.gradient_boosting  XGBoost trained | best_iteration=10
23:24:50  INFO      models.gradient_boosting  XGBoost trained | best_iteration=81
23:24:50  INFO      models.gradient_boosting  XGBoost trained | best_iteration=21
23:24:51  INFO      models.gradient_boosting  XGBoost trained | best_iteration=130
23:24:51  INFO      models.gradient_boosting  XGBoost trained | best_iteration=20
23:24:51  INFO      models.gradient_boosting  LightGBM trained | best_iteration=89
23:24:51  INFO      models.gradient_boosting  LightGBM trained | best_iteration=113
23:24:52  INFO      models.gradient_boosting  LightGBM trained | best_iteration=100
23:24:52  INFO      models.gradient_boosting  LightGBM trained | best_iteration=101
23:24:52  INFO      models.gradient_boosting  LightGBM trained | best_iteration=92
23:24:53  INFO      models.gradient_boosting  CatBoost trained
23:24:53  INFO      models.gradient_boosting  CatBoost trained
23:24:53  INFO      models.gradient_boosting  CatBoost trained
23:24:53  INFO      models.gradient_boosting  CatBoost trained
23:24:53  INFO      models.gradient_boosting  CatBoost trained
23:24:55  INFO      pipeline  Skipping TabNet in SMOTE ablation (Fig 10) — its single official result is already in Table II. Pass --full-ablation to include it (runs in isolated subprocesses to avoid the MPS stall seen previously).
23:24:55  INFO      visualization.plots  Fig 10 saved → /Users/harekrishna/Downloads/discover_ai_credit_experiment_v2/results/outputs/south_german/runs/seed_123/figures/fig10_smote_ablation.pdf
23:24:55  INFO      pipeline  ============================================================
23:24:55  INFO      pipeline  STAGE 5: SHAP Explanations
23:24:55  INFO      pipeline  ============================================================
23:24:55  WARNING   shap  Background dataset has 200 samples but max_samples=100. Subsampling to 100 samples for SHAP value computation. To use all samples, set max_samples=200 when initializing the masker.
23:24:55  INFO      explainability.shap_explainer  SHAP TreeExplainer initialised
23:24:57  INFO      explainability.shap_explainer  SHAP values computed | shape=(200, 20)
23:24:57  INFO      explainability.shap_explainer  SHAP additivity check | MAE=0.00000 | PASS ✓
23:24:58  INFO      explainability.shap_explainer  Saved SHAP summary → /Users/harekrishna/Downloads/discover_ai_credit_experiment_v2/results/outputs/south_german/runs/seed_123/figures/fig05a_shap_summary_LightGBM.pdf
23:24:58  INFO      explainability.shap_explainer  Saved SHAP bar → /Users/harekrishna/Downloads/discover_ai_credit_experiment_v2/results/outputs/south_german/runs/seed_123/figures/fig05b_shap_bar_LightGBM.pdf
23:24:58  INFO      explainability.shap_explainer  Saved SHAP dependence → /Users/harekrishna/Downloads/discover_ai_credit_experiment_v2/results/outputs/south_german/runs/seed_123/figures/fig06_shap_dep_status.pdf
23:24:58  INFO      pipeline  LaTeX table → /Users/harekrishna/Downloads/discover_ai_credit_experiment_v2/results/outputs/south_german/runs/seed_123/results/table3_shap_ranking.tex
23:24:58  INFO      visualization.plots  Fig 8 saved → /Users/harekrishna/Downloads/discover_ai_credit_experiment_v2/results/outputs/south_german/runs/seed_123/figures/fig08_importance_comparison.pdf
23:24:59  INFO      visualization.plots  Fig 9 saved → /Users/harekrishna/Downloads/discover_ai_credit_experiment_v2/results/outputs/south_german/runs/seed_123/figures/fig09_threshold_sweep.pdf
23:24:59  INFO      pipeline  ============================================================
23:24:59  INFO      pipeline  STAGE 6: LIME Explanations
23:24:59  INFO      pipeline  ============================================================
23:24:59  INFO      explainability.lime_explainer  LIME tabular explainer initialised | features=20
23:24:59  INFO      pipeline  Local instances selected: {'TP': 163, 'FP': 36, 'FN': 7, 'TN': 135}
23:24:59  INFO      explainability.lime_explainer  Saved LIME explanation → /Users/harekrishna/Downloads/discover_ai_credit_experiment_v2/results/outputs/south_german/runs/seed_123/figures/fig07_tp_lime.pdf
23:24:59  INFO      explainability.lime_explainer  Saved LIME explanation → /Users/harekrishna/Downloads/discover_ai_credit_experiment_v2/results/outputs/south_german/runs/seed_123/figures/fig07_fp_lime.pdf
23:24:59  INFO      explainability.lime_explainer  Saved LIME explanation → /Users/harekrishna/Downloads/discover_ai_credit_experiment_v2/results/outputs/south_german/runs/seed_123/figures/fig07_fn_lime.pdf
23:24:59  INFO      explainability.lime_explainer  Saved LIME explanation → /Users/harekrishna/Downloads/discover_ai_credit_experiment_v2/results/outputs/south_german/runs/seed_123/figures/fig07_tn_lime.pdf
23:25:00  INFO      explainability.lime_explainer  Saved LIME multi-instance grid → /Users/harekrishna/Downloads/discover_ai_credit_experiment_v2/results/outputs/south_german/runs/seed_123/figures/fig07_lime_multi_instance.pdf
23:25:02  INFO      explainability.lime_explainer  LIME batch complete | n=200
23:25:03  INFO      explainability.lime_explainer  SHAP–LIME agreement | mean ρ=0.481 ± 0.225
23:25:03  INFO      explainability.lime_explainer  LIME tabular explainer initialised | features=20
23:25:03  INFO      explainability.lime_explainer  LIME tabular explainer initialised | features=20
23:25:03  INFO      explainability.lime_explainer  LIME tabular explainer initialised | features=20
23:25:03  INFO      explainability.lime_explainer  LIME tabular explainer initialised | features=20
23:25:03  INFO      explainability.lime_explainer  LIME tabular explainer initialised | features=20
23:25:03  INFO      explainability.lime_explainer  LIME tabular explainer initialised | features=20
23:25:03  INFO      explainability.lime_explainer  LIME tabular explainer initialised | features=20
23:25:03  INFO      explainability.lime_explainer  LIME tabular explainer initialised | features=20
23:25:03  INFO      explainability.lime_explainer  LIME tabular explainer initialised | features=20
23:25:03  INFO      explainability.lime_explainer  LIME tabular explainer initialised | features=20
23:25:03  INFO      explainability.lime_explainer  LIME tabular explainer initialised | features=20
23:25:03  INFO      explainability.lime_explainer  LIME tabular explainer initialised | features=20
23:25:03  INFO      explainability.lime_explainer  LIME tabular explainer initialised | features=20
23:25:03  INFO      explainability.lime_explainer  LIME tabular explainer initialised | features=20
23:25:03  INFO      explainability.lime_explainer  LIME tabular explainer initialised | features=20
23:25:03  INFO      explainability.lime_explainer  LIME tabular explainer initialised | features=20
23:25:03  INFO      explainability.lime_explainer  LIME tabular explainer initialised | features=20
23:25:03  INFO      explainability.lime_explainer  LIME tabular explainer initialised | features=20
23:25:03  INFO      explainability.lime_explainer  LIME tabular explainer initialised | features=20
23:25:03  INFO      explainability.lime_explainer  LIME tabular explainer initialised | features=20
23:25:03  INFO      explainability.lime_explainer  LIME tabular explainer initialised | features=20
23:25:03  INFO      explainability.lime_explainer  LIME tabular explainer initialised | features=20
23:25:03  INFO      explainability.lime_explainer  LIME tabular explainer initialised | features=20
23:25:03  INFO      explainability.lime_explainer  LIME tabular explainer initialised | features=20
23:25:03  INFO      explainability.lime_explainer  LIME tabular explainer initialised | features=20
23:25:03  INFO      explainability.lime_explainer  LIME tabular explainer initialised | features=20
23:25:03  INFO      explainability.lime_explainer  LIME tabular explainer initialised | features=20
23:25:03  INFO      explainability.lime_explainer  LIME tabular explainer initialised | features=20
23:25:03  INFO      explainability.lime_explainer  LIME tabular explainer initialised | features=20
23:25:03  INFO      explainability.lime_explainer  LIME tabular explainer initialised | features=20
23:25:03  INFO      explainability.lime_explainer  LIME tabular explainer initialised | features=20
23:25:03  INFO      explainability.lime_explainer  LIME tabular explainer initialised | features=20
23:25:03  INFO      explainability.lime_explainer  LIME tabular explainer initialised | features=20
23:25:03  INFO      explainability.lime_explainer  LIME tabular explainer initialised | features=20
23:25:03  INFO      explainability.lime_explainer  LIME tabular explainer initialised | features=20
23:25:03  INFO      explainability.lime_explainer  LIME tabular explainer initialised | features=20
23:25:03  INFO      explainability.lime_explainer  LIME tabular explainer initialised | features=20
23:25:03  INFO      explainability.lime_explainer  LIME tabular explainer initialised | features=20
23:25:03  INFO      explainability.lime_explainer  LIME tabular explainer initialised | features=20
23:25:03  INFO      explainability.lime_explainer  LIME tabular explainer initialised | features=20
23:25:03  INFO      explainability.lime_explainer  LIME tabular explainer initialised | features=20
23:25:03  INFO      explainability.lime_explainer  LIME tabular explainer initialised | features=20
23:25:03  INFO      explainability.lime_explainer  LIME tabular explainer initialised | features=20
23:25:03  INFO      explainability.lime_explainer  LIME tabular explainer initialised | features=20
23:25:03  INFO      explainability.lime_explainer  LIME tabular explainer initialised | features=20
23:25:03  INFO      explainability.lime_explainer  LIME tabular explainer initialised | features=20
23:25:03  INFO      explainability.lime_explainer  LIME tabular explainer initialised | features=20
23:25:03  INFO      explainability.lime_explainer  LIME tabular explainer initialised | features=20
23:25:03  INFO      explainability.lime_explainer  LIME tabular explainer initialised | features=20
23:25:04  INFO      explainability.lime_explainer  LIME tabular explainer initialised | features=20
23:25:04  INFO      explainability.lime_explainer  LIME tabular explainer initialised | features=20
23:25:04  INFO      explainability.lime_explainer  LIME tabular explainer initialised | features=20
23:25:04  INFO      explainability.lime_explainer  LIME tabular explainer initialised | features=20
23:25:04  INFO      explainability.lime_explainer  LIME tabular explainer initialised | features=20
23:25:04  INFO      explainability.lime_explainer  LIME tabular explainer initialised | features=20
23:25:04  INFO      explainability.lime_explainer  LIME tabular explainer initialised | features=20
23:25:04  INFO      explainability.lime_explainer  LIME tabular explainer initialised | features=20
23:25:04  INFO      explainability.lime_explainer  LIME tabular explainer initialised | features=20
23:25:04  INFO      explainability.lime_explainer  LIME tabular explainer initialised | features=20
23:25:04  INFO      explainability.lime_explainer  LIME tabular explainer initialised | features=20
23:25:04  INFO      explainability.lime_explainer  LIME tabular explainer initialised | features=20
23:25:04  INFO      explainability.lime_explainer  LIME tabular explainer initialised | features=20
23:25:04  INFO      explainability.lime_explainer  LIME tabular explainer initialised | features=20
23:25:04  INFO      explainability.lime_explainer  LIME tabular explainer initialised | features=20
23:25:04  INFO      explainability.lime_explainer  LIME tabular explainer initialised | features=20
23:25:04  INFO      explainability.lime_explainer  LIME tabular explainer initialised | features=20
23:25:04  INFO      explainability.lime_explainer  LIME tabular explainer initialised | features=20
23:25:04  INFO      explainability.lime_explainer  LIME tabular explainer initialised | features=20
23:25:04  INFO      explainability.lime_explainer  LIME tabular explainer initialised | features=20
23:25:04  INFO      explainability.lime_explainer  LIME tabular explainer initialised | features=20
23:25:04  INFO      explainability.lime_explainer  LIME tabular explainer initialised | features=20
23:25:04  INFO      explainability.lime_explainer  LIME tabular explainer initialised | features=20
23:25:04  INFO      explainability.lime_explainer  LIME tabular explainer initialised | features=20
23:25:04  INFO      explainability.lime_explainer  LIME tabular explainer initialised | features=20
23:25:04  INFO      explainability.lime_explainer  LIME tabular explainer initialised | features=20
23:25:04  INFO      explainability.lime_explainer  LIME tabular explainer initialised | features=20
23:25:04  INFO      explainability.lime_explainer  LIME tabular explainer initialised | features=20
23:25:04  INFO      explainability.lime_explainer  LIME tabular explainer initialised | features=20
23:25:04  INFO      explainability.lime_explainer  LIME tabular explainer initialised | features=20
23:25:04  INFO      explainability.lime_explainer  LIME tabular explainer initialised | features=20
23:25:04  INFO      explainability.lime_explainer  LIME tabular explainer initialised | features=20
23:25:04  INFO      explainability.lime_explainer  LIME tabular explainer initialised | features=20
23:25:04  INFO      explainability.lime_explainer  LIME tabular explainer initialised | features=20
23:25:04  INFO      explainability.lime_explainer  LIME tabular explainer initialised | features=20
23:25:04  INFO      explainability.lime_explainer  LIME tabular explainer initialised | features=20
23:25:04  INFO      explainability.lime_explainer  LIME tabular explainer initialised | features=20
23:25:04  INFO      explainability.lime_explainer  LIME tabular explainer initialised | features=20
23:25:04  INFO      explainability.lime_explainer  LIME tabular explainer initialised | features=20
23:25:04  INFO      explainability.lime_explainer  LIME tabular explainer initialised | features=20
23:25:04  INFO      explainability.lime_explainer  LIME tabular explainer initialised | features=20
23:25:04  INFO      explainability.lime_explainer  LIME tabular explainer initialised | features=20
23:25:04  INFO      explainability.lime_explainer  LIME tabular explainer initialised | features=20
23:25:04  INFO      explainability.lime_explainer  LIME tabular explainer initialised | features=20
23:25:04  INFO      explainability.lime_explainer  LIME tabular explainer initialised | features=20
23:25:04  INFO      explainability.lime_explainer  LIME tabular explainer initialised | features=20
23:25:04  INFO      explainability.lime_explainer  LIME tabular explainer initialised | features=20
23:25:04  INFO      explainability.lime_explainer  LIME tabular explainer initialised | features=20
23:25:04  INFO      explainability.lime_explainer  LIME tabular explainer initialised | features=20
23:25:04  INFO      explainability.lime_explainer  LIME tabular explainer initialised | features=20
23:25:04  INFO      explainability.lime_explainer  LIME tabular explainer initialised | features=20
23:25:04  INFO      explainability.lime_explainer  LIME tabular explainer initialised | features=20
23:25:04  INFO      explainability.lime_explainer  LIME tabular explainer initialised | features=20
23:25:04  INFO      explainability.lime_explainer  LIME tabular explainer initialised | features=20
23:25:05  INFO      explainability.lime_explainer  LIME tabular explainer initialised | features=20
23:25:05  INFO      explainability.lime_explainer  LIME tabular explainer initialised | features=20
23:25:05  INFO      explainability.lime_explainer  LIME tabular explainer initialised | features=20
23:25:05  INFO      explainability.lime_explainer  LIME tabular explainer initialised | features=20
23:25:05  INFO      explainability.lime_explainer  LIME tabular explainer initialised | features=20
23:25:05  INFO      explainability.lime_explainer  LIME tabular explainer initialised | features=20
23:25:05  INFO      explainability.lime_explainer  LIME tabular explainer initialised | features=20
23:25:05  INFO      explainability.lime_explainer  LIME tabular explainer initialised | features=20
23:25:05  INFO      explainability.lime_explainer  LIME tabular explainer initialised | features=20
23:25:05  INFO      explainability.lime_explainer  LIME tabular explainer initialised | features=20
23:25:05  INFO      explainability.lime_explainer  LIME tabular explainer initialised | features=20
23:25:05  INFO      explainability.lime_explainer  LIME tabular explainer initialised | features=20
23:25:05  INFO      explainability.lime_explainer  LIME tabular explainer initialised | features=20
23:25:05  INFO      explainability.lime_explainer  LIME tabular explainer initialised | features=20
23:25:05  INFO      explainability.lime_explainer  LIME tabular explainer initialised | features=20
23:25:05  INFO      explainability.lime_explainer  LIME tabular explainer initialised | features=20
23:25:05  INFO      explainability.lime_explainer  LIME tabular explainer initialised | features=20
23:25:05  INFO      explainability.lime_explainer  LIME tabular explainer initialised | features=20
23:25:05  INFO      explainability.lime_explainer  LIME tabular explainer initialised | features=20
23:25:05  INFO      explainability.lime_explainer  LIME tabular explainer initialised | features=20
23:25:05  INFO      explainability.lime_explainer  LIME tabular explainer initialised | features=20
23:25:05  INFO      explainability.lime_explainer  LIME tabular explainer initialised | features=20
23:25:05  INFO      explainability.lime_explainer  LIME tabular explainer initialised | features=20
23:25:05  INFO      explainability.lime_explainer  LIME tabular explainer initialised | features=20
23:25:05  INFO      explainability.lime_explainer  LIME tabular explainer initialised | features=20
23:25:05  INFO      explainability.lime_explainer  LIME tabular explainer initialised | features=20
23:25:05  INFO      explainability.lime_explainer  LIME tabular explainer initialised | features=20
23:25:05  INFO      explainability.lime_explainer  LIME tabular explainer initialised | features=20
23:25:05  INFO      explainability.lime_explainer  LIME tabular explainer initialised | features=20
23:25:05  INFO      explainability.lime_explainer  LIME tabular explainer initialised | features=20
23:25:05  INFO      explainability.lime_explainer  LIME tabular explainer initialised | features=20
23:25:05  INFO      explainability.lime_explainer  LIME tabular explainer initialised | features=20
23:25:05  INFO      explainability.lime_explainer  LIME tabular explainer initialised | features=20
23:25:05  INFO      explainability.lime_explainer  LIME tabular explainer initialised | features=20
23:25:05  INFO      explainability.lime_explainer  LIME tabular explainer initialised | features=20
23:25:05  INFO      explainability.lime_explainer  LIME tabular explainer initialised | features=20
23:25:05  INFO      explainability.lime_explainer  LIME tabular explainer initialised | features=20
23:25:05  INFO      explainability.lime_explainer  LIME tabular explainer initialised | features=20
23:25:05  INFO      explainability.lime_explainer  LIME tabular explainer initialised | features=20
23:25:05  INFO      explainability.lime_explainer  LIME tabular explainer initialised | features=20
23:25:05  INFO      explainability.lime_explainer  LIME tabular explainer initialised | features=20
23:25:05  INFO      explainability.lime_explainer  LIME tabular explainer initialised | features=20
23:25:05  INFO      explainability.lime_explainer  LIME tabular explainer initialised | features=20
23:25:05  INFO      explainability.lime_explainer  LIME tabular explainer initialised | features=20
23:25:05  INFO      explainability.lime_explainer  LIME tabular explainer initialised | features=20
23:25:05  INFO      explainability.lime_explainer  LIME tabular explainer initialised | features=20
23:25:05  INFO      explainability.lime_explainer  LIME tabular explainer initialised | features=20
23:25:05  INFO      explainability.lime_explainer  LIME tabular explainer initialised | features=20
23:25:05  INFO      explainability.lime_explainer  LIME tabular explainer initialised | features=20
23:25:05  INFO      explainability.lime_explainer  LIME tabular explainer initialised | features=20
23:25:05  INFO      explainability.lime_explainer  LIME tabular explainer initialised | features=20
23:25:05  INFO      explainability.lime_explainer  LIME tabular explainer initialised | features=20
23:25:05  INFO      explainability.lime_explainer  LIME tabular explainer initialised | features=20
23:25:06  INFO      explainability.lime_explainer  LIME tabular explainer initialised | features=20
23:25:06  INFO      explainability.lime_explainer  LIME tabular explainer initialised | features=20
23:25:06  INFO      explainability.lime_explainer  LIME tabular explainer initialised | features=20
23:25:06  INFO      explainability.lime_explainer  LIME tabular explainer initialised | features=20
23:25:06  INFO      explainability.lime_explainer  LIME tabular explainer initialised | features=20
23:25:06  INFO      explainability.lime_explainer  LIME tabular explainer initialised | features=20
23:25:06  INFO      explainability.lime_explainer  LIME tabular explainer initialised | features=20
23:25:06  INFO      explainability.lime_explainer  LIME tabular explainer initialised | features=20
23:25:06  INFO      explainability.lime_explainer  LIME tabular explainer initialised | features=20
23:25:06  INFO      explainability.lime_explainer  LIME tabular explainer initialised | features=20
23:25:06  INFO      explainability.lime_explainer  LIME tabular explainer initialised | features=20
23:25:06  INFO      explainability.lime_explainer  LIME tabular explainer initialised | features=20
23:25:06  INFO      explainability.lime_explainer  LIME tabular explainer initialised | features=20
23:25:06  INFO      explainability.lime_explainer  LIME tabular explainer initialised | features=20
23:25:06  INFO      explainability.lime_explainer  LIME tabular explainer initialised | features=20
23:25:06  INFO      explainability.lime_explainer  LIME tabular explainer initialised | features=20
23:25:06  INFO      explainability.lime_explainer  LIME tabular explainer initialised | features=20
23:25:06  INFO      explainability.lime_explainer  LIME tabular explainer initialised | features=20
23:25:06  INFO      explainability.lime_explainer  LIME tabular explainer initialised | features=20
23:25:06  INFO      explainability.lime_explainer  LIME tabular explainer initialised | features=20
23:25:06  INFO      explainability.lime_explainer  LIME tabular explainer initialised | features=20
23:25:06  INFO      explainability.lime_explainer  LIME tabular explainer initialised | features=20
23:25:06  INFO      explainability.lime_explainer  LIME tabular explainer initialised | features=20
23:25:06  INFO      explainability.lime_explainer  LIME tabular explainer initialised | features=20
23:25:06  INFO      explainability.lime_explainer  LIME tabular explainer initialised | features=20
23:25:06  INFO      explainability.lime_explainer  LIME tabular explainer initialised | features=20
23:25:06  INFO      explainability.lime_explainer  LIME tabular explainer initialised | features=20
23:25:06  INFO      explainability.lime_explainer  LIME tabular explainer initialised | features=20
23:25:06  INFO      explainability.lime_explainer  LIME tabular explainer initialised | features=20
23:25:06  INFO      explainability.lime_explainer  LIME tabular explainer initialised | features=20
23:25:06  INFO      explainability.lime_explainer  LIME tabular explainer initialised | features=20
23:25:06  INFO      explainability.lime_explainer  LIME tabular explainer initialised | features=20
23:25:06  INFO      explainability.lime_explainer  LIME tabular explainer initialised | features=20
23:25:06  INFO      explainability.lime_explainer  LIME tabular explainer initialised | features=20
23:25:06  INFO      explainability.lime_explainer  LIME tabular explainer initialised | features=20
23:25:06  INFO      explainability.lime_explainer  LIME tabular explainer initialised | features=20
23:25:06  INFO      explainability.lime_explainer  LIME tabular explainer initialised | features=20
23:25:06  INFO      explainability.lime_explainer  LIME tabular explainer initialised | features=20
23:25:06  INFO      explainability.lime_explainer  LIME tabular explainer initialised | features=20
23:25:06  INFO      explainability.lime_explainer  LIME tabular explainer initialised | features=20
23:25:06  INFO      explainability.lime_explainer  LIME tabular explainer initialised | features=20
23:25:06  INFO      explainability.lime_explainer  LIME tabular explainer initialised | features=20
23:25:06  INFO      explainability.lime_explainer  LIME tabular explainer initialised | features=20
23:25:06  INFO      explainability.lime_explainer  LIME tabular explainer initialised | features=20
23:25:06  INFO      explainability.lime_explainer  LIME tabular explainer initialised | features=20
23:25:06  INFO      explainability.lime_explainer  LIME tabular explainer initialised | features=20
23:25:06  INFO      explainability.lime_explainer  LIME tabular explainer initialised | features=20
23:25:06  INFO      explainability.lime_explainer  LIME tabular explainer initialised | features=20
23:25:06  INFO      explainability.lime_explainer  LIME tabular explainer initialised | features=20
23:25:06  INFO      explainability.lime_explainer  LIME tabular explainer initialised | features=20
23:25:06  INFO      explainability.lime_explainer  LIME tabular explainer initialised | features=20
23:25:06  INFO      explainability.lime_explainer  LIME tabular explainer initialised | features=20
23:25:07  INFO      explainability.lime_explainer  LIME tabular explainer initialised | features=20
23:25:07  INFO      explainability.lime_explainer  LIME tabular explainer initialised | features=20
23:25:07  INFO      explainability.lime_explainer  LIME tabular explainer initialised | features=20
23:25:07  INFO      explainability.lime_explainer  LIME tabular explainer initialised | features=20
23:25:07  INFO      explainability.lime_explainer  LIME tabular explainer initialised | features=20
23:25:07  INFO      explainability.lime_explainer  LIME tabular explainer initialised | features=20
23:25:07  INFO      explainability.lime_explainer  LIME tabular explainer initialised | features=20
23:25:07  INFO      explainability.lime_explainer  LIME tabular explainer initialised | features=20
23:25:07  INFO      explainability.lime_explainer  LIME tabular explainer initialised | features=20
23:25:07  INFO      explainability.lime_explainer  LIME tabular explainer initialised | features=20
23:25:07  INFO      explainability.lime_explainer  LIME tabular explainer initialised | features=20
23:25:07  INFO      explainability.lime_explainer  LIME tabular explainer initialised | features=20
23:25:07  INFO      explainability.lime_explainer  LIME tabular explainer initialised | features=20
23:25:07  INFO      explainability.lime_explainer  LIME tabular explainer initialised | features=20
23:25:07  INFO      explainability.lime_explainer  LIME tabular explainer initialised | features=20
23:25:07  INFO      explainability.lime_explainer  LIME tabular explainer initialised | features=20
23:25:07  INFO      explainability.lime_explainer  LIME tabular explainer initialised | features=20
23:25:07  INFO      explainability.lime_explainer  LIME tabular explainer initialised | features=20
23:25:07  INFO      explainability.lime_explainer  LIME tabular explainer initialised | features=20
23:25:07  INFO      explainability.lime_explainer  LIME tabular explainer initialised | features=20
23:25:07  INFO      explainability.lime_explainer  LIME tabular explainer initialised | features=20
23:25:07  INFO      explainability.lime_explainer  LIME tabular explainer initialised | features=20
23:25:07  INFO      explainability.lime_explainer  LIME tabular explainer initialised | features=20
23:25:07  INFO      explainability.lime_explainer  LIME tabular explainer initialised | features=20
23:25:07  INFO      explainability.lime_explainer  LIME tabular explainer initialised | features=20
23:25:07  INFO      explainability.lime_explainer  LIME tabular explainer initialised | features=20
23:25:07  INFO      explainability.lime_explainer  LIME tabular explainer initialised | features=20
23:25:07  INFO      explainability.lime_explainer  LIME tabular explainer initialised | features=20
23:25:07  INFO      explainability.lime_explainer  LIME tabular explainer initialised | features=20
23:25:07  INFO      explainability.lime_explainer  LIME tabular explainer initialised | features=20
23:25:07  INFO      explainability.lime_explainer  LIME tabular explainer initialised | features=20
23:25:07  INFO      explainability.lime_explainer  LIME tabular explainer initialised | features=20
23:25:07  INFO      explainability.lime_explainer  LIME tabular explainer initialised | features=20
23:25:07  INFO      explainability.lime_explainer  LIME tabular explainer initialised | features=20
23:25:07  INFO      explainability.lime_explainer  LIME tabular explainer initialised | features=20
23:25:07  INFO      explainability.lime_explainer  LIME tabular explainer initialised | features=20
23:25:07  INFO      explainability.lime_explainer  LIME tabular explainer initialised | features=20
23:25:07  INFO      explainability.lime_explainer  LIME tabular explainer initialised | features=20
23:25:07  INFO      explainability.lime_explainer  LIME tabular explainer initialised | features=20
23:25:07  INFO      explainability.lime_explainer  LIME tabular explainer initialised | features=20
23:25:07  INFO      explainability.lime_explainer  LIME tabular explainer initialised | features=20
23:25:07  INFO      explainability.lime_explainer  LIME tabular explainer initialised | features=20
23:25:07  INFO      explainability.lime_explainer  LIME tabular explainer initialised | features=20
23:25:07  INFO      explainability.lime_explainer  LIME tabular explainer initialised | features=20
23:25:07  INFO      explainability.lime_explainer  LIME tabular explainer initialised | features=20
23:25:07  INFO      explainability.lime_explainer  LIME tabular explainer initialised | features=20
23:25:07  INFO      explainability.lime_explainer  LIME tabular explainer initialised | features=20
23:25:07  INFO      explainability.lime_explainer  LIME tabular explainer initialised | features=20
23:25:07  INFO      explainability.lime_explainer  LIME tabular explainer initialised | features=20
23:25:07  INFO      explainability.lime_explainer  LIME tabular explainer initialised | features=20
23:25:07  INFO      explainability.lime_explainer  LIME tabular explainer initialised | features=20
23:25:07  INFO      explainability.lime_explainer  LIME tabular explainer initialised | features=20
23:25:07  INFO      explainability.lime_explainer  LIME tabular explainer initialised | features=20
23:25:07  INFO      explainability.lime_explainer  LIME tabular explainer initialised | features=20
23:25:08  INFO      explainability.lime_explainer  LIME tabular explainer initialised | features=20
23:25:08  INFO      explainability.lime_explainer  LIME tabular explainer initialised | features=20
23:25:08  INFO      explainability.lime_explainer  LIME tabular explainer initialised | features=20
23:25:08  INFO      explainability.lime_explainer  LIME tabular explainer initialised | features=20
23:25:08  INFO      explainability.lime_explainer  LIME tabular explainer initialised | features=20
23:25:08  INFO      explainability.lime_explainer  LIME tabular explainer initialised | features=20
23:25:08  INFO      explainability.lime_explainer  LIME tabular explainer initialised | features=20
23:25:08  INFO      explainability.lime_explainer  LIME tabular explainer initialised | features=20
23:25:08  INFO      explainability.lime_explainer  LIME tabular explainer initialised | features=20
23:25:08  INFO      explainability.lime_explainer  LIME tabular explainer initialised | features=20
23:25:08  INFO      explainability.lime_explainer  LIME tabular explainer initialised | features=20
23:25:08  INFO      explainability.lime_explainer  LIME tabular explainer initialised | features=20
23:25:08  INFO      explainability.lime_explainer  LIME tabular explainer initialised | features=20
23:25:08  INFO      explainability.lime_explainer  LIME tabular explainer initialised | features=20
23:25:08  INFO      explainability.lime_explainer  LIME tabular explainer initialised | features=20
23:25:08  INFO      explainability.lime_explainer  LIME tabular explainer initialised | features=20
23:25:08  INFO      explainability.lime_explainer  LIME tabular explainer initialised | features=20
23:25:08  INFO      explainability.lime_explainer  LIME tabular explainer initialised | features=20
23:25:08  INFO      explainability.lime_explainer  LIME tabular explainer initialised | features=20
23:25:08  INFO      explainability.lime_explainer  LIME tabular explainer initialised | features=20
23:25:08  INFO      explainability.lime_explainer  LIME tabular explainer initialised | features=20
23:25:08  INFO      explainability.lime_explainer  LIME tabular explainer initialised | features=20
23:25:08  INFO      explainability.lime_explainer  LIME tabular explainer initialised | features=20
23:25:08  INFO      explainability.lime_explainer  LIME tabular explainer initialised | features=20
23:25:08  INFO      explainability.lime_explainer  LIME tabular explainer initialised | features=20
23:25:08  INFO      explainability.lime_explainer  LIME tabular explainer initialised | features=20
23:25:08  INFO      explainability.lime_explainer  LIME tabular explainer initialised | features=20
23:25:08  INFO      explainability.lime_explainer  LIME tabular explainer initialised | features=20
23:25:08  INFO      explainability.lime_explainer  LIME tabular explainer initialised | features=20
23:25:08  INFO      explainability.lime_explainer  LIME tabular explainer initialised | features=20
23:25:08  INFO      explainability.lime_explainer  LIME tabular explainer initialised | features=20
23:25:08  INFO      explainability.lime_explainer  LIME tabular explainer initialised | features=20
23:25:08  INFO      explainability.lime_explainer  LIME tabular explainer initialised | features=20
23:25:08  INFO      explainability.lime_explainer  LIME tabular explainer initialised | features=20
23:25:08  INFO      explainability.lime_explainer  LIME tabular explainer initialised | features=20
23:25:08  INFO      explainability.lime_explainer  LIME tabular explainer initialised | features=20
23:25:08  INFO      explainability.lime_explainer  LIME tabular explainer initialised | features=20
23:25:08  INFO      explainability.lime_explainer  LIME tabular explainer initialised | features=20
23:25:08  INFO      pipeline  LaTeX table → /Users/harekrishna/Downloads/discover_ai_credit_experiment_v2/results/outputs/south_german/runs/seed_123/results/table5_explanation_quality.tex
23:25:08  INFO      pipeline  SHAP–LIME agreement | mean ρ=0.481 ± 0.225
23:25:08  INFO      pipeline  LaTeX table → /Users/harekrishna/Downloads/discover_ai_credit_experiment_v2/results/outputs/south_german/runs/seed_123/results/table4_shap_lime_agreement.tex
23:25:12  INFO      models.gradient_boosting  LightGBM trained | best_iteration=89
23:25:13  INFO      models.gradient_boosting  LightGBM trained | best_iteration=113
23:25:13  INFO      models.gradient_boosting  LightGBM trained | best_iteration=100
23:25:14  INFO      models.gradient_boosting  LightGBM trained | best_iteration=101
23:25:14  INFO      models.gradient_boosting  LightGBM trained | best_iteration=92
23:25:41  INFO      pipeline  ============================================================
23:25:41  INFO      pipeline  SEED 123 COMPLETE
23:25:41  INFO      pipeline  Figures    -> /Users/harekrishna/Downloads/discover_ai_credit_experiment_v2/results/outputs/south_german/runs/seed_123/figures
23:25:41  INFO      pipeline  Results    -> /Users/harekrishna/Downloads/discover_ai_credit_experiment_v2/results/outputs/south_german/runs/seed_123/results
23:25:41  INFO      pipeline  Best model -> LightGBM (AUROC=0.7836)
23:25:41  INFO      pipeline  ============================================================
23:25:41  INFO      pipeline  ╔══════════════════════════════════════════════╗
23:25:41  INFO      pipeline  ║  Credit Default Prediction with XAI         ║
23:25:41  INFO      pipeline  ║  Dataset: south_german                       ║
23:25:41  INFO      pipeline  ║  Seed: 326                                   ║
23:25:41  INFO      pipeline  ╚══════════════════════════════════════════════╝
23:25:41  INFO      pipeline  ============================================================
23:25:41  INFO      pipeline  STAGE 1: Data Loading & Feature Engineering
23:25:41  INFO      pipeline  ============================================================
23:25:41  INFO      data.data_loader  Skipping UCI-specific engineered features; required columns not present.
23:25:41  INFO      data.data_loader  Skipping UCI-specific engineered features; required columns not present.
23:25:41  INFO      data.data_loader  Skipping UCI-specific engineered features; required columns not present.
23:25:41  INFO      data.data_loader  Dataset loaded | train=700  val=100  test=200 | default rate  train=30.00%  test=30.00%
23:25:41  INFO      pipeline  Imbalance stats: {
  "n_total": 700,
  "n_majority": 490,
  "n_minority": 210,
  "imbalance_ratio": 2.3333,
  "minority_pct": 30.0
}
23:25:41  INFO      visualization.plots  Fig 1 saved → /Users/harekrishna/Downloads/discover_ai_credit_experiment_v2/results/outputs/south_german/runs/seed_326/figures/fig01_class_distribution.pdf
23:25:41  INFO      pipeline  ============================================================
23:25:41  INFO      pipeline  STAGE 2: SMOTE Strategy Ablation
23:25:41  INFO      pipeline  ============================================================
23:25:41  INFO      preprocessing.imbalance_handler  Before resampling | class 0: 490 (70.0%)  class 1: 210 (30.0%)  IR=2.33
23:25:41  INFO      preprocessing.imbalance_handler  After SMOTE | class 0: 490 (50.0%)  class 1: 490 (50.0%)  IR=1.00
23:25:41  INFO      preprocessing.imbalance_handler  Before resampling | class 0: 490 (70.0%)  class 1: 210 (30.0%)  IR=2.33
23:25:41  INFO      preprocessing.imbalance_handler  After BorderlineSMOTE | class 0: 490 (50.0%)  class 1: 490 (50.0%)  IR=1.00
23:25:41  INFO      preprocessing.imbalance_handler  Before resampling | class 0: 490 (70.0%)  class 1: 210 (30.0%)  IR=2.33
23:25:41  INFO      preprocessing.imbalance_handler  After SVMSMOTE | class 0: 490 (50.0%)  class 1: 490 (50.0%)  IR=1.00
23:25:41  INFO      preprocessing.imbalance_handler  Before resampling | class 0: 490 (70.0%)  class 1: 210 (30.0%)  IR=2.33
23:25:41  INFO      preprocessing.imbalance_handler  After ADASYN | class 0: 490 (51.3%)  class 1: 466 (48.7%)  IR=1.05
23:25:41  INFO      preprocessing.imbalance_handler  Before resampling | class 0: 490 (70.0%)  class 1: 210 (30.0%)  IR=2.33
23:25:41  INFO      preprocessing.imbalance_handler  No resampling applied.
23:25:41  INFO      pipeline  Ablation | strategy=SMOTE | n=980
23:25:42  INFO      models.gradient_boosting  LightGBM trained | best_iteration=79
23:25:42  INFO      pipeline  Ablation | strategy=BorderlineSMOTE | n=980
23:25:42  INFO      models.gradient_boosting  LightGBM trained | best_iteration=67
23:25:42  INFO      pipeline  Ablation | strategy=SVMSMOTE | n=980
23:25:42  INFO      models.gradient_boosting  LightGBM trained | best_iteration=63
23:25:42  INFO      pipeline  Ablation | strategy=ADASYN | n=956
23:25:43  INFO      models.gradient_boosting  LightGBM trained | best_iteration=70
23:25:43  INFO      pipeline  Ablation | strategy=None | n=700
23:25:43  INFO      models.gradient_boosting  LightGBM trained | best_iteration=50
23:25:43  INFO      pipeline  Best SMOTE strategy (validation AUROC): None → 0.7376  [model used: LightGBM]
23:25:43  INFO      pipeline  Resampling did not improve validation AUROC; treating 'None' as the selected strategy for final training.
23:25:43  INFO      pipeline  ============================================================
23:25:43  INFO      pipeline  STAGE 3: Model Training
23:25:43  INFO      pipeline  ============================================================
23:25:43  INFO      pipeline  Training XGBoost …
23:25:43  INFO      pipeline  RandomizedSearchCV | model=XGBoost seed=326 n_iter=12 cv=3 scoring=roc_auc
23:25:44  INFO      models.gradient_boosting  XGBoost trained | best_iteration=N/A
23:25:45  INFO      models.gradient_boosting  XGBoost trained | best_iteration=N/A
23:25:45  INFO      models.gradient_boosting  XGBoost trained | best_iteration=N/A
23:25:46  INFO      models.gradient_boosting  XGBoost trained | best_iteration=N/A
23:25:47  INFO      models.gradient_boosting  XGBoost trained | best_iteration=N/A
23:25:47  INFO      models.gradient_boosting  XGBoost trained | best_iteration=N/A
23:25:48  INFO      models.gradient_boosting  XGBoost trained | best_iteration=N/A
23:25:48  INFO      models.gradient_boosting  XGBoost trained | best_iteration=N/A
23:25:49  INFO      models.gradient_boosting  XGBoost trained | best_iteration=N/A
23:25:50  INFO      models.gradient_boosting  XGBoost trained | best_iteration=N/A
23:25:50  INFO      models.gradient_boosting  XGBoost trained | best_iteration=N/A
23:25:51  INFO      models.gradient_boosting  XGBoost trained | best_iteration=N/A
23:25:51  INFO      models.gradient_boosting  XGBoost trained | best_iteration=N/A
23:25:52  INFO      models.gradient_boosting  XGBoost trained | best_iteration=N/A
23:25:52  INFO      models.gradient_boosting  XGBoost trained | best_iteration=N/A
23:25:53  INFO      models.gradient_boosting  XGBoost trained | best_iteration=N/A
23:25:53  INFO      models.gradient_boosting  XGBoost trained | best_iteration=N/A
23:25:54  INFO      models.gradient_boosting  XGBoost trained | best_iteration=N/A
23:25:55  INFO      models.gradient_boosting  XGBoost trained | best_iteration=N/A
23:25:55  INFO      models.gradient_boosting  XGBoost trained | best_iteration=N/A
23:25:56  INFO      models.gradient_boosting  XGBoost trained | best_iteration=N/A
23:25:57  INFO      models.gradient_boosting  XGBoost trained | best_iteration=N/A
23:25:58  INFO      models.gradient_boosting  XGBoost trained | best_iteration=N/A
23:25:59  INFO      models.gradient_boosting  XGBoost trained | best_iteration=N/A
23:26:00  INFO      models.gradient_boosting  XGBoost trained | best_iteration=N/A
23:26:00  INFO      models.gradient_boosting  XGBoost trained | best_iteration=N/A
23:26:00  INFO      models.gradient_boosting  XGBoost trained | best_iteration=N/A
23:26:01  INFO      models.gradient_boosting  XGBoost trained | best_iteration=N/A
23:26:02  INFO      models.gradient_boosting  XGBoost trained | best_iteration=N/A
23:26:02  INFO      models.gradient_boosting  XGBoost trained | best_iteration=N/A
23:26:03  INFO      models.gradient_boosting  XGBoost trained | best_iteration=N/A
23:26:04  INFO      models.gradient_boosting  XGBoost trained | best_iteration=N/A
23:26:05  INFO      models.gradient_boosting  XGBoost trained | best_iteration=N/A
23:26:05  INFO      models.gradient_boosting  XGBoost trained | best_iteration=N/A
23:26:06  INFO      models.gradient_boosting  XGBoost trained | best_iteration=N/A
23:26:07  INFO      models.gradient_boosting  XGBoost trained | best_iteration=N/A
23:26:08  INFO      models.gradient_boosting  XGBoost trained | best_iteration=N/A
23:26:08  INFO      models.gradient_boosting  XGBoost trained | best_iteration=19
23:26:08  INFO      pipeline  Training LightGBM …
23:26:08  INFO      pipeline  RandomizedSearchCV | model=LightGBM seed=326 n_iter=12 cv=3 scoring=roc_auc
23:26:08  INFO      models.gradient_boosting  LightGBM trained | best_iteration=0
23:26:09  INFO      models.gradient_boosting  LightGBM trained | best_iteration=0
23:26:09  INFO      models.gradient_boosting  LightGBM trained | best_iteration=0
23:26:09  INFO      models.gradient_boosting  LightGBM trained | best_iteration=0
23:26:09  INFO      models.gradient_boosting  LightGBM trained | best_iteration=0
23:26:10  INFO      models.gradient_boosting  LightGBM trained | best_iteration=0
23:26:10  INFO      models.gradient_boosting  LightGBM trained | best_iteration=0
23:26:10  INFO      models.gradient_boosting  LightGBM trained | best_iteration=0
23:26:10  INFO      models.gradient_boosting  LightGBM trained | best_iteration=0
23:26:11  INFO      models.gradient_boosting  LightGBM trained | best_iteration=0
23:26:11  INFO      models.gradient_boosting  LightGBM trained | best_iteration=0
23:26:11  INFO      models.gradient_boosting  LightGBM trained | best_iteration=0
23:26:12  INFO      models.gradient_boosting  LightGBM trained | best_iteration=0
23:26:13  INFO      models.gradient_boosting  LightGBM trained | best_iteration=0
23:26:13  INFO      models.gradient_boosting  LightGBM trained | best_iteration=0
23:26:14  INFO      models.gradient_boosting  LightGBM trained | best_iteration=0
23:26:14  INFO      models.gradient_boosting  LightGBM trained | best_iteration=0
23:26:14  INFO      models.gradient_boosting  LightGBM trained | best_iteration=0
23:26:15  INFO      models.gradient_boosting  LightGBM trained | best_iteration=0
23:26:16  INFO      models.gradient_boosting  LightGBM trained | best_iteration=0
23:26:17  INFO      models.gradient_boosting  LightGBM trained | best_iteration=0
23:26:18  INFO      models.gradient_boosting  LightGBM trained | best_iteration=0
23:26:18  INFO      models.gradient_boosting  LightGBM trained | best_iteration=0
23:26:18  INFO      models.gradient_boosting  LightGBM trained | best_iteration=0
23:26:19  INFO      models.gradient_boosting  LightGBM trained | best_iteration=0
23:26:19  INFO      models.gradient_boosting  LightGBM trained | best_iteration=0
23:26:20  INFO      models.gradient_boosting  LightGBM trained | best_iteration=0
23:26:21  INFO      models.gradient_boosting  LightGBM trained | best_iteration=0
23:26:23  INFO      models.gradient_boosting  LightGBM trained | best_iteration=0
23:26:24  INFO      models.gradient_boosting  LightGBM trained | best_iteration=0
23:26:25  INFO      models.gradient_boosting  LightGBM trained | best_iteration=0
23:26:26  INFO      models.gradient_boosting  LightGBM trained | best_iteration=0
23:26:26  INFO      models.gradient_boosting  LightGBM trained | best_iteration=0
23:26:27  INFO      models.gradient_boosting  LightGBM trained | best_iteration=0
23:26:28  INFO      models.gradient_boosting  LightGBM trained | best_iteration=0
23:26:28  INFO      models.gradient_boosting  LightGBM trained | best_iteration=0
23:26:29  INFO      models.gradient_boosting  LightGBM trained | best_iteration=0
23:26:30  INFO      models.gradient_boosting  LightGBM trained | best_iteration=247
23:26:30  INFO      pipeline  Training CatBoost …
23:26:30  INFO      pipeline  RandomizedSearchCV | model=CatBoost seed=326 n_iter=12 cv=3 scoring=roc_auc
23:26:30  INFO      models.gradient_boosting  CatBoost trained
23:26:31  INFO      models.gradient_boosting  CatBoost trained
23:26:31  INFO      models.gradient_boosting  CatBoost trained
23:26:31  INFO      models.gradient_boosting  CatBoost trained
23:26:32  INFO      models.gradient_boosting  CatBoost trained
23:26:32  INFO      models.gradient_boosting  CatBoost trained
23:26:33  INFO      models.gradient_boosting  CatBoost trained
23:26:33  INFO      models.gradient_boosting  CatBoost trained
23:26:34  INFO      models.gradient_boosting  CatBoost trained
23:26:34  INFO      models.gradient_boosting  CatBoost trained
23:26:35  INFO      models.gradient_boosting  CatBoost trained
23:26:35  INFO      models.gradient_boosting  CatBoost trained
23:26:36  INFO      models.gradient_boosting  CatBoost trained
23:26:36  INFO      models.gradient_boosting  CatBoost trained
23:26:36  INFO      models.gradient_boosting  CatBoost trained
23:26:36  INFO      models.gradient_boosting  CatBoost trained
23:26:37  INFO      models.gradient_boosting  CatBoost trained
23:26:37  INFO      models.gradient_boosting  CatBoost trained
23:26:37  INFO      models.gradient_boosting  CatBoost trained
23:26:38  INFO      models.gradient_boosting  CatBoost trained
23:26:38  INFO      models.gradient_boosting  CatBoost trained
23:26:38  INFO      models.gradient_boosting  CatBoost trained
23:26:39  INFO      models.gradient_boosting  CatBoost trained
23:26:39  INFO      models.gradient_boosting  CatBoost trained
23:26:39  INFO      models.gradient_boosting  CatBoost trained
23:26:40  INFO      models.gradient_boosting  CatBoost trained
23:26:40  INFO      models.gradient_boosting  CatBoost trained
23:26:42  INFO      models.gradient_boosting  CatBoost trained
23:26:43  INFO      models.gradient_boosting  CatBoost trained
23:26:44  INFO      models.gradient_boosting  CatBoost trained
23:26:45  INFO      models.gradient_boosting  CatBoost trained
23:26:45  INFO      models.gradient_boosting  CatBoost trained
23:26:46  INFO      models.gradient_boosting  CatBoost trained
23:26:47  INFO      models.gradient_boosting  CatBoost trained
23:26:47  INFO      models.gradient_boosting  CatBoost trained
23:26:47  INFO      models.gradient_boosting  CatBoost trained
23:26:48  INFO      models.gradient_boosting  CatBoost trained
23:26:48  INFO      models.gradient_boosting  CatBoost trained
23:26:48  INFO      pipeline  Training Random Forest …
23:26:48  INFO      pipeline  RandomizedSearchCV | model=Random Forest seed=326 n_iter=12 cv=3 scoring=roc_auc
23:27:02  INFO      pipeline  Training Logistic Reg. …
23:27:02  INFO      pipeline  RandomizedSearchCV | model=Logistic Reg. seed=326 n_iter=12 cv=3 scoring=roc_auc
23:27:03  INFO      pipeline  Training TabNet …
23:27:03  INFO      models.tabnet_model  Apple MPS backend passed smoke test — using GPU acceleration.
23:27:03  INFO      models.tabnet_model  TabNet starting | device=mps  max_epochs=200  patience=15  batch_size=1024  n_train=700
23:27:07  INFO      models.tabnet_model  TabNet trained | device=mps  best_epoch=13  elapsed=4.2s
23:27:07  INFO      pipeline  YAML saved → /Users/harekrishna/Downloads/discover_ai_credit_experiment_v2/results/outputs/south_german/runs/seed_326/results/best_params.yaml
23:27:07  INFO      pipeline  ============================================================
23:27:07  INFO      pipeline  STAGE 4: Evaluation
23:27:07  INFO      pipeline  ============================================================
23:27:07  INFO      pipeline  XGBoost | val_F1*=0.6102 @ t=0.32 | test AUROC=0.8083  F1=0.5854  G-Mean=0.6959  MCC=0.4017
23:27:07  INFO      pipeline  LightGBM | val_F1*=0.5769 @ t=0.44 | test AUROC=0.8117  F1=0.5882  G-Mean=0.6761  MCC=0.4661
23:27:07  INFO      pipeline  CatBoost | val_F1*=0.5818 @ t=0.48 | test AUROC=0.8037  F1=0.4952  G-Mean=0.6120  MCC=0.3266
23:27:07  INFO      pipeline  Random Forest | val_F1*=0.5753 @ t=0.49 | test AUROC=0.8374  F1=0.6486  G-Mean=0.7559  MCC=0.4748
23:27:07  INFO      pipeline  Logistic Reg. | val_F1*=0.5867 @ t=0.50 | test AUROC=0.8048  F1=0.6345  G-Mean=0.7437  MCC=0.4525
23:27:07  INFO      pipeline  TabNet | val_F1*=0.6316 @ t=0.58 | test AUROC=0.6351  F1=0.3922  G-Mean=0.5300  MCC=0.1982
23:27:07  INFO      pipeline  LaTeX table → /Users/harekrishna/Downloads/discover_ai_credit_experiment_v2/results/outputs/south_german/runs/seed_326/results/table2_test_metrics.tex
23:27:07  INFO      pipeline  
                AUROC   AUPRC      F1  Precision  Recall  Specificity  G-Mean     MCC   Brier
Model                                                                                        
XGBoost        0.8083  0.6163  0.5854     0.5714  0.6000       0.8071  0.6959  0.4017  0.1963
LightGBM       0.8117  0.6546  0.5882     0.7143  0.5000       0.9143  0.6761  0.4661  0.1595
CatBoost       0.8037  0.6082  0.4952     0.5778  0.4333       0.8643  0.6120  0.3266  0.2077
Random Forest  0.8374  0.6897  0.6486     0.5455  0.8000       0.7143  0.7559  0.4748  0.1745
Logistic Reg.  0.8048  0.6629  0.6345     0.5412  0.7667       0.7214  0.7437  0.4525  0.1912
TabNet         0.6351  0.4947  0.3922     0.4762  0.3333       0.8429  0.5300  0.1982  0.2240
23:27:07  INFO      visualization.plots  Fig 2 saved → /Users/harekrishna/Downloads/discover_ai_credit_experiment_v2/results/outputs/south_german/runs/seed_326/figures/fig02_roc_curves.pdf
23:27:07  INFO      visualization.plots  Fig 3 saved → /Users/harekrishna/Downloads/discover_ai_credit_experiment_v2/results/outputs/south_german/runs/seed_326/figures/fig03_pr_curves.pdf
23:27:08  INFO      visualization.plots  Fig 4 saved → /Users/harekrishna/Downloads/discover_ai_credit_experiment_v2/results/outputs/south_german/runs/seed_326/figures/fig04_confusion_logistic_reg..pdf
23:27:08  INFO      pipeline  Top pair Random Forest vs LightGBM | DeLong z=2.5408 p=0.0111 | McNemar chi2=1.7609 p=0.1845
23:32:54  INFO      models.gradient_boosting  XGBoost trained | best_iteration=11
23:32:54  INFO      models.gradient_boosting  XGBoost trained | best_iteration=5
23:32:54  INFO      models.gradient_boosting  XGBoost trained | best_iteration=0
23:32:54  INFO      models.gradient_boosting  XGBoost trained | best_iteration=6
23:32:54  INFO      models.gradient_boosting  XGBoost trained | best_iteration=21
23:32:54  INFO      models.gradient_boosting  LightGBM trained | best_iteration=79
23:32:55  INFO      models.gradient_boosting  LightGBM trained | best_iteration=67
23:32:55  INFO      models.gradient_boosting  LightGBM trained | best_iteration=63
23:32:55  INFO      models.gradient_boosting  LightGBM trained | best_iteration=70
23:32:56  INFO      models.gradient_boosting  LightGBM trained | best_iteration=50
23:32:56  INFO      models.gradient_boosting  CatBoost trained
23:32:56  INFO      models.gradient_boosting  CatBoost trained
23:32:56  INFO      models.gradient_boosting  CatBoost trained
23:32:56  INFO      models.gradient_boosting  CatBoost trained
23:32:56  INFO      models.gradient_boosting  CatBoost trained
23:32:58  INFO      pipeline  Skipping TabNet in SMOTE ablation (Fig 10) — its single official result is already in Table II. Pass --full-ablation to include it (runs in isolated subprocesses to avoid the MPS stall seen previously).
23:32:58  INFO      visualization.plots  Fig 10 saved → /Users/harekrishna/Downloads/discover_ai_credit_experiment_v2/results/outputs/south_german/runs/seed_326/figures/fig10_smote_ablation.pdf
23:32:58  INFO      pipeline  ============================================================
23:32:58  INFO      pipeline  STAGE 5: SHAP Explanations
23:32:58  INFO      pipeline  ============================================================
23:32:58  INFO      explainability.shap_explainer  SHAP KernelExplainer initialised (slow — use tree when possible)
epoch 0  | loss: 1.87274 | val_auc: 0.58143 |  0:00:00s
epoch 1  | loss: 1.5279  | val_auc: 0.57071 |  0:00:00s
epoch 2  | loss: 1.16963 | val_auc: 0.62762 |  0:00:00s
epoch 3  | loss: 0.89782 | val_auc: 0.69048 |  0:00:00s
epoch 4  | loss: 0.86203 | val_auc: 0.66    |  0:00:00s
epoch 5  | loss: 0.78675 | val_auc: 0.74333 |  0:00:00s
epoch 6  | loss: 0.71181 | val_auc: 0.8019  |  0:00:01s
epoch 7  | loss: 0.68553 | val_auc: 0.79952 |  0:00:01s
epoch 8  | loss: 0.58189 | val_auc: 0.79071 |  0:00:01s
epoch 9  | loss: 0.52547 | val_auc: 0.7481  |  0:00:01s
epoch 10 | loss: 0.57247 | val_auc: 0.76976 |  0:00:01s
epoch 11 | loss: 0.66973 | val_auc: 0.77024 |  0:00:01s
epoch 12 | loss: 0.5829  | val_auc: 0.76476 |  0:00:01s
epoch 13 | loss: 0.57689 | val_auc: 0.75976 |  0:00:01s
epoch 14 | loss: 0.5557  | val_auc: 0.74619 |  0:00:01s
epoch 15 | loss: 0.52016 | val_auc: 0.77095 |  0:00:01s
epoch 16 | loss: 0.47211 | val_auc: 0.78143 |  0:00:01s
epoch 17 | loss: 0.45938 | val_auc: 0.74429 |  0:00:02s
epoch 18 | loss: 0.46438 | val_auc: 0.72    |  0:00:02s
epoch 19 | loss: 0.46703 | val_auc: 0.72524 |  0:00:02s
epoch 20 | loss: 0.46154 | val_auc: 0.70571 |  0:00:02s
epoch 21 | loss: 0.42887 | val_auc: 0.70762 |  0:00:02s

Early stopping occurred at epoch 21 with best_epoch = 6 and best_val_auc = 0.8019
epoch 0  | loss: 1.37687 | val_auc: 0.63762 |  0:00:00s
epoch 1  | loss: 1.52184 | val_auc: 0.6881  |  0:00:00s
epoch 2  | loss: 0.8253  | val_auc: 0.70714 |  0:00:00s
epoch 3  | loss: 0.96345 | val_auc: 0.6681  |  0:00:00s
epoch 4  | loss: 0.8886  | val_auc: 0.70857 |  0:00:00s
epoch 5  | loss: 0.71258 | val_auc: 0.6619  |  0:00:00s
epoch 6  | loss: 0.8121  | val_auc: 0.65762 |  0:00:00s
epoch 7  | loss: 0.59221 | val_auc: 0.67524 |  0:00:00s
epoch 8  | loss: 0.63444 | val_auc: 0.58    |  0:00:00s
epoch 9  | loss: 0.59411 | val_auc: 0.64381 |  0:00:01s
epoch 10 | loss: 0.52472 | val_auc: 0.60048 |  0:00:01s
epoch 11 | loss: 0.54558 | val_auc: 0.62714 |  0:00:01s
epoch 12 | loss: 0.50416 | val_auc: 0.68    |  0:00:01s
epoch 13 | loss: 0.48668 | val_auc: 0.73381 |  0:00:01s
epoch 14 | loss: 0.43711 | val_auc: 0.74905 |  0:00:01s
epoch 15 | loss: 0.4672  | val_auc: 0.73238 |  0:00:01s
epoch 16 | loss: 0.42572 | val_auc: 0.72524 |  0:00:01s
epoch 17 | loss: 0.43634 | val_auc: 0.72952 |  0:00:01s
epoch 18 | loss: 0.40804 | val_auc: 0.72476 |  0:00:01s
epoch 19 | loss: 0.41113 | val_auc: 0.72429 |  0:00:01s
epoch 20 | loss: 0.39737 | val_auc: 0.71524 |  0:00:02s
epoch 21 | loss: 0.42499 | val_auc: 0.71667 |  0:00:02s
epoch 22 | loss: 0.37968 | val_auc: 0.70667 |  0:00:02s
epoch 23 | loss: 0.39748 | val_auc: 0.71952 |  0:00:02s
epoch 24 | loss: 0.37351 | val_auc: 0.72571 |  0:00:02s
epoch 25 | loss: 0.3745  | val_auc: 0.71143 |  0:00:02s
epoch 26 | loss: 0.37257 | val_auc: 0.68714 |  0:00:02s
epoch 27 | loss: 0.34971 | val_auc: 0.68048 |  0:00:02s
epoch 28 | loss: 0.35981 | val_auc: 0.67524 |  0:00:02s
epoch 29 | loss: 0.36108 | val_auc: 0.67952 |  0:00:02s

Early stopping occurred at epoch 29 with best_epoch = 14 and best_val_auc = 0.74905
epoch 0  | loss: 3.17222 | val_auc: 0.58095 |  0:00:00s
epoch 1  | loss: 1.14554 | val_auc: 0.70143 |  0:00:00s
epoch 2  | loss: 1.06233 | val_auc: 0.7769  |  0:00:00s
epoch 3  | loss: 0.89665 | val_auc: 0.75762 |  0:00:00s
epoch 4  | loss: 0.76156 | val_auc: 0.70143 |  0:00:00s
epoch 5  | loss: 0.64035 | val_auc: 0.65381 |  0:00:00s
epoch 6  | loss: 0.66283 | val_auc: 0.65143 |  0:00:00s
epoch 7  | loss: 0.61583 | val_auc: 0.71952 |  0:00:00s
epoch 8  | loss: 0.58761 | val_auc: 0.65524 |  0:00:00s
epoch 9  | loss: 0.53844 | val_auc: 0.63048 |  0:00:01s
epoch 10 | loss: 0.54106 | val_auc: 0.6719  |  0:00:01s
epoch 11 | loss: 0.4647  | val_auc: 0.64905 |  0:00:01s
epoch 12 | loss: 0.51165 | val_auc: 0.66429 |  0:00:01s
epoch 13 | loss: 0.47461 | val_auc: 0.7019  |  0:00:01s
epoch 14 | loss: 0.46577 | val_auc: 0.76    |  0:00:01s
epoch 15 | loss: 0.42896 | val_auc: 0.76333 |  0:00:01s
epoch 16 | loss: 0.46372 | val_auc: 0.75095 |  0:00:01s
epoch 17 | loss: 0.43253 | val_auc: 0.74143 |  0:00:01s

Early stopping occurred at epoch 17 with best_epoch = 2 and best_val_auc = 0.7769
epoch 0  | loss: 2.53924 | val_auc: 0.4719  |  0:00:01s
epoch 1  | loss: 0.92352 | val_auc: 0.6769  |  0:00:01s
epoch 2  | loss: 1.4404  | val_auc: 0.63143 |  0:00:01s
epoch 3  | loss: 0.80169 | val_auc: 0.67952 |  0:00:01s
epoch 4  | loss: 0.81705 | val_auc: 0.71238 |  0:00:01s
epoch 5  | loss: 0.99159 | val_auc: 0.71238 |  0:00:01s
epoch 6  | loss: 0.79846 | val_auc: 0.70857 |  0:00:01s
epoch 7  | loss: 0.77114 | val_auc: 0.69286 |  0:00:02s
epoch 8  | loss: 0.65005 | val_auc: 0.61238 |  0:00:02s
epoch 9  | loss: 0.59636 | val_auc: 0.54143 |  0:00:02s
epoch 10 | loss: 0.6488  | val_auc: 0.58714 |  0:00:02s
epoch 11 | loss: 0.53353 | val_auc: 0.67714 |  0:00:02s
epoch 12 | loss: 0.53093 | val_auc: 0.74952 |  0:00:02s
epoch 13 | loss: 0.53783 | val_auc: 0.75095 |  0:00:02s
epoch 14 | loss: 0.48566 | val_auc: 0.71095 |  0:00:02s
epoch 15 | loss: 0.52099 | val_auc: 0.66238 |  0:00:02s
epoch 16 | loss: 0.41937 | val_auc: 0.64476 |  0:00:02s
epoch 17 | loss: 0.44866 | val_auc: 0.60857 |  0:00:02s
epoch 18 | loss: 0.44731 | val_auc: 0.61952 |  0:00:02s
epoch 19 | loss: 0.41189 | val_auc: 0.62095 |  0:00:03s
epoch 20 | loss: 0.42252 | val_auc: 0.64286 |  0:00:03s
epoch 21 | loss: 0.44133 | val_auc: 0.64286 |  0:00:03s
epoch 22 | loss: 0.44235 | val_auc: 0.64524 |  0:00:03s
epoch 23 | loss: 0.44514 | val_auc: 0.64    |  0:00:03s
epoch 24 | loss: 0.404   | val_auc: 0.63048 |  0:00:03s
epoch 25 | loss: 0.3766  | val_auc: 0.63    |  0:00:03s
epoch 26 | loss: 0.37192 | val_auc: 0.61905 |  0:00:03s
epoch 27 | loss: 0.39214 | val_auc: 0.61619 |  0:00:03s
epoch 28 | loss: 0.40372 | val_auc: 0.62857 |  0:00:03s

Early stopping occurred at epoch 28 with best_epoch = 13 and best_val_auc = 0.75095
  0%|          | 0/200 [00:00<?, ?it/s]23:32:58  INFO      shap  num_full_subsets = 2
23:32:58  INFO      shap  remaining_weight_vector = array([0.19227593, 0.15321988, 0.13074763, 0.11673896, 0.10775904,
       0.10214659, 0.09905124, 0.09806073])
23:32:58  INFO      shap  num_paired_subset_sizes = 9
23:32:58  INFO      shap  weight_left = np.float64(0.5467009166626137)
23:32:58  INFO      shap  np.sum(w_aug) = np.float64(20.0)
23:32:58  INFO      shap  np.sum(self.kernelWeights) = np.float64(0.9999999999999999)
23:32:58  INFO      shap  phi = array([ 0.10663651, -0.08771564, -0.02212624,  0.        , -0.02434674,
       -0.03639084, -0.04792562,  0.        ,  0.01553583,  0.        ,
        0.        , -0.0158003 ,  0.        ,  0.        , -0.02725188,
        0.        ,  0.        ,  0.        ,  0.02984536,  0.        ])
23:32:58  INFO      shap  np.sum(w_aug) = np.float64(20.0)
23:32:58  INFO      shap  np.sum(self.kernelWeights) = np.float64(0.9999999999999999)
23:32:58  INFO      shap  phi = array([-0.10663651,  0.08771564,  0.02212624,  0.        ,  0.02434674,
        0.03639084,  0.04792562,  0.        , -0.01553583,  0.        ,
        0.        ,  0.0158003 ,  0.        ,  0.        ,  0.02725188,
        0.        ,  0.        ,  0.        , -0.02984536,  0.        ])
23:32:58  INFO      shap  num_full_subsets = 2
23:32:58  INFO      shap  remaining_weight_vector = array([0.19227593, 0.15321988, 0.13074763, 0.11673896, 0.10775904,
       0.10214659, 0.09905124, 0.09806073])
23:32:58  INFO      shap  num_paired_subset_sizes = 9
23:32:58  INFO      shap  weight_left = np.float64(0.5467009166626137)
23:32:58  INFO      shap  np.sum(w_aug) = np.float64(20.0)
23:32:58  INFO      shap  np.sum(self.kernelWeights) = np.float64(0.9999999999999999)
23:32:58  INFO      shap  phi = array([-0.05263863,  0.02852886, -0.02405607,  0.        , -0.04586575,
       -0.03956888,  0.0119445 ,  0.03082569,  0.01340826,  0.        ,
        0.        , -0.01853183,  0.        ,  0.        ,  0.        ,
        0.        ,  0.        ,  0.        , -0.01598855,  0.        ])
23:32:58  INFO      shap  np.sum(w_aug) = np.float64(20.0)
23:32:58  INFO      shap  np.sum(self.kernelWeights) = np.float64(0.9999999999999999)
23:32:58  INFO      shap  phi = array([ 0.05263863, -0.02852886,  0.02405607,  0.        ,  0.04586575,
        0.03956888, -0.0119445 , -0.03082569, -0.01340826,  0.        ,
        0.        ,  0.01853183,  0.        ,  0.        ,  0.        ,
        0.        ,  0.        ,  0.        ,  0.01598855,  0.        ])
  1%|          | 2/200 [00:00<00:10, 19.46it/s]23:32:58  INFO      shap  num_full_subsets = 2
23:32:58  INFO      shap  remaining_weight_vector = array([0.19227593, 0.15321988, 0.13074763, 0.11673896, 0.10775904,
       0.10214659, 0.09905124, 0.09806073])
23:32:58  INFO      shap  num_paired_subset_sizes = 9
23:32:58  INFO      shap  weight_left = np.float64(0.5467009166626137)
23:32:58  INFO      shap  np.sum(w_aug) = np.float64(20.0)
23:32:58  INFO      shap  np.sum(self.kernelWeights) = np.float64(0.9999999999999999)
23:32:58  INFO      shap  phi = array([-0.12898932,  0.        , -0.02125071,  0.        ,  0.03096174,
        0.10043833,  0.        , -0.03027376, -0.0350678 ,  0.        ,
        0.        , -0.01617477, -0.01305124,  0.        , -0.02770232,
        0.        ,  0.        ,  0.        , -0.01254982,  0.        ])
23:32:58  INFO      shap  np.sum(w_aug) = np.float64(20.0)
23:32:58  INFO      shap  np.sum(self.kernelWeights) = np.float64(0.9999999999999999)
23:32:58  INFO      shap  phi = array([ 0.12898932,  0.        ,  0.02125071,  0.        , -0.03096174,
       -0.10043833,  0.        ,  0.03027376,  0.0350678 ,  0.        ,
        0.        ,  0.01617477,  0.01305124,  0.        ,  0.02770232,
        0.        ,  0.        ,  0.        ,  0.01254982,  0.        ])
23:32:58  INFO      shap  num_full_subsets = 2
23:32:58  INFO      shap  remaining_weight_vector = array([0.19227593, 0.15321988, 0.13074763, 0.11673896, 0.10775904,
       0.10214659, 0.09905124, 0.09806073])
23:32:58  INFO      shap  num_paired_subset_sizes = 9
23:32:58  INFO      shap  weight_left = np.float64(0.5467009166626137)
23:32:58  INFO      shap  np.sum(w_aug) = np.float64(20.0)
23:32:58  INFO      shap  np.sum(self.kernelWeights) = np.float64(1.0)
23:32:58  INFO      shap  phi = array([ 0.10645634, -0.08755919,  0.06610777,  0.        , -0.04451726,
       -0.03809152,  0.        ,  0.06172448,  0.        ,  0.        ,
        0.        , -0.04967359,  0.        , -0.05357401,  0.03076035,
        0.        ,  0.        ,  0.        ,  0.02681604,  0.        ])
23:32:58  INFO      shap  np.sum(w_aug) = np.float64(20.0)
23:32:58  INFO      shap  np.sum(self.kernelWeights) = np.float64(1.0)
23:32:58  INFO      shap  phi = array([-0.10645634,  0.08755919, -0.06610777,  0.        ,  0.04451726,
        0.03809152,  0.        , -0.06172448,  0.        ,  0.        ,
        0.        ,  0.04967359,  0.        ,  0.05357401, -0.03076035,
        0.        ,  0.        ,  0.        , -0.02681604,  0.        ])
23:32:58  INFO      shap  num_full_subsets = 2
23:32:58  INFO      shap  remaining_weight_vector = array([0.19227593, 0.15321988, 0.13074763, 0.11673896, 0.10775904,
       0.10214659, 0.09905124, 0.09806073])
23:32:58  INFO      shap  num_paired_subset_sizes = 9
23:32:58  INFO      shap  weight_left = np.float64(0.5467009166626137)
23:32:58  INFO      shap  np.sum(w_aug) = np.float64(20.0)
23:32:58  INFO      shap  np.sum(self.kernelWeights) = np.float64(1.0)
23:32:58  INFO      shap  phi = array([ 0.10406356,  0.        , -0.02022839,  0.        , -0.03917077,
        0.09726713, -0.02611479,  0.05890139, -0.03343001,  0.        ,
        0.01319131, -0.01544907,  0.        ,  0.        ,  0.        ,
        0.        ,  0.        ,  0.        ,  0.02606964,  0.        ])
23:32:58  INFO      shap  np.sum(w_aug) = np.float64(20.0)
23:32:58  INFO      shap  np.sum(self.kernelWeights) = np.float64(1.0)
23:32:58  INFO      shap  phi = array([-0.10406356,  0.        ,  0.02022839,  0.        ,  0.03917077,
       -0.09726713,  0.02611479, -0.05890139,  0.03343001,  0.        ,
       -0.01319131,  0.01544907,  0.        ,  0.        ,  0.        ,
        0.        ,  0.        ,  0.        , -0.02606964,  0.        ])
  2%|▎         | 5/200 [00:00<00:08, 22.85it/s]23:32:58  INFO      shap  num_full_subsets = 2
23:32:58  INFO      shap  remaining_weight_vector = array([0.19227593, 0.15321988, 0.13074763, 0.11673896, 0.10775904,
       0.10214659, 0.09905124, 0.09806073])
23:32:58  INFO      shap  num_paired_subset_sizes = 9
23:32:58  INFO      shap  weight_left = np.float64(0.5467009166626137)
23:32:58  INFO      shap  np.sum(w_aug) = np.float64(20.0)
23:32:58  INFO      shap  np.sum(self.kernelWeights) = np.float64(1.0)
23:32:58  INFO      shap  phi = array([ 0.09531825,  0.01562896, -0.01778503,  0.        ,  0.02468782,
        0.08842238,  0.        , -0.02665117,  0.05379489,  0.        ,
        0.        ,  0.03962743,  0.        ,  0.        , -0.02262096,
        0.        ,  0.        ,  0.        ,  0.02404725,  0.        ])
23:32:58  INFO      shap  np.sum(w_aug) = np.float64(20.0)
23:32:58  INFO      shap  np.sum(self.kernelWeights) = np.float64(1.0)
23:32:58  INFO      shap  phi = array([-0.09531825, -0.01562896,  0.01778503,  0.        , -0.02468782,
       -0.08842238,  0.        ,  0.02665117, -0.05379489,  0.        ,
        0.        , -0.03962743,  0.        ,  0.        ,  0.02262096,
        0.        ,  0.        ,  0.        , -0.02404725,  0.        ])
23:32:58  INFO      shap  num_full_subsets = 2
23:32:58  INFO      shap  remaining_weight_vector = array([0.19227593, 0.15321988, 0.13074763, 0.11673896, 0.10775904,
       0.10214659, 0.09905124, 0.09806073])
23:32:58  INFO      shap  num_paired_subset_sizes = 9
23:32:58  INFO      shap  weight_left = np.float64(0.5467009166626137)
23:32:58  INFO      shap  np.sum(w_aug) = np.float64(20.0)
23:32:58  INFO      shap  np.sum(self.kernelWeights) = np.float64(1.0)
23:32:58  INFO      shap  phi = array([-0.04922186,  0.03038523,  0.06671921,  0.        ,  0.02893701,
        0.06740889, -0.00948121, -0.0331516 , -0.03624731,  0.        ,
        0.        , -0.01828604,  0.        ,  0.        ,  0.        ,
        0.        ,  0.        ,  0.        , -0.01512138,  0.        ])
23:32:58  INFO      shap  np.sum(w_aug) = np.float64(20.0)
23:32:58  INFO      shap  np.sum(self.kernelWeights) = np.float64(1.0)
23:32:58  INFO      shap  phi = array([ 0.04922186, -0.03038523, -0.06671921,  0.        , -0.02893701,
       -0.06740889,  0.00948121,  0.0331516 ,  0.03624731,  0.        ,
        0.        ,  0.01828604,  0.        ,  0.        ,  0.        ,
        0.        ,  0.        ,  0.        ,  0.01512138,  0.        ])
23:32:58  INFO      shap  num_full_subsets = 2
23:32:58  INFO      shap  remaining_weight_vector = array([0.19227593, 0.15321988, 0.13074763, 0.11673896, 0.10775904,
       0.10214659, 0.09905124, 0.09806073])
23:32:58  INFO      shap  num_paired_subset_sizes = 9
23:32:58  INFO      shap  weight_left = np.float64(0.5467009166626137)
23:32:58  INFO      shap  np.sum(w_aug) = np.float64(20.0)
23:32:58  INFO      shap  np.sum(self.kernelWeights) = np.float64(0.9999999999999999)
23:32:58  INFO      shap  phi = array([-0.12541289,  0.        , -0.06422203,  0.        ,  0.02322878,
       -0.03600034, -0.00745908, -0.02993564,  0.01317345,  0.        ,
        0.        , -0.01630872,  0.        , -0.04977627,  0.        ,
        0.        ,  0.        ,  0.        , -0.01335505,  0.        ])
23:32:58  INFO      shap  np.sum(w_aug) = np.float64(20.0)
23:32:58  INFO      shap  np.sum(self.kernelWeights) = np.float64(0.9999999999999999)
23:32:58  INFO      shap  phi = array([ 0.12541289,  0.        ,  0.06422203,  0.        , -0.02322878,
        0.03600034,  0.00745908,  0.02993564, -0.01317345,  0.        ,
        0.        ,  0.01630872,  0.        ,  0.04977627,  0.        ,
        0.        ,  0.        ,  0.        ,  0.01335505,  0.        ])
  4%|▍         | 8/200 [00:00<00:07, 25.12it/s]23:32:58  INFO      shap  num_full_subsets = 2
23:32:58  INFO      shap  remaining_weight_vector = array([0.19227593, 0.15321988, 0.13074763, 0.11673896, 0.10775904,
       0.10214659, 0.09905124, 0.09806073])
23:32:58  INFO      shap  num_paired_subset_sizes = 9
23:32:58  INFO      shap  weight_left = np.float64(0.5467009166626137)
23:32:58  INFO      shap  np.sum(w_aug) = np.float64(20.0)
23:32:58  INFO      shap  np.sum(self.kernelWeights) = np.float64(0.9999999999999999)
23:32:58  INFO      shap  phi = array([ 0.1057987 , -0.04723845, -0.02345039,  0.        , -0.08796053,
        0.09948656,  0.        ,  0.02993835,  0.        ,  0.        ,
        0.        , -0.04912556,  0.        ,  0.        ,  0.02989474,
        0.        ,  0.        , -0.02515632,  0.02700639,  0.        ])
23:32:58  INFO      shap  np.sum(w_aug) = np.float64(20.0)
23:32:58  INFO      shap  np.sum(self.kernelWeights) = np.float64(0.9999999999999999)
23:32:58  INFO      shap  phi = array([-0.1057987 ,  0.04723845,  0.02345039,  0.        ,  0.08796053,
       -0.09948656,  0.        , -0.02993835,  0.        ,  0.        ,
        0.        ,  0.04912556,  0.        ,  0.        , -0.02989474,
        0.        ,  0.        ,  0.02515632, -0.02700639,  0.        ])
23:32:58  INFO      shap  num_full_subsets = 2
23:32:58  INFO      shap  remaining_weight_vector = array([0.19227593, 0.15321988, 0.13074763, 0.11673896, 0.10775904,
       0.10214659, 0.09905124, 0.09806073])
23:32:58  INFO      shap  num_paired_subset_sizes = 9
23:32:58  INFO      shap  weight_left = np.float64(0.5467009166626137)
23:32:58  INFO      shap  np.sum(w_aug) = np.float64(20.0)
23:32:58  INFO      shap  np.sum(self.kernelWeights) = np.float64(1.0)
23:32:58  INFO      shap  phi = array([-0.13090757,  0.028037  , -0.06776557,  0.        ,  0.04176872,
       -0.03746229,  0.03108432, -0.030392  ,  0.06259893,  0.        ,
        0.        , -0.01722019,  0.        , -0.05298451,  0.        ,
        0.        ,  0.        ,  0.        ,  0.        ,  0.        ])
23:32:58  INFO      shap  np.sum(w_aug) = np.float64(20.0)
23:32:58  INFO      shap  np.sum(self.kernelWeights) = np.float64(1.0)
23:32:58  INFO      shap  phi = array([ 0.13090757, -0.028037  ,  0.06776557,  0.        , -0.04176872,
        0.03746229, -0.03108432,  0.030392  , -0.06259893,  0.        ,
        0.        ,  0.01722019,  0.        ,  0.05298451,  0.        ,
        0.        ,  0.        ,  0.        ,  0.        ,  0.        ])
23:32:58  INFO      shap  num_full_subsets = 2
23:32:58  INFO      shap  remaining_weight_vector = array([0.19227593, 0.15321988, 0.13074763, 0.11673896, 0.10775904,
       0.10214659, 0.09905124, 0.09806073])
23:32:58  INFO      shap  num_paired_subset_sizes = 9
23:32:58  INFO      shap  weight_left = np.float64(0.5467009166626137)
23:32:58  INFO      shap  np.sum(w_aug) = np.float64(20.0)
23:32:58  INFO      shap  np.sum(self.kernelWeights) = np.float64(0.9999999999999999)
23:32:58  INFO      shap  phi = array([-0.12992017, -0.05895516,  0.06328516,  0.        , -0.1690053 ,
        0.09582873,  0.00961698, -0.03216569,  0.01245286,  0.        ,
        0.        ,  0.01194067,  0.        ,  0.        ,  0.        ,
        0.        ,  0.        ,  0.        ,  0.0253965 ,  0.        ])
23:32:58  INFO      shap  np.sum(w_aug) = np.float64(20.0)
23:32:58  INFO      shap  np.sum(self.kernelWeights) = np.float64(0.9999999999999999)
23:32:58  INFO      shap  phi = array([ 0.12992017,  0.05895516, -0.06328516,  0.        ,  0.1690053 ,
       -0.09582873, -0.00961698,  0.03216569, -0.01245286,  0.        ,
        0.        , -0.01194067,  0.        ,  0.        ,  0.        ,
        0.        ,  0.        ,  0.        , -0.0253965 ,  0.        ])
23:32:58  INFO      shap  num_full_subsets = 2
23:32:58  INFO      shap  remaining_weight_vector = array([0.19227593, 0.15321988, 0.13074763, 0.11673896, 0.10775904,
       0.10214659, 0.09905124, 0.09806073])
23:32:58  INFO      shap  num_paired_subset_sizes = 9
23:32:58  INFO      shap  weight_left = np.float64(0.5467009166626137)
23:32:58  INFO      shap  np.sum(w_aug) = np.float64(20.0)
23:32:58  INFO      shap  np.sum(self.kernelWeights) = np.float64(0.9999999999999999)
23:32:58  INFO      shap  phi = array([ 0.09474263,  0.02214348,  0.05675077,  0.        ,  0.01359196,
       -0.03492359,  0.02431022,  0.        ,  0.00987264,  0.        ,
        0.        ,  0.03468487,  0.        ,  0.00653828,  0.        ,
        0.        ,  0.        ,  0.        ,  0.02056841,  0.        ])
23:32:58  INFO      shap  np.sum(w_aug) = np.float64(20.0)
23:32:58  INFO      shap  np.sum(self.kernelWeights) = np.float64(0.9999999999999999)
23:32:58  INFO      shap  phi = array([-0.09474263, -0.02214348, -0.05675077,  0.        , -0.01359196,
        0.03492359, -0.02431022,  0.        , -0.00987264,  0.        ,
        0.        , -0.03468487,  0.        , -0.00653828,  0.        ,
        0.        ,  0.        ,  0.        , -0.02056841,  0.        ])
  6%|▌         | 12/200 [00:00<00:06, 30.19it/s]23:32:58  INFO      shap  num_full_subsets = 2
23:32:58  INFO      shap  remaining_weight_vector = array([0.19227593, 0.15321988, 0.13074763, 0.11673896, 0.10775904,
       0.10214659, 0.09905124, 0.09806073])
23:32:58  INFO      shap  num_paired_subset_sizes = 9
23:32:58  INFO      shap  weight_left = np.float64(0.5467009166626137)
23:32:58  INFO      shap  np.sum(w_aug) = np.float64(20.0)
23:32:58  INFO      shap  np.sum(self.kernelWeights) = np.float64(0.9999999999999999)
23:32:58  INFO      shap  phi = array([-0.05022485, -0.08310769, -0.10766529,  0.        , -0.07428256,
        0.02794311, -0.02625406,  0.0568769 , -0.03351122,  0.        ,
        0.        , -0.01608358,  0.        ,  0.        ,  0.        ,
        0.        ,  0.        ,  0.        , -0.0140235 ,  0.        ])
23:32:58  INFO      shap  np.sum(w_aug) = np.float64(20.0)
23:32:58  INFO      shap  np.sum(self.kernelWeights) = np.float64(0.9999999999999999)
23:32:58  INFO      shap  phi = array([ 0.05022485,  0.08310769,  0.10766529,  0.        ,  0.07428256,
       -0.02794311,  0.02625406, -0.0568769 ,  0.03351122,  0.        ,
        0.        ,  0.01608358,  0.        ,  0.        ,  0.        ,
        0.        ,  0.        ,  0.        ,  0.0140235 ,  0.        ])
23:32:58  INFO      shap  num_full_subsets = 2
23:32:58  INFO      shap  remaining_weight_vector = array([0.19227593, 0.15321988, 0.13074763, 0.11673896, 0.10775904,
       0.10214659, 0.09905124, 0.09806073])
23:32:58  INFO      shap  num_paired_subset_sizes = 9
23:32:58  INFO      shap  weight_left = np.float64(0.5467009166626137)
23:32:58  INFO      shap  np.sum(w_aug) = np.float64(20.0)
23:32:58  INFO      shap  np.sum(self.kernelWeights) = np.float64(1.0)
23:32:58  INFO      shap  phi = array([ 0.10434625,  0.        ,  0.02145067,  0.        ,  0.01747215,
       -0.03545116,  0.03000175, -0.03194397,  0.        ,  0.        ,
        0.        , -0.04713249,  0.02897811,  0.        ,  0.02878115,
        0.        ,  0.        ,  0.        ,  0.02478421,  0.        ])
23:32:58  INFO      shap  np.sum(w_aug) = np.float64(20.0)
23:32:58  INFO      shap  np.sum(self.kernelWeights) = np.float64(1.0)
23:32:58  INFO      shap  phi = array([-0.10434625,  0.        , -0.02145067,  0.        , -0.01747215,
        0.03545116, -0.03000175,  0.03194397,  0.        ,  0.        ,
        0.        ,  0.04713249, -0.02897811,  0.        , -0.02878115,
        0.        ,  0.        ,  0.        , -0.02478421,  0.        ])
23:32:58  INFO      shap  num_full_subsets = 2
23:32:58  INFO      shap  remaining_weight_vector = array([0.19227593, 0.15321988, 0.13074763, 0.11673896, 0.10775904,
       0.10214659, 0.09905124, 0.09806073])
23:32:58  INFO      shap  num_paired_subset_sizes = 9
23:32:58  INFO      shap  weight_left = np.float64(0.5467009166626137)
23:32:58  INFO      shap  np.sum(w_aug) = np.float64(20.000000000000004)
23:32:58  INFO      shap  np.sum(self.kernelWeights) = np.float64(1.0)
23:32:58  INFO      shap  phi = array([ 0.10069693,  0.04249672, -0.02197711,  0.        ,  0.01487245,
       -0.03394474,  0.00785342,  0.02613446,  0.05651633,  0.        ,
        0.        ,  0.04080804,  0.        ,  0.        , -0.02697931,
        0.        ,  0.        ,  0.        ,  0.        ,  0.        ])
23:32:58  INFO      shap  np.sum(w_aug) = np.float64(20.000000000000004)
23:32:58  INFO      shap  np.sum(self.kernelWeights) = np.float64(1.0)
23:32:58  INFO      shap  phi = array([-0.10069693, -0.04249672,  0.02197711,  0.        , -0.01487245,
        0.03394474, -0.00785342, -0.02613446, -0.05651633,  0.        ,
        0.        , -0.04080804,  0.        ,  0.        ,  0.02697931,
        0.        ,  0.        ,  0.        ,  0.        ,  0.        ])
23:32:58  INFO      shap  num_full_subsets = 2
23:32:58  INFO      shap  remaining_weight_vector = array([0.19227593, 0.15321988, 0.13074763, 0.11673896, 0.10775904,
       0.10214659, 0.09905124, 0.09806073])
23:32:58  INFO      shap  num_paired_subset_sizes = 9
23:32:58  INFO      shap  weight_left = np.float64(0.5467009166626137)
23:32:58  INFO      shap  np.sum(w_aug) = np.float64(20.0)
23:32:58  INFO      shap  np.sum(self.kernelWeights) = np.float64(1.0)
23:32:58  INFO      shap  phi = array([-0.05102009, -0.01042281, -0.0216553 ,  0.        ,  0.        ,
       -0.03674189,  0.03213178, -0.03149688, -0.03623419,  0.        ,
        0.        , -0.01681089, -0.01917496,  0.        ,  0.        ,
        0.        ,  0.        ,  0.        ,  0.02844068,  0.        ])
23:32:58  INFO      shap  np.sum(w_aug) = np.float64(20.0)
23:32:58  INFO      shap  np.sum(self.kernelWeights) = np.float64(1.0)
23:32:58  INFO      shap  phi = array([ 0.05102009,  0.01042281,  0.0216553 ,  0.        ,  0.        ,
        0.03674189, -0.03213178,  0.03149688,  0.03623419,  0.        ,
        0.        ,  0.01681089,  0.01917496,  0.        ,  0.        ,
        0.        ,  0.        ,  0.        , -0.02844068,  0.        ])
  8%|▊         | 16/200 [00:00<00:05, 33.19it/s]23:32:58  INFO      shap  num_full_subsets = 2
23:32:58  INFO      shap  remaining_weight_vector = array([0.19227593, 0.15321988, 0.13074763, 0.11673896, 0.10775904,
       0.10214659, 0.09905124, 0.09806073])
23:32:58  INFO      shap  num_paired_subset_sizes = 9
23:32:58  INFO      shap  weight_left = np.float64(0.5467009166626137)
23:32:58  INFO      shap  np.sum(w_aug) = np.float64(20.0)
23:32:58  INFO      shap  np.sum(self.kernelWeights) = np.float64(0.9999999999999999)
23:32:58  INFO      shap  phi = array([-0.05224615,  0.        ,  0.02013935,  0.00986501, -0.02537746,
        0.10082116,  0.        , -0.03421527,  0.01186202,  0.        ,
        0.        ,  0.01242965,  0.        , -0.05455083,  0.        ,
        0.        ,  0.        ,  0.        ,  0.02588557,  0.        ])
23:32:58  INFO      shap  np.sum(w_aug) = np.float64(20.0)
23:32:58  INFO      shap  np.sum(self.kernelWeights) = np.float64(0.9999999999999999)
23:32:58  INFO      shap  phi = array([ 0.05224615,  0.        , -0.02013935, -0.00986501,  0.02537746,
       -0.10082116,  0.        ,  0.03421527, -0.01186202,  0.        ,
        0.        , -0.01242965,  0.        ,  0.05455083,  0.        ,
        0.        ,  0.        ,  0.        , -0.02588557,  0.        ])
23:32:58  INFO      shap  num_full_subsets = 2
23:32:58  INFO      shap  remaining_weight_vector = array([0.19227593, 0.15321988, 0.13074763, 0.11673896, 0.10775904,
       0.10214659, 0.09905124, 0.09806073])
23:32:58  INFO      shap  num_paired_subset_sizes = 9
23:32:58  INFO      shap  weight_left = np.float64(0.5467009166626137)
23:32:58  INFO      shap  np.sum(w_aug) = np.float64(20.0)
23:32:58  INFO      shap  np.sum(self.kernelWeights) = np.float64(1.0)
23:32:58  INFO      shap  phi = array([ 0.10434092, -0.00952488, -0.02069683,  0.        , -0.04396035,
        0.09788397,  0.02882372,  0.        ,  0.01284144,  0.        ,
        0.        , -0.01674442,  0.        ,  0.        ,  0.        ,
        0.        ,  0.        , -0.02435097,  0.02587914,  0.        ])
23:32:58  INFO      shap  np.sum(w_aug) = np.float64(20.0)
23:32:58  INFO      shap  np.sum(self.kernelWeights) = np.float64(1.0)
23:32:58  INFO      shap  phi = array([-0.10434092,  0.00952488,  0.02069683,  0.        ,  0.04396035,
       -0.09788397, -0.02882372,  0.        , -0.01284144,  0.        ,
        0.        ,  0.01674442,  0.        ,  0.        ,  0.        ,
        0.        ,  0.        ,  0.02435097, -0.02587914,  0.        ])
23:32:58  INFO      shap  num_full_subsets = 2
23:32:58  INFO      shap  remaining_weight_vector = array([0.19227593, 0.15321988, 0.13074763, 0.11673896, 0.10775904,
       0.10214659, 0.09905124, 0.09806073])
23:32:58  INFO      shap  num_paired_subset_sizes = 9
23:32:58  INFO      shap  weight_left = np.float64(0.5467009166626137)
23:32:58  INFO      shap  np.sum(w_aug) = np.float64(20.0)
23:32:58  INFO      shap  np.sum(self.kernelWeights) = np.float64(0.9999999999999999)
23:32:58  INFO      shap  phi = array([-0.13029184,  0.        , -0.02226656, -0.003939  , -0.01664983,
        0.        , -0.00802948,  0.        ,  0.        ,  0.        ,
       -0.00546128, -0.0169072 ,  0.        ,  0.        ,  0.        ,
        0.        , -0.00239246, -0.02454643,  0.02851187,  0.        ])
23:32:58  INFO      shap  np.sum(w_aug) = np.float64(20.0)
23:32:58  INFO      shap  np.sum(self.kernelWeights) = np.float64(0.9999999999999999)
23:32:58  INFO      shap  phi = array([ 0.13029184,  0.        ,  0.02226656,  0.003939  ,  0.01664983,
        0.        ,  0.00802948,  0.        ,  0.        ,  0.        ,
        0.00546128,  0.0169072 ,  0.        ,  0.        ,  0.        ,
        0.        ,  0.00239246,  0.02454643, -0.02851187,  0.        ])
23:32:58  INFO      shap  num_full_subsets = 2
23:32:58  INFO      shap  remaining_weight_vector = array([0.19227593, 0.15321988, 0.13074763, 0.11673896, 0.10775904,
       0.10214659, 0.09905124, 0.09806073])
23:32:58  INFO      shap  num_paired_subset_sizes = 9
23:32:58  INFO      shap  weight_left = np.float64(0.5467009166626137)
23:32:58  INFO      shap  np.sum(w_aug) = np.float64(20.0)
23:32:58  INFO      shap  np.sum(self.kernelWeights) = np.float64(1.0)
23:32:58  INFO      shap  phi = array([ 0.09594388,  0.        ,  0.05706087,  0.        , -0.04995695,
        0.08899825,  0.        ,  0.02445097,  0.00986681,  0.        ,
        0.        ,  0.01055203,  0.01019552,  0.        ,  0.        ,
        0.        ,  0.        , -0.02454736,  0.02178547,  0.        ])
23:32:58  INFO      shap  np.sum(w_aug) = np.float64(20.0)
23:32:58  INFO      shap  np.sum(self.kernelWeights) = np.float64(1.0)
23:32:58  INFO      shap  phi = array([-0.09594388,  0.        , -0.05706087,  0.        ,  0.04995695,
       -0.08899825,  0.        , -0.02445097, -0.00986681,  0.        ,
        0.        , -0.01055203, -0.01019552,  0.        ,  0.        ,
        0.        ,  0.        ,  0.02454736, -0.02178547,  0.        ])
 10%|█         | 20/200 [00:00<00:05, 35.12it/s]23:32:58  INFO      shap  num_full_subsets = 2
23:32:58  INFO      shap  remaining_weight_vector = array([0.19227593, 0.15321988, 0.13074763, 0.11673896, 0.10775904,
       0.10214659, 0.09905124, 0.09806073])
23:32:58  INFO      shap  num_paired_subset_sizes = 9
23:32:58  INFO      shap  weight_left = np.float64(0.5467009166626137)
23:32:58  INFO      shap  np.sum(w_aug) = np.float64(20.0)
23:32:58  INFO      shap  np.sum(self.kernelWeights) = np.float64(1.0)
23:32:58  INFO      shap  phi = array([-0.12470644, -0.00747111, -0.0189395 ,  0.        ,  0.        ,
       -0.03273342, -0.00520383,  0.        , -0.08052946,  0.        ,
        0.        ,  0.04594462, -0.01202927,  0.        , -0.0246691 ,
        0.        ,  0.        ,  0.        , -0.01302784,  0.        ])
23:32:58  INFO      shap  np.sum(w_aug) = np.float64(20.0)
23:32:58  INFO      shap  np.sum(self.kernelWeights) = np.float64(1.0)
23:32:58  INFO      shap  phi = array([ 0.12470644,  0.00747111,  0.0189395 ,  0.        ,  0.        ,
        0.03273342,  0.00520383,  0.        ,  0.08052946,  0.        ,
        0.        , -0.04594462,  0.01202927,  0.        ,  0.0246691 ,
        0.        ,  0.        ,  0.        ,  0.01302784,  0.        ])
23:32:58  INFO      shap  num_full_subsets = 2
23:32:58  INFO      shap  remaining_weight_vector = array([0.19227593, 0.15321988, 0.13074763, 0.11673896, 0.10775904,
       0.10214659, 0.09905124, 0.09806073])
23:32:58  INFO      shap  num_paired_subset_sizes = 9
23:32:58  INFO      shap  weight_left = np.float64(0.5467009166626137)
23:32:58  INFO      shap  np.sum(w_aug) = np.float64(20.0)
23:32:58  INFO      shap  np.sum(self.kernelWeights) = np.float64(1.0)
23:32:58  INFO      shap  phi = array([-0.12596623,  0.02844114,  0.06756694,  0.        ,  0.04291321,
       -0.03589781,  0.        , -0.0316418 , -0.03474426,  0.        ,
        0.        ,  0.04707557,  0.02967387,  0.        ,  0.        ,
        0.        ,  0.        ,  0.        ,  0.02814633,  0.        ])
23:32:58  INFO      shap  np.sum(w_aug) = np.float64(20.0)
23:32:58  INFO      shap  np.sum(self.kernelWeights) = np.float64(1.0)
23:32:58  INFO      shap  phi = array([ 0.12596623, -0.02844114, -0.06756694,  0.        , -0.04291321,
        0.03589781,  0.        ,  0.0316418 ,  0.03474426,  0.        ,
        0.        , -0.04707557, -0.02967387,  0.        ,  0.        ,
        0.        ,  0.        ,  0.        , -0.02814633,  0.        ])
23:32:58  INFO      shap  num_full_subsets = 2
23:32:58  INFO      shap  remaining_weight_vector = array([0.19227593, 0.15321988, 0.13074763, 0.11673896, 0.10775904,
       0.10214659, 0.09905124, 0.09806073])
23:32:58  INFO      shap  num_paired_subset_sizes = 9
23:32:58  INFO      shap  weight_left = np.float64(0.5467009166626137)
23:32:58  INFO      shap  np.sum(w_aug) = np.float64(20.0)
23:32:58  INFO      shap  np.sum(self.kernelWeights) = np.float64(0.9999999999999999)
23:32:58  INFO      shap  phi = array([-0.05383987,  0.        ,  0.06405617,  0.        , -0.07582982,
        0.06316283,  0.02812435,  0.02866696, -0.03901333,  0.        ,
        0.        , -0.05207868,  0.        ,  0.        , -0.03186089,
        0.        ,  0.        ,  0.        , -0.01879003,  0.        ])
23:32:58  INFO      shap  np.sum(w_aug) = np.float64(20.0)
23:32:58  INFO      shap  np.sum(self.kernelWeights) = np.float64(0.9999999999999999)
23:32:58  INFO      shap  phi = array([ 0.05383987,  0.        , -0.06405617,  0.        ,  0.07582982,
       -0.06316283, -0.02812435, -0.02866696,  0.03901333,  0.        ,
        0.        ,  0.05207868,  0.        ,  0.        ,  0.03186089,
        0.        ,  0.        ,  0.        ,  0.01879003,  0.        ])
23:32:58  INFO      shap  num_full_subsets = 2
23:32:58  INFO      shap  remaining_weight_vector = array([0.19227593, 0.15321988, 0.13074763, 0.11673896, 0.10775904,
       0.10214659, 0.09905124, 0.09806073])
23:32:58  INFO      shap  num_paired_subset_sizes = 9
23:32:59  INFO      shap  weight_left = np.float64(0.5467009166626137)
23:32:59  INFO      shap  np.sum(w_aug) = np.float64(20.0)
23:32:59  INFO      shap  np.sum(self.kernelWeights) = np.float64(1.0)
23:32:59  INFO      shap  phi = array([ 0.10851724, -0.02914351, -0.02212258,  0.        ,  0.01379843,
        0.03251643,  0.03250166, -0.0309323 ,  0.        ,  0.        ,
        0.        , -0.01612935,  0.        , -0.05225254,  0.        ,
        0.        ,  0.        ,  0.        , -0.01339431,  0.        ])
23:32:59  INFO      shap  np.sum(w_aug) = np.float64(20.0)
23:32:59  INFO      shap  np.sum(self.kernelWeights) = np.float64(1.0)
23:32:59  INFO      shap  phi = array([-0.10851724,  0.02914351,  0.02212258,  0.        , -0.01379843,
       -0.03251643, -0.03250166,  0.0309323 ,  0.        ,  0.        ,
        0.        ,  0.01612935,  0.        ,  0.05225254,  0.        ,
        0.        ,  0.        ,  0.        ,  0.01339431,  0.        ])
 12%|█▏        | 24/200 [00:00<00:04, 36.43it/s]23:32:59  INFO      shap  num_full_subsets = 2
23:32:59  INFO      shap  remaining_weight_vector = array([0.19227593, 0.15321988, 0.13074763, 0.11673896, 0.10775904,
       0.10214659, 0.09905124, 0.09806073])
23:32:59  INFO      shap  num_paired_subset_sizes = 9
23:32:59  INFO      shap  weight_left = np.float64(0.5467009166626137)
23:32:59  INFO      shap  np.sum(w_aug) = np.float64(20.0)
23:32:59  INFO      shap  np.sum(self.kernelWeights) = np.float64(0.9999999999999999)
23:32:59  INFO      shap  phi = array([ 0.10250455,  0.04307785,  0.06227875,  0.        ,  0.03838789,
        0.        , -0.00949134, -0.03112047, -0.03510478,  0.        ,
        0.        , -0.01808918,  0.01906262,  0.        ,  0.        ,
        0.        ,  0.        ,  0.        , -0.01550469,  0.        ])
23:32:59  INFO      shap  np.sum(w_aug) = np.float64(20.0)
23:32:59  INFO      shap  np.sum(self.kernelWeights) = np.float64(0.9999999999999999)
23:32:59  INFO      shap  phi = array([-0.10250455, -0.04307785, -0.06227875,  0.        , -0.03838789,
        0.        ,  0.00949134,  0.03112047,  0.03510478,  0.        ,
        0.        ,  0.01808918, -0.01906262,  0.        ,  0.        ,
        0.        ,  0.        ,  0.        ,  0.01550469,  0.        ])
23:32:59  INFO      shap  num_full_subsets = 2
23:32:59  INFO      shap  remaining_weight_vector = array([0.19227593, 0.15321988, 0.13074763, 0.11673896, 0.10775904,
       0.10214659, 0.09905124, 0.09806073])
23:32:59  INFO      shap  num_paired_subset_sizes = 9
23:32:59  INFO      shap  weight_left = np.float64(0.5467009166626137)
23:32:59  INFO      shap  np.sum(w_aug) = np.float64(20.0)
23:32:59  INFO      shap  np.sum(self.kernelWeights) = np.float64(1.0)
23:32:59  INFO      shap  phi = array([ 0.02774308,  0.        , -0.02450321,  0.        ,  0.        ,
       -0.03912117,  0.        ,  0.0295094 ,  0.01241386,  0.        ,
        0.01219004,  0.04545259,  0.        ,  0.00823129,  0.        ,
        0.        ,  0.        , -0.02740061, -0.01632923,  0.        ])
23:32:59  INFO      shap  np.sum(w_aug) = np.float64(20.0)
23:32:59  INFO      shap  np.sum(self.kernelWeights) = np.float64(1.0)
23:32:59  INFO      shap  phi = array([-0.02774308,  0.        ,  0.02450321,  0.        ,  0.        ,
        0.03912117,  0.        , -0.0295094 , -0.01241386,  0.        ,
       -0.01219004, -0.04545259,  0.        , -0.00823129,  0.        ,
        0.        ,  0.        ,  0.02740061,  0.01632923,  0.        ])
23:32:59  INFO      shap  num_full_subsets = 2
23:32:59  INFO      shap  remaining_weight_vector = array([0.19227593, 0.15321988, 0.13074763, 0.11673896, 0.10775904,
       0.10214659, 0.09905124, 0.09806073])
23:32:59  INFO      shap  num_paired_subset_sizes = 9
23:32:59  INFO      shap  weight_left = np.float64(0.5467009166626137)
23:32:59  INFO      shap  np.sum(w_aug) = np.float64(20.0)
23:32:59  INFO      shap  np.sum(self.kernelWeights) = np.float64(1.0)
23:32:59  INFO      shap  phi = array([-0.11640765, -0.07606457, -0.05626948,  0.        , -0.05914869,
       -0.03125496,  0.        ,  0.        , -0.02903424,  0.06032558,
        0.        , -0.01236582,  0.        ,  0.        , -0.02127361,
        0.        ,  0.        ,  0.        , -0.00917671,  0.        ])
23:32:59  INFO      shap  np.sum(w_aug) = np.float64(20.0)
23:32:59  INFO      shap  np.sum(self.kernelWeights) = np.float64(1.0)
23:32:59  INFO      shap  phi = array([ 0.11640765,  0.07606457,  0.05626948,  0.        ,  0.05914869,
        0.03125496,  0.        ,  0.        ,  0.02903424, -0.06032558,
        0.        ,  0.01236582,  0.        ,  0.        ,  0.02127361,
        0.        ,  0.        ,  0.        ,  0.00917671,  0.        ])
23:32:59  INFO      shap  num_full_subsets = 2
23:32:59  INFO      shap  remaining_weight_vector = array([0.19227593, 0.15321988, 0.13074763, 0.11673896, 0.10775904,
       0.10214659, 0.09905124, 0.09806073])
23:32:59  INFO      shap  num_paired_subset_sizes = 9
23:32:59  INFO      shap  weight_left = np.float64(0.5467009166626137)
23:32:59  INFO      shap  np.sum(w_aug) = np.float64(19.999999999999996)
23:32:59  INFO      shap  np.sum(self.kernelWeights) = np.float64(1.0)
23:32:59  INFO      shap  phi = array([-0.05109296, -0.05042484,  0.06670474,  0.        ,  0.0131588 ,
       -0.038597  ,  0.03134013, -0.0326647 ,  0.0128829 ,  0.        ,
        0.        ,  0.04607082,  0.        ,  0.        ,  0.        ,
        0.        ,  0.        ,  0.        , -0.01585818,  0.        ])
23:32:59  INFO      shap  np.sum(w_aug) = np.float64(19.999999999999996)
23:32:59  INFO      shap  np.sum(self.kernelWeights) = np.float64(1.0)
23:32:59  INFO      shap  phi = array([ 0.05109296,  0.05042484, -0.06670474,  0.        , -0.0131588 ,
        0.038597  , -0.03134013,  0.0326647 , -0.0128829 ,  0.        ,
        0.        , -0.04607082,  0.        ,  0.        ,  0.        ,
        0.        ,  0.        ,  0.        ,  0.01585818,  0.        ])
 14%|█▍        | 28/200 [00:00<00:04, 37.42it/s]23:32:59  INFO      shap  num_full_subsets = 2
23:32:59  INFO      shap  remaining_weight_vector = array([0.19227593, 0.15321988, 0.13074763, 0.11673896, 0.10775904,
       0.10214659, 0.09905124, 0.09806073])
23:32:59  INFO      shap  num_paired_subset_sizes = 9
23:32:59  INFO      shap  weight_left = np.float64(0.5467009166626137)
23:32:59  INFO      shap  np.sum(w_aug) = np.float64(20.0)
23:32:59  INFO      shap  np.sum(self.kernelWeights) = np.float64(1.0)
23:32:59  INFO      shap  phi = array([ 0.10937334, -0.02592604, -0.01982644,  0.        , -0.02143558,
        0.10620739,  0.        ,  0.        , -0.03182025,  0.        ,
        0.        ,  0.        , -0.01241366, -0.01940119, -0.02458172,
        0.        ,  0.        ,  0.        , -0.01138612,  0.        ])
23:32:59  INFO      shap  np.sum(w_aug) = np.float64(20.0)
23:32:59  INFO      shap  np.sum(self.kernelWeights) = np.float64(1.0)
23:32:59  INFO      shap  phi = array([-0.10937334,  0.02592604,  0.01982644,  0.        ,  0.02143558,
       -0.10620739,  0.        ,  0.        ,  0.03182025,  0.        ,
        0.        ,  0.        ,  0.01241366,  0.01940119,  0.02458172,
        0.        ,  0.        ,  0.        ,  0.01138612,  0.        ])
23:32:59  INFO      shap  num_full_subsets = 2
23:32:59  INFO      shap  remaining_weight_vector = array([0.19227593, 0.15321988, 0.13074763, 0.11673896, 0.10775904,
       0.10214659, 0.09905124, 0.09806073])
23:32:59  INFO      shap  num_paired_subset_sizes = 9
23:32:59  INFO      shap  weight_left = np.float64(0.5467009166626137)
23:32:59  INFO      shap  np.sum(w_aug) = np.float64(20.0)
23:32:59  INFO      shap  np.sum(self.kernelWeights) = np.float64(0.9999999999999999)
23:32:59  INFO      shap  phi = array([-0.13137014,  0.        ,  0.0219578 ,  0.        ,  0.        ,
       -0.03787594, -0.02834144,  0.03146252,  0.01405146,  0.        ,
        0.        ,  0.0138275 , -0.0122786 , -0.02144092,  0.        ,
        0.        ,  0.        ,  0.        , -0.01460199,  0.        ])
23:32:59  INFO      shap  np.sum(w_aug) = np.float64(20.0)
23:32:59  INFO      shap  np.sum(self.kernelWeights) = np.float64(0.9999999999999999)
23:32:59  INFO      shap  phi = array([ 0.13137014,  0.        , -0.0219578 ,  0.        ,  0.        ,
        0.03787594,  0.02834144, -0.03146252, -0.01405146,  0.        ,
        0.        , -0.0138275 ,  0.0122786 ,  0.02144092,  0.        ,
        0.        ,  0.        ,  0.        ,  0.01460199,  0.        ])
23:32:59  INFO      shap  num_full_subsets = 2
23:32:59  INFO      shap  remaining_weight_vector = array([0.19227593, 0.15321988, 0.13074763, 0.11673896, 0.10775904,
       0.10214659, 0.09905124, 0.09806073])
23:32:59  INFO      shap  num_paired_subset_sizes = 9
23:32:59  INFO      shap  weight_left = np.float64(0.5467009166626137)
23:32:59  INFO      shap  np.sum(w_aug) = np.float64(20.0)
23:32:59  INFO      shap  np.sum(self.kernelWeights) = np.float64(1.0)
23:32:59  INFO      shap  phi = array([-0.05128134, -0.00854951, -0.02146466,  0.        ,  0.        ,
       -0.03612451, -0.02806627,  0.        , -0.03445022,  0.        ,
       -0.00756676, -0.015872  , -0.01200472,  0.        ,  0.        ,
        0.        ,  0.        ,  0.        ,  0.0298434 ,  0.        ])
23:32:59  INFO      shap  np.sum(w_aug) = np.float64(20.0)
23:32:59  INFO      shap  np.sum(self.kernelWeights) = np.float64(1.0)
23:32:59  INFO      shap  phi = array([ 0.05128134,  0.00854951,  0.02146466,  0.        ,  0.        ,
        0.03612451,  0.02806627,  0.        ,  0.03445022,  0.        ,
        0.00756676,  0.015872  ,  0.01200472,  0.        ,  0.        ,
        0.        ,  0.        ,  0.        , -0.0298434 ,  0.        ])
23:32:59  INFO      shap  num_full_subsets = 2
23:32:59  INFO      shap  remaining_weight_vector = array([0.19227593, 0.15321988, 0.13074763, 0.11673896, 0.10775904,
       0.10214659, 0.09905124, 0.09806073])
23:32:59  INFO      shap  num_paired_subset_sizes = 9
23:32:59  INFO      shap  weight_left = np.float64(0.5467009166626137)
23:32:59  INFO      shap  np.sum(w_aug) = np.float64(20.0)
23:32:59  INFO      shap  np.sum(self.kernelWeights) = np.float64(0.9999999999999998)
23:32:59  INFO      shap  phi = array([-0.04852466, -0.04883806, -0.02236139,  0.        ,  0.        ,
        0.10288885, -0.00823212,  0.03157044,  0.06380895,  0.        ,
        0.        , -0.01658504, -0.01032253,  0.        ,  0.        ,
        0.        ,  0.        ,  0.        , -0.01380266,  0.        ])
23:32:59  INFO      shap  np.sum(w_aug) = np.float64(20.0)
23:32:59  INFO      shap  np.sum(self.kernelWeights) = np.float64(0.9999999999999998)
23:32:59  INFO      shap  phi = array([ 0.04852466,  0.04883806,  0.02236139,  0.        ,  0.        ,
       -0.10288885,  0.00823212, -0.03157044, -0.06380895,  0.        ,
        0.        ,  0.01658504,  0.01032253,  0.        ,  0.        ,
        0.        ,  0.        ,  0.        ,  0.01380266,  0.        ])
 16%|█▌        | 32/200 [00:00<00:04, 37.99it/s]23:32:59  INFO      shap  num_full_subsets = 2
23:32:59  INFO      shap  remaining_weight_vector = array([0.19227593, 0.15321988, 0.13074763, 0.11673896, 0.10775904,
       0.10214659, 0.09905124, 0.09806073])
23:32:59  INFO      shap  num_paired_subset_sizes = 9
23:32:59  INFO      shap  weight_left = np.float64(0.5467009166626137)
23:32:59  INFO      shap  np.sum(w_aug) = np.float64(20.0)
23:32:59  INFO      shap  np.sum(self.kernelWeights) = np.float64(0.9999999999999998)
23:32:59  INFO      shap  phi = array([-0.05079046,  0.        ,  0.06592141,  0.01088807,  0.        ,
       -0.03955371, -0.05017568,  0.        ,  0.06099678,  0.        ,
        0.        , -0.01893294,  0.        ,  0.0087426 ,  0.        ,
        0.        ,  0.        , -0.02723225,  0.02624187,  0.        ])
23:32:59  INFO      shap  np.sum(w_aug) = np.float64(20.0)
23:32:59  INFO      shap  np.sum(self.kernelWeights) = np.float64(0.9999999999999998)
23:32:59  INFO      shap  phi = array([ 0.05079046,  0.        , -0.06592141, -0.01088807,  0.        ,
        0.03955371,  0.05017568,  0.        , -0.06099678,  0.        ,
        0.        ,  0.01893294,  0.        , -0.0087426 ,  0.        ,
        0.        ,  0.        ,  0.02723225, -0.02624187,  0.        ])
23:32:59  INFO      shap  num_full_subsets = 2
23:32:59  INFO      shap  remaining_weight_vector = array([0.19227593, 0.15321988, 0.13074763, 0.11673896, 0.10775904,
       0.10214659, 0.09905124, 0.09806073])
23:32:59  INFO      shap  num_paired_subset_sizes = 9
23:32:59  INFO      shap  weight_left = np.float64(0.5467009166626137)
23:32:59  INFO      shap  np.sum(w_aug) = np.float64(20.0)
23:32:59  INFO      shap  np.sum(self.kernelWeights) = np.float64(1.0)
23:32:59  INFO      shap  phi = array([ 0.10241946, -0.04833926, -0.02215772,  0.00964074, -0.06154349,
        0.09646983,  0.0291031 ,  0.        ,  0.01137687,  0.        ,
        0.        ,  0.01265828,  0.        ,  0.00757307,  0.        ,
        0.        ,  0.        ,  0.        ,  0.        ,  0.        ])
23:32:59  INFO      shap  np.sum(w_aug) = np.float64(20.0)
23:32:59  INFO      shap  np.sum(self.kernelWeights) = np.float64(1.0)
23:32:59  INFO      shap  phi = array([-0.10241946,  0.04833926,  0.02215772, -0.00964074,  0.06154349,
       -0.09646983, -0.0291031 ,  0.        , -0.01137687,  0.        ,
        0.        , -0.01265828,  0.        , -0.00757307,  0.        ,
        0.        ,  0.        ,  0.        ,  0.        ,  0.        ])
23:32:59  INFO      shap  num_full_subsets = 2
23:32:59  INFO      shap  remaining_weight_vector = array([0.19227593, 0.15321988, 0.13074763, 0.11673896, 0.10775904,
       0.10214659, 0.09905124, 0.09806073])
23:32:59  INFO      shap  num_paired_subset_sizes = 9
23:32:59  INFO      shap  weight_left = np.float64(0.5467009166626137)
23:32:59  INFO      shap  np.sum(w_aug) = np.float64(20.0)
23:32:59  INFO      shap  np.sum(self.kernelWeights) = np.float64(1.0)
23:32:59  INFO      shap  phi = array([ 0.10295462,  0.        , -0.01977112,  0.        ,  0.03217802,
        0.09581057,  0.02865396, -0.02941092,  0.01210039,  0.        ,
        0.        , -0.01644835, -0.01247798,  0.        ,  0.        ,
        0.        ,  0.        ,  0.        , -0.01401559,  0.        ])
23:32:59  INFO      shap  np.sum(w_aug) = np.float64(20.0)
23:32:59  INFO      shap  np.sum(self.kernelWeights) = np.float64(1.0)
23:32:59  INFO      shap  phi = array([-0.10295462,  0.        ,  0.01977112,  0.        , -0.03217802,
       -0.09581057, -0.02865396,  0.02941092, -0.01210039,  0.        ,
        0.        ,  0.01644835,  0.01247798,  0.        ,  0.        ,
        0.        ,  0.        ,  0.        ,  0.01401559,  0.        ])
23:32:59  INFO      shap  num_full_subsets = 2
23:32:59  INFO      shap  remaining_weight_vector = array([0.19227593, 0.15321988, 0.13074763, 0.11673896, 0.10775904,
       0.10214659, 0.09905124, 0.09806073])
23:32:59  INFO      shap  num_paired_subset_sizes = 9
23:32:59  INFO      shap  weight_left = np.float64(0.5467009166626137)
23:32:59  INFO      shap  np.sum(w_aug) = np.float64(20.0)
23:32:59  INFO      shap  np.sum(self.kernelWeights) = np.float64(1.0)
23:32:59  INFO      shap  phi = array([ 0.10634267, -0.08803857,  0.0204922 ,  0.        , -0.06135547,
        0.10058935,  0.03055465,  0.        ,  0.        ,  0.        ,
        0.        , -0.01721233,  0.        , -0.05277677,  0.        ,
        0.        ,  0.        , -0.02630227, -0.01511229,  0.        ])
23:32:59  INFO      shap  np.sum(w_aug) = np.float64(20.0)
23:32:59  INFO      shap  np.sum(self.kernelWeights) = np.float64(1.0)
23:32:59  INFO      shap  phi = array([-0.10634267,  0.08803857, -0.0204922 ,  0.        ,  0.06135547,
       -0.10058935, -0.03055465,  0.        ,  0.        ,  0.        ,
        0.        ,  0.01721233,  0.        ,  0.05277677,  0.        ,
        0.        ,  0.        ,  0.02630227,  0.01511229,  0.        ])
 18%|█▊        | 36/200 [00:01<00:04, 38.44it/s]23:32:59  INFO      shap  num_full_subsets = 2
23:32:59  INFO      shap  remaining_weight_vector = array([0.19227593, 0.15321988, 0.13074763, 0.11673896, 0.10775904,
       0.10214659, 0.09905124, 0.09806073])
23:32:59  INFO      shap  num_paired_subset_sizes = 9
23:32:59  INFO      shap  weight_left = np.float64(0.5467009166626137)
23:32:59  INFO      shap  np.sum(w_aug) = np.float64(20.0)
23:32:59  INFO      shap  np.sum(self.kernelWeights) = np.float64(1.0)
23:32:59  INFO      shap  phi = array([-0.12737066, -0.06523143, -0.02210904,  0.        , -0.05887287,
        0.09679027,  0.        , -0.02951177, -0.03426487,  0.        ,
        0.        , -0.01512101, -0.00501535,  0.        ,  0.        ,
        0.        ,  0.        ,  0.        ,  0.02718749,  0.        ])
23:32:59  INFO      shap  np.sum(w_aug) = np.float64(20.0)
23:32:59  INFO      shap  np.sum(self.kernelWeights) = np.float64(1.0)
23:32:59  INFO      shap  phi = array([ 0.12737066,  0.06523143,  0.02210904,  0.        ,  0.05887287,
       -0.09679027,  0.        ,  0.02951177,  0.03426487,  0.        ,
        0.        ,  0.01512101,  0.00501535,  0.        ,  0.        ,
        0.        ,  0.        ,  0.        , -0.02718749,  0.        ])
23:32:59  INFO      shap  num_full_subsets = 2
23:32:59  INFO      shap  remaining_weight_vector = array([0.19227593, 0.15321988, 0.13074763, 0.11673896, 0.10775904,
       0.10214659, 0.09905124, 0.09806073])
23:32:59  INFO      shap  num_paired_subset_sizes = 9
23:32:59  INFO      shap  weight_left = np.float64(0.5467009166626137)
23:32:59  INFO      shap  np.sum(w_aug) = np.float64(20.0)
23:32:59  INFO      shap  np.sum(self.kernelWeights) = np.float64(1.0)
23:32:59  INFO      shap  phi = array([ 0.02756658,  0.04591545,  0.02143452,  0.        ,  0.03646721,
       -0.03798317, -0.03169124,  0.02936365, -0.03849026,  0.        ,
        0.        ,  0.01218577,  0.        , -0.05590242,  0.        ,
        0.        ,  0.        ,  0.        ,  0.        ,  0.        ])
23:32:59  INFO      shap  np.sum(w_aug) = np.float64(20.0)
23:32:59  INFO      shap  np.sum(self.kernelWeights) = np.float64(1.0)
23:32:59  INFO      shap  phi = array([-0.02756658, -0.04591545, -0.02143452,  0.        , -0.03646721,
        0.03798317,  0.03169124, -0.02936365,  0.03849026,  0.        ,
        0.        , -0.01218577,  0.        ,  0.05590242,  0.        ,
        0.        ,  0.        ,  0.        ,  0.        ,  0.        ])
23:32:59  INFO      shap  num_full_subsets = 2
23:32:59  INFO      shap  remaining_weight_vector = array([0.19227593, 0.15321988, 0.13074763, 0.11673896, 0.10775904,
       0.10214659, 0.09905124, 0.09806073])
23:32:59  INFO      shap  num_paired_subset_sizes = 9
23:32:59  INFO      shap  weight_left = np.float64(0.5467009166626137)
23:32:59  INFO      shap  np.sum(w_aug) = np.float64(20.0)
23:32:59  INFO      shap  np.sum(self.kernelWeights) = np.float64(1.0)
23:32:59  INFO      shap  phi = array([ 0.10503174, -0.01093148,  0.02006945,  0.00914149,  0.        ,
       -0.03703255,  0.        ,  0.05814984,  0.01151033,  0.        ,
        0.        , -0.04909577,  0.        ,  0.        ,  0.02857315,
        0.        ,  0.        ,  0.        , -0.01504938,  0.        ])
23:32:59  INFO      shap  np.sum(w_aug) = np.float64(20.0)
23:32:59  INFO      shap  np.sum(self.kernelWeights) = np.float64(1.0)
23:32:59  INFO      shap  phi = array([-0.10503174,  0.01093148, -0.02006945, -0.00914149,  0.        ,
        0.03703255,  0.        , -0.05814984, -0.01151033,  0.        ,
        0.        ,  0.04909577,  0.        ,  0.        , -0.02857315,
        0.        ,  0.        ,  0.        ,  0.01504938,  0.        ])
23:32:59  INFO      shap  num_full_subsets = 2
23:32:59  INFO      shap  remaining_weight_vector = array([0.19227593, 0.15321988, 0.13074763, 0.11673896, 0.10775904,
       0.10214659, 0.09905124, 0.09806073])
23:32:59  INFO      shap  num_paired_subset_sizes = 9
23:32:59  INFO      shap  weight_left = np.float64(0.5467009166626137)
23:32:59  INFO      shap  np.sum(w_aug) = np.float64(20.0)
23:32:59  INFO      shap  np.sum(self.kernelWeights) = np.float64(1.0)
23:32:59  INFO      shap  phi = array([-0.1260608 , -0.01811663, -0.10826208,  0.        , -0.03015925,
       -0.03408341, -0.04549092,  0.03065672,  0.        ,  0.        ,
        0.        ,  0.0148541 ,  0.01912636,  0.        ,  0.        ,
        0.        ,  0.        ,  0.        ,  0.02652132,  0.        ])
23:32:59  INFO      shap  np.sum(w_aug) = np.float64(20.0)
23:32:59  INFO      shap  np.sum(self.kernelWeights) = np.float64(1.0)
23:32:59  INFO      shap  phi = array([ 0.1260608 ,  0.01811663,  0.10826208,  0.        ,  0.03015925,
        0.03408341,  0.04549092, -0.03065672,  0.        ,  0.        ,
        0.        , -0.0148541 , -0.01912636,  0.        ,  0.        ,
        0.        ,  0.        ,  0.        , -0.02652132,  0.        ])
 20%|██        | 40/200 [00:01<00:04, 38.37it/s]23:32:59  INFO      shap  num_full_subsets = 2
23:32:59  INFO      shap  remaining_weight_vector = array([0.19227593, 0.15321988, 0.13074763, 0.11673896, 0.10775904,
       0.10214659, 0.09905124, 0.09806073])
23:32:59  INFO      shap  num_paired_subset_sizes = 9
23:32:59  INFO      shap  weight_left = np.float64(0.5467009166626137)
23:32:59  INFO      shap  np.sum(w_aug) = np.float64(20.0)
23:32:59  INFO      shap  np.sum(self.kernelWeights) = np.float64(0.9999999999999999)
23:32:59  INFO      shap  phi = array([-0.04650109,  0.02990725, -0.0199481 ,  0.        ,  0.        ,
       -0.03325941, -0.02507069,  0.06476501,  0.06440116,  0.        ,
        0.        ,  0.04867238, -0.01405642,  0.        , -0.02639769,
        0.        ,  0.        ,  0.        ,  0.        ,  0.        ])
23:32:59  INFO      shap  np.sum(w_aug) = np.float64(20.0)
23:32:59  INFO      shap  np.sum(self.kernelWeights) = np.float64(0.9999999999999999)
23:32:59  INFO      shap  phi = array([ 0.04650109, -0.02990725,  0.0199481 ,  0.        ,  0.        ,
        0.03325941,  0.02507069, -0.06476501, -0.06440116,  0.        ,
        0.        , -0.04867238,  0.01405642,  0.        ,  0.02639769,
        0.        ,  0.        ,  0.        ,  0.        ,  0.        ])
23:32:59  INFO      shap  num_full_subsets = 2
23:32:59  INFO      shap  remaining_weight_vector = array([0.19227593, 0.15321988, 0.13074763, 0.11673896, 0.10775904,
       0.10214659, 0.09905124, 0.09806073])
23:32:59  INFO      shap  num_paired_subset_sizes = 9
23:32:59  INFO      shap  weight_left = np.float64(0.5467009166626137)
23:32:59  INFO      shap  np.sum(w_aug) = np.float64(20.0)
23:32:59  INFO      shap  np.sum(self.kernelWeights) = np.float64(0.9999999999999999)
23:32:59  INFO      shap  phi = array([-0.05025614,  0.        , -0.02201242,  0.        ,  0.        ,
       -0.0378166 ,  0.01262349,  0.03309336, -0.03428   ,  0.        ,
       -0.00617528,  0.04791115,  0.        ,  0.        , -0.02792726,
        0.        ,  0.        ,  0.        , -0.01404896,  0.        ])
23:32:59  INFO      shap  np.sum(w_aug) = np.float64(20.0)
23:32:59  INFO      shap  np.sum(self.kernelWeights) = np.float64(0.9999999999999999)
23:32:59  INFO      shap  phi = array([ 0.05025614,  0.        ,  0.02201242,  0.        ,  0.        ,
        0.0378166 , -0.01262349, -0.03309336,  0.03428   ,  0.        ,
        0.00617528, -0.04791115,  0.        ,  0.        ,  0.02792726,
        0.        ,  0.        ,  0.        ,  0.01404896,  0.        ])
23:32:59  INFO      shap  num_full_subsets = 2
23:32:59  INFO      shap  remaining_weight_vector = array([0.19227593, 0.15321988, 0.13074763, 0.11673896, 0.10775904,
       0.10214659, 0.09905124, 0.09806073])
23:32:59  INFO      shap  num_paired_subset_sizes = 9
23:32:59  INFO      shap  weight_left = np.float64(0.5467009166626137)
23:32:59  INFO      shap  np.sum(w_aug) = np.float64(20.0)
23:32:59  INFO      shap  np.sum(self.kernelWeights) = np.float64(0.9999999999999999)
23:32:59  INFO      shap  phi = array([ 0.10697361,  0.02042979,  0.02079001,  0.        ,  0.03503222,
       -0.03724428,  0.        , -0.03244981,  0.01191439,  0.        ,
        0.        , -0.01791821, -0.01193478,  0.        ,  0.        ,
        0.        ,  0.        ,  0.        , -0.01570745,  0.        ])
23:32:59  INFO      shap  np.sum(w_aug) = np.float64(20.0)
23:32:59  INFO      shap  np.sum(self.kernelWeights) = np.float64(0.9999999999999999)
23:32:59  INFO      shap  phi = array([-0.10697361, -0.02042979, -0.02079001,  0.        , -0.03503222,
        0.03724428,  0.        ,  0.03244981, -0.01191439,  0.        ,
        0.        ,  0.01791821,  0.01193478,  0.        ,  0.        ,
        0.        ,  0.        ,  0.        ,  0.01570745,  0.        ])
23:32:59  INFO      shap  num_full_subsets = 2
23:32:59  INFO      shap  remaining_weight_vector = array([0.19227593, 0.15321988, 0.13074763, 0.11673896, 0.10775904,
       0.10214659, 0.09905124, 0.09806073])
23:32:59  INFO      shap  num_paired_subset_sizes = 9
23:32:59  INFO      shap  weight_left = np.float64(0.5467009166626137)
23:32:59  INFO      shap  np.sum(w_aug) = np.float64(20.0)
23:32:59  INFO      shap  np.sum(self.kernelWeights) = np.float64(1.0)
23:32:59  INFO      shap  phi = array([ 0.1113403 , -0.05741905, -0.02096047,  0.        ,  0.        ,
        0.03428951, -0.00697265, -0.03080599,  0.        ,  0.        ,
       -0.00511511, -0.01625416, -0.01324158,  0.        ,  0.        ,
        0.        ,  0.        ,  0.        , -0.01337968,  0.        ])
23:32:59  INFO      shap  np.sum(w_aug) = np.float64(20.0)
23:32:59  INFO      shap  np.sum(self.kernelWeights) = np.float64(1.0)
23:32:59  INFO      shap  phi = array([-0.1113403 ,  0.05741905,  0.02096047,  0.        ,  0.        ,
       -0.03428951,  0.00697265,  0.03080599,  0.        ,  0.        ,
        0.00511511,  0.01625416,  0.01324158,  0.        ,  0.        ,
        0.        ,  0.        ,  0.        ,  0.01337968,  0.        ])
 22%|██▏       | 44/200 [00:01<00:04, 38.62it/s]23:32:59  INFO      shap  num_full_subsets = 2
23:32:59  INFO      shap  remaining_weight_vector = array([0.19227593, 0.15321988, 0.13074763, 0.11673896, 0.10775904,
       0.10214659, 0.09905124, 0.09806073])
23:32:59  INFO      shap  num_paired_subset_sizes = 9
23:32:59  INFO      shap  weight_left = np.float64(0.5467009166626137)
23:32:59  INFO      shap  np.sum(w_aug) = np.float64(20.0)
23:32:59  INFO      shap  np.sum(self.kernelWeights) = np.float64(1.0)
23:32:59  INFO      shap  phi = array([-0.12914673,  0.02734933, -0.02327665,  0.        ,  0.03827481,
       -0.03674494,  0.        ,  0.03164017,  0.        ,  0.06436985,
        0.        ,  0.01439947,  0.        ,  0.        ,  0.        ,
        0.        ,  0.        , -0.02596527, -0.01485226,  0.        ])
23:32:59  INFO      shap  np.sum(w_aug) = np.float64(20.0)
23:32:59  INFO      shap  np.sum(self.kernelWeights) = np.float64(1.0)
23:32:59  INFO      shap  phi = array([ 0.12914673, -0.02734933,  0.02327665,  0.        , -0.03827481,
        0.03674494,  0.        , -0.03164017,  0.        , -0.06436985,
        0.        , -0.01439947,  0.        ,  0.        ,  0.        ,
        0.        ,  0.        ,  0.02596527,  0.01485226,  0.        ])
23:32:59  INFO      shap  num_full_subsets = 2
23:32:59  INFO      shap  remaining_weight_vector = array([0.19227593, 0.15321988, 0.13074763, 0.11673896, 0.10775904,
       0.10214659, 0.09905124, 0.09806073])
23:32:59  INFO      shap  num_paired_subset_sizes = 9
23:32:59  INFO      shap  weight_left = np.float64(0.5467009166626137)
23:32:59  INFO      shap  np.sum(w_aug) = np.float64(20.0)
23:32:59  INFO      shap  np.sum(self.kernelWeights) = np.float64(0.9999999999999999)
23:32:59  INFO      shap  phi = array([ 0.09288924,  0.03097078, -0.01832103,  0.        ,  0.        ,
        0.        ,  0.        ,  0.05068294,  0.        ,  0.05122728,
        0.        ,  0.03828217,  0.        ,  0.        , -0.02323653,
        0.        ,  0.        , -0.02163426, -0.01382192,  0.10297421])
23:32:59  INFO      shap  np.sum(w_aug) = np.float64(20.0)
23:32:59  INFO      shap  np.sum(self.kernelWeights) = np.float64(0.9999999999999999)
23:32:59  INFO      shap  phi = array([-0.09288924, -0.03097078,  0.01832103,  0.        ,  0.        ,
        0.        ,  0.        , -0.05068294,  0.        , -0.05122728,
        0.        , -0.03828217,  0.        ,  0.        ,  0.02323653,
        0.        ,  0.        ,  0.02163426,  0.01382192, -0.10297421])
23:32:59  INFO      shap  num_full_subsets = 2
23:32:59  INFO      shap  remaining_weight_vector = array([0.19227593, 0.15321988, 0.13074763, 0.11673896, 0.10775904,
       0.10214659, 0.09905124, 0.09806073])
23:32:59  INFO      shap  num_paired_subset_sizes = 9
23:32:59  INFO      shap  weight_left = np.float64(0.5467009166626137)
23:32:59  INFO      shap  np.sum(w_aug) = np.float64(20.0)
23:32:59  INFO      shap  np.sum(self.kernelWeights) = np.float64(0.9999999999999999)
23:32:59  INFO      shap  phi = array([-0.12965095, -0.00861047, -0.02385924,  0.        ,  0.        ,
        0.10145187,  0.        , -0.03228372, -0.03672068,  0.        ,
        0.        ,  0.04657993, -0.01242319,  0.        , -0.02984976,
        0.        ,  0.        ,  0.        , -0.01473679,  0.        ])
23:32:59  INFO      shap  np.sum(w_aug) = np.float64(20.0)
23:32:59  INFO      shap  np.sum(self.kernelWeights) = np.float64(0.9999999999999999)
23:32:59  INFO      shap  phi = array([ 0.12965095,  0.00861047,  0.02385924,  0.        ,  0.        ,
       -0.10145187,  0.        ,  0.03228372,  0.03672068,  0.        ,
        0.        , -0.04657993,  0.01242319,  0.        ,  0.02984976,
        0.        ,  0.        ,  0.        ,  0.01473679,  0.        ])
23:32:59  INFO      shap  num_full_subsets = 2
23:32:59  INFO      shap  remaining_weight_vector = array([0.19227593, 0.15321988, 0.13074763, 0.11673896, 0.10775904,
       0.10214659, 0.09905124, 0.09806073])
23:32:59  INFO      shap  num_paired_subset_sizes = 9
23:32:59  INFO      shap  weight_left = np.float64(0.5467009166626137)
23:32:59  INFO      shap  np.sum(w_aug) = np.float64(20.0)
23:32:59  INFO      shap  np.sum(self.kernelWeights) = np.float64(1.0)
23:32:59  INFO      shap  phi = array([-0.05222953, -0.03012947,  0.02187221,  0.        ,  0.01873931,
        0.        , -0.02783318, -0.0315458 ,  0.        ,  0.        ,
        0.        , -0.04901013, -0.00696897, -0.02173615,  0.        ,
        0.        ,  0.        ,  0.        , -0.01491686,  0.        ])
23:32:59  INFO      shap  np.sum(w_aug) = np.float64(20.0)
23:32:59  INFO      shap  np.sum(self.kernelWeights) = np.float64(1.0)
23:32:59  INFO      shap  phi = array([ 0.05222953,  0.03012947, -0.02187221,  0.        , -0.01873931,
        0.        ,  0.02783318,  0.0315458 ,  0.        ,  0.        ,
        0.        ,  0.04901013,  0.00696897,  0.02173615,  0.        ,
        0.        ,  0.        ,  0.        ,  0.01491686,  0.        ])
 24%|██▍       | 48/200 [00:01<00:03, 38.73it/s]23:32:59  INFO      shap  num_full_subsets = 2
23:32:59  INFO      shap  remaining_weight_vector = array([0.19227593, 0.15321988, 0.13074763, 0.11673896, 0.10775904,
       0.10214659, 0.09905124, 0.09806073])
23:32:59  INFO      shap  num_paired_subset_sizes = 9
23:32:59  INFO      shap  weight_left = np.float64(0.5467009166626137)
23:32:59  INFO      shap  np.sum(w_aug) = np.float64(20.0)
23:32:59  INFO      shap  np.sum(self.kernelWeights) = np.float64(1.0)
23:32:59  INFO      shap  phi = array([ 0.10706719,  0.01691489,  0.06646325,  0.        ,  0.02630264,
       -0.03694181,  0.        , -0.03159016, -0.03592595,  0.        ,
        0.        , -0.01743855,  0.00870903,  0.        ,  0.        ,
        0.        ,  0.        ,  0.        , -0.01528602,  0.        ])
23:32:59  INFO      shap  np.sum(w_aug) = np.float64(20.0)
23:32:59  INFO      shap  np.sum(self.kernelWeights) = np.float64(1.0)
23:32:59  INFO      shap  phi = array([-0.10706719, -0.01691489, -0.06646325,  0.        , -0.02630264,
        0.03694181,  0.        ,  0.03159016,  0.03592595,  0.        ,
        0.        ,  0.01743855, -0.00870903,  0.        ,  0.        ,
        0.        ,  0.        ,  0.        ,  0.01528602,  0.        ])
23:32:59  INFO      shap  num_full_subsets = 2
23:32:59  INFO      shap  remaining_weight_vector = array([0.19227593, 0.15321988, 0.13074763, 0.11673896, 0.10775904,
       0.10214659, 0.09905124, 0.09806073])
23:32:59  INFO      shap  num_paired_subset_sizes = 9
23:32:59  INFO      shap  weight_left = np.float64(0.5467009166626137)
23:32:59  INFO      shap  np.sum(w_aug) = np.float64(20.0)
23:32:59  INFO      shap  np.sum(self.kernelWeights) = np.float64(1.0)
23:32:59  INFO      shap  phi = array([ 0.10773656, -0.01093114, -0.02312136,  0.        ,  0.01374957,
       -0.0371362 ,  0.01129904, -0.03198478,  0.0144005 ,  0.        ,
        0.        , -0.01741224,  0.        ,  0.        ,  0.        ,
        0.        ,  0.        ,  0.        ,  0.026729  ,  0.        ])
23:32:59  INFO      shap  np.sum(w_aug) = np.float64(20.0)
23:32:59  INFO      shap  np.sum(self.kernelWeights) = np.float64(1.0)
23:32:59  INFO      shap  phi = array([-0.10773656,  0.01093114,  0.02312136,  0.        , -0.01374957,
        0.0371362 , -0.01129904,  0.03198478, -0.0144005 ,  0.        ,
        0.        ,  0.01741224,  0.        ,  0.        ,  0.        ,
        0.        ,  0.        ,  0.        , -0.026729  ,  0.        ])
23:32:59  INFO      shap  num_full_subsets = 2
23:32:59  INFO      shap  remaining_weight_vector = array([0.19227593, 0.15321988, 0.13074763, 0.11673896, 0.10775904,
       0.10214659, 0.09905124, 0.09806073])
23:32:59  INFO      shap  num_paired_subset_sizes = 9
23:32:59  INFO      shap  weight_left = np.float64(0.5467009166626137)
23:32:59  INFO      shap  np.sum(w_aug) = np.float64(20.0)
23:32:59  INFO      shap  np.sum(self.kernelWeights) = np.float64(1.0)
23:32:59  INFO      shap  phi = array([ 0.09711722,  0.02396573,  0.05851386,  0.        ,  0.03130322,
       -0.03447825,  0.02605856, -0.02901334,  0.01051788,  0.        ,
        0.        ,  0.03970719,  0.01728709,  0.        ,  0.        ,
        0.        ,  0.        ,  0.        ,  0.        ,  0.        ])
23:32:59  INFO      shap  np.sum(w_aug) = np.float64(20.0)
23:32:59  INFO      shap  np.sum(self.kernelWeights) = np.float64(1.0)
23:32:59  INFO      shap  phi = array([-0.09711722, -0.02396573, -0.05851386,  0.        , -0.03130322,
        0.03447825, -0.02605856,  0.02901334, -0.01051788,  0.        ,
        0.        , -0.03970719, -0.01728709,  0.        ,  0.        ,
        0.        ,  0.        ,  0.        ,  0.        ,  0.        ])
23:32:59  INFO      shap  num_full_subsets = 2
23:32:59  INFO      shap  remaining_weight_vector = array([0.19227593, 0.15321988, 0.13074763, 0.11673896, 0.10775904,
       0.10214659, 0.09905124, 0.09806073])
23:32:59  INFO      shap  num_paired_subset_sizes = 9
23:32:59  INFO      shap  weight_left = np.float64(0.5467009166626137)
23:32:59  INFO      shap  np.sum(w_aug) = np.float64(20.0)
23:32:59  INFO      shap  np.sum(self.kernelWeights) = np.float64(0.9999999999999999)
23:32:59  INFO      shap  phi = array([-0.13054431,  0.04621425,  0.06604011,  0.        ,  0.01757364,
       -0.03887346,  0.01015225,  0.06170856, -0.03714351,  0.        ,
        0.        , -0.01904914,  0.        ,  0.        ,  0.        ,
        0.        ,  0.        ,  0.        , -0.01604399,  0.        ])
23:32:59  INFO      shap  np.sum(w_aug) = np.float64(20.0)
23:32:59  INFO      shap  np.sum(self.kernelWeights) = np.float64(0.9999999999999999)
23:32:59  INFO      shap  phi = array([ 0.13054431, -0.04621425, -0.06604011,  0.        , -0.01757364,
        0.03887346, -0.01015225, -0.06170856,  0.03714351,  0.        ,
        0.        ,  0.01904914,  0.        ,  0.        ,  0.        ,
        0.        ,  0.        ,  0.        ,  0.01604399,  0.        ])
 26%|██▌       | 52/200 [00:01<00:03, 38.83it/s]23:32:59  INFO      shap  num_full_subsets = 2
23:32:59  INFO      shap  remaining_weight_vector = array([0.19227593, 0.15321988, 0.13074763, 0.11673896, 0.10775904,
       0.10214659, 0.09905124, 0.09806073])
23:32:59  INFO      shap  num_paired_subset_sizes = 9
23:32:59  INFO      shap  weight_left = np.float64(0.5467009166626137)
23:32:59  INFO      shap  np.sum(w_aug) = np.float64(20.0)
23:32:59  INFO      shap  np.sum(self.kernelWeights) = np.float64(1.0)
23:32:59  INFO      shap  phi = array([ 0.10609098, -0.02314498,  0.06507939,  0.        ,  0.        ,
       -0.03539737,  0.03010525, -0.03134892,  0.01332718,  0.        ,
        0.        , -0.01699993,  0.        ,  0.00891016,  0.        ,
        0.        ,  0.        ,  0.        , -0.01434417,  0.        ])
23:32:59  INFO      shap  np.sum(w_aug) = np.float64(20.0)
23:32:59  INFO      shap  np.sum(self.kernelWeights) = np.float64(1.0)
23:32:59  INFO      shap  phi = array([-0.10609098,  0.02314498, -0.06507939,  0.        ,  0.        ,
        0.03539737, -0.03010525,  0.03134892, -0.01332718,  0.        ,
        0.        ,  0.01699993,  0.        , -0.00891016,  0.        ,
        0.        ,  0.        ,  0.        ,  0.01434417,  0.        ])
23:32:59  INFO      shap  num_full_subsets = 2
23:32:59  INFO      shap  remaining_weight_vector = array([0.19227593, 0.15321988, 0.13074763, 0.11673896, 0.10775904,
       0.10214659, 0.09905124, 0.09806073])
23:32:59  INFO      shap  num_paired_subset_sizes = 9
23:32:59  INFO      shap  weight_left = np.float64(0.5467009166626137)
23:32:59  INFO      shap  np.sum(w_aug) = np.float64(20.0)
23:32:59  INFO      shap  np.sum(self.kernelWeights) = np.float64(0.9999999999999999)
23:32:59  INFO      shap  phi = array([ 0.03164204,  0.        , -0.02094148,  0.        ,  0.04467124,
       -0.03650466, -0.02742347, -0.02969122, -0.0328907 ,  0.        ,
        0.        ,  0.        , -0.01389733,  0.        , -0.02588668,
        0.        ,  0.        ,  0.        ,  0.03256704,  0.        ])
23:32:59  INFO      shap  np.sum(w_aug) = np.float64(20.0)
23:32:59  INFO      shap  np.sum(self.kernelWeights) = np.float64(0.9999999999999999)
23:32:59  INFO      shap  phi = array([-0.03164204,  0.        ,  0.02094148,  0.        , -0.04467124,
        0.03650466,  0.02742347,  0.02969122,  0.0328907 ,  0.        ,
        0.        ,  0.        ,  0.01389733,  0.        ,  0.02588668,
        0.        ,  0.        ,  0.        , -0.03256704,  0.        ])
23:32:59  INFO      shap  num_full_subsets = 2
23:32:59  INFO      shap  remaining_weight_vector = array([0.19227593, 0.15321988, 0.13074763, 0.11673896, 0.10775904,
       0.10214659, 0.09905124, 0.09806073])
23:32:59  INFO      shap  num_paired_subset_sizes = 9
23:32:59  INFO      shap  weight_left = np.float64(0.5467009166626137)
23:32:59  INFO      shap  np.sum(w_aug) = np.float64(20.0)
23:32:59  INFO      shap  np.sum(self.kernelWeights) = np.float64(1.0)
23:32:59  INFO      shap  phi = array([-0.12490526,  0.        , -0.01925329,  0.        ,  0.03082391,
       -0.03515093, -0.02379627, -0.02715874, -0.03351901,  0.        ,
        0.        , -0.0154481 , -0.01275819,  0.        , -0.0246174 ,
        0.        ,  0.        ,  0.        ,  0.        ,  0.        ])
23:32:59  INFO      shap  np.sum(w_aug) = np.float64(20.0)
23:32:59  INFO      shap  np.sum(self.kernelWeights) = np.float64(1.0)
23:32:59  INFO      shap  phi = array([ 0.12490526,  0.        ,  0.01925329,  0.        , -0.03082391,
        0.03515093,  0.02379627,  0.02715874,  0.03351901,  0.        ,
        0.        ,  0.0154481 ,  0.01275819,  0.        ,  0.0246174 ,
        0.        ,  0.        ,  0.        ,  0.        ,  0.        ])
23:32:59  INFO      shap  num_full_subsets = 2
23:32:59  INFO      shap  remaining_weight_vector = array([0.19227593, 0.15321988, 0.13074763, 0.11673896, 0.10775904,
       0.10214659, 0.09905124, 0.09806073])
23:32:59  INFO      shap  num_paired_subset_sizes = 9
23:32:59  INFO      shap  weight_left = np.float64(0.5467009166626137)
23:32:59  INFO      shap  np.sum(w_aug) = np.float64(20.0)
23:32:59  INFO      shap  np.sum(self.kernelWeights) = np.float64(1.0)
23:32:59  INFO      shap  phi = array([ 0.10413209,  0.03531915, -0.02177722,  0.        ,  0.        ,
       -0.03554239,  0.        ,  0.05811701,  0.01214272,  0.        ,
        0.        ,  0.04261422,  0.        ,  0.00800026,  0.        ,
        0.        ,  0.        , -0.02563579, -0.01430118,  0.        ])
23:32:59  INFO      shap  np.sum(w_aug) = np.float64(20.0)
23:32:59  INFO      shap  np.sum(self.kernelWeights) = np.float64(1.0)
23:32:59  INFO      shap  phi = array([-0.10413209, -0.03531915,  0.02177722,  0.        ,  0.        ,
        0.03554239,  0.        , -0.05811701, -0.01214272,  0.        ,
        0.        , -0.04261422,  0.        , -0.00800026,  0.        ,
        0.        ,  0.        ,  0.02563579,  0.01430118,  0.        ])
 28%|██▊       | 56/200 [00:01<00:03, 38.88it/s]23:32:59  INFO      shap  num_full_subsets = 2
23:32:59  INFO      shap  remaining_weight_vector = array([0.19227593, 0.15321988, 0.13074763, 0.11673896, 0.10775904,
       0.10214659, 0.09905124, 0.09806073])
23:32:59  INFO      shap  num_paired_subset_sizes = 9
23:32:59  INFO      shap  weight_left = np.float64(0.5467009166626137)
23:32:59  INFO      shap  np.sum(w_aug) = np.float64(20.0)
23:32:59  INFO      shap  np.sum(self.kernelWeights) = np.float64(1.0)
23:32:59  INFO      shap  phi = array([ 0.10809302,  0.        , -0.02221252,  0.        ,  0.0194341 ,
       -0.03734647, -0.02792287, -0.03108901, -0.0358271 ,  0.        ,
        0.        ,  0.04693064, -0.01636374,  0.        ,  0.        ,
        0.        ,  0.        ,  0.        , -0.01446967,  0.        ])
23:32:59  INFO      shap  np.sum(w_aug) = np.float64(20.0)
23:32:59  INFO      shap  np.sum(self.kernelWeights) = np.float64(1.0)
23:32:59  INFO      shap  phi = array([-0.10809302,  0.        ,  0.02221252,  0.        , -0.0194341 ,
        0.03734647,  0.02792287,  0.03108901,  0.0358271 ,  0.        ,
        0.        , -0.04693064,  0.01636374,  0.        ,  0.        ,
        0.        ,  0.        ,  0.        ,  0.01446967,  0.        ])
23:32:59  INFO      shap  num_full_subsets = 2
23:32:59  INFO      shap  remaining_weight_vector = array([0.19227593, 0.15321988, 0.13074763, 0.11673896, 0.10775904,
       0.10214659, 0.09905124, 0.09806073])
23:32:59  INFO      shap  num_paired_subset_sizes = 9
23:32:59  INFO      shap  weight_left = np.float64(0.5467009166626137)
23:32:59  INFO      shap  np.sum(w_aug) = np.float64(20.0)
23:32:59  INFO      shap  np.sum(self.kernelWeights) = np.float64(1.0000000000000002)
23:32:59  INFO      shap  phi = array([-0.05348541, -0.05123649,  0.02051763,  0.        , -0.07824447,
        0.        ,  0.03022946,  0.02986932,  0.01290907,  0.        ,
        0.        , -0.01897188,  0.        , -0.02399315,  0.        ,
        0.        ,  0.        ,  0.        ,  0.02751456,  0.        ])
23:32:59  INFO      shap  np.sum(w_aug) = np.float64(20.0)
23:32:59  INFO      shap  np.sum(self.kernelWeights) = np.float64(1.0000000000000002)
23:32:59  INFO      shap  phi = array([ 0.05348541,  0.05123649, -0.02051763,  0.        ,  0.07824447,
        0.        , -0.03022946, -0.02986932, -0.01290907,  0.        ,
        0.        ,  0.01897188,  0.        ,  0.02399315,  0.        ,
        0.        ,  0.        ,  0.        , -0.02751456,  0.        ])
23:32:59  INFO      shap  num_full_subsets = 2
23:32:59  INFO      shap  remaining_weight_vector = array([0.19227593, 0.15321988, 0.13074763, 0.11673896, 0.10775904,
       0.10214659, 0.09905124, 0.09806073])
23:32:59  INFO      shap  num_paired_subset_sizes = 9
23:32:59  INFO      shap  weight_left = np.float64(0.5467009166626137)
23:32:59  INFO      shap  np.sum(w_aug) = np.float64(20.0)
23:32:59  INFO      shap  np.sum(self.kernelWeights) = np.float64(0.9999999999999999)
23:32:59  INFO      shap  phi = array([-0.04672157, -0.08152052, -0.05927657,  0.        , -0.13089372,
        0.09455098, -0.04229164, -0.02799806,  0.        ,  0.03212452,
        0.        , -0.04282265,  0.        ,  0.        ,  0.        ,
        0.        ,  0.        ,  0.        ,  0.02976013,  0.        ])
23:32:59  INFO      shap  np.sum(w_aug) = np.float64(20.0)
23:32:59  INFO      shap  np.sum(self.kernelWeights) = np.float64(0.9999999999999999)
23:32:59  INFO      shap  phi = array([ 0.04672157,  0.08152052,  0.05927657,  0.        ,  0.13089372,
       -0.09455098,  0.04229164,  0.02799806,  0.        , -0.03212452,
        0.        ,  0.04282265,  0.        ,  0.        ,  0.        ,
        0.        ,  0.        ,  0.        , -0.02976013,  0.        ])
23:32:59  INFO      shap  num_full_subsets = 2
23:32:59  INFO      shap  remaining_weight_vector = array([0.19227593, 0.15321988, 0.13074763, 0.11673896, 0.10775904,
       0.10214659, 0.09905124, 0.09806073])
23:32:59  INFO      shap  num_paired_subset_sizes = 9
23:32:59  INFO      shap  weight_left = np.float64(0.5467009166626137)
23:32:59  INFO      shap  np.sum(w_aug) = np.float64(20.0)
23:32:59  INFO      shap  np.sum(self.kernelWeights) = np.float64(1.0)
23:32:59  INFO      shap  phi = array([-0.05267178, -0.03104949,  0.06628866,  0.        , -0.03246583,
       -0.03907847, -0.04922608, -0.03294996,  0.06303063,  0.        ,
        0.        , -0.01866456,  0.        ,  0.        ,  0.        ,
        0.        ,  0.        ,  0.        , -0.01622155,  0.        ])
23:32:59  INFO      shap  np.sum(w_aug) = np.float64(20.0)
23:32:59  INFO      shap  np.sum(self.kernelWeights) = np.float64(1.0)
23:32:59  INFO      shap  phi = array([ 0.05267178,  0.03104949, -0.06628866,  0.        ,  0.03246583,
        0.03907847,  0.04922608,  0.03294996, -0.06303063,  0.        ,
        0.        ,  0.01866456,  0.        ,  0.        ,  0.        ,
        0.        ,  0.        ,  0.        ,  0.01622155,  0.        ])
 30%|███       | 60/200 [00:01<00:03, 39.13it/s]23:32:59  INFO      shap  num_full_subsets = 2
23:32:59  INFO      shap  remaining_weight_vector = array([0.19227593, 0.15321988, 0.13074763, 0.11673896, 0.10775904,
       0.10214659, 0.09905124, 0.09806073])
23:32:59  INFO      shap  num_paired_subset_sizes = 9
23:32:59  INFO      shap  weight_left = np.float64(0.5467009166626137)
23:32:59  INFO      shap  np.sum(w_aug) = np.float64(20.0)
23:32:59  INFO      shap  np.sum(self.kernelWeights) = np.float64(1.0)
23:32:59  INFO      shap  phi = array([ 0.10217649, -0.0455473 ,  0.06142385,  0.        , -0.03731766,
        0.06156835,  0.02841723, -0.03069209,  0.01112404,  0.        ,
        0.        ,  0.        ,  0.        ,  0.0077392 ,  0.        ,
        0.        ,  0.        ,  0.        ,  0.02414621,  0.        ])
23:32:59  INFO      shap  np.sum(w_aug) = np.float64(20.0)
23:32:59  INFO      shap  np.sum(self.kernelWeights) = np.float64(1.0)
23:32:59  INFO      shap  phi = array([-0.10217649,  0.0455473 , -0.06142385,  0.        ,  0.03731766,
       -0.06156835, -0.02841723,  0.03069209, -0.01112404,  0.        ,
        0.        ,  0.        ,  0.        , -0.0077392 ,  0.        ,
        0.        ,  0.        ,  0.        , -0.02414621,  0.        ])
23:32:59  INFO      shap  num_full_subsets = 2
23:32:59  INFO      shap  remaining_weight_vector = array([0.19227593, 0.15321988, 0.13074763, 0.11673896, 0.10775904,
       0.10214659, 0.09905124, 0.09806073])
23:32:59  INFO      shap  num_paired_subset_sizes = 9
23:32:59  INFO      shap  weight_left = np.float64(0.5467009166626137)
23:32:59  INFO      shap  np.sum(w_aug) = np.float64(20.0)
23:32:59  INFO      shap  np.sum(self.kernelWeights) = np.float64(0.9999999999999999)
23:32:59  INFO      shap  phi = array([-0.12745811,  0.        ,  0.0651987 ,  0.        ,  0.03910336,
       -0.03867388,  0.03041656, -0.03319083,  0.01154766,  0.        ,
        0.        ,  0.04501657,  0.03702981,  0.        ,  0.        ,
        0.        ,  0.        ,  0.        , -0.01575769,  0.        ])
23:32:59  INFO      shap  np.sum(w_aug) = np.float64(20.0)
23:32:59  INFO      shap  np.sum(self.kernelWeights) = np.float64(0.9999999999999999)
23:32:59  INFO      shap  phi = array([ 0.12745811,  0.        , -0.0651987 ,  0.        , -0.03910336,
        0.03867388, -0.03041656,  0.03319083, -0.01154766,  0.        ,
        0.        , -0.04501657, -0.03702981,  0.        ,  0.        ,
        0.        ,  0.        ,  0.        ,  0.01575769,  0.        ])
23:32:59  INFO      shap  num_full_subsets = 2
23:32:59  INFO      shap  remaining_weight_vector = array([0.19227593, 0.15321988, 0.13074763, 0.11673896, 0.10775904,
       0.10214659, 0.09905124, 0.09806073])
23:32:59  INFO      shap  num_paired_subset_sizes = 9
23:33:00  INFO      shap  weight_left = np.float64(0.5467009166626137)
23:33:00  INFO      shap  np.sum(w_aug) = np.float64(20.0)
23:33:00  INFO      shap  np.sum(self.kernelWeights) = np.float64(0.9999999999999999)
23:33:00  INFO      shap  phi = array([ 0.10502598,  0.035537  ,  0.06421966,  0.        ,  0.01180808,
       -0.03454684, -0.04576598,  0.02928853,  0.01290738,  0.        ,
        0.        , -0.01646344,  0.        ,  0.        ,  0.        ,
        0.        ,  0.        ,  0.        , -0.01454423,  0.        ])
23:33:00  INFO      shap  np.sum(w_aug) = np.float64(20.0)
23:33:00  INFO      shap  np.sum(self.kernelWeights) = np.float64(0.9999999999999999)
23:33:00  INFO      shap  phi = array([-0.10502598, -0.035537  , -0.06421966,  0.        , -0.01180808,
        0.03454684,  0.04576598, -0.02928853, -0.01290738,  0.        ,
        0.        ,  0.01646344,  0.        ,  0.        ,  0.        ,
        0.        ,  0.        ,  0.        ,  0.01454423,  0.        ])
23:33:00  INFO      shap  num_full_subsets = 2
23:33:00  INFO      shap  remaining_weight_vector = array([0.19227593, 0.15321988, 0.13074763, 0.11673896, 0.10775904,
       0.10214659, 0.09905124, 0.09806073])
23:33:00  INFO      shap  num_paired_subset_sizes = 9
23:33:00  INFO      shap  weight_left = np.float64(0.5467009166626137)
23:33:00  INFO      shap  np.sum(w_aug) = np.float64(20.0)
23:33:00  INFO      shap  np.sum(self.kernelWeights) = np.float64(0.9999999999999999)
23:33:00  INFO      shap  phi = array([-0.12966711,  0.03081285,  0.06688947,  0.        , -0.01014775,
       -0.0382447 ,  0.        ,  0.03247156,  0.        ,  0.        ,
        0.        ,  0.04629138,  0.        ,  0.        , -0.02895389,
        0.        ,  0.        , -0.02573347, -0.01492538,  0.        ])
23:33:00  INFO      shap  np.sum(w_aug) = np.float64(20.0)
23:33:00  INFO      shap  np.sum(self.kernelWeights) = np.float64(0.9999999999999999)
23:33:00  INFO      shap  phi = array([ 0.12966711, -0.03081285, -0.06688947,  0.        ,  0.01014775,
        0.0382447 ,  0.        , -0.03247156,  0.        ,  0.        ,
        0.        , -0.04629138,  0.        ,  0.        ,  0.02895389,
        0.        ,  0.        ,  0.02573347,  0.01492538,  0.        ])
 32%|███▏      | 64/200 [00:01<00:03, 38.92it/s]23:33:00  INFO      shap  num_full_subsets = 2
23:33:00  INFO      shap  remaining_weight_vector = array([0.19227593, 0.15321988, 0.13074763, 0.11673896, 0.10775904,
       0.10214659, 0.09905124, 0.09806073])
23:33:00  INFO      shap  num_paired_subset_sizes = 9
23:33:00  INFO      shap  weight_left = np.float64(0.5467009166626137)
23:33:00  INFO      shap  np.sum(w_aug) = np.float64(20.000000000000004)
23:33:00  INFO      shap  np.sum(self.kernelWeights) = np.float64(1.0)
23:33:00  INFO      shap  phi = array([ 0.10842538,  0.02758753, -0.0684836 ,  0.        ,  0.        ,
        0.03195684, -0.00851765, -0.0321947 , -0.03564711,  0.        ,
        0.        ,  0.0453213 ,  0.        ,  0.        ,  0.        ,
        0.        ,  0.        , -0.02605877, -0.0153606 ,  0.        ])
23:33:00  INFO      shap  np.sum(w_aug) = np.float64(20.000000000000004)
23:33:00  INFO      shap  np.sum(self.kernelWeights) = np.float64(1.0)
23:33:00  INFO      shap  phi = array([-0.10842538, -0.02758753,  0.0684836 ,  0.        ,  0.        ,
       -0.03195684,  0.00851765,  0.0321947 ,  0.03564711,  0.        ,
        0.        , -0.0453213 ,  0.        ,  0.        ,  0.        ,
        0.        ,  0.        ,  0.02605877,  0.0153606 ,  0.        ])
23:33:00  INFO      shap  num_full_subsets = 2
23:33:00  INFO      shap  remaining_weight_vector = array([0.19227593, 0.15321988, 0.13074763, 0.11673896, 0.10775904,
       0.10214659, 0.09905124, 0.09806073])
23:33:00  INFO      shap  num_paired_subset_sizes = 9
23:33:00  INFO      shap  weight_left = np.float64(0.5467009166626137)
23:33:00  INFO      shap  np.sum(w_aug) = np.float64(20.0)
23:33:00  INFO      shap  np.sum(self.kernelWeights) = np.float64(1.0)
23:33:00  INFO      shap  phi = array([ 0.10564813,  0.02629557, -0.02379306,  0.        ,  0.03739706,
       -0.03816164,  0.02958977, -0.03388889,  0.        ,  0.        ,
        0.        , -0.01894588,  0.        , -0.05365587,  0.        ,
        0.        ,  0.        , -0.02673447,  0.        ,  0.        ])
23:33:00  INFO      shap  np.sum(w_aug) = np.float64(20.0)
23:33:00  INFO      shap  np.sum(self.kernelWeights) = np.float64(1.0)
23:33:00  INFO      shap  phi = array([-0.10564813, -0.02629557,  0.02379306,  0.        , -0.03739706,
        0.03816164, -0.02958977,  0.03388889,  0.        ,  0.        ,
        0.        ,  0.01894588,  0.        ,  0.05365587,  0.        ,
        0.        ,  0.        ,  0.02673447,  0.        ,  0.        ])
23:33:00  INFO      shap  num_full_subsets = 2
23:33:00  INFO      shap  remaining_weight_vector = array([0.19227593, 0.15321988, 0.13074763, 0.11673896, 0.10775904,
       0.10214659, 0.09905124, 0.09806073])
23:33:00  INFO      shap  num_paired_subset_sizes = 9
23:33:00  INFO      shap  weight_left = np.float64(0.5467009166626137)
23:33:00  INFO      shap  np.sum(w_aug) = np.float64(20.0)
23:33:00  INFO      shap  np.sum(self.kernelWeights) = np.float64(1.0)
23:33:00  INFO      shap  phi = array([-0.04951215,  0.02681008,  0.0659598 ,  0.        ,  0.01194605,
        0.03192941,  0.01025021,  0.        , -0.08634728,  0.        ,
        0.        , -0.01760522,  0.        ,  0.00879751,  0.        ,
        0.        ,  0.        ,  0.        ,  0.02623976,  0.        ])
23:33:00  INFO      shap  np.sum(w_aug) = np.float64(20.0)
23:33:00  INFO      shap  np.sum(self.kernelWeights) = np.float64(1.0)
23:33:00  INFO      shap  phi = array([ 0.04951215, -0.02681008, -0.0659598 ,  0.        , -0.01194605,
       -0.03192941, -0.01025021,  0.        ,  0.08634728,  0.        ,
        0.        ,  0.01760522,  0.        , -0.00879751,  0.        ,
        0.        ,  0.        ,  0.        , -0.02623976,  0.        ])
23:33:00  INFO      shap  num_full_subsets = 2
23:33:00  INFO      shap  remaining_weight_vector = array([0.19227593, 0.15321988, 0.13074763, 0.11673896, 0.10775904,
       0.10214659, 0.09905124, 0.09806073])
23:33:00  INFO      shap  num_paired_subset_sizes = 9
23:33:00  INFO      shap  weight_left = np.float64(0.5467009166626137)
23:33:00  INFO      shap  np.sum(w_aug) = np.float64(20.0)
23:33:00  INFO      shap  np.sum(self.kernelWeights) = np.float64(1.0)
23:33:00  INFO      shap  phi = array([-0.0515928 , -0.04989419, -0.02373744,  0.        , -0.14560627,
        0.        ,  0.        ,  0.06036649,  0.        ,  0.        ,
        0.        , -0.04807234,  0.01450407,  0.        ,  0.02938868,
        0.        ,  0.        , -0.02632523,  0.02537224,  0.        ])
23:33:00  INFO      shap  np.sum(w_aug) = np.float64(20.0)
23:33:00  INFO      shap  np.sum(self.kernelWeights) = np.float64(1.0)
23:33:00  INFO      shap  phi = array([ 0.0515928 ,  0.04989419,  0.02373744,  0.        ,  0.14560627,
        0.        ,  0.        , -0.06036649,  0.        ,  0.        ,
        0.        ,  0.04807234, -0.01450407,  0.        , -0.02938868,
        0.        ,  0.        ,  0.02632523, -0.02537224,  0.        ])
 34%|███▍      | 68/200 [00:01<00:03, 38.97it/s]23:33:00  INFO      shap  num_full_subsets = 2
23:33:00  INFO      shap  remaining_weight_vector = array([0.19227593, 0.15321988, 0.13074763, 0.11673896, 0.10775904,
       0.10214659, 0.09905124, 0.09806073])
23:33:00  INFO      shap  num_paired_subset_sizes = 9
23:33:00  INFO      shap  weight_left = np.float64(0.5467009166626137)
23:33:00  INFO      shap  np.sum(w_aug) = np.float64(20.0)
23:33:00  INFO      shap  np.sum(self.kernelWeights) = np.float64(1.0)
23:33:00  INFO      shap  phi = array([ 0.10806498, -0.00944923, -0.02199468,  0.        ,  0.02863952,
        0.03169529,  0.        , -0.03179229, -0.03618984,  0.        ,
        0.01369309, -0.01647031,  0.        ,  0.        ,  0.        ,
        0.        ,  0.        ,  0.        , -0.01446528,  0.        ])
23:33:00  INFO      shap  np.sum(w_aug) = np.float64(20.0)
23:33:00  INFO      shap  np.sum(self.kernelWeights) = np.float64(1.0)
23:33:00  INFO      shap  phi = array([-0.10806498,  0.00944923,  0.02199468,  0.        , -0.02863952,
       -0.03169529,  0.        ,  0.03179229,  0.03618984,  0.        ,
       -0.01369309,  0.01647031,  0.        ,  0.        ,  0.        ,
        0.        ,  0.        ,  0.        ,  0.01446528,  0.        ])
23:33:00  INFO      shap  num_full_subsets = 2
23:33:00  INFO      shap  remaining_weight_vector = array([0.19227593, 0.15321988, 0.13074763, 0.11673896, 0.10775904,
       0.10214659, 0.09905124, 0.09806073])
23:33:00  INFO      shap  num_paired_subset_sizes = 9
23:33:00  INFO      shap  weight_left = np.float64(0.5467009166626137)
23:33:00  INFO      shap  np.sum(w_aug) = np.float64(20.0)
23:33:00  INFO      shap  np.sum(self.kernelWeights) = np.float64(0.9999999999999999)
23:33:00  INFO      shap  phi = array([-0.12912669,  0.02774872, -0.021137  ,  0.        ,  0.        ,
       -0.03646624, -0.00719835,  0.03170748, -0.0828906 ,  0.        ,
        0.0144102 , -0.01567927,  0.        ,  0.        ,  0.        ,
        0.        ,  0.        ,  0.        , -0.01295001,  0.        ])
23:33:00  INFO      shap  np.sum(w_aug) = np.float64(20.0)
23:33:00  INFO      shap  np.sum(self.kernelWeights) = np.float64(0.9999999999999999)
23:33:00  INFO      shap  phi = array([ 0.12912669, -0.02774872,  0.021137  ,  0.        ,  0.        ,
        0.03646624,  0.00719835, -0.03170748,  0.0828906 ,  0.        ,
       -0.0144102 ,  0.01567927,  0.        ,  0.        ,  0.        ,
        0.        ,  0.        ,  0.        ,  0.01295001,  0.        ])
23:33:00  INFO      shap  num_full_subsets = 2
23:33:00  INFO      shap  remaining_weight_vector = array([0.19227593, 0.15321988, 0.13074763, 0.11673896, 0.10775904,
       0.10214659, 0.09905124, 0.09806073])
23:33:00  INFO      shap  num_paired_subset_sizes = 9
23:33:00  INFO      shap  weight_left = np.float64(0.5467009166626137)
23:33:00  INFO      shap  np.sum(w_aug) = np.float64(20.0)
23:33:00  INFO      shap  np.sum(self.kernelWeights) = np.float64(0.9999999999999998)
23:33:00  INFO      shap  phi = array([ 0.10786051, -0.04966426, -0.02340607,  0.        ,  0.        ,
       -0.03758311,  0.03184236, -0.03248278,  0.01405892,  0.        ,
        0.        , -0.01793239, -0.0100357 ,  0.        ,  0.        ,
        0.        ,  0.        ,  0.        , -0.01538603,  0.        ])
23:33:00  INFO      shap  np.sum(w_aug) = np.float64(20.0)
23:33:00  INFO      shap  np.sum(self.kernelWeights) = np.float64(0.9999999999999998)
23:33:00  INFO      shap  phi = array([-0.10786051,  0.04966426,  0.02340607,  0.        ,  0.        ,
        0.03758311, -0.03184236,  0.03248278, -0.01405892,  0.        ,
        0.        ,  0.01793239,  0.0100357 ,  0.        ,  0.        ,
        0.        ,  0.        ,  0.        ,  0.01538603,  0.        ])
23:33:00  INFO      shap  num_full_subsets = 2
23:33:00  INFO      shap  remaining_weight_vector = array([0.19227593, 0.15321988, 0.13074763, 0.11673896, 0.10775904,
       0.10214659, 0.09905124, 0.09806073])
23:33:00  INFO      shap  num_paired_subset_sizes = 9
23:33:00  INFO      shap  weight_left = np.float64(0.5467009166626137)
23:33:00  INFO      shap  np.sum(w_aug) = np.float64(20.0)
23:33:00  INFO      shap  np.sum(self.kernelWeights) = np.float64(1.0)
23:33:00  INFO      shap  phi = array([ 0.1070281 ,  0.        , -0.02087845,  0.        ,  0.01526418,
       -0.03516644,  0.03063014, -0.03012389,  0.01383995,  0.        ,
        0.        ,  0.04432973,  0.01888104,  0.        ,  0.        ,
        0.        ,  0.        ,  0.        , -0.01353679,  0.        ])
23:33:00  INFO      shap  np.sum(w_aug) = np.float64(20.0)
23:33:00  INFO      shap  np.sum(self.kernelWeights) = np.float64(1.0)
23:33:00  INFO      shap  phi = array([-0.1070281 ,  0.        ,  0.02087845,  0.        , -0.01526418,
        0.03516644, -0.03063014,  0.03012389, -0.01383995,  0.        ,
        0.        , -0.04432973, -0.01888104,  0.        ,  0.        ,
        0.        ,  0.        ,  0.        ,  0.01353679,  0.        ])
 36%|███▌      | 72/200 [00:01<00:03, 39.10it/s]23:33:00  INFO      shap  num_full_subsets = 2
23:33:00  INFO      shap  remaining_weight_vector = array([0.19227593, 0.15321988, 0.13074763, 0.11673896, 0.10775904,
       0.10214659, 0.09905124, 0.09806073])
23:33:00  INFO      shap  num_paired_subset_sizes = 9
23:33:00  INFO      shap  weight_left = np.float64(0.5467009166626137)
23:33:00  INFO      shap  np.sum(w_aug) = np.float64(20.0)
23:33:00  INFO      shap  np.sum(self.kernelWeights) = np.float64(1.0)
23:33:00  INFO      shap  phi = array([-0.12880722,  0.0288019 , -0.02246308,  0.        ,  0.04030344,
        0.        ,  0.        , -0.03113019,  0.06402713,  0.        ,
        0.01445706,  0.015515  , -0.0196302 ,  0.        ,  0.        ,
        0.        ,  0.        ,  0.        , -0.01456206,  0.        ])
23:33:00  INFO      shap  np.sum(w_aug) = np.float64(20.0)
23:33:00  INFO      shap  np.sum(self.kernelWeights) = np.float64(1.0)
23:33:00  INFO      shap  phi = array([ 0.12880722, -0.0288019 ,  0.02246308,  0.        , -0.04030344,
        0.        ,  0.        ,  0.03113019, -0.06402713,  0.        ,
       -0.01445706, -0.015515  ,  0.0196302 ,  0.        ,  0.        ,
        0.        ,  0.        ,  0.        ,  0.01456206,  0.        ])
23:33:00  INFO      shap  num_full_subsets = 2
23:33:00  INFO      shap  remaining_weight_vector = array([0.19227593, 0.15321988, 0.13074763, 0.11673896, 0.10775904,
       0.10214659, 0.09905124, 0.09806073])
23:33:00  INFO      shap  num_paired_subset_sizes = 9
23:33:00  INFO      shap  weight_left = np.float64(0.5467009166626137)
23:33:00  INFO      shap  np.sum(w_aug) = np.float64(20.0)
23:33:00  INFO      shap  np.sum(self.kernelWeights) = np.float64(1.0)
23:33:00  INFO      shap  phi = array([-0.04970908, -0.04407282,  0.        ,  0.        , -0.06209501,
       -0.03510158, -0.00537412,  0.03433245, -0.03314759,  0.        ,
        0.        ,  0.        ,  0.02679633,  0.        , -0.02519496,
        0.        ,  0.        ,  0.        , -0.01230063,  0.        ])
23:33:00  INFO      shap  np.sum(w_aug) = np.float64(20.0)
23:33:00  INFO      shap  np.sum(self.kernelWeights) = np.float64(1.0)
23:33:00  INFO      shap  phi = array([ 0.04970908,  0.04407282,  0.        ,  0.        ,  0.06209501,
        0.03510158,  0.00537412, -0.03433245,  0.03314759,  0.        ,
        0.        ,  0.        , -0.02679633,  0.        ,  0.02519496,
        0.        ,  0.        ,  0.        ,  0.01230063,  0.        ])
23:33:00  INFO      shap  num_full_subsets = 2
23:33:00  INFO      shap  remaining_weight_vector = array([0.19227593, 0.15321988, 0.13074763, 0.11673896, 0.10775904,
       0.10214659, 0.09905124, 0.09806073])
23:33:00  INFO      shap  num_paired_subset_sizes = 9
23:33:00  INFO      shap  weight_left = np.float64(0.5467009166626137)
23:33:00  INFO      shap  np.sum(w_aug) = np.float64(19.999999999999996)
23:33:00  INFO      shap  np.sum(self.kernelWeights) = np.float64(0.9999999999999999)
23:33:00  INFO      shap  phi = array([ 0.10802584, -0.04852489, -0.02256407,  0.01128944, -0.0383879 ,
        0.        ,  0.01158985,  0.0307069 ,  0.01302269,  0.        ,
        0.        , -0.01714284,  0.        ,  0.        ,  0.        ,
        0.        ,  0.        ,  0.        ,  0.02690213,  0.        ])
23:33:00  INFO      shap  np.sum(w_aug) = np.float64(19.999999999999996)
23:33:00  INFO      shap  np.sum(self.kernelWeights) = np.float64(0.9999999999999999)
23:33:00  INFO      shap  phi = array([-0.10802584,  0.04852489,  0.02256407, -0.01128944,  0.0383879 ,
        0.        , -0.01158985, -0.0307069 , -0.01302269,  0.        ,
        0.        ,  0.01714284,  0.        ,  0.        ,  0.        ,
        0.        ,  0.        ,  0.        , -0.02690213,  0.        ])
23:33:00  INFO      shap  num_full_subsets = 2
23:33:00  INFO      shap  remaining_weight_vector = array([0.19227593, 0.15321988, 0.13074763, 0.11673896, 0.10775904,
       0.10214659, 0.09905124, 0.09806073])
23:33:00  INFO      shap  num_paired_subset_sizes = 9
23:33:00  INFO      shap  weight_left = np.float64(0.5467009166626137)
23:33:00  INFO      shap  np.sum(w_aug) = np.float64(20.0)
23:33:00  INFO      shap  np.sum(self.kernelWeights) = np.float64(0.9999999999999999)
23:33:00  INFO      shap  phi = array([-0.04471392,  0.04410217, -0.02191683,  0.        ,  0.03674937,
       -0.03514464, -0.02789684,  0.        ,  0.05826423,  0.        ,
        0.        ,  0.04266017,  0.        ,  0.        ,  0.        ,
        0.        ,  0.        ,  0.        , -0.0156417 ,  0.1176038 ])
23:33:00  INFO      shap  np.sum(w_aug) = np.float64(20.0)
23:33:00  INFO      shap  np.sum(self.kernelWeights) = np.float64(0.9999999999999999)
23:33:00  INFO      shap  phi = array([ 0.04471392, -0.04410217,  0.02191683,  0.        , -0.03674937,
        0.03514464,  0.02789684,  0.        , -0.05826423,  0.        ,
        0.        , -0.04266017,  0.        ,  0.        ,  0.        ,
        0.        ,  0.        ,  0.        ,  0.0156417 , -0.1176038 ])
 38%|███▊      | 76/200 [00:02<00:03, 39.12it/s]23:33:00  INFO      shap  num_full_subsets = 2
23:33:00  INFO      shap  remaining_weight_vector = array([0.19227593, 0.15321988, 0.13074763, 0.11673896, 0.10775904,
       0.10214659, 0.09905124, 0.09806073])
23:33:00  INFO      shap  num_paired_subset_sizes = 9
23:33:00  INFO      shap  weight_left = np.float64(0.5467009166626137)
23:33:00  INFO      shap  np.sum(w_aug) = np.float64(20.0)
23:33:00  INFO      shap  np.sum(self.kernelWeights) = np.float64(1.0)
23:33:00  INFO      shap  phi = array([-0.12030158,  0.        ,  0.06696992,  0.        ,  0.        ,
       -0.03464307,  0.        , -0.03024852,  0.06286588,  0.06301394,
        0.        ,  0.        ,  0.        , -0.04945814, -0.0261595 ,
        0.        ,  0.        ,  0.        , -0.01205238,  0.12359927])
23:33:00  INFO      shap  np.sum(w_aug) = np.float64(20.0)
23:33:00  INFO      shap  np.sum(self.kernelWeights) = np.float64(1.0)
23:33:00  INFO      shap  phi = array([ 0.12030158,  0.        , -0.06696992,  0.        ,  0.        ,
        0.03464307,  0.        ,  0.03024852, -0.06286588, -0.06301394,
        0.        ,  0.        ,  0.        ,  0.04945814,  0.0261595 ,
        0.        ,  0.        ,  0.        ,  0.01205238, -0.12359927])
23:33:00  INFO      shap  num_full_subsets = 2
23:33:00  INFO      shap  remaining_weight_vector = array([0.19227593, 0.15321988, 0.13074763, 0.11673896, 0.10775904,
       0.10214659, 0.09905124, 0.09806073])
23:33:00  INFO      shap  num_paired_subset_sizes = 9
23:33:00  INFO      shap  weight_left = np.float64(0.5467009166626137)
23:33:00  INFO      shap  np.sum(w_aug) = np.float64(20.0)
23:33:00  INFO      shap  np.sum(self.kernelWeights) = np.float64(1.0)
23:33:00  INFO      shap  phi = array([-0.12945893, -0.05082554,  0.06589049,  0.        ,  0.01186151,
       -0.03893488,  0.        ,  0.        ,  0.06156991,  0.        ,
        0.        ,  0.01283486,  0.0127718 ,  0.00853069,  0.        ,
        0.        ,  0.        ,  0.        ,  0.02598567,  0.        ])
23:33:00  INFO      shap  np.sum(w_aug) = np.float64(20.0)
23:33:00  INFO      shap  np.sum(self.kernelWeights) = np.float64(1.0)
23:33:00  INFO      shap  phi = array([ 0.12945893,  0.05082554, -0.06589049,  0.        , -0.01186151,
        0.03893488,  0.        ,  0.        , -0.06156991,  0.        ,
        0.        , -0.01283486, -0.0127718 , -0.00853069,  0.        ,
        0.        ,  0.        ,  0.        , -0.02598567,  0.        ])
23:33:00  INFO      shap  num_full_subsets = 2
23:33:00  INFO      shap  remaining_weight_vector = array([0.19227593, 0.15321988, 0.13074763, 0.11673896, 0.10775904,
       0.10214659, 0.09905124, 0.09806073])
23:33:00  INFO      shap  num_paired_subset_sizes = 9
23:33:00  INFO      shap  weight_left = np.float64(0.5467009166626137)
23:33:00  INFO      shap  np.sum(w_aug) = np.float64(20.0)
23:33:00  INFO      shap  np.sum(self.kernelWeights) = np.float64(1.0)
23:33:00  INFO      shap  phi = array([-0.05347097,  0.03251175, -0.07157749,  0.        ,  0.03146247,
       -0.0405083 ,  0.        , -0.03352204,  0.        ,  0.        ,
        0.        ,  0.04364258, -0.0174845 , -0.02383272,  0.        ,
        0.        ,  0.        ,  0.        , -0.01753399,  0.        ])
23:33:00  INFO      shap  np.sum(w_aug) = np.float64(20.0)
23:33:00  INFO      shap  np.sum(self.kernelWeights) = np.float64(1.0)
23:33:00  INFO      shap  phi = array([ 0.05347097, -0.03251175,  0.07157749,  0.        , -0.03146247,
        0.0405083 ,  0.        ,  0.03352204,  0.        ,  0.        ,
        0.        , -0.04364258,  0.0174845 ,  0.02383272,  0.        ,
        0.        ,  0.        ,  0.        ,  0.01753399,  0.        ])
23:33:00  INFO      shap  num_full_subsets = 2
23:33:00  INFO      shap  remaining_weight_vector = array([0.19227593, 0.15321988, 0.13074763, 0.11673896, 0.10775904,
       0.10214659, 0.09905124, 0.09806073])
23:33:00  INFO      shap  num_paired_subset_sizes = 9
23:33:00  INFO      shap  weight_left = np.float64(0.5467009166626137)
23:33:00  INFO      shap  np.sum(w_aug) = np.float64(20.0)
23:33:00  INFO      shap  np.sum(self.kernelWeights) = np.float64(1.0)
23:33:00  INFO      shap  phi = array([ 0.10092238,  0.        , -0.02333224,  0.        ,  0.01144092,
        0.09394514, -0.02929495, -0.03211906,  0.01025118,  0.        ,
        0.0091135 ,  0.01039181,  0.02072446,  0.        ,  0.        ,
        0.        ,  0.        ,  0.        ,  0.        ,  0.        ])
23:33:00  INFO      shap  np.sum(w_aug) = np.float64(20.0)
23:33:00  INFO      shap  np.sum(self.kernelWeights) = np.float64(1.0)
23:33:00  INFO      shap  phi = array([-0.10092238,  0.        ,  0.02333224,  0.        , -0.01144092,
       -0.09394514,  0.02929495,  0.03211906, -0.01025118,  0.        ,
       -0.0091135 , -0.01039181, -0.02072446,  0.        ,  0.        ,
        0.        ,  0.        ,  0.        ,  0.        ,  0.        ])
 40%|████      | 80/200 [00:02<00:03, 39.11it/s]23:33:00  INFO      shap  num_full_subsets = 2
23:33:00  INFO      shap  remaining_weight_vector = array([0.19227593, 0.15321988, 0.13074763, 0.11673896, 0.10775904,
       0.10214659, 0.09905124, 0.09806073])
23:33:00  INFO      shap  num_paired_subset_sizes = 9
23:33:00  INFO      shap  weight_left = np.float64(0.5467009166626137)
23:33:00  INFO      shap  np.sum(w_aug) = np.float64(20.0)
23:33:00  INFO      shap  np.sum(self.kernelWeights) = np.float64(1.0)
23:33:00  INFO      shap  phi = array([-0.04457181,  0.02153518,  0.        ,  0.        ,  0.02030459,
        0.08722506,  0.        ,  0.02205744,  0.05278699,  0.        ,
        0.00785793,  0.03675009,  0.        ,  0.00405058,  0.        ,
        0.        ,  0.        ,  0.        ,  0.02014691,  0.        ])
23:33:00  INFO      shap  np.sum(w_aug) = np.float64(20.0)
23:33:00  INFO      shap  np.sum(self.kernelWeights) = np.float64(1.0)
23:33:00  INFO      shap  phi = array([ 0.04457181, -0.02153518,  0.        ,  0.        , -0.02030459,
       -0.08722506,  0.        , -0.02205744, -0.05278699,  0.        ,
       -0.00785793, -0.03675009,  0.        , -0.00405058,  0.        ,
        0.        ,  0.        ,  0.        , -0.02014691,  0.        ])
23:33:00  INFO      shap  num_full_subsets = 2
23:33:00  INFO      shap  remaining_weight_vector = array([0.19227593, 0.15321988, 0.13074763, 0.11673896, 0.10775904,
       0.10214659, 0.09905124, 0.09806073])
23:33:00  INFO      shap  num_paired_subset_sizes = 9
23:33:00  INFO      shap  weight_left = np.float64(0.5467009166626137)
23:33:00  INFO      shap  np.sum(w_aug) = np.float64(20.0)
23:33:00  INFO      shap  np.sum(self.kernelWeights) = np.float64(0.9999999999999999)
23:33:00  INFO      shap  phi = array([-0.05311646, -0.0136069 , -0.11640233,  0.00956659, -0.01782217,
       -0.0401014 ,  0.        ,  0.06013724,  0.01214323,  0.        ,
        0.        ,  0.04440128,  0.        ,  0.        ,  0.        ,
        0.        ,  0.        ,  0.        ,  0.02511877,  0.        ])
23:33:00  INFO      shap  np.sum(w_aug) = np.float64(20.0)
23:33:00  INFO      shap  np.sum(self.kernelWeights) = np.float64(0.9999999999999999)
23:33:00  INFO      shap  phi = array([ 0.05311646,  0.0136069 ,  0.11640233, -0.00956659,  0.01782217,
        0.0401014 ,  0.        , -0.06013724, -0.01214323,  0.        ,
        0.        , -0.04440128,  0.        ,  0.        ,  0.        ,
        0.        ,  0.        ,  0.        , -0.02511877,  0.        ])
23:33:00  INFO      shap  num_full_subsets = 2
23:33:00  INFO      shap  remaining_weight_vector = array([0.19227593, 0.15321988, 0.13074763, 0.11673896, 0.10775904,
       0.10214659, 0.09905124, 0.09806073])
23:33:00  INFO      shap  num_paired_subset_sizes = 9
23:33:00  INFO      shap  weight_left = np.float64(0.5467009166626137)
23:33:00  INFO      shap  np.sum(w_aug) = np.float64(20.0)
23:33:00  INFO      shap  np.sum(self.kernelWeights) = np.float64(1.0)
23:33:00  INFO      shap  phi = array([ 0.10507291, -0.01093109,  0.06429266,  0.        , -0.03039683,
       -0.0365525 ,  0.02982112, -0.03159893,  0.01180231,  0.        ,
        0.        , -0.01684916,  0.        ,  0.        ,  0.        ,
        0.        ,  0.        ,  0.        ,  0.02545032,  0.        ])
23:33:00  INFO      shap  np.sum(w_aug) = np.float64(20.0)
23:33:00  INFO      shap  np.sum(self.kernelWeights) = np.float64(1.0)
23:33:00  INFO      shap  phi = array([-0.10507291,  0.01093109, -0.06429266,  0.        ,  0.03039683,
        0.0365525 , -0.02982112,  0.03159893, -0.01180231,  0.        ,
        0.        ,  0.01684916,  0.        ,  0.        ,  0.        ,
        0.        ,  0.        ,  0.        , -0.02545032,  0.        ])
23:33:00  INFO      shap  num_full_subsets = 2
23:33:00  INFO      shap  remaining_weight_vector = array([0.19227593, 0.15321988, 0.13074763, 0.11673896, 0.10775904,
       0.10214659, 0.09905124, 0.09806073])
23:33:00  INFO      shap  num_paired_subset_sizes = 9
23:33:00  INFO      shap  weight_left = np.float64(0.5467009166626137)
23:33:00  INFO      shap  np.sum(w_aug) = np.float64(20.0)
23:33:00  INFO      shap  np.sum(self.kernelWeights) = np.float64(1.0)
23:33:00  INFO      shap  phi = array([-0.11028798, -0.02366892, -0.01662281,  0.        , -0.11208513,
       -0.03160044, -0.02188724,  0.05339863, -0.068465  ,  0.        ,
        0.        , -0.03929462,  0.        , -0.04197053,  0.        ,
        0.        ,  0.        ,  0.        ,  0.        ,  0.        ])
23:33:00  INFO      shap  np.sum(w_aug) = np.float64(20.0)
23:33:00  INFO      shap  np.sum(self.kernelWeights) = np.float64(1.0)
23:33:00  INFO      shap  phi = array([ 0.11028798,  0.02366892,  0.01662281,  0.        ,  0.11208513,
        0.03160044,  0.02188724, -0.05339863,  0.068465  ,  0.        ,
        0.        ,  0.03929462,  0.        ,  0.04197053,  0.        ,
        0.        ,  0.        ,  0.        ,  0.        ,  0.        ])
 42%|████▏     | 84/200 [00:02<00:02, 39.23it/s]23:33:00  INFO      shap  num_full_subsets = 2
23:33:00  INFO      shap  remaining_weight_vector = array([0.19227593, 0.15321988, 0.13074763, 0.11673896, 0.10775904,
       0.10214659, 0.09905124, 0.09806073])
23:33:00  INFO      shap  num_paired_subset_sizes = 9
23:33:00  INFO      shap  weight_left = np.float64(0.5467009166626137)
23:33:00  INFO      shap  np.sum(w_aug) = np.float64(20.0)
23:33:00  INFO      shap  np.sum(self.kernelWeights) = np.float64(0.9999999999999999)
23:33:00  INFO      shap  phi = array([ 0.10594344,  0.02695096, -0.02356811,  0.        ,  0.03791617,
       -0.03800209,  0.        , -0.03325278, -0.08571312,  0.        ,
        0.        ,  0.04372472,  0.01712793,  0.        ,  0.        ,
        0.        ,  0.        ,  0.        , -0.0154535 ,  0.        ])
23:33:00  INFO      shap  np.sum(w_aug) = np.float64(20.0)
23:33:00  INFO      shap  np.sum(self.kernelWeights) = np.float64(0.9999999999999999)
23:33:00  INFO      shap  phi = array([-0.10594344, -0.02695096,  0.02356811,  0.        , -0.03791617,
        0.03800209,  0.        ,  0.03325278,  0.08571312,  0.        ,
        0.        , -0.04372472, -0.01712793,  0.        ,  0.        ,
        0.        ,  0.        ,  0.        ,  0.0154535 ,  0.        ])
23:33:00  INFO      shap  num_full_subsets = 2
23:33:00  INFO      shap  remaining_weight_vector = array([0.19227593, 0.15321988, 0.13074763, 0.11673896, 0.10775904,
       0.10214659, 0.09905124, 0.09806073])
23:33:00  INFO      shap  num_paired_subset_sizes = 9
23:33:00  INFO      shap  weight_left = np.float64(0.5467009166626137)
23:33:00  INFO      shap  np.sum(w_aug) = np.float64(20.0)
23:33:00  INFO      shap  np.sum(self.kernelWeights) = np.float64(1.0)
23:33:00  INFO      shap  phi = array([-0.12018059, -0.07749897, -0.01912015,  0.        , -0.0203793 ,
       -0.03133407,  0.        , -0.02641812,  0.        ,  0.        ,
        0.        ,  0.        , -0.00824545,  0.        ,  0.        ,
        0.        ,  0.        , -0.0213822 , -0.01110051, -0.00115224])
23:33:00  INFO      shap  np.sum(w_aug) = np.float64(20.0)
23:33:00  INFO      shap  np.sum(self.kernelWeights) = np.float64(1.0)
23:33:00  INFO      shap  phi = array([0.12018059, 0.07749897, 0.01912015, 0.        , 0.0203793 ,
       0.03133407, 0.        , 0.02641812, 0.        , 0.        ,
       0.        , 0.        , 0.00824545, 0.        , 0.        ,
       0.        , 0.        , 0.0213822 , 0.01110051, 0.00115224])
23:33:00  INFO      shap  num_full_subsets = 2
23:33:00  INFO      shap  remaining_weight_vector = array([0.19227593, 0.15321988, 0.13074763, 0.11673896, 0.10775904,
       0.10214659, 0.09905124, 0.09806073])
23:33:00  INFO      shap  num_paired_subset_sizes = 9
23:33:00  INFO      shap  weight_left = np.float64(0.5467009166626137)
23:33:00  INFO      shap  np.sum(w_aug) = np.float64(20.0)
23:33:00  INFO      shap  np.sum(self.kernelWeights) = np.float64(1.0)
23:33:00  INFO      shap  phi = array([ 0.1074602 ,  0.02839501, -0.02227874,  0.        ,  0.03874895,
       -0.03631548, -0.00795971, -0.03116305,  0.        ,  0.        ,
        0.        ,  0.04590141,  0.        , -0.05204346,  0.        ,
        0.        ,  0.        ,  0.        , -0.0140304 ,  0.        ])
23:33:00  INFO      shap  np.sum(w_aug) = np.float64(20.0)
23:33:00  INFO      shap  np.sum(self.kernelWeights) = np.float64(1.0)
23:33:00  INFO      shap  phi = array([-0.1074602 , -0.02839501,  0.02227874,  0.        , -0.03874895,
        0.03631548,  0.00795971,  0.03116305,  0.        ,  0.        ,
        0.        , -0.04590141,  0.        ,  0.05204346,  0.        ,
        0.        ,  0.        ,  0.        ,  0.0140304 ,  0.        ])
23:33:00  INFO      shap  num_full_subsets = 2
23:33:00  INFO      shap  remaining_weight_vector = array([0.19227593, 0.15321988, 0.13074763, 0.11673896, 0.10775904,
       0.10214659, 0.09905124, 0.09806073])
23:33:00  INFO      shap  num_paired_subset_sizes = 9
23:33:00  INFO      shap  weight_left = np.float64(0.5467009166626137)
23:33:00  INFO      shap  np.sum(w_aug) = np.float64(20.0)
23:33:00  INFO      shap  np.sum(self.kernelWeights) = np.float64(1.0000000000000002)
23:33:00  INFO      shap  phi = array([ 0.10528982,  0.02311984, -0.0214841 ,  0.        ,  0.02544302,
        0.        , -0.04653093,  0.02874749, -0.03435887,  0.        ,
        0.        ,  0.04321448,  0.03470931,  0.        ,  0.        ,
        0.        ,  0.        ,  0.        , -0.015438  ,  0.        ])
23:33:00  INFO      shap  np.sum(w_aug) = np.float64(20.0)
23:33:00  INFO      shap  np.sum(self.kernelWeights) = np.float64(1.0000000000000002)
23:33:00  INFO      shap  phi = array([-0.10528982, -0.02311984,  0.0214841 ,  0.        , -0.02544302,
        0.        ,  0.04653093, -0.02874749,  0.03435887,  0.        ,
        0.        , -0.04321448, -0.03470931,  0.        ,  0.        ,
        0.        ,  0.        ,  0.        ,  0.015438  ,  0.        ])
 44%|████▍     | 88/200 [00:02<00:02, 39.45it/s]23:33:00  INFO      shap  num_full_subsets = 2
23:33:00  INFO      shap  remaining_weight_vector = array([0.19227593, 0.15321988, 0.13074763, 0.11673896, 0.10775904,
       0.10214659, 0.09905124, 0.09806073])
23:33:00  INFO      shap  num_paired_subset_sizes = 9
23:33:00  INFO      shap  weight_left = np.float64(0.5467009166626137)
23:33:00  INFO      shap  np.sum(w_aug) = np.float64(20.0)
23:33:00  INFO      shap  np.sum(self.kernelWeights) = np.float64(1.0)
23:33:00  INFO      shap  phi = array([-0.12884106, -0.02734596,  0.06385871,  0.        , -0.11258257,
       -0.03758674,  0.0297934 ,  0.        ,  0.        ,  0.        ,
        0.        , -0.04807726,  0.        ,  0.        ,  0.03191542,
        0.        ,  0.        , -0.02542242,  0.02677579,  0.        ])
23:33:00  INFO      shap  np.sum(w_aug) = np.float64(20.0)
23:33:00  INFO      shap  np.sum(self.kernelWeights) = np.float64(1.0)
23:33:00  INFO      shap  phi = array([ 0.12884106,  0.02734596, -0.06385871,  0.        ,  0.11258257,
        0.03758674, -0.0297934 ,  0.        ,  0.        ,  0.        ,
        0.        ,  0.04807726,  0.        ,  0.        , -0.03191542,
        0.        ,  0.        ,  0.02542242, -0.02677579,  0.        ])
23:33:00  INFO      shap  num_full_subsets = 2
23:33:00  INFO      shap  remaining_weight_vector = array([0.19227593, 0.15321988, 0.13074763, 0.11673896, 0.10775904,
       0.10214659, 0.09905124, 0.09806073])
23:33:00  INFO      shap  num_paired_subset_sizes = 9
23:33:00  INFO      shap  weight_left = np.float64(0.5467009166626137)
23:33:00  INFO      shap  np.sum(w_aug) = np.float64(20.0)
23:33:00  INFO      shap  np.sum(self.kernelWeights) = np.float64(1.0)
23:33:00  INFO      shap  phi = array([-0.05198695,  0.        ,  0.02118956,  0.01281579,  0.        ,
       -0.03852326, -0.00940585,  0.03077498,  0.01246939,  0.        ,
        0.        , -0.01932422,  0.        , -0.05481421,  0.        ,
        0.        ,  0.        ,  0.        ,  0.02711076,  0.        ])
23:33:00  INFO      shap  np.sum(w_aug) = np.float64(20.0)
23:33:00  INFO      shap  np.sum(self.kernelWeights) = np.float64(1.0)
23:33:00  INFO      shap  phi = array([ 0.05198695,  0.        , -0.02118956, -0.01281579,  0.        ,
        0.03852326,  0.00940585, -0.03077498, -0.01246939,  0.        ,
        0.        ,  0.01932422,  0.        ,  0.05481421,  0.        ,
        0.        ,  0.        ,  0.        , -0.02711076,  0.        ])
23:33:00  INFO      shap  num_full_subsets = 2
23:33:00  INFO      shap  remaining_weight_vector = array([0.19227593, 0.15321988, 0.13074763, 0.11673896, 0.10775904,
       0.10214659, 0.09905124, 0.09806073])
23:33:00  INFO      shap  num_paired_subset_sizes = 9
23:33:00  INFO      shap  weight_left = np.float64(0.5467009166626137)
23:33:00  INFO      shap  np.sum(w_aug) = np.float64(20.0)
23:33:00  INFO      shap  np.sum(self.kernelWeights) = np.float64(0.9999999999999999)
23:33:00  INFO      shap  phi = array([-0.05096423,  0.02685384, -0.11422593,  0.00869687,  0.02560108,
       -0.03932478,  0.        ,  0.02940935,  0.01276287,  0.        ,
        0.        ,  0.04499817,  0.        ,  0.        ,  0.        ,
        0.        ,  0.        ,  0.        ,  0.02646756,  0.        ])
23:33:00  INFO      shap  np.sum(w_aug) = np.float64(20.0)
23:33:00  INFO      shap  np.sum(self.kernelWeights) = np.float64(0.9999999999999999)
23:33:00  INFO      shap  phi = array([ 0.05096423, -0.02685384,  0.11422593, -0.00869687, -0.02560108,
        0.03932478,  0.        , -0.02940935, -0.01276287,  0.        ,
        0.        , -0.04499817,  0.        ,  0.        ,  0.        ,
        0.        ,  0.        ,  0.        , -0.02646756,  0.        ])
23:33:00  INFO      shap  num_full_subsets = 2
23:33:00  INFO      shap  remaining_weight_vector = array([0.19227593, 0.15321988, 0.13074763, 0.11673896, 0.10775904,
       0.10214659, 0.09905124, 0.09806073])
23:33:00  INFO      shap  num_paired_subset_sizes = 9
23:33:00  INFO      shap  weight_left = np.float64(0.5467009166626137)
23:33:00  INFO      shap  np.sum(w_aug) = np.float64(20.0)
23:33:00  INFO      shap  np.sum(self.kernelWeights) = np.float64(1.0)
23:33:00  INFO      shap  phi = array([ 0.10614571,  0.01728298,  0.06539011,  0.        ,  0.        ,
       -0.03639064,  0.        ,  0.03051609, -0.0357228 ,  0.02898113,
        0.        , -0.0167175 ,  0.        , -0.05220696,  0.        ,
        0.        ,  0.        ,  0.        , -0.01473932,  0.        ])
23:33:00  INFO      shap  np.sum(w_aug) = np.float64(20.0)
23:33:00  INFO      shap  np.sum(self.kernelWeights) = np.float64(1.0)
23:33:00  INFO      shap  phi = array([-0.10614571, -0.01728298, -0.06539011,  0.        ,  0.        ,
        0.03639064,  0.        , -0.03051609,  0.0357228 , -0.02898113,
        0.        ,  0.0167175 ,  0.        ,  0.05220696,  0.        ,
        0.        ,  0.        ,  0.        ,  0.01473932,  0.        ])
 46%|████▌     | 92/200 [00:02<00:02, 39.53it/s]23:33:00  INFO      shap  num_full_subsets = 2
23:33:00  INFO      shap  remaining_weight_vector = array([0.19227593, 0.15321988, 0.13074763, 0.11673896, 0.10775904,
       0.10214659, 0.09905124, 0.09806073])
23:33:00  INFO      shap  num_paired_subset_sizes = 9
23:33:00  INFO      shap  weight_left = np.float64(0.5467009166626137)
23:33:00  INFO      shap  np.sum(w_aug) = np.float64(20.0)
23:33:00  INFO      shap  np.sum(self.kernelWeights) = np.float64(0.9999999999999999)
23:33:00  INFO      shap  phi = array([ 0.10308715,  0.01520399,  0.06284008,  0.        ,  0.        ,
       -0.03745067,  0.        , -0.03286243,  0.01099611,  0.        ,
        0.        , -0.0487321 ,  0.        ,  0.00698737,  0.02735471,
        0.        ,  0.        ,  0.        ,  0.02389223,  0.        ])
23:33:00  INFO      shap  np.sum(w_aug) = np.float64(20.0)
23:33:00  INFO      shap  np.sum(self.kernelWeights) = np.float64(0.9999999999999999)
23:33:00  INFO      shap  phi = array([-0.10308715, -0.01520399, -0.06284008,  0.        ,  0.        ,
        0.03745067,  0.        ,  0.03286243, -0.01099611,  0.        ,
        0.        ,  0.0487321 ,  0.        , -0.00698737, -0.02735471,
        0.        ,  0.        ,  0.        , -0.02389223,  0.        ])
23:33:00  INFO      shap  num_full_subsets = 2
23:33:00  INFO      shap  remaining_weight_vector = array([0.19227593, 0.15321988, 0.13074763, 0.11673896, 0.10775904,
       0.10214659, 0.09905124, 0.09806073])
23:33:00  INFO      shap  num_paired_subset_sizes = 9
23:33:00  INFO      shap  weight_left = np.float64(0.5467009166626137)
23:33:00  INFO      shap  np.sum(w_aug) = np.float64(20.0)
23:33:00  INFO      shap  np.sum(self.kernelWeights) = np.float64(1.0)
23:33:00  INFO      shap  phi = array([-0.12982563,  0.04683159, -0.02279094,  0.        ,  0.04119434,
       -0.03578546, -0.02709984, -0.03041693, -0.03502556,  0.        ,
        0.        ,  0.        , -0.01436091,  0.        ,  0.        ,
        0.        ,  0.        ,  0.        , -0.01360428,  0.        ])
23:33:00  INFO      shap  np.sum(w_aug) = np.float64(20.0)
23:33:00  INFO      shap  np.sum(self.kernelWeights) = np.float64(1.0)
23:33:00  INFO      shap  phi = array([ 0.12982563, -0.04683159,  0.02279094,  0.        , -0.04119434,
        0.03578546,  0.02709984,  0.03041693,  0.03502556,  0.        ,
        0.        ,  0.        ,  0.01436091,  0.        ,  0.        ,
        0.        ,  0.        ,  0.        ,  0.01360428,  0.        ])
23:33:00  INFO      shap  num_full_subsets = 2
23:33:00  INFO      shap  remaining_weight_vector = array([0.19227593, 0.15321988, 0.13074763, 0.11673896, 0.10775904,
       0.10214659, 0.09905124, 0.09806073])
23:33:00  INFO      shap  num_paired_subset_sizes = 9
23:33:00  INFO      shap  weight_left = np.float64(0.5467009166626137)
23:33:00  INFO      shap  np.sum(w_aug) = np.float64(20.0)
23:33:00  INFO      shap  np.sum(self.kernelWeights) = np.float64(1.0)
23:33:00  INFO      shap  phi = array([-0.1125001 , -0.06552338, -0.09522919,  0.        , -0.11172435,
       -0.03245082,  0.02575013,  0.02579737,  0.        ,  0.        ,
        0.        , -0.01303714,  0.        ,  0.        , -0.02321629,
        0.        ,  0.        ,  0.        , -0.01096463,  0.        ])
23:33:00  INFO      shap  np.sum(w_aug) = np.float64(20.0)
23:33:00  INFO      shap  np.sum(self.kernelWeights) = np.float64(1.0)
23:33:00  INFO      shap  phi = array([ 0.1125001 ,  0.06552338,  0.09522919,  0.        ,  0.11172435,
        0.03245082, -0.02575013, -0.02579737,  0.        ,  0.        ,
        0.        ,  0.01303714,  0.        ,  0.        ,  0.02321629,
        0.        ,  0.        ,  0.        ,  0.01096463,  0.        ])
23:33:00  INFO      shap  num_full_subsets = 2
23:33:00  INFO      shap  remaining_weight_vector = array([0.19227593, 0.15321988, 0.13074763, 0.11673896, 0.10775904,
       0.10214659, 0.09905124, 0.09806073])
23:33:00  INFO      shap  num_paired_subset_sizes = 9
23:33:00  INFO      shap  weight_left = np.float64(0.5467009166626137)
23:33:00  INFO      shap  np.sum(w_aug) = np.float64(20.0)
23:33:00  INFO      shap  np.sum(self.kernelWeights) = np.float64(0.9999999999999999)
23:33:00  INFO      shap  phi = array([-0.13006909,  0.        , -0.02051764,  0.        ,  0.03759251,
       -0.03638899, -0.0463143 , -0.0301832 , -0.03309388,  0.        ,
        0.        ,  0.04541196, -0.00828743,  0.        ,  0.        ,
        0.        ,  0.        ,  0.        , -0.01230346,  0.        ])
23:33:00  INFO      shap  np.sum(w_aug) = np.float64(20.0)
23:33:00  INFO      shap  np.sum(self.kernelWeights) = np.float64(0.9999999999999999)
23:33:00  INFO      shap  phi = array([ 0.13006909,  0.        ,  0.02051764,  0.        , -0.03759251,
        0.03638899,  0.0463143 ,  0.0301832 ,  0.03309388,  0.        ,
        0.        , -0.04541196,  0.00828743,  0.        ,  0.        ,
        0.        ,  0.        ,  0.        ,  0.01230346,  0.        ])
 48%|████▊     | 96/200 [00:02<00:02, 39.55it/s]23:33:00  INFO      shap  num_full_subsets = 2
23:33:00  INFO      shap  remaining_weight_vector = array([0.19227593, 0.15321988, 0.13074763, 0.11673896, 0.10775904,
       0.10214659, 0.09905124, 0.09806073])
23:33:00  INFO      shap  num_paired_subset_sizes = 9
23:33:00  INFO      shap  weight_left = np.float64(0.5467009166626137)
23:33:00  INFO      shap  np.sum(w_aug) = np.float64(20.0)
23:33:00  INFO      shap  np.sum(self.kernelWeights) = np.float64(1.0)
23:33:00  INFO      shap  phi = array([ 0.08891496,  0.        ,  0.01553534,  0.        ,  0.02798371,
        0.08019894,  0.0222984 , -0.02968283,  0.04937245,  0.        ,
        0.        ,  0.        ,  0.0157499 ,  0.0045631 ,  0.        ,
        0.        ,  0.        ,  0.        ,  0.01887853,  0.        ])
23:33:00  INFO      shap  np.sum(w_aug) = np.float64(20.0)
23:33:00  INFO      shap  np.sum(self.kernelWeights) = np.float64(1.0)
23:33:00  INFO      shap  phi = array([-0.08891496,  0.        , -0.01553534,  0.        , -0.02798371,
       -0.08019894, -0.0222984 ,  0.02968283, -0.04937245,  0.        ,
        0.        ,  0.        , -0.0157499 , -0.0045631 ,  0.        ,
        0.        ,  0.        ,  0.        , -0.01887853,  0.        ])
23:33:00  INFO      shap  num_full_subsets = 2
23:33:00  INFO      shap  remaining_weight_vector = array([0.19227593, 0.15321988, 0.13074763, 0.11673896, 0.10775904,
       0.10214659, 0.09905124, 0.09806073])
23:33:00  INFO      shap  num_paired_subset_sizes = 9
23:33:00  INFO      shap  weight_left = np.float64(0.5467009166626137)
23:33:00  INFO      shap  np.sum(w_aug) = np.float64(20.0)
23:33:00  INFO      shap  np.sum(self.kernelWeights) = np.float64(1.0)
23:33:00  INFO      shap  phi = array([ 0.09945237,  0.03873939,  0.        ,  0.        ,  0.03205122,
       -0.03714954, -0.04798542,  0.05462715, -0.03643127,  0.        ,
        0.        ,  0.04013582,  0.01880494,  0.        ,  0.        ,
        0.        ,  0.        ,  0.        ,  0.02103615,  0.        ])
23:33:00  INFO      shap  np.sum(w_aug) = np.float64(20.0)
23:33:00  INFO      shap  np.sum(self.kernelWeights) = np.float64(1.0)
23:33:00  INFO      shap  phi = array([-0.09945237, -0.03873939,  0.        ,  0.        , -0.03205122,
        0.03714954,  0.04798542, -0.05462715,  0.03643127,  0.        ,
        0.        , -0.04013582, -0.01880494,  0.        ,  0.        ,
        0.        ,  0.        ,  0.        , -0.02103615,  0.        ])
23:33:00  INFO      shap  num_full_subsets = 2
23:33:00  INFO      shap  remaining_weight_vector = array([0.19227593, 0.15321988, 0.13074763, 0.11673896, 0.10775904,
       0.10214659, 0.09905124, 0.09806073])
23:33:00  INFO      shap  num_paired_subset_sizes = 9
23:33:00  INFO      shap  weight_left = np.float64(0.5467009166626137)
23:33:00  INFO      shap  np.sum(w_aug) = np.float64(20.0)
23:33:00  INFO      shap  np.sum(self.kernelWeights) = np.float64(1.0)
23:33:00  INFO      shap  phi = array([-0.13018087,  0.        , -0.02213118,  0.        ,  0.01239309,
       -0.0366066 , -0.0078411 ,  0.03121374,  0.01462347,  0.        ,
        0.        , -0.01685531, -0.01587879,  0.        ,  0.        ,
        0.        ,  0.        ,  0.        , -0.01360073,  0.        ])
23:33:00  INFO      shap  np.sum(w_aug) = np.float64(20.0)
23:33:00  INFO      shap  np.sum(self.kernelWeights) = np.float64(1.0)
23:33:00  INFO      shap  phi = array([ 0.13018087,  0.        ,  0.02213118,  0.        , -0.01239309,
        0.0366066 ,  0.0078411 , -0.03121374, -0.01462347,  0.        ,
        0.        ,  0.01685531,  0.01587879,  0.        ,  0.        ,
        0.        ,  0.        ,  0.        ,  0.01360073,  0.        ])
23:33:00  INFO      shap  num_full_subsets = 2
23:33:00  INFO      shap  remaining_weight_vector = array([0.19227593, 0.15321988, 0.13074763, 0.11673896, 0.10775904,
       0.10214659, 0.09905124, 0.09806073])
23:33:00  INFO      shap  num_paired_subset_sizes = 9
23:33:00  INFO      shap  weight_left = np.float64(0.5467009166626137)
23:33:00  INFO      shap  np.sum(w_aug) = np.float64(20.0)
23:33:00  INFO      shap  np.sum(self.kernelWeights) = np.float64(0.9999999999999999)
23:33:00  INFO      shap  phi = array([ 0.10334745,  0.        ,  0.0619361 ,  0.        ,  0.01159662,
        0.        ,  0.02784445, -0.03213849,  0.01015097,  0.        ,
        0.        ,  0.01053388,  0.01741602, -0.05301106,  0.        ,
        0.        ,  0.        ,  0.        , -0.01662914,  0.        ])
23:33:00  INFO      shap  np.sum(w_aug) = np.float64(20.0)
23:33:00  INFO      shap  np.sum(self.kernelWeights) = np.float64(0.9999999999999999)
23:33:00  INFO      shap  phi = array([-0.10334745,  0.        , -0.0619361 ,  0.        , -0.01159662,
        0.        , -0.02784445,  0.03213849, -0.01015097,  0.        ,
        0.        , -0.01053388, -0.01741602,  0.05301106,  0.        ,
        0.        ,  0.        ,  0.        ,  0.01662914,  0.        ])
23:33:00  INFO      shap  num_full_subsets = 2
23:33:00  INFO      shap  remaining_weight_vector = array([0.19227593, 0.15321988, 0.13074763, 0.11673896, 0.10775904,
       0.10214659, 0.09905124, 0.09806073])
23:33:00  INFO      shap  num_paired_subset_sizes = 9
23:33:00  INFO      shap  weight_left = np.float64(0.5467009166626137)
23:33:00  INFO      shap  np.sum(w_aug) = np.float64(20.0)
23:33:00  INFO      shap  np.sum(self.kernelWeights) = np.float64(0.9999999999999999)
23:33:00  INFO      shap  phi = array([-0.0476429 ,  0.02867462, -0.02131838,  0.        ,  0.03282413,
       -0.03642873,  0.        , -0.03131818, -0.03562733,  0.06475648,
        0.        ,  0.04670332,  0.        ,  0.        ,  0.        ,
        0.        ,  0.        ,  0.        ,  0.02666071,  0.        ])
23:33:00  INFO      shap  np.sum(w_aug) = np.float64(20.0)
23:33:00  INFO      shap  np.sum(self.kernelWeights) = np.float64(0.9999999999999999)
23:33:00  INFO      shap  phi = array([ 0.0476429 , -0.02867462,  0.02131838,  0.        , -0.03282413,
        0.03642873,  0.        ,  0.03131818,  0.03562733, -0.06475648,
        0.        , -0.04670332,  0.        ,  0.        ,  0.        ,
        0.        ,  0.        ,  0.        , -0.02666071,  0.        ])
 50%|█████     | 101/200 [00:02<00:02, 39.73it/s]23:33:00  INFO      shap  num_full_subsets = 2
23:33:00  INFO      shap  remaining_weight_vector = array([0.19227593, 0.15321988, 0.13074763, 0.11673896, 0.10775904,
       0.10214659, 0.09905124, 0.09806073])
23:33:00  INFO      shap  num_paired_subset_sizes = 9
23:33:00  INFO      shap  weight_left = np.float64(0.5467009166626137)
23:33:00  INFO      shap  np.sum(w_aug) = np.float64(20.0)
23:33:00  INFO      shap  np.sum(self.kernelWeights) = np.float64(0.9999999999999999)
23:33:00  INFO      shap  phi = array([ 0.10217533,  0.        , -0.0226942 ,  0.        ,  0.02555239,
        0.        ,  0.00885643, -0.03127079,  0.05806923,  0.        ,
        0.        ,  0.01145155, -0.01377861,  0.00723249,  0.        ,
        0.        ,  0.        ,  0.        ,  0.02428195,  0.        ])
23:33:00  INFO      shap  np.sum(w_aug) = np.float64(20.0)
23:33:00  INFO      shap  np.sum(self.kernelWeights) = np.float64(0.9999999999999999)
23:33:00  INFO      shap  phi = array([-0.10217533,  0.        ,  0.0226942 ,  0.        , -0.02555239,
        0.        , -0.00885643,  0.03127079, -0.05806923,  0.        ,
        0.        , -0.01145155,  0.01377861, -0.00723249,  0.        ,
        0.        ,  0.        ,  0.        , -0.02428195,  0.        ])
23:33:01  INFO      shap  num_full_subsets = 2
23:33:01  INFO      shap  remaining_weight_vector = array([0.19227593, 0.15321988, 0.13074763, 0.11673896, 0.10775904,
       0.10214659, 0.09905124, 0.09806073])
23:33:01  INFO      shap  num_paired_subset_sizes = 9
23:33:01  INFO      shap  weight_left = np.float64(0.5467009166626137)
23:33:01  INFO      shap  np.sum(w_aug) = np.float64(20.0)
23:33:01  INFO      shap  np.sum(self.kernelWeights) = np.float64(1.0)
23:33:01  INFO      shap  phi = array([ 0.1103421 , -0.0262847 ,  0.07121072,  0.        , -0.01766375,
       -0.03351381,  0.        , -0.02845892, -0.03220489,  0.        ,
        0.        , -0.01418653, -0.0086568 ,  0.        , -0.02549454,
        0.        ,  0.        ,  0.        ,  0.        ,  0.        ])
23:33:01  INFO      shap  np.sum(w_aug) = np.float64(20.0)
23:33:01  INFO      shap  np.sum(self.kernelWeights) = np.float64(1.0)
23:33:01  INFO      shap  phi = array([-0.1103421 ,  0.0262847 , -0.07121072,  0.        ,  0.01766375,
        0.03351381,  0.        ,  0.02845892,  0.03220489,  0.        ,
        0.        ,  0.01418653,  0.0086568 ,  0.        ,  0.02549454,
        0.        ,  0.        ,  0.        ,  0.        ,  0.        ])
23:33:01  INFO      shap  num_full_subsets = 2
23:33:01  INFO      shap  remaining_weight_vector = array([0.19227593, 0.15321988, 0.13074763, 0.11673896, 0.10775904,
       0.10214659, 0.09905124, 0.09806073])
23:33:01  INFO      shap  num_paired_subset_sizes = 9
23:33:01  INFO      shap  weight_left = np.float64(0.5467009166626137)
23:33:01  INFO      shap  np.sum(w_aug) = np.float64(20.0)
23:33:01  INFO      shap  np.sum(self.kernelWeights) = np.float64(1.0)
23:33:01  INFO      shap  phi = array([-0.12868921,  0.03189128, -0.02129469,  0.        ,  0.03703671,
       -0.03527616,  0.        , -0.03048889,  0.06533824,  0.        ,
        0.        ,  0.        , -0.01643961,  0.        , -0.02634621,
        0.        ,  0.        ,  0.        , -0.01252055,  0.        ])
23:33:01  INFO      shap  np.sum(w_aug) = np.float64(20.0)
23:33:01  INFO      shap  np.sum(self.kernelWeights) = np.float64(1.0)
23:33:01  INFO      shap  phi = array([ 0.12868921, -0.03189128,  0.02129469,  0.        , -0.03703671,
        0.03527616,  0.        ,  0.03048889, -0.06533824,  0.        ,
        0.        ,  0.        ,  0.01643961,  0.        ,  0.02634621,
        0.        ,  0.        ,  0.        ,  0.01252055,  0.        ])
23:33:01  INFO      shap  num_full_subsets = 2
23:33:01  INFO      shap  remaining_weight_vector = array([0.19227593, 0.15321988, 0.13074763, 0.11673896, 0.10775904,
       0.10214659, 0.09905124, 0.09806073])
23:33:01  INFO      shap  num_paired_subset_sizes = 9
23:33:01  INFO      shap  weight_left = np.float64(0.5467009166626137)
23:33:01  INFO      shap  np.sum(w_aug) = np.float64(20.0)
23:33:01  INFO      shap  np.sum(self.kernelWeights) = np.float64(1.0)
23:33:01  INFO      shap  phi = array([ 0.0952266 ,  0.02168444,  0.05698305,  0.        ,  0.01238872,
       -0.03582077,  0.00656231,  0.02403319,  0.00931353,  0.        ,
        0.        ,  0.03791924,  0.0106114 ,  0.        ,  0.        ,
        0.        ,  0.        ,  0.        ,  0.        ,  0.        ])
23:33:01  INFO      shap  np.sum(w_aug) = np.float64(20.0)
23:33:01  INFO      shap  np.sum(self.kernelWeights) = np.float64(1.0)
23:33:01  INFO      shap  phi = array([-0.0952266 , -0.02168444, -0.05698305,  0.        , -0.01238872,
        0.03582077, -0.00656231, -0.02403319, -0.00931353,  0.        ,
        0.        , -0.03791924, -0.0106114 ,  0.        ,  0.        ,
        0.        ,  0.        ,  0.        ,  0.        ,  0.        ])
 52%|█████▎    | 105/200 [00:02<00:02, 39.78it/s]23:33:01  INFO      shap  num_full_subsets = 2
23:33:01  INFO      shap  remaining_weight_vector = array([0.19227593, 0.15321988, 0.13074763, 0.11673896, 0.10775904,
       0.10214659, 0.09905124, 0.09806073])
23:33:01  INFO      shap  num_paired_subset_sizes = 9
23:33:01  INFO      shap  weight_left = np.float64(0.5467009166626137)
23:33:01  INFO      shap  np.sum(w_aug) = np.float64(20.0)
23:33:01  INFO      shap  np.sum(self.kernelWeights) = np.float64(1.0)
23:33:01  INFO      shap  phi = array([-0.0531566 ,  0.01695448, -0.02443877,  0.        ,  0.        ,
        0.        , -0.00979611,  0.03047725, -0.03774397,  0.        ,
        0.        , -0.01841511, -0.01100787,  0.        , -0.0297558 ,
        0.        ,  0.        ,  0.        ,  0.02766571,  0.        ])
23:33:01  INFO      shap  np.sum(w_aug) = np.float64(20.0)
23:33:01  INFO      shap  np.sum(self.kernelWeights) = np.float64(1.0)
23:33:01  INFO      shap  phi = array([ 0.0531566 , -0.01695448,  0.02443877,  0.        ,  0.        ,
        0.        ,  0.00979611, -0.03047725,  0.03774397,  0.        ,
        0.        ,  0.01841511,  0.01100787,  0.        ,  0.0297558 ,
        0.        ,  0.        ,  0.        , -0.02766571,  0.        ])
23:33:01  INFO      shap  num_full_subsets = 2
23:33:01  INFO      shap  remaining_weight_vector = array([0.19227593, 0.15321988, 0.13074763, 0.11673896, 0.10775904,
       0.10214659, 0.09905124, 0.09806073])
23:33:01  INFO      shap  num_paired_subset_sizes = 9
23:33:01  INFO      shap  weight_left = np.float64(0.5467009166626137)
23:33:01  INFO      shap  np.sum(w_aug) = np.float64(20.0)
23:33:01  INFO      shap  np.sum(self.kernelWeights) = np.float64(0.9999999999999999)
23:33:01  INFO      shap  phi = array([-0.05045308,  0.        , -0.02381518,  0.        , -0.01065428,
       -0.03851289, -0.04917899,  0.03189328, -0.03557882,  0.        ,
        0.        , -0.01783447,  0.04198447,  0.        ,  0.        ,
        0.        ,  0.        ,  0.        ,  0.02834537,  0.        ])
23:33:01  INFO      shap  np.sum(w_aug) = np.float64(20.0)
23:33:01  INFO      shap  np.sum(self.kernelWeights) = np.float64(0.9999999999999999)
23:33:01  INFO      shap  phi = array([ 0.05045308,  0.        ,  0.02381518,  0.        ,  0.01065428,
        0.03851289,  0.04917899, -0.03189328,  0.03557882,  0.        ,
        0.        ,  0.01783447, -0.04198447,  0.        ,  0.        ,
        0.        ,  0.        ,  0.        , -0.02834537,  0.        ])
23:33:01  INFO      shap  num_full_subsets = 2
23:33:01  INFO      shap  remaining_weight_vector = array([0.19227593, 0.15321988, 0.13074763, 0.11673896, 0.10775904,
       0.10214659, 0.09905124, 0.09806073])
23:33:01  INFO      shap  num_paired_subset_sizes = 9
23:33:01  INFO      shap  weight_left = np.float64(0.5467009166626137)
23:33:01  INFO      shap  np.sum(w_aug) = np.float64(20.0)
23:33:01  INFO      shap  np.sum(self.kernelWeights) = np.float64(1.0)
23:33:01  INFO      shap  phi = array([-0.12905604,  0.02589125,  0.06455814,  0.        ,  0.01170084,
       -0.03946605,  0.02870553,  0.        ,  0.01099407,  0.        ,
        0.        ,  0.01217062,  0.02821284,  0.00705141,  0.        ,
        0.        ,  0.        ,  0.        ,  0.        ,  0.        ])
23:33:01  INFO      shap  np.sum(w_aug) = np.float64(20.0)
23:33:01  INFO      shap  np.sum(self.kernelWeights) = np.float64(1.0)
23:33:01  INFO      shap  phi = array([ 0.12905604, -0.02589125, -0.06455814,  0.        , -0.01170084,
        0.03946605, -0.02870553,  0.        , -0.01099407,  0.        ,
        0.        , -0.01217062, -0.02821284, -0.00705141,  0.        ,
        0.        ,  0.        ,  0.        ,  0.        ,  0.        ])
23:33:01  INFO      shap  num_full_subsets = 2
23:33:01  INFO      shap  remaining_weight_vector = array([0.19227593, 0.15321988, 0.13074763, 0.11673896, 0.10775904,
       0.10214659, 0.09905124, 0.09806073])
23:33:01  INFO      shap  num_paired_subset_sizes = 9
23:33:01  INFO      shap  weight_left = np.float64(0.5467009166626137)
23:33:01  INFO      shap  np.sum(w_aug) = np.float64(20.0)
23:33:01  INFO      shap  np.sum(self.kernelWeights) = np.float64(0.9999999999999999)
23:33:01  INFO      shap  phi = array([-0.1297989 , -0.06791303,  0.06426011,  0.        ,  0.        ,
       -0.03679358, -0.04818352, -0.03174315,  0.        ,  0.0285132 ,
        0.        , -0.01709126,  0.03703855,  0.        ,  0.        ,
        0.        ,  0.        ,  0.        , -0.01509433,  0.        ])
23:33:01  INFO      shap  np.sum(w_aug) = np.float64(20.0)
23:33:01  INFO      shap  np.sum(self.kernelWeights) = np.float64(0.9999999999999999)
23:33:01  INFO      shap  phi = array([ 0.1297989 ,  0.06791303, -0.06426011,  0.        ,  0.        ,
        0.03679358,  0.04818352,  0.03174315,  0.        , -0.0285132 ,
        0.        ,  0.01709126, -0.03703855,  0.        ,  0.        ,
        0.        ,  0.        ,  0.        ,  0.01509433,  0.        ])
 55%|█████▍    | 109/200 [00:02<00:02, 39.65it/s]23:33:01  INFO      shap  num_full_subsets = 2
23:33:01  INFO      shap  remaining_weight_vector = array([0.19227593, 0.15321988, 0.13074763, 0.11673896, 0.10775904,
       0.10214659, 0.09905124, 0.09806073])
23:33:01  INFO      shap  num_paired_subset_sizes = 9
23:33:01  INFO      shap  weight_left = np.float64(0.5467009166626137)
23:33:01  INFO      shap  np.sum(w_aug) = np.float64(20.0)
23:33:01  INFO      shap  np.sum(self.kernelWeights) = np.float64(0.9999999999999999)
23:33:01  INFO      shap  phi = array([-0.13038605,  0.        , -0.06748212,  0.        ,  0.02272805,
        0.09767912, -0.00794568, -0.03165033,  0.01321087,  0.        ,
        0.        ,  0.        ,  0.        , -0.05260967,  0.        ,
        0.        ,  0.        , -0.02472853, -0.01407956,  0.        ])
23:33:01  INFO      shap  np.sum(w_aug) = np.float64(20.0)
23:33:01  INFO      shap  np.sum(self.kernelWeights) = np.float64(0.9999999999999999)
23:33:01  INFO      shap  phi = array([ 0.13038605,  0.        ,  0.06748212,  0.        , -0.02272805,
       -0.09767912,  0.00794568,  0.03165033, -0.01321087,  0.        ,
        0.        ,  0.        ,  0.        ,  0.05260967,  0.        ,
        0.        ,  0.        ,  0.02472853,  0.01407956,  0.        ])
23:33:01  INFO      shap  num_full_subsets = 2
23:33:01  INFO      shap  remaining_weight_vector = array([0.19227593, 0.15321988, 0.13074763, 0.11673896, 0.10775904,
       0.10214659, 0.09905124, 0.09806073])
23:33:01  INFO      shap  num_paired_subset_sizes = 9
23:33:01  INFO      shap  weight_left = np.float64(0.5467009166626137)
23:33:01  INFO      shap  np.sum(w_aug) = np.float64(20.0)
23:33:01  INFO      shap  np.sum(self.kernelWeights) = np.float64(0.9999999999999999)
23:33:01  INFO      shap  phi = array([-0.12440219, -0.04431794, -0.01953816,  0.        , -0.07112142,
       -0.03459388, -0.00424536,  0.03124955,  0.        ,  0.        ,
        0.        ,  0.        , -0.00923726,  0.        ,  0.        ,
        0.        ,  0.        , -0.02200339, -0.012031  ,  0.        ])
23:33:01  INFO      shap  np.sum(w_aug) = np.float64(20.0)
23:33:01  INFO      shap  np.sum(self.kernelWeights) = np.float64(0.9999999999999999)
23:33:01  INFO      shap  phi = array([ 0.12440219,  0.04431794,  0.01953816,  0.        ,  0.07112142,
        0.03459388,  0.00424536, -0.03124955,  0.        ,  0.        ,
        0.        ,  0.        ,  0.00923726,  0.        ,  0.        ,
        0.        ,  0.        ,  0.02200339,  0.012031  ,  0.        ])
23:33:01  INFO      shap  num_full_subsets = 2
23:33:01  INFO      shap  remaining_weight_vector = array([0.19227593, 0.15321988, 0.13074763, 0.11673896, 0.10775904,
       0.10214659, 0.09905124, 0.09806073])
23:33:01  INFO      shap  num_paired_subset_sizes = 9
23:33:01  INFO      shap  weight_left = np.float64(0.5467009166626137)
23:33:01  INFO      shap  np.sum(w_aug) = np.float64(20.0)
23:33:01  INFO      shap  np.sum(self.kernelWeights) = np.float64(0.9999999999999999)
23:33:01  INFO      shap  phi = array([0.02609512, 0.02678471, 0.0545016 , 0.        , 0.02201821,
       0.08607226, 0.00573142, 0.        , 0.00768926, 0.        ,
       0.        , 0.00930715, 0.        , 0.00446608, 0.        ,
       0.        , 0.        , 0.        , 0.01922041, 0.        ])
23:33:01  INFO      shap  np.sum(w_aug) = np.float64(20.0)
23:33:01  INFO      shap  np.sum(self.kernelWeights) = np.float64(0.9999999999999999)
23:33:01  INFO      shap  phi = array([-0.02609512, -0.02678471, -0.0545016 ,  0.        , -0.02201821,
       -0.08607226, -0.00573142,  0.        , -0.00768926,  0.        ,
        0.        , -0.00930715,  0.        , -0.00446608,  0.        ,
        0.        ,  0.        ,  0.        , -0.01922041,  0.        ])
23:33:01  INFO      shap  num_full_subsets = 2
23:33:01  INFO      shap  remaining_weight_vector = array([0.19227593, 0.15321988, 0.13074763, 0.11673896, 0.10775904,
       0.10214659, 0.09905124, 0.09806073])
23:33:01  INFO      shap  num_paired_subset_sizes = 9
23:33:01  INFO      shap  weight_left = np.float64(0.5467009166626137)
23:33:01  INFO      shap  np.sum(w_aug) = np.float64(20.0)
23:33:01  INFO      shap  np.sum(self.kernelWeights) = np.float64(1.0)
23:33:01  INFO      shap  phi = array([-0.12896004,  0.        , -0.02187258,  0.        ,  0.01445652,
       -0.03718572,  0.0330827 , -0.03040899,  0.        ,  0.03168365,
        0.        ,  0.04766507,  0.01371293,  0.        ,  0.        ,
        0.        ,  0.        ,  0.        , -0.01426916,  0.        ])
23:33:01  INFO      shap  np.sum(w_aug) = np.float64(20.0)
23:33:01  INFO      shap  np.sum(self.kernelWeights) = np.float64(1.0)
23:33:01  INFO      shap  phi = array([ 0.12896004,  0.        ,  0.02187258,  0.        , -0.01445652,
        0.03718572, -0.0330827 ,  0.03040899,  0.        , -0.03168365,
        0.        , -0.04766507, -0.01371293,  0.        ,  0.        ,
        0.        ,  0.        ,  0.        ,  0.01426916,  0.        ])
 56%|█████▋    | 113/200 [00:03<00:02, 39.63it/s]23:33:01  INFO      shap  num_full_subsets = 2
23:33:01  INFO      shap  remaining_weight_vector = array([0.19227593, 0.15321988, 0.13074763, 0.11673896, 0.10775904,
       0.10214659, 0.09905124, 0.09806073])
23:33:01  INFO      shap  num_paired_subset_sizes = 9
23:33:01  INFO      shap  weight_left = np.float64(0.5467009166626137)
23:33:01  INFO      shap  np.sum(w_aug) = np.float64(20.0)
23:33:01  INFO      shap  np.sum(self.kernelWeights) = np.float64(1.0)
23:33:01  INFO      shap  phi = array([-0.12940686,  0.        ,  0.06665272,  0.        ,  0.        ,
       -0.03659989, -0.00746345, -0.03056645, -0.03425083,  0.        ,
        0.        ,  0.04562805, -0.01291772,  0.        , -0.02870125,
        0.        ,  0.        ,  0.        , -0.0127366 ,  0.        ])
23:33:01  INFO      shap  np.sum(w_aug) = np.float64(20.0)
23:33:01  INFO      shap  np.sum(self.kernelWeights) = np.float64(1.0)
23:33:01  INFO      shap  phi = array([ 0.12940686,  0.        , -0.06665272,  0.        ,  0.        ,
        0.03659989,  0.00746345,  0.03056645,  0.03425083,  0.        ,
        0.        , -0.04562805,  0.01291772,  0.        ,  0.02870125,
        0.        ,  0.        ,  0.        ,  0.0127366 ,  0.        ])
23:33:01  INFO      shap  num_full_subsets = 2
23:33:01  INFO      shap  remaining_weight_vector = array([0.19227593, 0.15321988, 0.13074763, 0.11673896, 0.10775904,
       0.10214659, 0.09905124, 0.09806073])
23:33:01  INFO      shap  num_paired_subset_sizes = 9
23:33:01  INFO      shap  weight_left = np.float64(0.5467009166626137)
23:33:01  INFO      shap  np.sum(w_aug) = np.float64(20.0)
23:33:01  INFO      shap  np.sum(self.kernelWeights) = np.float64(1.0)
23:33:01  INFO      shap  phi = array([ 0.02879312, -0.01058034,  0.06204015,  0.        ,  0.        ,
        0.09436212, -0.00917528,  0.        ,  0.01148695,  0.        ,
        0.00423256, -0.01686719,  0.        ,  0.00821805,  0.        ,
        0.        ,  0.        ,  0.        ,  0.02440876,  0.        ])
23:33:01  INFO      shap  np.sum(w_aug) = np.float64(20.0)
23:33:01  INFO      shap  np.sum(self.kernelWeights) = np.float64(1.0)
23:33:01  INFO      shap  phi = array([-0.02879312,  0.01058034, -0.06204015,  0.        ,  0.        ,
       -0.09436212,  0.00917528,  0.        , -0.01148695,  0.        ,
       -0.00423256,  0.01686719,  0.        , -0.00821805,  0.        ,
        0.        ,  0.        ,  0.        , -0.02440876,  0.        ])
23:33:01  INFO      shap  num_full_subsets = 2
23:33:01  INFO      shap  remaining_weight_vector = array([0.19227593, 0.15321988, 0.13074763, 0.11673896, 0.10775904,
       0.10214659, 0.09905124, 0.09806073])
23:33:01  INFO      shap  num_paired_subset_sizes = 9
23:33:01  INFO      shap  weight_left = np.float64(0.5467009166626137)
23:33:01  INFO      shap  np.sum(w_aug) = np.float64(20.0)
23:33:01  INFO      shap  np.sum(self.kernelWeights) = np.float64(1.0)
23:33:01  INFO      shap  phi = array([-0.05443547,  0.03550368, -0.02629751,  0.        ,  0.03183174,
       -0.04117512,  0.        ,  0.06092084, -0.03930785,  0.        ,
        0.        , -0.01971073,  0.        , -0.05598852,  0.        ,
        0.        ,  0.        ,  0.        , -0.0163733 ,  0.        ])
23:33:01  INFO      shap  np.sum(w_aug) = np.float64(20.0)
23:33:01  INFO      shap  np.sum(self.kernelWeights) = np.float64(1.0)
23:33:01  INFO      shap  phi = array([ 0.05443547, -0.03550368,  0.02629751,  0.        , -0.03183174,
        0.04117512,  0.        , -0.06092084,  0.03930785,  0.        ,
        0.        ,  0.01971073,  0.        ,  0.05598852,  0.        ,
        0.        ,  0.        ,  0.        ,  0.0163733 ,  0.        ])
23:33:01  INFO      shap  num_full_subsets = 2
23:33:01  INFO      shap  remaining_weight_vector = array([0.19227593, 0.15321988, 0.13074763, 0.11673896, 0.10775904,
       0.10214659, 0.09905124, 0.09806073])
23:33:01  INFO      shap  num_paired_subset_sizes = 9
23:33:01  INFO      shap  weight_left = np.float64(0.5467009166626137)
23:33:01  INFO      shap  np.sum(w_aug) = np.float64(20.0)
23:33:01  INFO      shap  np.sum(self.kernelWeights) = np.float64(0.9999999999999999)
23:33:01  INFO      shap  phi = array([-0.11111576, -0.06963052, -0.09265719,  0.        , -0.01258294,
       -0.02915783,  0.        ,  0.        ,  0.        ,  0.        ,
       -0.00168357, -0.0376915 , -0.00755336,  0.        ,  0.        ,
        0.        ,  0.        , -0.01681889, -0.00828981,  0.        ])
23:33:01  INFO      shap  np.sum(w_aug) = np.float64(20.0)
23:33:01  INFO      shap  np.sum(self.kernelWeights) = np.float64(0.9999999999999999)
23:33:01  INFO      shap  phi = array([0.11111576, 0.06963052, 0.09265719, 0.        , 0.01258294,
       0.02915783, 0.        , 0.        , 0.        , 0.        ,
       0.00168357, 0.0376915 , 0.00755336, 0.        , 0.        ,
       0.        , 0.        , 0.01681889, 0.00828981, 0.        ])
 58%|█████▊    | 117/200 [00:03<00:02, 39.65it/s]23:33:01  INFO      shap  num_full_subsets = 2
23:33:01  INFO      shap  remaining_weight_vector = array([0.19227593, 0.15321988, 0.13074763, 0.11673896, 0.10775904,
       0.10214659, 0.09905124, 0.09806073])
23:33:01  INFO      shap  num_paired_subset_sizes = 9
23:33:01  INFO      shap  weight_left = np.float64(0.5467009166626137)
23:33:01  INFO      shap  np.sum(w_aug) = np.float64(20.0)
23:33:01  INFO      shap  np.sum(self.kernelWeights) = np.float64(1.0)
23:33:01  INFO      shap  phi = array([-0.13103702, -0.00965017, -0.06893532,  0.        ,  0.        ,
        0.03162928, -0.00794377, -0.03167229,  0.        ,  0.        ,
        0.        ,  0.04587225, -0.01639255, -0.02113146,  0.        ,
        0.        ,  0.        ,  0.        ,  0.02705541,  0.        ])
23:33:01  INFO      shap  np.sum(w_aug) = np.float64(20.0)
23:33:01  INFO      shap  np.sum(self.kernelWeights) = np.float64(1.0)
23:33:01  INFO      shap  phi = array([ 0.13103702,  0.00965017,  0.06893532,  0.        ,  0.        ,
       -0.03162928,  0.00794377,  0.03167229,  0.        ,  0.        ,
        0.        , -0.04587225,  0.01639255,  0.02113146,  0.        ,
        0.        ,  0.        ,  0.        , -0.02705541,  0.        ])
23:33:01  INFO      shap  num_full_subsets = 2
23:33:01  INFO      shap  remaining_weight_vector = array([0.19227593, 0.15321988, 0.13074763, 0.11673896, 0.10775904,
       0.10214659, 0.09905124, 0.09806073])
23:33:01  INFO      shap  num_paired_subset_sizes = 9
23:33:01  INFO      shap  weight_left = np.float64(0.5467009166626137)
23:33:01  INFO      shap  np.sum(w_aug) = np.float64(20.0)
23:33:01  INFO      shap  np.sum(self.kernelWeights) = np.float64(1.0)
23:33:01  INFO      shap  phi = array([-0.05306188,  0.        ,  0.02047068,  0.        ,  0.0119663 ,
       -0.03986239, -0.00944051,  0.06151852, -0.0884553 ,  0.        ,
        0.        ,  0.01287828,  0.01427384,  0.        ,  0.        ,
        0.        ,  0.        ,  0.        , -0.01725665,  0.        ])
23:33:01  INFO      shap  np.sum(w_aug) = np.float64(20.0)
23:33:01  INFO      shap  np.sum(self.kernelWeights) = np.float64(1.0)
23:33:01  INFO      shap  phi = array([ 0.05306188,  0.        , -0.02047068,  0.        , -0.0119663 ,
        0.03986239,  0.00944051, -0.06151852,  0.0884553 ,  0.        ,
        0.        , -0.01287828, -0.01427384,  0.        ,  0.        ,
        0.        ,  0.        ,  0.        ,  0.01725665,  0.        ])
23:33:01  INFO      shap  num_full_subsets = 2
23:33:01  INFO      shap  remaining_weight_vector = array([0.19227593, 0.15321988, 0.13074763, 0.11673896, 0.10775904,
       0.10214659, 0.09905124, 0.09806073])
23:33:01  INFO      shap  num_paired_subset_sizes = 9
23:33:01  INFO      shap  weight_left = np.float64(0.5467009166626137)
23:33:01  INFO      shap  np.sum(w_aug) = np.float64(20.0)
23:33:01  INFO      shap  np.sum(self.kernelWeights) = np.float64(1.0)
23:33:01  INFO      shap  phi = array([-0.04702182, -0.00423774, -0.01627676,  0.        ,  0.        ,
        0.        , -0.03913087,  0.        , -0.03016285,  0.        ,
        0.        , -0.03869389, -0.00945896,  0.        , -0.01778909,
        0.        , -0.00366492,  0.        , -0.00816628,  0.        ])
23:33:01  INFO      shap  np.sum(w_aug) = np.float64(20.0)
23:33:01  INFO      shap  np.sum(self.kernelWeights) = np.float64(1.0)
23:33:01  INFO      shap  phi = array([0.04702182, 0.00423774, 0.01627676, 0.        , 0.        ,
       0.        , 0.03913087, 0.        , 0.03016285, 0.        ,
       0.        , 0.03869389, 0.00945896, 0.        , 0.01778909,
       0.        , 0.00366492, 0.        , 0.00816628, 0.        ])
23:33:01  INFO      shap  num_full_subsets = 2
23:33:01  INFO      shap  remaining_weight_vector = array([0.19227593, 0.15321988, 0.13074763, 0.11673896, 0.10775904,
       0.10214659, 0.09905124, 0.09806073])
23:33:01  INFO      shap  num_paired_subset_sizes = 9
23:33:01  INFO      shap  weight_left = np.float64(0.5467009166626137)
23:33:01  INFO      shap  np.sum(w_aug) = np.float64(20.0)
23:33:01  INFO      shap  np.sum(self.kernelWeights) = np.float64(0.9999999999999999)
23:33:01  INFO      shap  phi = array([-0.12934862, -0.01089864, -0.02310123,  0.        ,  0.        ,
        0.10157763, -0.00921357,  0.03052825,  0.06189643,  0.        ,
        0.        , -0.0179657 , -0.02091218,  0.        ,  0.        ,
        0.        ,  0.        ,  0.        , -0.01518583,  0.        ])
23:33:01  INFO      shap  np.sum(w_aug) = np.float64(20.0)
23:33:01  INFO      shap  np.sum(self.kernelWeights) = np.float64(0.9999999999999999)
23:33:01  INFO      shap  phi = array([ 0.12934862,  0.01089864,  0.02310123,  0.        ,  0.        ,
       -0.10157763,  0.00921357, -0.03052825, -0.06189643,  0.        ,
        0.        ,  0.0179657 ,  0.02091218,  0.        ,  0.        ,
        0.        ,  0.        ,  0.        ,  0.01518583,  0.        ])
 60%|██████    | 121/200 [00:03<00:02, 39.32it/s]23:33:01  INFO      shap  num_full_subsets = 2
23:33:01  INFO      shap  remaining_weight_vector = array([0.19227593, 0.15321988, 0.13074763, 0.11673896, 0.10775904,
       0.10214659, 0.09905124, 0.09806073])
23:33:01  INFO      shap  num_paired_subset_sizes = 9
23:33:01  INFO      shap  weight_left = np.float64(0.5467009166626137)
23:33:01  INFO      shap  np.sum(w_aug) = np.float64(20.0)
23:33:01  INFO      shap  np.sum(self.kernelWeights) = np.float64(1.0)
23:33:01  INFO      shap  phi = array([ 0.09996975,  0.01557007, -0.0211112 ,  0.        ,  0.01651241,
        0.09257944,  0.02596107, -0.02992152,  0.01108496,  0.        ,
        0.        , -0.01680573,  0.        ,  0.00802974,  0.        ,
        0.        ,  0.        ,  0.        ,  0.        ,  0.        ])
23:33:01  INFO      shap  np.sum(w_aug) = np.float64(20.0)
23:33:01  INFO      shap  np.sum(self.kernelWeights) = np.float64(1.0)
23:33:01  INFO      shap  phi = array([-0.09996975, -0.01557007,  0.0211112 ,  0.        , -0.01651241,
       -0.09257944, -0.02596107,  0.02992152, -0.01108496,  0.        ,
        0.        ,  0.01680573,  0.        , -0.00802974,  0.        ,
        0.        ,  0.        ,  0.        ,  0.        ,  0.        ])
23:33:01  INFO      shap  num_full_subsets = 2
23:33:01  INFO      shap  remaining_weight_vector = array([0.19227593, 0.15321988, 0.13074763, 0.11673896, 0.10775904,
       0.10214659, 0.09905124, 0.09806073])
23:33:01  INFO      shap  num_paired_subset_sizes = 9
23:33:01  INFO      shap  weight_left = np.float64(0.5467009166626137)
23:33:01  INFO      shap  np.sum(w_aug) = np.float64(20.0)
23:33:01  INFO      shap  np.sum(self.kernelWeights) = np.float64(1.0)
23:33:01  INFO      shap  phi = array([-0.13108047,  0.01793775,  0.0644345 ,  0.        ,  0.02637123,
       -0.0379955 ,  0.        , -0.03149859, -0.03658306,  0.        ,
        0.        ,  0.        , -0.01249082,  0.        , -0.02819516,
        0.        ,  0.        ,  0.        , -0.01444157,  0.        ])
23:33:01  INFO      shap  np.sum(w_aug) = np.float64(20.0)
23:33:01  INFO      shap  np.sum(self.kernelWeights) = np.float64(1.0)
23:33:01  INFO      shap  phi = array([ 0.13108047, -0.01793775, -0.0644345 ,  0.        , -0.02637123,
        0.0379955 ,  0.        ,  0.03149859,  0.03658306,  0.        ,
        0.        ,  0.        ,  0.01249082,  0.        ,  0.02819516,
        0.        ,  0.        ,  0.        ,  0.01444157,  0.        ])
23:33:01  INFO      shap  num_full_subsets = 2
23:33:01  INFO      shap  remaining_weight_vector = array([0.19227593, 0.15321988, 0.13074763, 0.11673896, 0.10775904,
       0.10214659, 0.09905124, 0.09806073])
23:33:01  INFO      shap  num_paired_subset_sizes = 9
23:33:01  INFO      shap  weight_left = np.float64(0.5467009166626137)
23:33:01  INFO      shap  np.sum(w_aug) = np.float64(20.0)
23:33:01  INFO      shap  np.sum(self.kernelWeights) = np.float64(0.9999999999999999)
23:33:01  INFO      shap  phi = array([-0.0520437 ,  0.        , -0.02393831,  0.01237677,  0.        ,
        0.        ,  0.03121966, -0.03278138, -0.08600529,  0.        ,
        0.        , -0.01696861,  0.03281479,  0.        , -0.02841223,
        0.        ,  0.        ,  0.        , -0.01566343,  0.        ])
23:33:01  INFO      shap  np.sum(w_aug) = np.float64(20.0)
23:33:01  INFO      shap  np.sum(self.kernelWeights) = np.float64(0.9999999999999999)
23:33:01  INFO      shap  phi = array([ 0.0520437 ,  0.        ,  0.02393831, -0.01237677,  0.        ,
        0.        , -0.03121966,  0.03278138,  0.08600529,  0.        ,
        0.        ,  0.01696861, -0.03281479,  0.        ,  0.02841223,
        0.        ,  0.        ,  0.        ,  0.01566343,  0.        ])
23:33:01  INFO      shap  num_full_subsets = 2
23:33:01  INFO      shap  remaining_weight_vector = array([0.19227593, 0.15321988, 0.13074763, 0.11673896, 0.10775904,
       0.10214659, 0.09905124, 0.09806073])
23:33:01  INFO      shap  num_paired_subset_sizes = 9
23:33:01  INFO      shap  weight_left = np.float64(0.5467009166626137)
23:33:01  INFO      shap  np.sum(w_aug) = np.float64(20.0)
23:33:01  INFO      shap  np.sum(self.kernelWeights) = np.float64(1.0)
23:33:01  INFO      shap  phi = array([ 0.09746267,  0.03981385, -0.02170719,  0.00779597,  0.        ,
       -0.0346329 ,  0.00765231,  0.05284089,  0.00989674,  0.        ,
        0.        ,  0.03833408,  0.03593965,  0.        ,  0.        ,
        0.        ,  0.        ,  0.        ,  0.        ,  0.        ])
23:33:01  INFO      shap  np.sum(w_aug) = np.float64(20.0)
23:33:01  INFO      shap  np.sum(self.kernelWeights) = np.float64(1.0)
23:33:01  INFO      shap  phi = array([-0.09746267, -0.03981385,  0.02170719, -0.00779597,  0.        ,
        0.0346329 , -0.00765231, -0.05284089, -0.00989674,  0.        ,
        0.        , -0.03833408, -0.03593965,  0.        ,  0.        ,
        0.        ,  0.        ,  0.        ,  0.        ,  0.        ])
 62%|██████▎   | 125/200 [00:03<00:01, 39.31it/s]23:33:01  INFO      shap  num_full_subsets = 2
23:33:01  INFO      shap  remaining_weight_vector = array([0.19227593, 0.15321988, 0.13074763, 0.11673896, 0.10775904,
       0.10214659, 0.09905124, 0.09806073])
23:33:01  INFO      shap  num_paired_subset_sizes = 9
23:33:01  INFO      shap  weight_left = np.float64(0.5467009166626137)
23:33:01  INFO      shap  np.sum(w_aug) = np.float64(20.0)
23:33:01  INFO      shap  np.sum(self.kernelWeights) = np.float64(1.0)
23:33:01  INFO      shap  phi = array([ 0.03057251,  0.02165193, -0.02064354,  0.        ,  0.02140367,
       -0.03562345,  0.03389796, -0.0296919 ,  0.        ,  0.        ,
        0.        , -0.01640791,  0.        ,  0.        , -0.02617381,
        0.        ,  0.        ,  0.        ,  0.03111567,  0.        ])
23:33:01  INFO      shap  np.sum(w_aug) = np.float64(20.0)
23:33:01  INFO      shap  np.sum(self.kernelWeights) = np.float64(1.0)
23:33:01  INFO      shap  phi = array([-0.03057251, -0.02165193,  0.02064354,  0.        , -0.02140367,
        0.03562345, -0.03389796,  0.0296919 ,  0.        ,  0.        ,
        0.        ,  0.01640791,  0.        ,  0.        ,  0.02617381,
        0.        ,  0.        ,  0.        , -0.03111567,  0.        ])
23:33:01  INFO      shap  num_full_subsets = 2
23:33:01  INFO      shap  remaining_weight_vector = array([0.19227593, 0.15321988, 0.13074763, 0.11673896, 0.10775904,
       0.10214659, 0.09905124, 0.09806073])
23:33:01  INFO      shap  num_paired_subset_sizes = 9
23:33:01  INFO      shap  weight_left = np.float64(0.5467009166626137)
23:33:01  INFO      shap  np.sum(w_aug) = np.float64(20.0)
23:33:01  INFO      shap  np.sum(self.kernelWeights) = np.float64(1.0)
23:33:01  INFO      shap  phi = array([-0.04530088,  0.04524813, -0.02254904,  0.        ,  0.04064959,
        0.09953779,  0.03043728, -0.03058422,  0.01301434,  0.        ,
        0.        ,  0.01376782,  0.        ,  0.        ,  0.        ,
        0.        ,  0.        ,  0.        , -0.01425815,  0.        ])
23:33:01  INFO      shap  np.sum(w_aug) = np.float64(20.0)
23:33:01  INFO      shap  np.sum(self.kernelWeights) = np.float64(1.0)
23:33:01  INFO      shap  phi = array([ 0.04530088, -0.04524813,  0.02254904,  0.        , -0.04064959,
       -0.09953779, -0.03043728,  0.03058422, -0.01301434,  0.        ,
        0.        , -0.01376782,  0.        ,  0.        ,  0.        ,
        0.        ,  0.        ,  0.        ,  0.01425815,  0.        ])
23:33:01  INFO      shap  num_full_subsets = 2
23:33:01  INFO      shap  remaining_weight_vector = array([0.19227593, 0.15321988, 0.13074763, 0.11673896, 0.10775904,
       0.10214659, 0.09905124, 0.09806073])
23:33:01  INFO      shap  num_paired_subset_sizes = 9
23:33:01  INFO      shap  weight_left = np.float64(0.5467009166626137)
23:33:01  INFO      shap  np.sum(w_aug) = np.float64(20.0)
23:33:01  INFO      shap  np.sum(self.kernelWeights) = np.float64(1.0)
23:33:01  INFO      shap  phi = array([ 0.10988375,  0.        ,  0.06803919,  0.        ,  0.02187715,
       -0.03607434, -0.00737448, -0.03117502, -0.03448792,  0.        ,
        0.        , -0.04685899, -0.00785049,  0.        ,  0.        ,
        0.        ,  0.        ,  0.        , -0.01315196,  0.        ])
23:33:01  INFO      shap  np.sum(w_aug) = np.float64(20.0)
23:33:01  INFO      shap  np.sum(self.kernelWeights) = np.float64(1.0)
23:33:01  INFO      shap  phi = array([-0.10988375,  0.        , -0.06803919,  0.        , -0.02187715,
        0.03607434,  0.00737448,  0.03117502,  0.03448792,  0.        ,
        0.        ,  0.04685899,  0.00785049,  0.        ,  0.        ,
        0.        ,  0.        ,  0.        ,  0.01315196,  0.        ])
23:33:01  INFO      shap  num_full_subsets = 2
23:33:01  INFO      shap  remaining_weight_vector = array([0.19227593, 0.15321988, 0.13074763, 0.11673896, 0.10775904,
       0.10214659, 0.09905124, 0.09806073])
23:33:01  INFO      shap  num_paired_subset_sizes = 9
23:33:01  INFO      shap  weight_left = np.float64(0.5467009166626137)
23:33:01  INFO      shap  np.sum(w_aug) = np.float64(20.0)
23:33:01  INFO      shap  np.sum(self.kernelWeights) = np.float64(1.0000000000000002)
23:33:01  INFO      shap  phi = array([ 0.02023999,  0.01988651,  0.06009227,  0.        ,  0.01843142,
        0.02479437,  0.        ,  0.02110863,  0.        ,  0.        ,
        0.        , -0.05489562,  0.03226624, -0.05949579,  0.02124262,
        0.        ,  0.        ,  0.        ,  0.        ,  0.        ])
23:33:01  INFO      shap  np.sum(w_aug) = np.float64(20.0)
23:33:01  INFO      shap  np.sum(self.kernelWeights) = np.float64(1.0000000000000002)
23:33:01  INFO      shap  phi = array([-0.02023999, -0.01988651, -0.06009227,  0.        , -0.01843142,
       -0.02479437,  0.        , -0.02110863,  0.        ,  0.        ,
        0.        ,  0.05489562, -0.03226624,  0.05949579, -0.02124262,
        0.        ,  0.        ,  0.        ,  0.        ,  0.        ])
 64%|██████▍   | 129/200 [00:03<00:01, 39.31it/s]23:33:01  INFO      shap  num_full_subsets = 2
23:33:01  INFO      shap  remaining_weight_vector = array([0.19227593, 0.15321988, 0.13074763, 0.11673896, 0.10775904,
       0.10214659, 0.09905124, 0.09806073])
23:33:01  INFO      shap  num_paired_subset_sizes = 9
23:33:01  INFO      shap  weight_left = np.float64(0.5467009166626137)
23:33:01  INFO      shap  np.sum(w_aug) = np.float64(20.0)
23:33:01  INFO      shap  np.sum(self.kernelWeights) = np.float64(1.0)
23:33:01  INFO      shap  phi = array([ 0.02682303,  0.04186718,  0.        ,  0.        ,  0.0131119 ,
       -0.03894733,  0.        ,  0.02651101,  0.00987039,  0.        ,
        0.        ,  0.04203902,  0.0043725 ,  0.00485762,  0.        ,
        0.        ,  0.        ,  0.        ,  0.02393816,  0.        ])
23:33:01  INFO      shap  np.sum(w_aug) = np.float64(20.0)
23:33:01  INFO      shap  np.sum(self.kernelWeights) = np.float64(1.0)
23:33:01  INFO      shap  phi = array([-0.02682303, -0.04186718,  0.        ,  0.        , -0.0131119 ,
        0.03894733,  0.        , -0.02651101, -0.00987039,  0.        ,
        0.        , -0.04203902, -0.0043725 , -0.00485762,  0.        ,
        0.        ,  0.        ,  0.        , -0.02393816,  0.        ])
23:33:01  INFO      shap  num_full_subsets = 2
23:33:01  INFO      shap  remaining_weight_vector = array([0.19227593, 0.15321988, 0.13074763, 0.11673896, 0.10775904,
       0.10214659, 0.09905124, 0.09806073])
23:33:01  INFO      shap  num_paired_subset_sizes = 9
23:33:01  INFO      shap  weight_left = np.float64(0.5467009166626137)
23:33:01  INFO      shap  np.sum(w_aug) = np.float64(20.0)
23:33:01  INFO      shap  np.sum(self.kernelWeights) = np.float64(1.0)
23:33:01  INFO      shap  phi = array([ 0.10882064, -0.00948484, -0.0673922 ,  0.        ,  0.02562701,
       -0.03727806,  0.        , -0.03002965,  0.01394606,  0.        ,
        0.        , -0.01625197,  0.        , -0.05267666,  0.        ,
        0.        ,  0.        ,  0.        ,  0.02950169,  0.        ])
23:33:01  INFO      shap  np.sum(w_aug) = np.float64(20.0)
23:33:01  INFO      shap  np.sum(self.kernelWeights) = np.float64(1.0)
23:33:01  INFO      shap  phi = array([-0.10882064,  0.00948484,  0.0673922 ,  0.        , -0.02562701,
        0.03727806,  0.        ,  0.03002965, -0.01394606,  0.        ,
        0.        ,  0.01625197,  0.        ,  0.05267666,  0.        ,
        0.        ,  0.        ,  0.        , -0.02950169,  0.        ])
23:33:01  INFO      shap  num_full_subsets = 2
23:33:01  INFO      shap  remaining_weight_vector = array([0.19227593, 0.15321988, 0.13074763, 0.11673896, 0.10775904,
       0.10214659, 0.09905124, 0.09806073])
23:33:01  INFO      shap  num_paired_subset_sizes = 9
23:33:01  INFO      shap  weight_left = np.float64(0.5467009166626137)
23:33:01  INFO      shap  np.sum(w_aug) = np.float64(20.0)
23:33:01  INFO      shap  np.sum(self.kernelWeights) = np.float64(1.0)
23:33:01  INFO      shap  phi = array([ 0.09761678,  0.0228541 ,  0.05778955,  0.        ,  0.03353993,
       -0.03334222,  0.02650261, -0.02881909,  0.01006019,  0.        ,
        0.        ,  0.03861403,  0.02092544,  0.        ,  0.        ,
        0.        ,  0.        ,  0.        ,  0.        ,  0.        ])
23:33:01  INFO      shap  np.sum(w_aug) = np.float64(20.0)
23:33:01  INFO      shap  np.sum(self.kernelWeights) = np.float64(1.0)
23:33:01  INFO      shap  phi = array([-0.09761678, -0.0228541 , -0.05778955,  0.        , -0.03353993,
        0.03334222, -0.02650261,  0.02881909, -0.01006019,  0.        ,
        0.        , -0.03861403, -0.02092544,  0.        ,  0.        ,
        0.        ,  0.        ,  0.        ,  0.        ,  0.        ])
23:33:01  INFO      shap  num_full_subsets = 2
23:33:01  INFO      shap  remaining_weight_vector = array([0.19227593, 0.15321988, 0.13074763, 0.11673896, 0.10775904,
       0.10214659, 0.09905124, 0.09806073])
23:33:01  INFO      shap  num_paired_subset_sizes = 9
23:33:01  INFO      shap  weight_left = np.float64(0.5467009166626137)
23:33:01  INFO      shap  np.sum(w_aug) = np.float64(19.999999999999996)
23:33:01  INFO      shap  np.sum(self.kernelWeights) = np.float64(0.9999999999999998)
23:33:01  INFO      shap  phi = array([ 0.10051184,  0.02165669,  0.        ,  0.00556365,  0.01983393,
       -0.03928575,  0.00526217,  0.02357437,  0.00886506,  0.        ,
        0.        ,  0.        ,  0.        ,  0.00306116,  0.        ,
        0.        ,  0.        ,  0.        ,  0.02036966,  0.        ])
23:33:01  INFO      shap  np.sum(w_aug) = np.float64(19.999999999999996)
23:33:01  INFO      shap  np.sum(self.kernelWeights) = np.float64(0.9999999999999998)
23:33:01  INFO      shap  phi = array([-0.10051184, -0.02165669,  0.        , -0.00556365, -0.01983393,
        0.03928575, -0.00526217, -0.02357437, -0.00886506,  0.        ,
        0.        ,  0.        ,  0.        , -0.00306116,  0.        ,
        0.        ,  0.        ,  0.        , -0.02036966,  0.        ])
 66%|██████▋   | 133/200 [00:03<00:01, 39.15it/s]23:33:01  INFO      shap  num_full_subsets = 2
23:33:01  INFO      shap  remaining_weight_vector = array([0.19227593, 0.15321988, 0.13074763, 0.11673896, 0.10775904,
       0.10214659, 0.09905124, 0.09806073])
23:33:01  INFO      shap  num_paired_subset_sizes = 9
23:33:01  INFO      shap  weight_left = np.float64(0.5467009166626137)
23:33:01  INFO      shap  np.sum(w_aug) = np.float64(20.0)
23:33:01  INFO      shap  np.sum(self.kernelWeights) = np.float64(1.0)
23:33:01  INFO      shap  phi = array([-0.04509269,  0.02560099, -0.02205032,  0.        ,  0.        ,
        0.09740718,  0.02871043,  0.05849402, -0.03452766,  0.        ,
        0.        ,  0.01348848,  0.        ,  0.00870189,  0.        ,
        0.        ,  0.        ,  0.        ,  0.02548063,  0.        ])
23:33:01  INFO      shap  np.sum(w_aug) = np.float64(20.0)
23:33:01  INFO      shap  np.sum(self.kernelWeights) = np.float64(1.0)
23:33:01  INFO      shap  phi = array([ 0.04509269, -0.02560099,  0.02205032,  0.        ,  0.        ,
       -0.09740718, -0.02871043, -0.05849402,  0.03452766,  0.        ,
        0.        , -0.01348848,  0.        , -0.00870189,  0.        ,
        0.        ,  0.        ,  0.        , -0.02548063,  0.        ])
23:33:01  INFO      shap  num_full_subsets = 2
23:33:01  INFO      shap  remaining_weight_vector = array([0.19227593, 0.15321988, 0.13074763, 0.11673896, 0.10775904,
       0.10214659, 0.09905124, 0.09806073])
23:33:01  INFO      shap  num_paired_subset_sizes = 9
23:33:01  INFO      shap  weight_left = np.float64(0.5467009166626137)
23:33:01  INFO      shap  np.sum(w_aug) = np.float64(20.0)
23:33:01  INFO      shap  np.sum(self.kernelWeights) = np.float64(1.0)
23:33:01  INFO      shap  phi = array([-0.05291277, -0.04867728,  0.06154166,  0.        ,  0.        ,
       -0.03869822, -0.02898404, -0.03225418, -0.08457786,  0.        ,
        0.        , -0.01712596, -0.01113879,  0.        ,  0.        ,
        0.        ,  0.        ,  0.        , -0.01476597,  0.        ])
23:33:01  INFO      shap  np.sum(w_aug) = np.float64(20.0)
23:33:01  INFO      shap  np.sum(self.kernelWeights) = np.float64(1.0)
23:33:01  INFO      shap  phi = array([ 0.05291277,  0.04867728, -0.06154166,  0.        ,  0.        ,
        0.03869822,  0.02898404,  0.03225418,  0.08457786,  0.        ,
        0.        ,  0.01712596,  0.01113879,  0.        ,  0.        ,
        0.        ,  0.        ,  0.        ,  0.01476597,  0.        ])
23:33:01  INFO      shap  num_full_subsets = 2
23:33:01  INFO      shap  remaining_weight_vector = array([0.19227593, 0.15321988, 0.13074763, 0.11673896, 0.10775904,
       0.10214659, 0.09905124, 0.09806073])
23:33:01  INFO      shap  num_paired_subset_sizes = 9
23:33:01  INFO      shap  weight_left = np.float64(0.5467009166626137)
23:33:01  INFO      shap  np.sum(w_aug) = np.float64(20.0)
23:33:01  INFO      shap  np.sum(self.kernelWeights) = np.float64(1.0)
23:33:01  INFO      shap  phi = array([-0.1314351 ,  0.        ,  0.02137408,  0.        ,  0.03132953,
       -0.03979739, -0.03021587, -0.0329308 ,  0.06219458,  0.        ,
        0.        ,  0.04421456,  0.        , -0.02383025,  0.        ,
        0.        ,  0.        ,  0.        , -0.01615744,  0.        ])
23:33:01  INFO      shap  np.sum(w_aug) = np.float64(20.0)
23:33:01  INFO      shap  np.sum(self.kernelWeights) = np.float64(1.0)
23:33:01  INFO      shap  phi = array([ 0.1314351 ,  0.        , -0.02137408,  0.        , -0.03132953,
        0.03979739,  0.03021587,  0.0329308 , -0.06219458,  0.        ,
        0.        , -0.04421456,  0.        ,  0.02383025,  0.        ,
        0.        ,  0.        ,  0.        ,  0.01615744,  0.        ])
23:33:01  INFO      shap  num_full_subsets = 2
23:33:01  INFO      shap  remaining_weight_vector = array([0.19227593, 0.15321988, 0.13074763, 0.11673896, 0.10775904,
       0.10214659, 0.09905124, 0.09806073])
23:33:01  INFO      shap  num_paired_subset_sizes = 9
23:33:01  INFO      shap  weight_left = np.float64(0.5467009166626137)
23:33:01  INFO      shap  np.sum(w_aug) = np.float64(20.0)
23:33:01  INFO      shap  np.sum(self.kernelWeights) = np.float64(1.0)
23:33:01  INFO      shap  phi = array([-0.04567021,  0.        , -0.02107069,  0.        ,  0.02993204,
       -0.03532655,  0.03224329, -0.03007319,  0.06352897,  0.06310811,
        0.        ,  0.04640017,  0.        ,  0.        ,  0.        ,
        0.        ,  0.        ,  0.        , -0.01324723,  0.        ])
23:33:01  INFO      shap  np.sum(w_aug) = np.float64(20.0)
23:33:01  INFO      shap  np.sum(self.kernelWeights) = np.float64(1.0)
23:33:01  INFO      shap  phi = array([ 0.04567021,  0.        ,  0.02107069,  0.        , -0.02993204,
        0.03532655, -0.03224329,  0.03007319, -0.06352897, -0.06310811,
        0.        , -0.04640017,  0.        ,  0.        ,  0.        ,
        0.        ,  0.        ,  0.        ,  0.01324723,  0.        ])
 68%|██████▊   | 137/200 [00:03<00:01, 39.15it/s]23:33:01  INFO      shap  num_full_subsets = 2
23:33:01  INFO      shap  remaining_weight_vector = array([0.19227593, 0.15321988, 0.13074763, 0.11673896, 0.10775904,
       0.10214659, 0.09905124, 0.09806073])
23:33:01  INFO      shap  num_paired_subset_sizes = 9
23:33:01  INFO      shap  weight_left = np.float64(0.5467009166626137)
23:33:01  INFO      shap  np.sum(w_aug) = np.float64(20.0)
23:33:01  INFO      shap  np.sum(self.kernelWeights) = np.float64(1.0)
23:33:01  INFO      shap  phi = array([0.09156115, 0.01888285, 0.0511238 , 0.        , 0.0226064 ,
       0.02298012, 0.        , 0.        , 0.00661524, 0.        ,
       0.        , 0.03358566, 0.00446397, 0.00428616, 0.        ,
       0.        , 0.        , 0.        , 0.01819441, 0.        ])
23:33:01  INFO      shap  np.sum(w_aug) = np.float64(20.0)
23:33:01  INFO      shap  np.sum(self.kernelWeights) = np.float64(1.0)
23:33:01  INFO      shap  phi = array([-0.09156115, -0.01888285, -0.0511238 ,  0.        , -0.0226064 ,
       -0.02298012,  0.        ,  0.        , -0.00661524,  0.        ,
        0.        , -0.03358566, -0.00446397, -0.00428616,  0.        ,
        0.        ,  0.        ,  0.        , -0.01819441,  0.        ])
23:33:01  INFO      shap  num_full_subsets = 2
23:33:01  INFO      shap  remaining_weight_vector = array([0.19227593, 0.15321988, 0.13074763, 0.11673896, 0.10775904,
       0.10214659, 0.09905124, 0.09806073])
23:33:01  INFO      shap  num_paired_subset_sizes = 9
23:33:01  INFO      shap  weight_left = np.float64(0.5467009166626137)
23:33:01  INFO      shap  np.sum(w_aug) = np.float64(20.0)
23:33:01  INFO      shap  np.sum(self.kernelWeights) = np.float64(1.0)
23:33:01  INFO      shap  phi = array([ 0.1085793 ,  0.02968519, -0.02094354,  0.        ,  0.        ,
       -0.03647734, -0.02766022, -0.03005828, -0.03486788,  0.        ,
        0.        , -0.01530129,  0.        ,  0.        ,  0.        ,
        0.        ,  0.        , -0.02357462, -0.01206027,  0.        ])
23:33:01  INFO      shap  np.sum(w_aug) = np.float64(20.0)
23:33:01  INFO      shap  np.sum(self.kernelWeights) = np.float64(1.0)
23:33:01  INFO      shap  phi = array([-0.1085793 , -0.02968519,  0.02094354,  0.        ,  0.        ,
        0.03647734,  0.02766022,  0.03005828,  0.03486788,  0.        ,
        0.        ,  0.01530129,  0.        ,  0.        ,  0.        ,
        0.        ,  0.        ,  0.02357462,  0.01206027,  0.        ])
23:33:01  INFO      shap  num_full_subsets = 2
23:33:01  INFO      shap  remaining_weight_vector = array([0.19227593, 0.15321988, 0.13074763, 0.11673896, 0.10775904,
       0.10214659, 0.09905124, 0.09806073])
23:33:01  INFO      shap  num_paired_subset_sizes = 9
23:33:01  INFO      shap  weight_left = np.float64(0.5467009166626137)
23:33:01  INFO      shap  np.sum(w_aug) = np.float64(20.0)
23:33:01  INFO      shap  np.sum(self.kernelWeights) = np.float64(0.9999999999999999)
23:33:01  INFO      shap  phi = array([-0.04913082,  0.02826364, -0.02163551,  0.        ,  0.03755862,
        0.        ,  0.        ,  0.03190281, -0.03507154,  0.        ,
        0.        ,  0.04712791, -0.01582884,  0.        , -0.02849996,
        0.        ,  0.        ,  0.        , -0.0145996 ,  0.        ])
23:33:01  INFO      shap  np.sum(w_aug) = np.float64(20.0)
23:33:01  INFO      shap  np.sum(self.kernelWeights) = np.float64(0.9999999999999999)
23:33:01  INFO      shap  phi = array([ 0.04913082, -0.02826364,  0.02163551,  0.        , -0.03755862,
        0.        ,  0.        , -0.03190281,  0.03507154,  0.        ,
        0.        , -0.04712791,  0.01582884,  0.        ,  0.02849996,
        0.        ,  0.        ,  0.        ,  0.0145996 ,  0.        ])
23:33:01  INFO      shap  num_full_subsets = 2
23:33:01  INFO      shap  remaining_weight_vector = array([0.19227593, 0.15321988, 0.13074763, 0.11673896, 0.10775904,
       0.10214659, 0.09905124, 0.09806073])
23:33:01  INFO      shap  num_paired_subset_sizes = 9
23:33:01  INFO      shap  weight_left = np.float64(0.5467009166626137)
23:33:01  INFO      shap  np.sum(w_aug) = np.float64(20.0)
23:33:01  INFO      shap  np.sum(self.kernelWeights) = np.float64(0.9999999999999999)
23:33:01  INFO      shap  phi = array([-0.04920768,  0.        ,  0.06791522,  0.        ,  0.03104834,
       -0.03689902, -0.00887878, -0.0315608 ,  0.0638868 ,  0.        ,
        0.        , -0.01757412,  0.        ,  0.01011066,  0.        ,
        0.        ,  0.        ,  0.        , -0.01467066,  0.        ])
23:33:01  INFO      shap  np.sum(w_aug) = np.float64(20.0)
23:33:01  INFO      shap  np.sum(self.kernelWeights) = np.float64(0.9999999999999999)
23:33:01  INFO      shap  phi = array([ 0.04920768,  0.        , -0.06791522,  0.        , -0.03104834,
        0.03689902,  0.00887878,  0.0315608 , -0.0638868 ,  0.        ,
        0.        ,  0.01757412,  0.        , -0.01011066,  0.        ,
        0.        ,  0.        ,  0.        ,  0.01467066,  0.        ])
 70%|███████   | 141/200 [00:03<00:01, 39.18it/s]23:33:01  INFO      shap  num_full_subsets = 2
23:33:01  INFO      shap  remaining_weight_vector = array([0.19227593, 0.15321988, 0.13074763, 0.11673896, 0.10775904,
       0.10214659, 0.09905124, 0.09806073])
23:33:01  INFO      shap  num_paired_subset_sizes = 9
23:33:02  INFO      shap  weight_left = np.float64(0.5467009166626137)
23:33:02  INFO      shap  np.sum(w_aug) = np.float64(20.0)
23:33:02  INFO      shap  np.sum(self.kernelWeights) = np.float64(1.0)
23:33:02  INFO      shap  phi = array([-0.04747526,  0.0334212 ,  0.0620676 ,  0.        ,  0.02669402,
       -0.03759476,  0.02658271,  0.02656678,  0.01083607,  0.        ,
        0.        ,  0.04143832,  0.        ,  0.00561683,  0.        ,
        0.        ,  0.        ,  0.        ,  0.        ,  0.        ])
23:33:02  INFO      shap  np.sum(w_aug) = np.float64(20.0)
23:33:02  INFO      shap  np.sum(self.kernelWeights) = np.float64(1.0)
23:33:02  INFO      shap  phi = array([ 0.04747526, -0.0334212 , -0.0620676 ,  0.        , -0.02669402,
        0.03759476, -0.02658271, -0.02656678, -0.01083607,  0.        ,
        0.        , -0.04143832,  0.        , -0.00561683,  0.        ,
        0.        ,  0.        ,  0.        ,  0.        ,  0.        ])
23:33:02  INFO      shap  num_full_subsets = 2
23:33:02  INFO      shap  remaining_weight_vector = array([0.19227593, 0.15321988, 0.13074763, 0.11673896, 0.10775904,
       0.10214659, 0.09905124, 0.09806073])
23:33:02  INFO      shap  num_paired_subset_sizes = 9
23:33:02  INFO      shap  weight_left = np.float64(0.5467009166626137)
23:33:02  INFO      shap  np.sum(w_aug) = np.float64(20.0)
23:33:02  INFO      shap  np.sum(self.kernelWeights) = np.float64(1.0)
23:33:02  INFO      shap  phi = array([-0.04487706,  0.        ,  0.02149257,  0.01095841,  0.0117266 ,
        0.09903839,  0.03049344, -0.0303428 ,  0.01269647,  0.        ,
        0.        ,  0.0143559 ,  0.        ,  0.01028931,  0.        ,
        0.        ,  0.        ,  0.        ,  0.        ,  0.        ])
23:33:02  INFO      shap  np.sum(w_aug) = np.float64(20.0)
23:33:02  INFO      shap  np.sum(self.kernelWeights) = np.float64(1.0)
23:33:02  INFO      shap  phi = array([ 0.04487706,  0.        , -0.02149257, -0.01095841, -0.0117266 ,
       -0.09903839, -0.03049344,  0.0303428 , -0.01269647,  0.        ,
        0.        , -0.0143559 ,  0.        , -0.01028931,  0.        ,
        0.        ,  0.        ,  0.        ,  0.        ,  0.        ])
23:33:02  INFO      shap  num_full_subsets = 2
23:33:02  INFO      shap  remaining_weight_vector = array([0.19227593, 0.15321988, 0.13074763, 0.11673896, 0.10775904,
       0.10214659, 0.09905124, 0.09806073])
23:33:02  INFO      shap  num_paired_subset_sizes = 9
23:33:02  INFO      shap  weight_left = np.float64(0.5467009166626137)
23:33:02  INFO      shap  np.sum(w_aug) = np.float64(20.0)
23:33:02  INFO      shap  np.sum(self.kernelWeights) = np.float64(1.0)
23:33:02  INFO      shap  phi = array([0.09032621, 0.01759136, 0.05343739, 0.        , 0.03047912,
       0.02371067, 0.02111625, 0.        , 0.00665656, 0.        ,
       0.        , 0.00657934, 0.00237744, 0.        , 0.        ,
       0.        , 0.        , 0.        , 0.01717505, 0.        ])
23:33:02  INFO      shap  np.sum(w_aug) = np.float64(20.0)
23:33:02  INFO      shap  np.sum(self.kernelWeights) = np.float64(1.0)
23:33:02  INFO      shap  phi = array([-0.09032621, -0.01759136, -0.05343739,  0.        , -0.03047912,
       -0.02371067, -0.02111625,  0.        , -0.00665656,  0.        ,
        0.        , -0.00657934, -0.00237744,  0.        ,  0.        ,
        0.        ,  0.        ,  0.        , -0.01717505,  0.        ])
23:33:02  INFO      shap  num_full_subsets = 2
23:33:02  INFO      shap  remaining_weight_vector = array([0.19227593, 0.15321988, 0.13074763, 0.11673896, 0.10775904,
       0.10214659, 0.09905124, 0.09806073])
23:33:02  INFO      shap  num_paired_subset_sizes = 9
23:33:02  INFO      shap  weight_left = np.float64(0.5467009166626137)
23:33:02  INFO      shap  np.sum(w_aug) = np.float64(20.0)
23:33:02  INFO      shap  np.sum(self.kernelWeights) = np.float64(0.9999999999999999)
23:33:02  INFO      shap  phi = array([ 0.09986274,  0.02330686, -0.02357522,  0.        ,  0.        ,
        0.05920581,  0.00744112,  0.02632645, -0.08024751,  0.        ,
        0.        ,  0.04072592,  0.02771572,  0.00578616,  0.        ,
        0.        ,  0.        ,  0.        ,  0.        ,  0.        ])
23:33:02  INFO      shap  np.sum(w_aug) = np.float64(20.0)
23:33:02  INFO      shap  np.sum(self.kernelWeights) = np.float64(0.9999999999999999)
23:33:02  INFO      shap  phi = array([-0.09986274, -0.02330686,  0.02357522,  0.        ,  0.        ,
       -0.05920581, -0.00744112, -0.02632645,  0.08024751,  0.        ,
        0.        , -0.04072592, -0.02771572, -0.00578616,  0.        ,
        0.        ,  0.        ,  0.        ,  0.        ,  0.        ])
 72%|███████▎  | 145/200 [00:03<00:01, 39.29it/s]23:33:02  INFO      shap  num_full_subsets = 2
23:33:02  INFO      shap  remaining_weight_vector = array([0.19227593, 0.15321988, 0.13074763, 0.11673896, 0.10775904,
       0.10214659, 0.09905124, 0.09806073])
23:33:02  INFO      shap  num_paired_subset_sizes = 9
23:33:02  INFO      shap  weight_left = np.float64(0.5467009166626137)
23:33:02  INFO      shap  np.sum(w_aug) = np.float64(20.0)
23:33:02  INFO      shap  np.sum(self.kernelWeights) = np.float64(0.9999999999999999)
23:33:02  INFO      shap  phi = array([ 0.10627018,  0.01673413, -0.02325431,  0.        , -0.01005418,
        0.        , -0.02951249,  0.06084772, -0.03612736,  0.        ,
        0.        , -0.01828074, -0.0166987 ,  0.        ,  0.        ,
        0.        ,  0.        ,  0.        ,  0.02560043,  0.        ])
23:33:02  INFO      shap  np.sum(w_aug) = np.float64(20.0)
23:33:02  INFO      shap  np.sum(self.kernelWeights) = np.float64(0.9999999999999999)
23:33:02  INFO      shap  phi = array([-0.10627018, -0.01673413,  0.02325431,  0.        ,  0.01005418,
        0.        ,  0.02951249, -0.06084772,  0.03612736,  0.        ,
        0.        ,  0.01828074,  0.0166987 ,  0.        ,  0.        ,
        0.        ,  0.        ,  0.        , -0.02560043,  0.        ])
23:33:02  INFO      shap  num_full_subsets = 2
23:33:02  INFO      shap  remaining_weight_vector = array([0.19227593, 0.15321988, 0.13074763, 0.11673896, 0.10775904,
       0.10214659, 0.09905124, 0.09806073])
23:33:02  INFO      shap  num_paired_subset_sizes = 9
23:33:02  INFO      shap  weight_left = np.float64(0.5467009166626137)
23:33:02  INFO      shap  np.sum(w_aug) = np.float64(20.0)
23:33:02  INFO      shap  np.sum(self.kernelWeights) = np.float64(1.0)
23:33:02  INFO      shap  phi = array([0.01937123, 0.03139472, 0.04804536, 0.        , 0.01719577,
       0.        , 0.01869398, 0.04170941, 0.00385571, 0.        ,
       0.        , 0.03160449, 0.00306246, 0.        , 0.        ,
       0.        , 0.        , 0.        , 0.        , 0.09558453])
23:33:02  INFO      shap  np.sum(w_aug) = np.float64(20.0)
23:33:02  INFO      shap  np.sum(self.kernelWeights) = np.float64(1.0)
23:33:02  INFO      shap  phi = array([-0.01937123, -0.03139472, -0.04804536,  0.        , -0.01719577,
        0.        , -0.01869398, -0.04170941, -0.00385571,  0.        ,
        0.        , -0.03160449, -0.00306246,  0.        ,  0.        ,
        0.        ,  0.        ,  0.        ,  0.        , -0.09558453])
23:33:02  INFO      shap  num_full_subsets = 2
23:33:02  INFO      shap  remaining_weight_vector = array([0.19227593, 0.15321988, 0.13074763, 0.11673896, 0.10775904,
       0.10214659, 0.09905124, 0.09806073])
23:33:02  INFO      shap  num_paired_subset_sizes = 9
23:33:02  INFO      shap  weight_left = np.float64(0.5467009166626137)
23:33:02  INFO      shap  np.sum(w_aug) = np.float64(20.0)
23:33:02  INFO      shap  np.sum(self.kernelWeights) = np.float64(1.0)
23:33:02  INFO      shap  phi = array([ 0.09543356,  0.        ,  0.05655757,  0.        ,  0.02290197,
        0.05586298,  0.02482786, -0.02932409, -0.03271775,  0.        ,
        0.        ,  0.03762009,  0.        ,  0.00574516,  0.        ,
        0.        ,  0.        ,  0.        ,  0.02165893,  0.        ])
23:33:02  INFO      shap  np.sum(w_aug) = np.float64(20.0)
23:33:02  INFO      shap  np.sum(self.kernelWeights) = np.float64(1.0)
23:33:02  INFO      shap  phi = array([-0.09543356,  0.        , -0.05655757,  0.        , -0.02290197,
       -0.05586298, -0.02482786,  0.02932409,  0.03271775,  0.        ,
        0.        , -0.03762009,  0.        , -0.00574516,  0.        ,
        0.        ,  0.        ,  0.        , -0.02165893,  0.        ])
23:33:02  INFO      shap  num_full_subsets = 2
23:33:02  INFO      shap  remaining_weight_vector = array([0.19227593, 0.15321988, 0.13074763, 0.11673896, 0.10775904,
       0.10214659, 0.09905124, 0.09806073])
23:33:02  INFO      shap  num_paired_subset_sizes = 9
23:33:02  INFO      shap  weight_left = np.float64(0.5467009166626137)
23:33:02  INFO      shap  np.sum(w_aug) = np.float64(20.0)
23:33:02  INFO      shap  np.sum(self.kernelWeights) = np.float64(1.0)
23:33:02  INFO      shap  phi = array([0.08957869, 0.02777013, 0.05352519, 0.        , 0.02440641,
       0.02495444, 0.02204816, 0.        , 0.0087315 , 0.        ,
       0.        , 0.        , 0.01544907, 0.00377163, 0.        ,
       0.        , 0.        , 0.        , 0.01930937, 0.        ])
23:33:02  INFO      shap  np.sum(w_aug) = np.float64(20.0)
23:33:02  INFO      shap  np.sum(self.kernelWeights) = np.float64(1.0)
23:33:02  INFO      shap  phi = array([-0.08957869, -0.02777013, -0.05352519,  0.        , -0.02440641,
       -0.02495444, -0.02204816,  0.        , -0.0087315 ,  0.        ,
        0.        ,  0.        , -0.01544907, -0.00377163,  0.        ,
        0.        ,  0.        ,  0.        , -0.01930937,  0.        ])
 74%|███████▍  | 149/200 [00:03<00:01, 39.40it/s]23:33:02  INFO      shap  num_full_subsets = 2
23:33:02  INFO      shap  remaining_weight_vector = array([0.19227593, 0.15321988, 0.13074763, 0.11673896, 0.10775904,
       0.10214659, 0.09905124, 0.09806073])
23:33:02  INFO      shap  num_paired_subset_sizes = 9
23:33:02  INFO      shap  weight_left = np.float64(0.5467009166626137)
23:33:02  INFO      shap  np.sum(w_aug) = np.float64(20.0)
23:33:02  INFO      shap  np.sum(self.kernelWeights) = np.float64(0.9999999999999999)
23:33:02  INFO      shap  phi = array([-0.12861101,  0.04709953, -0.02199004,  0.        ,  0.        ,
        0.03325768,  0.        ,  0.03261713,  0.        ,  0.        ,
        0.        ,  0.04671422,  0.01254935,  0.        , -0.02813651,
        0.        ,  0.        , -0.02444521, -0.01409444,  0.        ])
23:33:02  INFO      shap  np.sum(w_aug) = np.float64(20.0)
23:33:02  INFO      shap  np.sum(self.kernelWeights) = np.float64(0.9999999999999999)
23:33:02  INFO      shap  phi = array([ 0.12861101, -0.04709953,  0.02199004,  0.        ,  0.        ,
       -0.03325768,  0.        , -0.03261713,  0.        ,  0.        ,
        0.        , -0.04671422, -0.01254935,  0.        ,  0.02813651,
        0.        ,  0.        ,  0.02444521,  0.01409444,  0.        ])
23:33:02  INFO      shap  num_full_subsets = 2
23:33:02  INFO      shap  remaining_weight_vector = array([0.19227593, 0.15321988, 0.13074763, 0.11673896, 0.10775904,
       0.10214659, 0.09905124, 0.09806073])
23:33:02  INFO      shap  num_paired_subset_sizes = 9
23:33:02  INFO      shap  weight_left = np.float64(0.5467009166626137)
23:33:02  INFO      shap  np.sum(w_aug) = np.float64(20.0)
23:33:02  INFO      shap  np.sum(self.kernelWeights) = np.float64(1.0)
23:33:02  INFO      shap  phi = array([-0.12992133,  0.        , -0.02274901,  0.        ,  0.        ,
       -0.03814664,  0.        ,  0.05945925, -0.03641257,  0.        ,
       -0.00736396, -0.01752305, -0.01243621,  0.        , -0.02801475,
        0.        ,  0.        ,  0.        , -0.01611183,  0.        ])
23:33:02  INFO      shap  np.sum(w_aug) = np.float64(20.0)
23:33:02  INFO      shap  np.sum(self.kernelWeights) = np.float64(1.0)
23:33:02  INFO      shap  phi = array([ 0.12992133,  0.        ,  0.02274901,  0.        ,  0.        ,
        0.03814664,  0.        , -0.05945925,  0.03641257,  0.        ,
        0.00736396,  0.01752305,  0.01243621,  0.        ,  0.02801475,
        0.        ,  0.        ,  0.        ,  0.01611183,  0.        ])
23:33:02  INFO      shap  num_full_subsets = 2
23:33:02  INFO      shap  remaining_weight_vector = array([0.19227593, 0.15321988, 0.13074763, 0.11673896, 0.10775904,
       0.10214659, 0.09905124, 0.09806073])
23:33:02  INFO      shap  num_paired_subset_sizes = 9
23:33:02  INFO      shap  weight_left = np.float64(0.5467009166626137)
23:33:02  INFO      shap  np.sum(w_aug) = np.float64(20.0)
23:33:02  INFO      shap  np.sum(self.kernelWeights) = np.float64(0.9999999999999999)
23:33:02  INFO      shap  phi = array([ 0.10695416,  0.        , -0.02259094,  0.        ,  0.03366313,
       -0.03717021, -0.02904382, -0.03249619,  0.06159252,  0.        ,
        0.        , -0.01741048, -0.0110625 ,  0.        ,  0.        ,
        0.        ,  0.        ,  0.        , -0.01555569,  0.        ])
23:33:02  INFO      shap  np.sum(w_aug) = np.float64(20.0)
23:33:02  INFO      shap  np.sum(self.kernelWeights) = np.float64(0.9999999999999999)
23:33:02  INFO      shap  phi = array([-0.10695416,  0.        ,  0.02259094,  0.        , -0.03366313,
        0.03717021,  0.02904382,  0.03249619, -0.06159252,  0.        ,
        0.        ,  0.01741048,  0.0110625 ,  0.        ,  0.        ,
        0.        ,  0.        ,  0.        ,  0.01555569,  0.        ])
23:33:02  INFO      shap  num_full_subsets = 2
23:33:02  INFO      shap  remaining_weight_vector = array([0.19227593, 0.15321988, 0.13074763, 0.11673896, 0.10775904,
       0.10214659, 0.09905124, 0.09806073])
23:33:02  INFO      shap  num_paired_subset_sizes = 9
23:33:02  INFO      shap  weight_left = np.float64(0.5467009166626137)
23:33:02  INFO      shap  np.sum(w_aug) = np.float64(20.0)
23:33:02  INFO      shap  np.sum(self.kernelWeights) = np.float64(0.9999999999999999)
23:33:02  INFO      shap  phi = array([-0.05117113, -0.01040221,  0.02177546,  0.        , -0.05776746,
        0.        ,  0.01138303, -0.0328237 ,  0.01389516,  0.        ,
        0.        , -0.01632896,  0.        ,  0.        , -0.03026345,
        0.        ,  0.        ,  0.        ,  0.02844819,  0.        ])
23:33:02  INFO      shap  np.sum(w_aug) = np.float64(20.0)
23:33:02  INFO      shap  np.sum(self.kernelWeights) = np.float64(0.9999999999999999)
23:33:02  INFO      shap  phi = array([ 0.05117113,  0.01040221, -0.02177546,  0.        ,  0.05776746,
        0.        , -0.01138303,  0.0328237 , -0.01389516,  0.        ,
        0.        ,  0.01632896,  0.        ,  0.        ,  0.03026345,
        0.        ,  0.        ,  0.        , -0.02844819,  0.        ])
 76%|███████▋  | 153/200 [00:04<00:01, 39.34it/s]23:33:02  INFO      shap  num_full_subsets = 2
23:33:02  INFO      shap  remaining_weight_vector = array([0.19227593, 0.15321988, 0.13074763, 0.11673896, 0.10775904,
       0.10214659, 0.09905124, 0.09806073])
23:33:02  INFO      shap  num_paired_subset_sizes = 9
23:33:02  INFO      shap  weight_left = np.float64(0.5467009166626137)
23:33:02  INFO      shap  np.sum(w_aug) = np.float64(20.0)
23:33:02  INFO      shap  np.sum(self.kernelWeights) = np.float64(0.9999999999999999)
23:33:02  INFO      shap  phi = array([-0.12079244,  0.04347049,  0.06288649,  0.        , -0.02416541,
        0.09778548, -0.02868523,  0.05891652,  0.01168808,  0.        ,
        0.        ,  0.04400082,  0.        ,  0.        ,  0.        ,
        0.        ,  0.        , -0.02555056,  0.        ,  0.        ])
23:33:02  INFO      shap  np.sum(w_aug) = np.float64(20.0)
23:33:02  INFO      shap  np.sum(self.kernelWeights) = np.float64(0.9999999999999999)
23:33:02  INFO      shap  phi = array([ 0.12079244, -0.04347049, -0.06288649,  0.        ,  0.02416541,
       -0.09778548,  0.02868523, -0.05891652, -0.01168808,  0.        ,
        0.        , -0.04400082,  0.        ,  0.        ,  0.        ,
        0.        ,  0.        ,  0.02555056,  0.        ,  0.        ])
23:33:02  INFO      shap  num_full_subsets = 2
23:33:02  INFO      shap  remaining_weight_vector = array([0.19227593, 0.15321988, 0.13074763, 0.11673896, 0.10775904,
       0.10214659, 0.09905124, 0.09806073])
23:33:02  INFO      shap  num_paired_subset_sizes = 9
23:33:02  INFO      shap  weight_left = np.float64(0.5467009166626137)
23:33:02  INFO      shap  np.sum(w_aug) = np.float64(20.0)
23:33:02  INFO      shap  np.sum(self.kernelWeights) = np.float64(1.0)
23:33:02  INFO      shap  phi = array([ 0.10112298,  0.0150872 ,  0.06025005,  0.        ,  0.0175531 ,
       -0.03584024,  0.02705371, -0.03062241,  0.01104736,  0.        ,
        0.        ,  0.        ,  0.01037363,  0.        ,  0.        ,
        0.        ,  0.        ,  0.        ,  0.02258859,  0.        ])
23:33:02  INFO      shap  np.sum(w_aug) = np.float64(20.0)
23:33:02  INFO      shap  np.sum(self.kernelWeights) = np.float64(1.0)
23:33:02  INFO      shap  phi = array([-0.10112298, -0.0150872 , -0.06025005,  0.        , -0.0175531 ,
        0.03584024, -0.02705371,  0.03062241, -0.01104736,  0.        ,
        0.        ,  0.        , -0.01037363,  0.        ,  0.        ,
        0.        ,  0.        ,  0.        , -0.02258859,  0.        ])
23:33:02  INFO      shap  num_full_subsets = 2
23:33:02  INFO      shap  remaining_weight_vector = array([0.19227593, 0.15321988, 0.13074763, 0.11673896, 0.10775904,
       0.10214659, 0.09905124, 0.09806073])
23:33:02  INFO      shap  num_paired_subset_sizes = 9
23:33:02  INFO      shap  weight_left = np.float64(0.5467009166626137)
23:33:02  INFO      shap  np.sum(w_aug) = np.float64(20.0)
23:33:02  INFO      shap  np.sum(self.kernelWeights) = np.float64(1.0)
23:33:02  INFO      shap  phi = array([-0.1308236 ,  0.03727336, -0.02320908,  0.        ,  0.01716336,
       -0.03797653, -0.00851494,  0.        ,  0.01424193,  0.        ,
        0.        ,  0.04599387, -0.01331175,  0.        ,  0.        ,
        0.        ,  0.        ,  0.        , -0.01427259,  0.        ])
23:33:02  INFO      shap  np.sum(w_aug) = np.float64(20.0)
23:33:02  INFO      shap  np.sum(self.kernelWeights) = np.float64(1.0)
23:33:02  INFO      shap  phi = array([ 0.1308236 , -0.03727336,  0.02320908,  0.        , -0.01716336,
        0.03797653,  0.00851494,  0.        , -0.01424193,  0.        ,
        0.        , -0.04599387,  0.01331175,  0.        ,  0.        ,
        0.        ,  0.        ,  0.        ,  0.01427259,  0.        ])
23:33:02  INFO      shap  num_full_subsets = 2
23:33:02  INFO      shap  remaining_weight_vector = array([0.19227593, 0.15321988, 0.13074763, 0.11673896, 0.10775904,
       0.10214659, 0.09905124, 0.09806073])
23:33:02  INFO      shap  num_paired_subset_sizes = 9
23:33:02  INFO      shap  weight_left = np.float64(0.5467009166626137)
23:33:02  INFO      shap  np.sum(w_aug) = np.float64(20.0)
23:33:02  INFO      shap  np.sum(self.kernelWeights) = np.float64(1.0)
23:33:02  INFO      shap  phi = array([-0.04903444,  0.        , -0.02158954,  0.        , -0.14186788,
       -0.03528611, -0.04423679,  0.        , -0.03295619,  0.        ,
       -0.00612392, -0.04503992,  0.        ,  0.        ,  0.02941118,
        0.        ,  0.        ,  0.        ,  0.0257812 ,  0.        ])
23:33:02  INFO      shap  np.sum(w_aug) = np.float64(20.0)
23:33:02  INFO      shap  np.sum(self.kernelWeights) = np.float64(1.0)
23:33:02  INFO      shap  phi = array([ 0.04903444,  0.        ,  0.02158954,  0.        ,  0.14186788,
        0.03528611,  0.04423679,  0.        ,  0.03295619,  0.        ,
        0.00612392,  0.04503992,  0.        ,  0.        , -0.02941118,
        0.        ,  0.        ,  0.        , -0.0257812 ,  0.        ])
 78%|███████▊  | 157/200 [00:04<00:01, 39.40it/s]23:33:02  INFO      shap  num_full_subsets = 2
23:33:02  INFO      shap  remaining_weight_vector = array([0.19227593, 0.15321988, 0.13074763, 0.11673896, 0.10775904,
       0.10214659, 0.09905124, 0.09806073])
23:33:02  INFO      shap  num_paired_subset_sizes = 9
23:33:02  INFO      shap  weight_left = np.float64(0.5467009166626137)
23:33:02  INFO      shap  np.sum(w_aug) = np.float64(20.0)
23:33:02  INFO      shap  np.sum(self.kernelWeights) = np.float64(1.0)
23:33:02  INFO      shap  phi = array([-0.13391981,  0.        , -0.02588738,  0.        , -0.02734544,
       -0.03969732,  0.00928991,  0.02877456,  0.01231562,  0.02859831,
        0.        ,  0.01281066,  0.        ,  0.        ,  0.        ,
        0.        ,  0.        ,  0.        ,  0.02550605,  0.        ])
23:33:02  INFO      shap  np.sum(w_aug) = np.float64(20.0)
23:33:02  INFO      shap  np.sum(self.kernelWeights) = np.float64(1.0)
23:33:02  INFO      shap  phi = array([ 0.13391981,  0.        ,  0.02588738,  0.        ,  0.02734544,
        0.03969732, -0.00928991, -0.02877456, -0.01231562, -0.02859831,
        0.        , -0.01281066,  0.        ,  0.        ,  0.        ,
        0.        ,  0.        ,  0.        , -0.02550605,  0.        ])
23:33:02  INFO      shap  num_full_subsets = 2
23:33:02  INFO      shap  remaining_weight_vector = array([0.19227593, 0.15321988, 0.13074763, 0.11673896, 0.10775904,
       0.10214659, 0.09905124, 0.09806073])
23:33:02  INFO      shap  num_paired_subset_sizes = 9
23:33:02  INFO      shap  weight_left = np.float64(0.5467009166626137)
23:33:02  INFO      shap  np.sum(w_aug) = np.float64(20.0)
23:33:02  INFO      shap  np.sum(self.kernelWeights) = np.float64(0.9999999999999999)
23:33:02  INFO      shap  phi = array([-0.05072243,  0.        ,  0.02140645,  0.        , -0.04840813,
       -0.03843437,  0.        ,  0.02965688,  0.01250023,  0.        ,
        0.        ,  0.04652282,  0.01034558,  0.        ,  0.        ,
        0.        ,  0.        , -0.02784867,  0.02649877,  0.        ])
23:33:02  INFO      shap  np.sum(w_aug) = np.float64(20.0)
23:33:02  INFO      shap  np.sum(self.kernelWeights) = np.float64(0.9999999999999999)
23:33:02  INFO      shap  phi = array([ 0.05072243,  0.        , -0.02140645,  0.        ,  0.04840813,
        0.03843437,  0.        , -0.02965688, -0.01250023,  0.        ,
        0.        , -0.04652282, -0.01034558,  0.        ,  0.        ,
        0.        ,  0.        ,  0.02784867, -0.02649877,  0.        ])
23:33:02  INFO      shap  num_full_subsets = 2
23:33:02  INFO      shap  remaining_weight_vector = array([0.19227593, 0.15321988, 0.13074763, 0.11673896, 0.10775904,
       0.10214659, 0.09905124, 0.09806073])
23:33:02  INFO      shap  num_paired_subset_sizes = 9
23:33:02  INFO      shap  weight_left = np.float64(0.5467009166626137)
23:33:02  INFO      shap  np.sum(w_aug) = np.float64(20.0)
23:33:02  INFO      shap  np.sum(self.kernelWeights) = np.float64(1.0)
23:33:02  INFO      shap  phi = array([ 0.10853741, -0.00965976, -0.02227088,  0.        , -0.03473086,
        0.        , -0.00667109, -0.03154868,  0.        ,  0.        ,
        0.        , -0.01672815, -0.01288939, -0.02213299,  0.        ,
        0.        ,  0.        ,  0.        , -0.01306212,  0.        ])
23:33:02  INFO      shap  np.sum(w_aug) = np.float64(20.0)
23:33:02  INFO      shap  np.sum(self.kernelWeights) = np.float64(1.0)
23:33:02  INFO      shap  phi = array([-0.10853741,  0.00965976,  0.02227088,  0.        ,  0.03473086,
        0.        ,  0.00667109,  0.03154868,  0.        ,  0.        ,
        0.        ,  0.01672815,  0.01288939,  0.02213299,  0.        ,
        0.        ,  0.        ,  0.        ,  0.01306212,  0.        ])
23:33:02  INFO      shap  num_full_subsets = 2
23:33:02  INFO      shap  remaining_weight_vector = array([0.19227593, 0.15321988, 0.13074763, 0.11673896, 0.10775904,
       0.10214659, 0.09905124, 0.09806073])
23:33:02  INFO      shap  num_paired_subset_sizes = 9
23:33:02  INFO      shap  weight_left = np.float64(0.5467009166626137)
23:33:02  INFO      shap  np.sum(w_aug) = np.float64(20.0)
23:33:02  INFO      shap  np.sum(self.kernelWeights) = np.float64(1.0)
23:33:02  INFO      shap  phi = array([-0.04637208, -0.04414865, -0.01902786,  0.        , -0.16218116,
       -0.03180587,  0.03124155, -0.02660856,  0.        ,  0.        ,
        0.        , -0.04132043,  0.03025635,  0.        ,  0.03390177,
        0.        ,  0.        ,  0.        ,  0.        ,  0.        ])
23:33:02  INFO      shap  np.sum(w_aug) = np.float64(20.0)
23:33:02  INFO      shap  np.sum(self.kernelWeights) = np.float64(1.0)
23:33:02  INFO      shap  phi = array([ 0.04637208,  0.04414865,  0.01902786,  0.        ,  0.16218116,
        0.03180587, -0.03124155,  0.02660856,  0.        ,  0.        ,
        0.        ,  0.04132043, -0.03025635,  0.        , -0.03390177,
        0.        ,  0.        ,  0.        ,  0.        ,  0.        ])
 80%|████████  | 161/200 [00:04<00:00, 39.37it/s]23:33:02  INFO      shap  num_full_subsets = 2
23:33:02  INFO      shap  remaining_weight_vector = array([0.19227593, 0.15321988, 0.13074763, 0.11673896, 0.10775904,
       0.10214659, 0.09905124, 0.09806073])
23:33:02  INFO      shap  num_paired_subset_sizes = 9
23:33:02  INFO      shap  weight_left = np.float64(0.5467009166626137)
23:33:02  INFO      shap  np.sum(w_aug) = np.float64(20.0)
23:33:02  INFO      shap  np.sum(self.kernelWeights) = np.float64(1.0)
23:33:02  INFO      shap  phi = array([-0.05167497,  0.        ,  0.06516564,  0.0089802 ,  0.        ,
       -0.04033782,  0.00987   ,  0.02769696,  0.01060061,  0.        ,
        0.        ,  0.0111971 ,  0.        ,  0.00644649,  0.        ,
        0.        ,  0.        ,  0.        , -0.01790841,  0.        ])
23:33:02  INFO      shap  np.sum(w_aug) = np.float64(20.0)
23:33:02  INFO      shap  np.sum(self.kernelWeights) = np.float64(1.0)
23:33:02  INFO      shap  phi = array([ 0.05167497,  0.        , -0.06516564, -0.0089802 ,  0.        ,
        0.04033782, -0.00987   , -0.02769696, -0.01060061,  0.        ,
        0.        , -0.0111971 ,  0.        , -0.00644649,  0.        ,
        0.        ,  0.        ,  0.        ,  0.01790841,  0.        ])
23:33:02  INFO      shap  num_full_subsets = 2
23:33:02  INFO      shap  remaining_weight_vector = array([0.19227593, 0.15321988, 0.13074763, 0.11673896, 0.10775904,
       0.10214659, 0.09905124, 0.09806073])
23:33:02  INFO      shap  num_paired_subset_sizes = 9
23:33:02  INFO      shap  weight_left = np.float64(0.5467009166626137)
23:33:02  INFO      shap  np.sum(w_aug) = np.float64(20.0)
23:33:02  INFO      shap  np.sum(self.kernelWeights) = np.float64(1.0)
23:33:02  INFO      shap  phi = array([-0.05075684, -0.08784322, -0.02162386,  0.        ,  0.        ,
       -0.03628164,  0.        , -0.03151514,  0.01501401,  0.        ,
       -0.00649268,  0.04624324, -0.00854714,  0.        ,  0.        ,
        0.        ,  0.        ,  0.        , -0.01462145,  0.        ])
23:33:02  INFO      shap  np.sum(w_aug) = np.float64(20.0)
23:33:02  INFO      shap  np.sum(self.kernelWeights) = np.float64(1.0)
23:33:02  INFO      shap  phi = array([ 0.05075684,  0.08784322,  0.02162386,  0.        ,  0.        ,
        0.03628164,  0.        ,  0.03151514, -0.01501401,  0.        ,
        0.00649268, -0.04624324,  0.00854714,  0.        ,  0.        ,
        0.        ,  0.        ,  0.        ,  0.01462145,  0.        ])
23:33:02  INFO      shap  num_full_subsets = 2
23:33:02  INFO      shap  remaining_weight_vector = array([0.19227593, 0.15321988, 0.13074763, 0.11673896, 0.10775904,
       0.10214659, 0.09905124, 0.09806073])
23:33:02  INFO      shap  num_paired_subset_sizes = 9
23:33:02  INFO      shap  weight_left = np.float64(0.5467009166626137)
23:33:02  INFO      shap  np.sum(w_aug) = np.float64(20.0)
23:33:02  INFO      shap  np.sum(self.kernelWeights) = np.float64(0.9999999999999999)
23:33:02  INFO      shap  phi = array([ 0.0286173 , -0.04661284, -0.02133296,  0.        , -0.0389526 ,
       -0.03544989, -0.00606049, -0.03001306,  0.        ,  0.        ,
        0.        , -0.01479842, -0.01260517,  0.        ,  0.        ,
        0.        ,  0.        ,  0.        , -0.01372054,  0.        ])
23:33:02  INFO      shap  np.sum(w_aug) = np.float64(20.0)
23:33:02  INFO      shap  np.sum(self.kernelWeights) = np.float64(0.9999999999999999)
23:33:02  INFO      shap  phi = array([-0.0286173 ,  0.04661284,  0.02133296,  0.        ,  0.0389526 ,
        0.03544989,  0.00606049,  0.03001306,  0.        ,  0.        ,
        0.        ,  0.01479842,  0.01260517,  0.        ,  0.        ,
        0.        ,  0.        ,  0.        ,  0.01372054,  0.        ])
23:33:02  INFO      shap  num_full_subsets = 2
23:33:02  INFO      shap  remaining_weight_vector = array([0.19227593, 0.15321988, 0.13074763, 0.11673896, 0.10775904,
       0.10214659, 0.09905124, 0.09806073])
23:33:02  INFO      shap  num_paired_subset_sizes = 9
23:33:02  INFO      shap  weight_left = np.float64(0.5467009166626137)
23:33:02  INFO      shap  np.sum(w_aug) = np.float64(20.0)
23:33:02  INFO      shap  np.sum(self.kernelWeights) = np.float64(0.9999999999999999)
23:33:02  INFO      shap  phi = array([-0.13014678,  0.        , -0.02422186,  0.        ,  0.        ,
        0.09995869,  0.02914507,  0.03015685, -0.03774081,  0.        ,
        0.        ,  0.04401204, -0.01435924,  0.        , -0.03012234,
        0.        ,  0.        ,  0.        , -0.01733796,  0.        ])
23:33:02  INFO      shap  np.sum(w_aug) = np.float64(20.0)
23:33:02  INFO      shap  np.sum(self.kernelWeights) = np.float64(0.9999999999999999)
23:33:02  INFO      shap  phi = array([ 0.13014678,  0.        ,  0.02422186,  0.        ,  0.        ,
       -0.09995869, -0.02914507, -0.03015685,  0.03774081,  0.        ,
        0.        , -0.04401204,  0.01435924,  0.        ,  0.03012234,
        0.        ,  0.        ,  0.        ,  0.01733796,  0.        ])
 82%|████████▎ | 165/200 [00:04<00:00, 39.35it/s]23:33:02  INFO      shap  num_full_subsets = 2
23:33:02  INFO      shap  remaining_weight_vector = array([0.19227593, 0.15321988, 0.13074763, 0.11673896, 0.10775904,
       0.10214659, 0.09905124, 0.09806073])
23:33:02  INFO      shap  num_paired_subset_sizes = 9
23:33:02  INFO      shap  weight_left = np.float64(0.5467009166626137)
23:33:02  INFO      shap  np.sum(w_aug) = np.float64(20.0)
23:33:02  INFO      shap  np.sum(self.kernelWeights) = np.float64(0.9999999999999999)
23:33:02  INFO      shap  phi = array([-0.04828219,  0.        , -0.02181892,  0.        ,  0.01816418,
       -0.03620331, -0.02793228,  0.06252806,  0.06310433,  0.        ,
        0.        ,  0.01519305, -0.01640838,  0.        ,  0.        ,
        0.        ,  0.        ,  0.        ,  0.02716421,  0.        ])
23:33:02  INFO      shap  np.sum(w_aug) = np.float64(20.0)
23:33:02  INFO      shap  np.sum(self.kernelWeights) = np.float64(0.9999999999999999)
23:33:02  INFO      shap  phi = array([ 0.04828219,  0.        ,  0.02181892,  0.        , -0.01816418,
        0.03620331,  0.02793228, -0.06252806, -0.06310433,  0.        ,
        0.        , -0.01519305,  0.01640838,  0.        ,  0.        ,
        0.        ,  0.        ,  0.        , -0.02716421,  0.        ])
23:33:02  INFO      shap  num_full_subsets = 2
23:33:02  INFO      shap  remaining_weight_vector = array([0.19227593, 0.15321988, 0.13074763, 0.11673896, 0.10775904,
       0.10214659, 0.09905124, 0.09806073])
23:33:02  INFO      shap  num_paired_subset_sizes = 9
23:33:02  INFO      shap  weight_left = np.float64(0.5467009166626137)
23:33:02  INFO      shap  np.sum(w_aug) = np.float64(20.0)
23:33:02  INFO      shap  np.sum(self.kernelWeights) = np.float64(0.9999999999999999)
23:33:02  INFO      shap  phi = array([-0.12261315,  0.        , -0.02255215,  0.        ,  0.        ,
       -0.03516573,  0.        , -0.02905059, -0.03221839,  0.        ,
        0.        , -0.01639159, -0.01147052, -0.04768389, -0.02557645,
        0.        ,  0.        ,  0.        , -0.01361641,  0.        ])
23:33:02  INFO      shap  np.sum(w_aug) = np.float64(20.0)
23:33:02  INFO      shap  np.sum(self.kernelWeights) = np.float64(0.9999999999999999)
23:33:02  INFO      shap  phi = array([0.12261315, 0.        , 0.02255215, 0.        , 0.        ,
       0.03516573, 0.        , 0.02905059, 0.03221839, 0.        ,
       0.        , 0.01639159, 0.01147052, 0.04768389, 0.02557645,
       0.        , 0.        , 0.        , 0.01361641, 0.        ])
23:33:02  INFO      shap  num_full_subsets = 2
23:33:02  INFO      shap  remaining_weight_vector = array([0.19227593, 0.15321988, 0.13074763, 0.11673896, 0.10775904,
       0.10214659, 0.09905124, 0.09806073])
23:33:02  INFO      shap  num_paired_subset_sizes = 9
23:33:02  INFO      shap  weight_left = np.float64(0.5467009166626137)
23:33:02  INFO      shap  np.sum(w_aug) = np.float64(20.0)
23:33:02  INFO      shap  np.sum(self.kernelWeights) = np.float64(1.0)
23:33:02  INFO      shap  phi = array([-0.13119968, -0.0108447 , -0.0235827 ,  0.        ,  0.02849409,
        0.10130972, -0.00940008, -0.03248884, -0.03529919,  0.        ,
        0.        ,  0.01362743,  0.        ,  0.        ,  0.        ,
        0.        ,  0.        ,  0.        , -0.01466264,  0.        ])
23:33:02  INFO      shap  np.sum(w_aug) = np.float64(20.0)
23:33:02  INFO      shap  np.sum(self.kernelWeights) = np.float64(1.0)
23:33:02  INFO      shap  phi = array([ 0.13119968,  0.0108447 ,  0.0235827 ,  0.        , -0.02849409,
       -0.10130972,  0.00940008,  0.03248884,  0.03529919,  0.        ,
        0.        , -0.01362743,  0.        ,  0.        ,  0.        ,
        0.        ,  0.        ,  0.        ,  0.01466264,  0.        ])
23:33:02  INFO      shap  num_full_subsets = 2
23:33:02  INFO      shap  remaining_weight_vector = array([0.19227593, 0.15321988, 0.13074763, 0.11673896, 0.10775904,
       0.10214659, 0.09905124, 0.09806073])
23:33:02  INFO      shap  num_paired_subset_sizes = 9
23:33:02  INFO      shap  weight_left = np.float64(0.5467009166626137)
23:33:02  INFO      shap  np.sum(w_aug) = np.float64(20.0)
23:33:02  INFO      shap  np.sum(self.kernelWeights) = np.float64(1.0)
23:33:02  INFO      shap  phi = array([ 0.09253193,  0.        ,  0.05480593,  0.        , -0.01272485,
        0.08540036,  0.00721936,  0.        ,  0.00892606,  0.        ,
        0.        ,  0.00963859,  0.0060041 ,  0.00665134,  0.        ,
        0.        ,  0.        ,  0.        ,  0.02042275,  0.        ])
23:33:02  INFO      shap  np.sum(w_aug) = np.float64(20.0)
23:33:02  INFO      shap  np.sum(self.kernelWeights) = np.float64(1.0)
23:33:02  INFO      shap  phi = array([-0.09253193,  0.        , -0.05480593,  0.        ,  0.01272485,
       -0.08540036, -0.00721936,  0.        , -0.00892606,  0.        ,
        0.        , -0.00963859, -0.0060041 , -0.00665134,  0.        ,
        0.        ,  0.        ,  0.        , -0.02042275,  0.        ])
 84%|████████▍ | 169/200 [00:04<00:00, 39.38it/s]23:33:02  INFO      shap  num_full_subsets = 2
23:33:02  INFO      shap  remaining_weight_vector = array([0.19227593, 0.15321988, 0.13074763, 0.11673896, 0.10775904,
       0.10214659, 0.09905124, 0.09806073])
23:33:02  INFO      shap  num_paired_subset_sizes = 9
23:33:02  INFO      shap  weight_left = np.float64(0.5467009166626137)
23:33:02  INFO      shap  np.sum(w_aug) = np.float64(20.0)
23:33:02  INFO      shap  np.sum(self.kernelWeights) = np.float64(0.9999999999999999)
23:33:02  INFO      shap  phi = array([-0.12277821,  0.        , -0.10568763,  0.        ,  0.        ,
       -0.03412753, -0.02537484,  0.05754254, -0.03091287,  0.        ,
       -0.00463656,  0.        , -0.0102883 ,  0.        , -0.02447816,
        0.        ,  0.        ,  0.        , -0.01260352,  0.        ])
23:33:02  INFO      shap  np.sum(w_aug) = np.float64(20.0)
23:33:02  INFO      shap  np.sum(self.kernelWeights) = np.float64(0.9999999999999999)
23:33:02  INFO      shap  phi = array([ 0.12277821,  0.        ,  0.10568763,  0.        ,  0.        ,
        0.03412753,  0.02537484, -0.05754254,  0.03091287,  0.        ,
        0.00463656,  0.        ,  0.0102883 ,  0.        ,  0.02447816,
        0.        ,  0.        ,  0.        ,  0.01260352,  0.        ])
23:33:02  INFO      shap  num_full_subsets = 2
23:33:02  INFO      shap  remaining_weight_vector = array([0.19227593, 0.15321988, 0.13074763, 0.11673896, 0.10775904,
       0.10214659, 0.09905124, 0.09806073])
23:33:02  INFO      shap  num_paired_subset_sizes = 9
23:33:02  INFO      shap  weight_left = np.float64(0.5467009166626137)
23:33:02  INFO      shap  np.sum(w_aug) = np.float64(20.0)
23:33:02  INFO      shap  np.sum(self.kernelWeights) = np.float64(1.0)
23:33:02  INFO      shap  phi = array([-0.1294697 ,  0.        , -0.02183089,  0.        ,  0.        ,
       -0.03602605,  0.        , -0.02991388, -0.03494798,  0.06290256,
        0.01454934,  0.04734079, -0.01072944,  0.        ,  0.        ,
        0.        ,  0.        ,  0.        , -0.01281224,  0.        ])
23:33:02  INFO      shap  np.sum(w_aug) = np.float64(20.0)
23:33:02  INFO      shap  np.sum(self.kernelWeights) = np.float64(1.0)
23:33:02  INFO      shap  phi = array([ 0.1294697 ,  0.        ,  0.02183089,  0.        ,  0.        ,
        0.03602605,  0.        ,  0.02991388,  0.03494798, -0.06290256,
       -0.01454934, -0.04734079,  0.01072944,  0.        ,  0.        ,
        0.        ,  0.        ,  0.        ,  0.01281224,  0.        ])
23:33:02  INFO      shap  num_full_subsets = 2
23:33:02  INFO      shap  remaining_weight_vector = array([0.19227593, 0.15321988, 0.13074763, 0.11673896, 0.10775904,
       0.10214659, 0.09905124, 0.09806073])
23:33:02  INFO      shap  num_paired_subset_sizes = 9
23:33:02  INFO      shap  weight_left = np.float64(0.5467009166626137)
23:33:02  INFO      shap  np.sum(w_aug) = np.float64(20.0)
23:33:02  INFO      shap  np.sum(self.kernelWeights) = np.float64(1.0)
23:33:02  INFO      shap  phi = array([-0.12621271,  0.        , -0.01986207,  0.        ,  0.        ,
       -0.033011  , -0.04447963, -0.02805714,  0.        ,  0.        ,
        0.0157378 , -0.01457321, -0.01096459,  0.        ,  0.        ,
        0.        , -0.00470327,  0.        , -0.01251138,  0.        ])
23:33:02  INFO      shap  np.sum(w_aug) = np.float64(20.0)
23:33:02  INFO      shap  np.sum(self.kernelWeights) = np.float64(1.0)
23:33:02  INFO      shap  phi = array([ 0.12621271,  0.        ,  0.01986207,  0.        ,  0.        ,
        0.033011  ,  0.04447963,  0.02805714,  0.        ,  0.        ,
       -0.0157378 ,  0.01457321,  0.01096459,  0.        ,  0.        ,
        0.        ,  0.00470327,  0.        ,  0.01251138,  0.        ])
23:33:02  INFO      shap  num_full_subsets = 2
23:33:02  INFO      shap  remaining_weight_vector = array([0.19227593, 0.15321988, 0.13074763, 0.11673896, 0.10775904,
       0.10214659, 0.09905124, 0.09806073])
23:33:02  INFO      shap  num_paired_subset_sizes = 9
23:33:02  INFO      shap  weight_left = np.float64(0.5467009166626137)
23:33:02  INFO      shap  np.sum(w_aug) = np.float64(20.0)
23:33:02  INFO      shap  np.sum(self.kernelWeights) = np.float64(1.0)
23:33:02  INFO      shap  phi = array([ 0.10621881,  0.04567902, -0.02265252,  0.        ,  0.02555415,
       -0.03635923, -0.0280614 ,  0.06124381, -0.03361934,  0.        ,
        0.        , -0.04733169,  0.02548239,  0.        ,  0.        ,
        0.        ,  0.        ,  0.        ,  0.        ,  0.        ])
23:33:02  INFO      shap  np.sum(w_aug) = np.float64(20.0)
23:33:02  INFO      shap  np.sum(self.kernelWeights) = np.float64(1.0)
23:33:02  INFO      shap  phi = array([-0.10621881, -0.04567902,  0.02265252,  0.        , -0.02555415,
        0.03635923,  0.0280614 , -0.06124381,  0.03361934,  0.        ,
        0.        ,  0.04733169, -0.02548239,  0.        ,  0.        ,
        0.        ,  0.        ,  0.        ,  0.        ,  0.        ])
 86%|████████▋ | 173/200 [00:04<00:00, 39.41it/s]23:33:02  INFO      shap  num_full_subsets = 2
23:33:02  INFO      shap  remaining_weight_vector = array([0.19227593, 0.15321988, 0.13074763, 0.11673896, 0.10775904,
       0.10214659, 0.09905124, 0.09806073])
23:33:02  INFO      shap  num_paired_subset_sizes = 9
23:33:02  INFO      shap  weight_left = np.float64(0.5467009166626137)
23:33:02  INFO      shap  np.sum(w_aug) = np.float64(20.0)
23:33:02  INFO      shap  np.sum(self.kernelWeights) = np.float64(1.0)
23:33:02  INFO      shap  phi = array([-0.13387697,  0.        , -0.07405275,  0.        ,  0.        ,
       -0.04445583,  0.        ,  0.0513375 , -0.04228668,  0.05354839,
        0.        , -0.02517757,  0.        , -0.05928092, -0.03455503,
        0.        ,  0.        ,  0.        ,  0.        ,  0.1100582 ])
23:33:02  INFO      shap  np.sum(w_aug) = np.float64(20.0)
23:33:02  INFO      shap  np.sum(self.kernelWeights) = np.float64(1.0)
23:33:02  INFO      shap  phi = array([ 0.13387697,  0.        ,  0.07405275,  0.        ,  0.        ,
        0.04445583,  0.        , -0.0513375 ,  0.04228668, -0.05354839,
        0.        ,  0.02517757,  0.        ,  0.05928092,  0.03455503,
        0.        ,  0.        ,  0.        ,  0.        , -0.1100582 ])
23:33:02  INFO      shap  num_full_subsets = 2
23:33:02  INFO      shap  remaining_weight_vector = array([0.19227593, 0.15321988, 0.13074763, 0.11673896, 0.10775904,
       0.10214659, 0.09905124, 0.09806073])
23:33:02  INFO      shap  num_paired_subset_sizes = 9
23:33:02  INFO      shap  weight_left = np.float64(0.5467009166626137)
23:33:02  INFO      shap  np.sum(w_aug) = np.float64(20.0)
23:33:02  INFO      shap  np.sum(self.kernelWeights) = np.float64(1.0)
23:33:02  INFO      shap  phi = array([-0.05267841,  0.02516045, -0.02610603,  0.        ,  0.03645568,
       -0.03967419,  0.        ,  0.0290193 ,  0.06159384,  0.        ,
        0.        , -0.02027659, -0.01669009, -0.05606323,  0.        ,
        0.        ,  0.        ,  0.        ,  0.        ,  0.        ])
23:33:02  INFO      shap  np.sum(w_aug) = np.float64(20.0)
23:33:02  INFO      shap  np.sum(self.kernelWeights) = np.float64(1.0)
23:33:02  INFO      shap  phi = array([ 0.05267841, -0.02516045,  0.02610603,  0.        , -0.03645568,
        0.03967419,  0.        , -0.0290193 , -0.06159384,  0.        ,
        0.        ,  0.02027659,  0.01669009,  0.05606323,  0.        ,
        0.        ,  0.        ,  0.        ,  0.        ,  0.        ])
23:33:02  INFO      shap  num_full_subsets = 2
23:33:02  INFO      shap  remaining_weight_vector = array([0.19227593, 0.15321988, 0.13074763, 0.11673896, 0.10775904,
       0.10214659, 0.09905124, 0.09806073])
23:33:02  INFO      shap  num_paired_subset_sizes = 9
23:33:02  INFO      shap  weight_left = np.float64(0.5467009166626137)
23:33:02  INFO      shap  np.sum(w_aug) = np.float64(20.0)
23:33:02  INFO      shap  np.sum(self.kernelWeights) = np.float64(1.0)
23:33:02  INFO      shap  phi = array([ 0.10289734,  0.        , -0.02078535,  0.        ,  0.03014291,
        0.09640651, -0.02760583, -0.02937272, -0.03449698,  0.        ,
        0.        ,  0.04351054,  0.        ,  0.        , -0.02598331,
        0.        ,  0.        ,  0.        ,  0.02607483,  0.        ])
23:33:02  INFO      shap  np.sum(w_aug) = np.float64(20.0)
23:33:02  INFO      shap  np.sum(self.kernelWeights) = np.float64(1.0)
23:33:02  INFO      shap  phi = array([-0.10289734,  0.        ,  0.02078535,  0.        , -0.03014291,
       -0.09640651,  0.02760583,  0.02937272,  0.03449698,  0.        ,
        0.        , -0.04351054,  0.        ,  0.        ,  0.02598331,
        0.        ,  0.        ,  0.        , -0.02607483,  0.        ])
23:33:02  INFO      shap  num_full_subsets = 2
23:33:02  INFO      shap  remaining_weight_vector = array([0.19227593, 0.15321988, 0.13074763, 0.11673896, 0.10775904,
       0.10214659, 0.09905124, 0.09806073])
23:33:02  INFO      shap  num_paired_subset_sizes = 9
23:33:02  INFO      shap  weight_left = np.float64(0.5467009166626137)
23:33:02  INFO      shap  np.sum(w_aug) = np.float64(20.0)
23:33:02  INFO      shap  np.sum(self.kernelWeights) = np.float64(0.9999999999999999)
23:33:02  INFO      shap  phi = array([ 0.10684529,  0.00825967,  0.06697424,  0.        , -0.00881821,
       -0.03702539, -0.0278823 ,  0.        , -0.08440582,  0.        ,
        0.        , -0.01707212,  0.        ,  0.00956996,  0.        ,
        0.        ,  0.        ,  0.        ,  0.02694987,  0.        ])
23:33:02  INFO      shap  np.sum(w_aug) = np.float64(20.0)
23:33:02  INFO      shap  np.sum(self.kernelWeights) = np.float64(0.9999999999999999)
23:33:02  INFO      shap  phi = array([-0.10684529, -0.00825967, -0.06697424,  0.        ,  0.00881821,
        0.03702539,  0.0278823 ,  0.        ,  0.08440582,  0.        ,
        0.        ,  0.01707212,  0.        , -0.00956996,  0.        ,
        0.        ,  0.        ,  0.        , -0.02694987,  0.        ])
 88%|████████▊ | 177/200 [00:04<00:00, 39.40it/s]23:33:02  INFO      shap  num_full_subsets = 2
23:33:02  INFO      shap  remaining_weight_vector = array([0.19227593, 0.15321988, 0.13074763, 0.11673896, 0.10775904,
       0.10214659, 0.09905124, 0.09806073])
23:33:02  INFO      shap  num_paired_subset_sizes = 9
23:33:02  INFO      shap  weight_left = np.float64(0.5467009166626137)
23:33:02  INFO      shap  np.sum(w_aug) = np.float64(20.0)
23:33:02  INFO      shap  np.sum(self.kernelWeights) = np.float64(0.9999999999999999)
23:33:02  INFO      shap  phi = array([-0.12903979,  0.03718938,  0.06635244,  0.        ,  0.        ,
       -0.03847898,  0.        ,  0.0303476 ,  0.01360279,  0.        ,
        0.        ,  0.04537544,  0.        ,  0.        , -0.02916655,
        0.        ,  0.        , -0.02642266, -0.01575907,  0.        ])
23:33:02  INFO      shap  np.sum(w_aug) = np.float64(20.0)
23:33:02  INFO      shap  np.sum(self.kernelWeights) = np.float64(0.9999999999999999)
23:33:02  INFO      shap  phi = array([ 0.12903979, -0.03718938, -0.06635244,  0.        ,  0.        ,
        0.03847898,  0.        , -0.0303476 , -0.01360279,  0.        ,
        0.        , -0.04537544,  0.        ,  0.        ,  0.02916655,
        0.        ,  0.        ,  0.02642266,  0.01575907,  0.        ])
23:33:02  INFO      shap  num_full_subsets = 2
23:33:02  INFO      shap  remaining_weight_vector = array([0.19227593, 0.15321988, 0.13074763, 0.11673896, 0.10775904,
       0.10214659, 0.09905124, 0.09806073])
23:33:02  INFO      shap  num_paired_subset_sizes = 9
23:33:02  INFO      shap  weight_left = np.float64(0.5467009166626137)
23:33:02  INFO      shap  np.sum(w_aug) = np.float64(20.0)
23:33:02  INFO      shap  np.sum(self.kernelWeights) = np.float64(1.0)
23:33:02  INFO      shap  phi = array([ 0.10809199, -0.04863035, -0.02270613,  0.        ,  0.01400631,
        0.03221881,  0.03058431, -0.0322243 ,  0.01364195,  0.        ,
        0.        , -0.01729372,  0.        ,  0.        ,  0.        ,
        0.        ,  0.        ,  0.        , -0.0151889 ,  0.        ])
23:33:02  INFO      shap  np.sum(w_aug) = np.float64(20.0)
23:33:02  INFO      shap  np.sum(self.kernelWeights) = np.float64(1.0)
23:33:02  INFO      shap  phi = array([-0.10809199,  0.04863035,  0.02270613,  0.        , -0.01400631,
       -0.03221881, -0.03058431,  0.0322243 , -0.01364195,  0.        ,
        0.        ,  0.01729372,  0.        ,  0.        ,  0.        ,
        0.        ,  0.        ,  0.        ,  0.0151889 ,  0.        ])
23:33:02  INFO      shap  num_full_subsets = 2
23:33:02  INFO      shap  remaining_weight_vector = array([0.19227593, 0.15321988, 0.13074763, 0.11673896, 0.10775904,
       0.10214659, 0.09905124, 0.09806073])
23:33:02  INFO      shap  num_paired_subset_sizes = 9
23:33:02  INFO      shap  weight_left = np.float64(0.5467009166626137)
23:33:02  INFO      shap  np.sum(w_aug) = np.float64(20.0)
23:33:02  INFO      shap  np.sum(self.kernelWeights) = np.float64(1.0)
23:33:02  INFO      shap  phi = array([-0.12558079,  0.05018292, -0.02062014,  0.        ,  0.04495597,
       -0.03389667,  0.03554996,  0.03448156, -0.03292125,  0.        ,
        0.        ,  0.        ,  0.        , -0.04991536,  0.        ,
        0.        ,  0.        ,  0.        ,  0.03073475,  0.        ])
23:33:02  INFO      shap  np.sum(w_aug) = np.float64(20.0)
23:33:02  INFO      shap  np.sum(self.kernelWeights) = np.float64(1.0)
23:33:02  INFO      shap  phi = array([ 0.12558079, -0.05018292,  0.02062014,  0.        , -0.04495597,
        0.03389667, -0.03554996, -0.03448156,  0.03292125,  0.        ,
        0.        ,  0.        ,  0.        ,  0.04991536,  0.        ,
        0.        ,  0.        ,  0.        , -0.03073475,  0.        ])
23:33:02  INFO      shap  num_full_subsets = 2
23:33:02  INFO      shap  remaining_weight_vector = array([0.19227593, 0.15321988, 0.13074763, 0.11673896, 0.10775904,
       0.10214659, 0.09905124, 0.09806073])
23:33:02  INFO      shap  num_paired_subset_sizes = 9
23:33:02  INFO      shap  weight_left = np.float64(0.5467009166626137)
23:33:03  INFO      shap  np.sum(w_aug) = np.float64(20.0)
23:33:03  INFO      shap  np.sum(self.kernelWeights) = np.float64(1.0)
23:33:03  INFO      shap  phi = array([ 0.10687223,  0.02943394,  0.06556074,  0.        ,  0.02670669,
       -0.03729566, -0.02894754, -0.03242365, -0.03559346,  0.        ,
        0.        , -0.01806921,  0.        ,  0.        ,  0.        ,
        0.        ,  0.        ,  0.        , -0.0151229 ,  0.        ])
23:33:03  INFO      shap  np.sum(w_aug) = np.float64(20.0)
23:33:03  INFO      shap  np.sum(self.kernelWeights) = np.float64(1.0)
23:33:03  INFO      shap  phi = array([-0.10687223, -0.02943394, -0.06556074,  0.        , -0.02670669,
        0.03729566,  0.02894754,  0.03242365,  0.03559346,  0.        ,
        0.        ,  0.01806921,  0.        ,  0.        ,  0.        ,
        0.        ,  0.        ,  0.        ,  0.0151229 ,  0.        ])
 90%|█████████ | 181/200 [00:04<00:00, 39.44it/s]23:33:03  INFO      shap  num_full_subsets = 2
23:33:03  INFO      shap  remaining_weight_vector = array([0.19227593, 0.15321988, 0.13074763, 0.11673896, 0.10775904,
       0.10214659, 0.09905124, 0.09806073])
23:33:03  INFO      shap  num_paired_subset_sizes = 9
23:33:03  INFO      shap  weight_left = np.float64(0.5467009166626137)
23:33:03  INFO      shap  np.sum(w_aug) = np.float64(20.0)
23:33:03  INFO      shap  np.sum(self.kernelWeights) = np.float64(1.0)
23:33:03  INFO      shap  phi = array([-0.13141431, -0.05060708,  0.06599308,  0.        , -0.03338002,
       -0.03789314, -0.00946635,  0.        ,  0.01383732,  0.06246709,
        0.        ,  0.01420441,  0.        ,  0.        ,  0.        ,
        0.        ,  0.        ,  0.        , -0.01560764,  0.        ])
23:33:03  INFO      shap  np.sum(w_aug) = np.float64(20.0)
23:33:03  INFO      shap  np.sum(self.kernelWeights) = np.float64(1.0)
23:33:03  INFO      shap  phi = array([ 0.13141431,  0.05060708, -0.06599308,  0.        ,  0.03338002,
        0.03789314,  0.00946635,  0.        , -0.01383732, -0.06246709,
        0.        , -0.01420441,  0.        ,  0.        ,  0.        ,
        0.        ,  0.        ,  0.        ,  0.01560764,  0.        ])
23:33:03  INFO      shap  num_full_subsets = 2
23:33:03  INFO      shap  remaining_weight_vector = array([0.19227593, 0.15321988, 0.13074763, 0.11673896, 0.10775904,
       0.10214659, 0.09905124, 0.09806073])
23:33:03  INFO      shap  num_paired_subset_sizes = 9
23:33:03  INFO      shap  weight_left = np.float64(0.5467009166626137)
23:33:03  INFO      shap  np.sum(w_aug) = np.float64(20.0)
23:33:03  INFO      shap  np.sum(self.kernelWeights) = np.float64(0.9999999999999999)
23:33:03  INFO      shap  phi = array([ 0.09706021,  0.        ,  0.05760503,  0.00630416,  0.        ,
       -0.03555616,  0.        ,  0.        ,  0.00782346,  0.        ,
        0.00260648,  0.0365804 ,  0.03323615,  0.00527457,  0.        ,
        0.        ,  0.        ,  0.        ,  0.02039089,  0.        ])
23:33:03  INFO      shap  np.sum(w_aug) = np.float64(20.0)
23:33:03  INFO      shap  np.sum(self.kernelWeights) = np.float64(0.9999999999999999)
23:33:03  INFO      shap  phi = array([-0.09706021,  0.        , -0.05760503, -0.00630416,  0.        ,
        0.03555616,  0.        ,  0.        , -0.00782346,  0.        ,
       -0.00260648, -0.0365804 , -0.03323615, -0.00527457,  0.        ,
        0.        ,  0.        ,  0.        , -0.02039089,  0.        ])
23:33:03  INFO      shap  num_full_subsets = 2
23:33:03  INFO      shap  remaining_weight_vector = array([0.19227593, 0.15321988, 0.13074763, 0.11673896, 0.10775904,
       0.10214659, 0.09905124, 0.09806073])
23:33:03  INFO      shap  num_paired_subset_sizes = 9
23:33:03  INFO      shap  weight_left = np.float64(0.5467009166626137)
23:33:03  INFO      shap  np.sum(w_aug) = np.float64(20.0)
23:33:03  INFO      shap  np.sum(self.kernelWeights) = np.float64(0.9999999999999999)
23:33:03  INFO      shap  phi = array([-0.04999354, -0.00905786, -0.02087285,  0.        ,  0.03248112,
       -0.03718215, -0.0281773 , -0.03031673,  0.        ,  0.        ,
        0.        ,  0.01677901, -0.00979028,  0.        ,  0.        ,
        0.        ,  0.        ,  0.        , -0.01348822,  0.        ])
23:33:03  INFO      shap  np.sum(w_aug) = np.float64(20.0)
23:33:03  INFO      shap  np.sum(self.kernelWeights) = np.float64(0.9999999999999999)
23:33:03  INFO      shap  phi = array([ 0.04999354,  0.00905786,  0.02087285,  0.        , -0.03248112,
        0.03718215,  0.0281773 ,  0.03031673,  0.        ,  0.        ,
        0.        , -0.01677901,  0.00979028,  0.        ,  0.        ,
        0.        ,  0.        ,  0.        ,  0.01348822,  0.        ])
23:33:03  INFO      shap  num_full_subsets = 2
23:33:03  INFO      shap  remaining_weight_vector = array([0.19227593, 0.15321988, 0.13074763, 0.11673896, 0.10775904,
       0.10214659, 0.09905124, 0.09806073])
23:33:03  INFO      shap  num_paired_subset_sizes = 9
23:33:03  INFO      shap  weight_left = np.float64(0.5467009166626137)
23:33:03  INFO      shap  np.sum(w_aug) = np.float64(20.0)
23:33:03  INFO      shap  np.sum(self.kernelWeights) = np.float64(1.0000000000000002)
23:33:03  INFO      shap  phi = array([-0.11548872,  0.        , -0.0941661 ,  0.        , -0.01071751,
       -0.03180988,  0.        ,  0.        ,  0.        ,  0.        ,
        0.        , -0.04004099, -0.01308277, -0.04373108, -0.0237589 ,
        0.        ,  0.        , -0.02120591, -0.01365196,  0.        ])
23:33:03  INFO      shap  np.sum(w_aug) = np.float64(20.0)
23:33:03  INFO      shap  np.sum(self.kernelWeights) = np.float64(1.0000000000000002)
23:33:03  INFO      shap  phi = array([0.11548872, 0.        , 0.0941661 , 0.        , 0.01071751,
       0.03180988, 0.        , 0.        , 0.        , 0.        ,
       0.        , 0.04004099, 0.01308277, 0.04373108, 0.0237589 ,
       0.        , 0.        , 0.02120591, 0.01365196, 0.        ])
 92%|█████████▎| 185/200 [00:04<00:00, 39.41it/s]23:33:03  INFO      shap  num_full_subsets = 2
23:33:03  INFO      shap  remaining_weight_vector = array([0.19227593, 0.15321988, 0.13074763, 0.11673896, 0.10775904,
       0.10214659, 0.09905124, 0.09806073])
23:33:03  INFO      shap  num_paired_subset_sizes = 9
23:33:03  INFO      shap  weight_left = np.float64(0.5467009166626137)
23:33:03  INFO      shap  np.sum(w_aug) = np.float64(20.0)
23:33:03  INFO      shap  np.sum(self.kernelWeights) = np.float64(0.9999999999999999)
23:33:03  INFO      shap  phi = array([-0.13089571,  0.        ,  0.06579396,  0.        , -0.01763447,
       -0.03857893,  0.03073796,  0.0620593 , -0.03688729,  0.        ,
        0.        ,  0.01413052, -0.01571404,  0.        ,  0.        ,
        0.        ,  0.        ,  0.        , -0.01584033,  0.        ])
23:33:03  INFO      shap  np.sum(w_aug) = np.float64(20.0)
23:33:03  INFO      shap  np.sum(self.kernelWeights) = np.float64(0.9999999999999999)
23:33:03  INFO      shap  phi = array([ 0.13089571,  0.        , -0.06579396,  0.        ,  0.01763447,
        0.03857893, -0.03073796, -0.0620593 ,  0.03688729,  0.        ,
        0.        , -0.01413052,  0.01571404,  0.        ,  0.        ,
        0.        ,  0.        ,  0.        ,  0.01584033,  0.        ])
23:33:03  INFO      shap  num_full_subsets = 2
23:33:03  INFO      shap  remaining_weight_vector = array([0.19227593, 0.15321988, 0.13074763, 0.11673896, 0.10775904,
       0.10214659, 0.09905124, 0.09806073])
23:33:03  INFO      shap  num_paired_subset_sizes = 9
23:33:03  INFO      shap  weight_left = np.float64(0.5467009166626137)
23:33:03  INFO      shap  np.sum(w_aug) = np.float64(20.0)
23:33:03  INFO      shap  np.sum(self.kernelWeights) = np.float64(0.9999999999999999)
23:33:03  INFO      shap  phi = array([ 0.02392731,  0.03471365,  0.        ,  0.        ,  0.01836505,
        0.08165729, -0.02565572,  0.04706626,  0.00716445,  0.        ,
        0.        ,  0.0347112 ,  0.        ,  0.        ,  0.        ,
        0.        ,  0.        , -0.02409493,  0.        ,  0.09862567])
23:33:03  INFO      shap  np.sum(w_aug) = np.float64(20.0)
23:33:03  INFO      shap  np.sum(self.kernelWeights) = np.float64(0.9999999999999999)
23:33:03  INFO      shap  phi = array([-0.02392731, -0.03471365,  0.        ,  0.        , -0.01836505,
       -0.08165729,  0.02565572, -0.04706626, -0.00716445,  0.        ,
        0.        , -0.0347112 ,  0.        ,  0.        ,  0.        ,
        0.        ,  0.        ,  0.02409493,  0.        , -0.09862567])
23:33:03  INFO      shap  num_full_subsets = 2
23:33:03  INFO      shap  remaining_weight_vector = array([0.19227593, 0.15321988, 0.13074763, 0.11673896, 0.10775904,
       0.10214659, 0.09905124, 0.09806073])
23:33:03  INFO      shap  num_paired_subset_sizes = 9
23:33:03  INFO      shap  weight_left = np.float64(0.5467009166626137)
23:33:03  INFO      shap  np.sum(w_aug) = np.float64(20.0)
23:33:03  INFO      shap  np.sum(self.kernelWeights) = np.float64(1.0)
23:33:03  INFO      shap  phi = array([-0.12568193, -0.04582469,  0.0624314 ,  0.        , -0.0707426 ,
       -0.03499168, -0.00710779,  0.        , -0.03270154,  0.        ,
        0.        , -0.0449597 , -0.01149369,  0.        ,  0.        ,
        0.        ,  0.        ,  0.        ,  0.02635274,  0.        ])
23:33:03  INFO      shap  np.sum(w_aug) = np.float64(20.0)
23:33:03  INFO      shap  np.sum(self.kernelWeights) = np.float64(1.0)
23:33:03  INFO      shap  phi = array([ 0.12568193,  0.04582469, -0.0624314 ,  0.        ,  0.0707426 ,
        0.03499168,  0.00710779,  0.        ,  0.03270154,  0.        ,
        0.        ,  0.0449597 ,  0.01149369,  0.        ,  0.        ,
        0.        ,  0.        ,  0.        , -0.02635274,  0.        ])
23:33:03  INFO      shap  num_full_subsets = 2
23:33:03  INFO      shap  remaining_weight_vector = array([0.19227593, 0.15321988, 0.13074763, 0.11673896, 0.10775904,
       0.10214659, 0.09905124, 0.09806073])
23:33:03  INFO      shap  num_paired_subset_sizes = 9
23:33:03  INFO      shap  weight_left = np.float64(0.5467009166626137)
23:33:03  INFO      shap  np.sum(w_aug) = np.float64(19.999999999999996)
23:33:03  INFO      shap  np.sum(self.kernelWeights) = np.float64(0.9999999999999999)
23:33:03  INFO      shap  phi = array([ 0.10467197,  0.        , -0.02443261,  0.        ,  0.04086639,
       -0.03898862, -0.04912225,  0.        , -0.03711879,  0.02923869,
        0.        ,  0.04425788,  0.        ,  0.        , -0.02931636,
        0.        ,  0.        ,  0.        , -0.01639847,  0.        ])
23:33:03  INFO      shap  np.sum(w_aug) = np.float64(19.999999999999996)
23:33:03  INFO      shap  np.sum(self.kernelWeights) = np.float64(0.9999999999999999)
23:33:03  INFO      shap  phi = array([-0.10467197,  0.        ,  0.02443261,  0.        , -0.04086639,
        0.03898862,  0.04912225,  0.        ,  0.03711879, -0.02923869,
        0.        , -0.04425788,  0.        ,  0.        ,  0.02931636,
        0.        ,  0.        ,  0.        ,  0.01639847,  0.        ])
 94%|█████████▍| 189/200 [00:04<00:00, 39.46it/s]23:33:03  INFO      shap  num_full_subsets = 2
23:33:03  INFO      shap  remaining_weight_vector = array([0.19227593, 0.15321988, 0.13074763, 0.11673896, 0.10775904,
       0.10214659, 0.09905124, 0.09806073])
23:33:03  INFO      shap  num_paired_subset_sizes = 9
23:33:03  INFO      shap  weight_left = np.float64(0.5467009166626137)
23:33:03  INFO      shap  np.sum(w_aug) = np.float64(20.0)
23:33:03  INFO      shap  np.sum(self.kernelWeights) = np.float64(1.0)
23:33:03  INFO      shap  phi = array([ 0.10068062,  0.0325715 ,  0.        ,  0.        ,  0.02483894,
       -0.03967992, -0.03168482,  0.05603785, -0.03750764,  0.        ,
        0.        ,  0.04077114,  0.        ,  0.        , -0.03133288,
        0.        ,  0.        ,  0.        ,  0.02197106,  0.        ])
23:33:03  INFO      shap  np.sum(w_aug) = np.float64(20.0)
23:33:03  INFO      shap  np.sum(self.kernelWeights) = np.float64(1.0)
23:33:03  INFO      shap  phi = array([-0.10068062, -0.0325715 ,  0.        ,  0.        , -0.02483894,
        0.03967992,  0.03168482, -0.05603785,  0.03750764,  0.        ,
        0.        , -0.04077114,  0.        ,  0.        ,  0.03133288,
        0.        ,  0.        ,  0.        , -0.02197106,  0.        ])
23:33:03  INFO      shap  num_full_subsets = 2
23:33:03  INFO      shap  remaining_weight_vector = array([0.19227593, 0.15321988, 0.13074763, 0.11673896, 0.10775904,
       0.10214659, 0.09905124, 0.09806073])
23:33:03  INFO      shap  num_paired_subset_sizes = 9
23:33:03  INFO      shap  weight_left = np.float64(0.5467009166626137)
23:33:03  INFO      shap  np.sum(w_aug) = np.float64(20.0)
23:33:03  INFO      shap  np.sum(self.kernelWeights) = np.float64(0.9999999999999999)
23:33:03  INFO      shap  phi = array([ 0.10365708,  0.01839117, -0.01999281,  0.        ,  0.03370689,
        0.0959409 , -0.02606691, -0.02971077, -0.03303398,  0.        ,
        0.        ,  0.04295375,  0.        ,  0.        ,  0.        ,
        0.        ,  0.        ,  0.        , -0.0132332 ,  0.        ])
23:33:03  INFO      shap  np.sum(w_aug) = np.float64(20.0)
23:33:03  INFO      shap  np.sum(self.kernelWeights) = np.float64(0.9999999999999999)
23:33:03  INFO      shap  phi = array([-0.10365708, -0.01839117,  0.01999281,  0.        , -0.03370689,
       -0.0959409 ,  0.02606691,  0.02971077,  0.03303398,  0.        ,
        0.        , -0.04295375,  0.        ,  0.        ,  0.        ,
        0.        ,  0.        ,  0.        ,  0.0132332 ,  0.        ])
23:33:03  INFO      shap  num_full_subsets = 2
23:33:03  INFO      shap  remaining_weight_vector = array([0.19227593, 0.15321988, 0.13074763, 0.11673896, 0.10775904,
       0.10214659, 0.09905124, 0.09806073])
23:33:03  INFO      shap  num_paired_subset_sizes = 9
23:33:03  INFO      shap  weight_left = np.float64(0.5467009166626137)
23:33:03  INFO      shap  np.sum(w_aug) = np.float64(20.0)
23:33:03  INFO      shap  np.sum(self.kernelWeights) = np.float64(1.0)
23:33:03  INFO      shap  phi = array([ 0.10772302,  0.        , -0.02378611,  0.01093171,  0.02425513,
        0.        , -0.01003056,  0.        , -0.03599297,  0.        ,
        0.        ,  0.01325968, -0.01569156,  0.        , -0.02927643,
        0.        ,  0.        ,  0.        , -0.01514876,  0.        ])
23:33:03  INFO      shap  np.sum(w_aug) = np.float64(20.0)
23:33:03  INFO      shap  np.sum(self.kernelWeights) = np.float64(1.0)
23:33:03  INFO      shap  phi = array([-0.10772302,  0.        ,  0.02378611, -0.01093171, -0.02425513,
        0.        ,  0.01003056,  0.        ,  0.03599297,  0.        ,
        0.        , -0.01325968,  0.01569156,  0.        ,  0.02927643,
        0.        ,  0.        ,  0.        ,  0.01514876,  0.        ])
23:33:03  INFO      shap  num_full_subsets = 2
23:33:03  INFO      shap  remaining_weight_vector = array([0.19227593, 0.15321988, 0.13074763, 0.11673896, 0.10775904,
       0.10214659, 0.09905124, 0.09806073])
23:33:03  INFO      shap  num_paired_subset_sizes = 9
23:33:03  INFO      shap  weight_left = np.float64(0.5467009166626137)
23:33:03  INFO      shap  np.sum(w_aug) = np.float64(20.0)
23:33:03  INFO      shap  np.sum(self.kernelWeights) = np.float64(1.0)
23:33:03  INFO      shap  phi = array([-0.12458038,  0.        , -0.02318035,  0.        , -0.06867251,
        0.09969135, -0.02876483,  0.06001776, -0.03516157,  0.        ,
        0.        ,  0.01301059,  0.        ,  0.        ,  0.        ,
        0.        ,  0.        ,  0.        ,  0.0267378 ,  0.12105432])
23:33:03  INFO      shap  np.sum(w_aug) = np.float64(20.0)
23:33:03  INFO      shap  np.sum(self.kernelWeights) = np.float64(1.0)
23:33:03  INFO      shap  phi = array([ 0.12458038,  0.        ,  0.02318035,  0.        ,  0.06867251,
       -0.09969135,  0.02876483, -0.06001776,  0.03516157,  0.        ,
        0.        , -0.01301059,  0.        ,  0.        ,  0.        ,
        0.        ,  0.        ,  0.        , -0.0267378 , -0.12105432])
 96%|█████████▋| 193/200 [00:05<00:00, 39.47it/s]23:33:03  INFO      shap  num_full_subsets = 2
23:33:03  INFO      shap  remaining_weight_vector = array([0.19227593, 0.15321988, 0.13074763, 0.11673896, 0.10775904,
       0.10214659, 0.09905124, 0.09806073])
23:33:03  INFO      shap  num_paired_subset_sizes = 9
23:33:03  INFO      shap  weight_left = np.float64(0.5467009166626137)
23:33:03  INFO      shap  np.sum(w_aug) = np.float64(20.0)
23:33:03  INFO      shap  np.sum(self.kernelWeights) = np.float64(1.0)
23:33:03  INFO      shap  phi = array([-0.12763782,  0.        , -0.01978469,  0.        , -0.01034461,
       -0.03581434, -0.04680133,  0.06184294,  0.        ,  0.        ,
        0.        , -0.04615543, -0.01463213,  0.        ,  0.03162891,
        0.        ,  0.        ,  0.        , -0.01386677,  0.        ])
23:33:03  INFO      shap  np.sum(w_aug) = np.float64(20.0)
23:33:03  INFO      shap  np.sum(self.kernelWeights) = np.float64(1.0)
23:33:03  INFO      shap  phi = array([ 0.12763782,  0.        ,  0.01978469,  0.        ,  0.01034461,
        0.03581434,  0.04680133, -0.06184294,  0.        ,  0.        ,
        0.        ,  0.04615543,  0.01463213,  0.        , -0.03162891,
        0.        ,  0.        ,  0.        ,  0.01386677,  0.        ])
23:33:03  INFO      shap  num_full_subsets = 2
23:33:03  INFO      shap  remaining_weight_vector = array([0.19227593, 0.15321988, 0.13074763, 0.11673896, 0.10775904,
       0.10214659, 0.09905124, 0.09806073])
23:33:03  INFO      shap  num_paired_subset_sizes = 9
23:33:03  INFO      shap  weight_left = np.float64(0.5467009166626137)
23:33:03  INFO      shap  np.sum(w_aug) = np.float64(20.0)
23:33:03  INFO      shap  np.sum(self.kernelWeights) = np.float64(1.0)
23:33:03  INFO      shap  phi = array([-0.12731784,  0.028023  , -0.06503262,  0.        ,  0.03753116,
       -0.03473967, -0.02657023, -0.02950576,  0.        ,  0.        ,
        0.        , -0.01622722,  0.        , -0.05003081,  0.        ,
        0.        ,  0.        ,  0.        ,  0.02884448,  0.        ])
23:33:03  INFO      shap  np.sum(w_aug) = np.float64(20.0)
23:33:03  INFO      shap  np.sum(self.kernelWeights) = np.float64(1.0)
23:33:03  INFO      shap  phi = array([ 0.12731784, -0.028023  ,  0.06503262,  0.        , -0.03753116,
        0.03473967,  0.02657023,  0.02950576,  0.        ,  0.        ,
        0.        ,  0.01622722,  0.        ,  0.05003081,  0.        ,
        0.        ,  0.        ,  0.        , -0.02884448,  0.        ])
23:33:03  INFO      shap  num_full_subsets = 2
23:33:03  INFO      shap  remaining_weight_vector = array([0.19227593, 0.15321988, 0.13074763, 0.11673896, 0.10775904,
       0.10214659, 0.09905124, 0.09806073])
23:33:03  INFO      shap  num_paired_subset_sizes = 9
23:33:03  INFO      shap  weight_left = np.float64(0.5467009166626137)
23:33:03  INFO      shap  np.sum(w_aug) = np.float64(20.0)
23:33:03  INFO      shap  np.sum(self.kernelWeights) = np.float64(1.0)
23:33:03  INFO      shap  phi = array([-0.05162763,  0.0178771 , -0.06880266,  0.        , -0.05636621,
        0.        , -0.04991513,  0.0622943 ,  0.01359204,  0.        ,
        0.        ,  0.        ,  0.        , -0.0215258 ,  0.        ,
        0.        ,  0.        , -0.02605992,  0.0278702 ,  0.        ])
23:33:03  INFO      shap  np.sum(w_aug) = np.float64(20.0)
23:33:03  INFO      shap  np.sum(self.kernelWeights) = np.float64(1.0)
23:33:03  INFO      shap  phi = array([ 0.05162763, -0.0178771 ,  0.06880266,  0.        ,  0.05636621,
        0.        ,  0.04991513, -0.0622943 , -0.01359204,  0.        ,
        0.        ,  0.        ,  0.        ,  0.0215258 ,  0.        ,
        0.        ,  0.        ,  0.02605992, -0.0278702 ,  0.        ])
23:33:03  INFO      shap  num_full_subsets = 2
23:33:03  INFO      shap  remaining_weight_vector = array([0.19227593, 0.15321988, 0.13074763, 0.11673896, 0.10775904,
       0.10214659, 0.09905124, 0.09806073])
23:33:03  INFO      shap  num_paired_subset_sizes = 9
23:33:03  INFO      shap  weight_left = np.float64(0.5467009166626137)
23:33:03  INFO      shap  np.sum(w_aug) = np.float64(20.0)
23:33:03  INFO      shap  np.sum(self.kernelWeights) = np.float64(1.0)
23:33:03  INFO      shap  phi = array([ 0.10485025,  0.0167204 , -0.0219978 ,  0.        , -0.02112278,
        0.        ,  0.        ,  0.        ,  0.01193438,  0.        ,
        0.00604184,  0.01247895,  0.00570428,  0.00813243,  0.        ,
        0.        ,  0.        ,  0.        ,  0.02482929,  0.        ])
23:33:03  INFO      shap  np.sum(w_aug) = np.float64(20.0)
23:33:03  INFO      shap  np.sum(self.kernelWeights) = np.float64(1.0)
23:33:03  INFO      shap  phi = array([-0.10485025, -0.0167204 ,  0.0219978 ,  0.        ,  0.02112278,
        0.        ,  0.        ,  0.        , -0.01193438,  0.        ,
       -0.00604184, -0.01247895, -0.00570428, -0.00813243,  0.        ,
        0.        ,  0.        ,  0.        , -0.02482929,  0.        ])
 98%|█████████▊| 197/200 [00:05<00:00, 39.54it/s]23:33:03  INFO      shap  num_full_subsets = 2
23:33:03  INFO      shap  remaining_weight_vector = array([0.19227593, 0.15321988, 0.13074763, 0.11673896, 0.10775904,
       0.10214659, 0.09905124, 0.09806073])
23:33:03  INFO      shap  num_paired_subset_sizes = 9
23:33:03  INFO      shap  weight_left = np.float64(0.5467009166626137)
23:33:03  INFO      shap  np.sum(w_aug) = np.float64(20.0)
23:33:03  INFO      shap  np.sum(self.kernelWeights) = np.float64(0.9999999999999998)
23:33:03  INFO      shap  phi = array([-0.12661734,  0.        , -0.02140415,  0.        ,  0.01961066,
        0.10340811,  0.        ,  0.03099903,  0.06384847,  0.        ,
        0.        , -0.01566787, -0.01594755,  0.        , -0.02810374,
        0.        ,  0.        ,  0.        , -0.01382307,  0.        ])
23:33:03  INFO      shap  np.sum(w_aug) = np.float64(20.0)
23:33:03  INFO      shap  np.sum(self.kernelWeights) = np.float64(0.9999999999999998)
23:33:03  INFO      shap  phi = array([ 0.12661734,  0.        ,  0.02140415,  0.        , -0.01961066,
       -0.10340811,  0.        , -0.03099903, -0.06384847,  0.        ,
        0.        ,  0.01566787,  0.01594755,  0.        ,  0.02810374,
        0.        ,  0.        ,  0.        ,  0.01382307,  0.        ])
23:33:03  INFO      shap  num_full_subsets = 2
23:33:03  INFO      shap  remaining_weight_vector = array([0.19227593, 0.15321988, 0.13074763, 0.11673896, 0.10775904,
       0.10214659, 0.09905124, 0.09806073])
23:33:03  INFO      shap  num_paired_subset_sizes = 9
23:33:03  INFO      shap  weight_left = np.float64(0.5467009166626137)
23:33:03  INFO      shap  np.sum(w_aug) = np.float64(20.0)
23:33:03  INFO      shap  np.sum(self.kernelWeights) = np.float64(1.0)
23:33:03  INFO      shap  phi = array([-0.05040792, -0.04670776, -0.02118008,  0.        , -0.08613197,
        0.        , -0.02661477, -0.02854827,  0.        ,  0.03063527,
        0.        , -0.04531207,  0.        ,  0.        , -0.02644651,
        0.        ,  0.        ,  0.        ,  0.02769966,  0.        ])
23:33:03  INFO      shap  np.sum(w_aug) = np.float64(20.0)
23:33:03  INFO      shap  np.sum(self.kernelWeights) = np.float64(1.0)
23:33:03  INFO      shap  phi = array([ 0.05040792,  0.04670776,  0.02118008,  0.        ,  0.08613197,
        0.        ,  0.02661477,  0.02854827,  0.        , -0.03063527,
        0.        ,  0.04531207,  0.        ,  0.        ,  0.02644651,
        0.        ,  0.        ,  0.        , -0.02769966,  0.        ])
23:33:03  INFO      shap  num_full_subsets = 2
23:33:03  INFO      shap  remaining_weight_vector = array([0.19227593, 0.15321988, 0.13074763, 0.11673896, 0.10775904,
       0.10214659, 0.09905124, 0.09806073])
23:33:03  INFO      shap  num_paired_subset_sizes = 9
23:33:03  INFO      shap  weight_left = np.float64(0.5467009166626137)
23:33:03  INFO      shap  np.sum(w_aug) = np.float64(20.0)
23:33:03  INFO      shap  np.sum(self.kernelWeights) = np.float64(1.0)
23:33:03  INFO      shap  phi = array([-0.04657902,  0.04584703,  0.02200787,  0.        ,  0.03288076,
       -0.03371284, -0.04640479, -0.03053324,  0.        ,  0.        ,
        0.        ,  0.01382131,  0.        ,  0.        ,  0.        ,
        0.        ,  0.        ,  0.        ,  0.02679552,  0.12178947])
23:33:03  INFO      shap  np.sum(w_aug) = np.float64(20.0)
23:33:03  INFO      shap  np.sum(self.kernelWeights) = np.float64(1.0)
23:33:03  INFO      shap  phi = array([ 0.04657902, -0.04584703, -0.02200787,  0.        , -0.03288076,
        0.03371284,  0.04640479,  0.03053324,  0.        ,  0.        ,
        0.        , -0.01382131,  0.        ,  0.        ,  0.        ,
        0.        ,  0.        ,  0.        , -0.02679552, -0.12178947])
100%|██████████| 200/200 [00:05<00:00, 38.35it/s]
23:33:03  INFO      explainability.shap_explainer  SHAP values computed | shape=(200, 20)
23:33:03  INFO      explainability.shap_explainer  SHAP additivity check | MAE=0.00000 | PASS ✓
23:33:03  INFO      explainability.shap_explainer  Saved SHAP summary → /Users/harekrishna/Downloads/discover_ai_credit_experiment_v2/results/outputs/south_german/runs/seed_326/figures/fig05a_shap_summary_Logistic_Reg..pdf
23:33:04  INFO      explainability.shap_explainer  Saved SHAP bar → /Users/harekrishna/Downloads/discover_ai_credit_experiment_v2/results/outputs/south_german/runs/seed_326/figures/fig05b_shap_bar_Logistic_Reg..pdf
23:33:04  INFO      explainability.shap_explainer  Saved SHAP dependence → /Users/harekrishna/Downloads/discover_ai_credit_experiment_v2/results/outputs/south_german/runs/seed_326/figures/fig06_shap_dep_status.pdf
23:33:04  INFO      pipeline  LaTeX table → /Users/harekrishna/Downloads/discover_ai_credit_experiment_v2/results/outputs/south_german/runs/seed_326/results/table3_shap_ranking.tex
23:33:04  INFO      visualization.plots  Fig 8 saved → /Users/harekrishna/Downloads/discover_ai_credit_experiment_v2/results/outputs/south_german/runs/seed_326/figures/fig08_importance_comparison.pdf
23:33:04  INFO      visualization.plots  Fig 9 saved → /Users/harekrishna/Downloads/discover_ai_credit_experiment_v2/results/outputs/south_german/runs/seed_326/figures/fig09_threshold_sweep.pdf
23:33:04  INFO      pipeline  ============================================================
23:33:04  INFO      pipeline  STAGE 6: LIME Explanations
23:33:04  INFO      pipeline  ============================================================
23:33:04  INFO      explainability.lime_explainer  LIME tabular explainer initialised | features=20
23:33:04  INFO      pipeline  Local instances selected: {'TP': 72, 'FP': 164, 'FN': 120, 'TN': 177}
23:33:04  INFO      explainability.lime_explainer  Saved LIME explanation → /Users/harekrishna/Downloads/discover_ai_credit_experiment_v2/results/outputs/south_german/runs/seed_326/figures/fig07_tp_lime.pdf
23:33:05  INFO      explainability.lime_explainer  Saved LIME explanation → /Users/harekrishna/Downloads/discover_ai_credit_experiment_v2/results/outputs/south_german/runs/seed_326/figures/fig07_fp_lime.pdf
23:33:05  INFO      explainability.lime_explainer  Saved LIME explanation → /Users/harekrishna/Downloads/discover_ai_credit_experiment_v2/results/outputs/south_german/runs/seed_326/figures/fig07_fn_lime.pdf
23:33:05  INFO      explainability.lime_explainer  Saved LIME explanation → /Users/harekrishna/Downloads/discover_ai_credit_experiment_v2/results/outputs/south_german/runs/seed_326/figures/fig07_tn_lime.pdf
23:33:05  INFO      explainability.lime_explainer  Saved LIME multi-instance grid → /Users/harekrishna/Downloads/discover_ai_credit_experiment_v2/results/outputs/south_german/runs/seed_326/figures/fig07_lime_multi_instance.pdf
23:33:07  INFO      explainability.lime_explainer  LIME batch complete | n=200
23:33:07  INFO      explainability.lime_explainer  SHAP–LIME agreement | mean ρ=0.706 ± 0.118
23:33:07  INFO      explainability.lime_explainer  LIME tabular explainer initialised | features=20
23:33:07  INFO      explainability.lime_explainer  LIME tabular explainer initialised | features=20
23:33:07  INFO      explainability.lime_explainer  LIME tabular explainer initialised | features=20
23:33:07  INFO      explainability.lime_explainer  LIME tabular explainer initialised | features=20
23:33:07  INFO      explainability.lime_explainer  LIME tabular explainer initialised | features=20
23:33:07  INFO      explainability.lime_explainer  LIME tabular explainer initialised | features=20
23:33:07  INFO      explainability.lime_explainer  LIME tabular explainer initialised | features=20
23:33:07  INFO      explainability.lime_explainer  LIME tabular explainer initialised | features=20
23:33:07  INFO      explainability.lime_explainer  LIME tabular explainer initialised | features=20
23:33:07  INFO      explainability.lime_explainer  LIME tabular explainer initialised | features=20
23:33:07  INFO      explainability.lime_explainer  LIME tabular explainer initialised | features=20
23:33:07  INFO      explainability.lime_explainer  LIME tabular explainer initialised | features=20
23:33:07  INFO      explainability.lime_explainer  LIME tabular explainer initialised | features=20
23:33:07  INFO      explainability.lime_explainer  LIME tabular explainer initialised | features=20
23:33:07  INFO      explainability.lime_explainer  LIME tabular explainer initialised | features=20
23:33:07  INFO      explainability.lime_explainer  LIME tabular explainer initialised | features=20
23:33:07  INFO      explainability.lime_explainer  LIME tabular explainer initialised | features=20
23:33:07  INFO      explainability.lime_explainer  LIME tabular explainer initialised | features=20
23:33:08  INFO      explainability.lime_explainer  LIME tabular explainer initialised | features=20
23:33:08  INFO      explainability.lime_explainer  LIME tabular explainer initialised | features=20
23:33:08  INFO      explainability.lime_explainer  LIME tabular explainer initialised | features=20
23:33:08  INFO      explainability.lime_explainer  LIME tabular explainer initialised | features=20
23:33:08  INFO      explainability.lime_explainer  LIME tabular explainer initialised | features=20
23:33:08  INFO      explainability.lime_explainer  LIME tabular explainer initialised | features=20
23:33:08  INFO      explainability.lime_explainer  LIME tabular explainer initialised | features=20
23:33:08  INFO      explainability.lime_explainer  LIME tabular explainer initialised | features=20
23:33:08  INFO      explainability.lime_explainer  LIME tabular explainer initialised | features=20
23:33:08  INFO      explainability.lime_explainer  LIME tabular explainer initialised | features=20
23:33:08  INFO      explainability.lime_explainer  LIME tabular explainer initialised | features=20
23:33:08  INFO      explainability.lime_explainer  LIME tabular explainer initialised | features=20
23:33:08  INFO      explainability.lime_explainer  LIME tabular explainer initialised | features=20
23:33:08  INFO      explainability.lime_explainer  LIME tabular explainer initialised | features=20
23:33:08  INFO      explainability.lime_explainer  LIME tabular explainer initialised | features=20
23:33:08  INFO      explainability.lime_explainer  LIME tabular explainer initialised | features=20
23:33:08  INFO      explainability.lime_explainer  LIME tabular explainer initialised | features=20
23:33:08  INFO      explainability.lime_explainer  LIME tabular explainer initialised | features=20
23:33:08  INFO      explainability.lime_explainer  LIME tabular explainer initialised | features=20
23:33:08  INFO      explainability.lime_explainer  LIME tabular explainer initialised | features=20
23:33:08  INFO      explainability.lime_explainer  LIME tabular explainer initialised | features=20
23:33:08  INFO      explainability.lime_explainer  LIME tabular explainer initialised | features=20
23:33:08  INFO      explainability.lime_explainer  LIME tabular explainer initialised | features=20
23:33:08  INFO      explainability.lime_explainer  LIME tabular explainer initialised | features=20
23:33:08  INFO      explainability.lime_explainer  LIME tabular explainer initialised | features=20
23:33:08  INFO      explainability.lime_explainer  LIME tabular explainer initialised | features=20
23:33:08  INFO      explainability.lime_explainer  LIME tabular explainer initialised | features=20
23:33:08  INFO      explainability.lime_explainer  LIME tabular explainer initialised | features=20
23:33:08  INFO      explainability.lime_explainer  LIME tabular explainer initialised | features=20
23:33:08  INFO      explainability.lime_explainer  LIME tabular explainer initialised | features=20
23:33:08  INFO      explainability.lime_explainer  LIME tabular explainer initialised | features=20
23:33:08  INFO      explainability.lime_explainer  LIME tabular explainer initialised | features=20
23:33:08  INFO      explainability.lime_explainer  LIME tabular explainer initialised | features=20
23:33:08  INFO      explainability.lime_explainer  LIME tabular explainer initialised | features=20
23:33:08  INFO      explainability.lime_explainer  LIME tabular explainer initialised | features=20
23:33:08  INFO      explainability.lime_explainer  LIME tabular explainer initialised | features=20
23:33:08  INFO      explainability.lime_explainer  LIME tabular explainer initialised | features=20
23:33:08  INFO      explainability.lime_explainer  LIME tabular explainer initialised | features=20
23:33:08  INFO      explainability.lime_explainer  LIME tabular explainer initialised | features=20
23:33:08  INFO      explainability.lime_explainer  LIME tabular explainer initialised | features=20
23:33:08  INFO      explainability.lime_explainer  LIME tabular explainer initialised | features=20
23:33:08  INFO      explainability.lime_explainer  LIME tabular explainer initialised | features=20
23:33:08  INFO      explainability.lime_explainer  LIME tabular explainer initialised | features=20
23:33:08  INFO      explainability.lime_explainer  LIME tabular explainer initialised | features=20
23:33:08  INFO      explainability.lime_explainer  LIME tabular explainer initialised | features=20
23:33:08  INFO      explainability.lime_explainer  LIME tabular explainer initialised | features=20
23:33:08  INFO      explainability.lime_explainer  LIME tabular explainer initialised | features=20
23:33:08  INFO      explainability.lime_explainer  LIME tabular explainer initialised | features=20
23:33:08  INFO      explainability.lime_explainer  LIME tabular explainer initialised | features=20
23:33:08  INFO      explainability.lime_explainer  LIME tabular explainer initialised | features=20
23:33:08  INFO      explainability.lime_explainer  LIME tabular explainer initialised | features=20
23:33:08  INFO      explainability.lime_explainer  LIME tabular explainer initialised | features=20
23:33:08  INFO      explainability.lime_explainer  LIME tabular explainer initialised | features=20
23:33:08  INFO      explainability.lime_explainer  LIME tabular explainer initialised | features=20
23:33:08  INFO      explainability.lime_explainer  LIME tabular explainer initialised | features=20
23:33:08  INFO      explainability.lime_explainer  LIME tabular explainer initialised | features=20
23:33:08  INFO      explainability.lime_explainer  LIME tabular explainer initialised | features=20
23:33:08  INFO      explainability.lime_explainer  LIME tabular explainer initialised | features=20
23:33:08  INFO      explainability.lime_explainer  LIME tabular explainer initialised | features=20
23:33:08  INFO      explainability.lime_explainer  LIME tabular explainer initialised | features=20
23:33:08  INFO      explainability.lime_explainer  LIME tabular explainer initialised | features=20
23:33:08  INFO      explainability.lime_explainer  LIME tabular explainer initialised | features=20
23:33:08  INFO      explainability.lime_explainer  LIME tabular explainer initialised | features=20
23:33:08  INFO      explainability.lime_explainer  LIME tabular explainer initialised | features=20
23:33:08  INFO      explainability.lime_explainer  LIME tabular explainer initialised | features=20
23:33:08  INFO      explainability.lime_explainer  LIME tabular explainer initialised | features=20
23:33:08  INFO      explainability.lime_explainer  LIME tabular explainer initialised | features=20
23:33:08  INFO      explainability.lime_explainer  LIME tabular explainer initialised | features=20
23:33:08  INFO      explainability.lime_explainer  LIME tabular explainer initialised | features=20
23:33:08  INFO      explainability.lime_explainer  LIME tabular explainer initialised | features=20
23:33:08  INFO      explainability.lime_explainer  LIME tabular explainer initialised | features=20
23:33:09  INFO      explainability.lime_explainer  LIME tabular explainer initialised | features=20
23:33:09  INFO      explainability.lime_explainer  LIME tabular explainer initialised | features=20
23:33:09  INFO      explainability.lime_explainer  LIME tabular explainer initialised | features=20
23:33:09  INFO      explainability.lime_explainer  LIME tabular explainer initialised | features=20
23:33:09  INFO      explainability.lime_explainer  LIME tabular explainer initialised | features=20
23:33:09  INFO      explainability.lime_explainer  LIME tabular explainer initialised | features=20
23:33:09  INFO      explainability.lime_explainer  LIME tabular explainer initialised | features=20
23:33:09  INFO      explainability.lime_explainer  LIME tabular explainer initialised | features=20
23:33:09  INFO      explainability.lime_explainer  LIME tabular explainer initialised | features=20
23:33:09  INFO      explainability.lime_explainer  LIME tabular explainer initialised | features=20
23:33:09  INFO      explainability.lime_explainer  LIME tabular explainer initialised | features=20
23:33:09  INFO      explainability.lime_explainer  LIME tabular explainer initialised | features=20
23:33:09  INFO      explainability.lime_explainer  LIME tabular explainer initialised | features=20
23:33:09  INFO      explainability.lime_explainer  LIME tabular explainer initialised | features=20
23:33:09  INFO      explainability.lime_explainer  LIME tabular explainer initialised | features=20
23:33:09  INFO      explainability.lime_explainer  LIME tabular explainer initialised | features=20
23:33:09  INFO      explainability.lime_explainer  LIME tabular explainer initialised | features=20
23:33:09  INFO      explainability.lime_explainer  LIME tabular explainer initialised | features=20
23:33:09  INFO      explainability.lime_explainer  LIME tabular explainer initialised | features=20
23:33:09  INFO      explainability.lime_explainer  LIME tabular explainer initialised | features=20
23:33:09  INFO      explainability.lime_explainer  LIME tabular explainer initialised | features=20
23:33:09  INFO      explainability.lime_explainer  LIME tabular explainer initialised | features=20
23:33:09  INFO      explainability.lime_explainer  LIME tabular explainer initialised | features=20
23:33:09  INFO      explainability.lime_explainer  LIME tabular explainer initialised | features=20
23:33:09  INFO      explainability.lime_explainer  LIME tabular explainer initialised | features=20
23:33:09  INFO      explainability.lime_explainer  LIME tabular explainer initialised | features=20
23:33:09  INFO      explainability.lime_explainer  LIME tabular explainer initialised | features=20
23:33:09  INFO      explainability.lime_explainer  LIME tabular explainer initialised | features=20
23:33:09  INFO      explainability.lime_explainer  LIME tabular explainer initialised | features=20
23:33:09  INFO      explainability.lime_explainer  LIME tabular explainer initialised | features=20
23:33:09  INFO      explainability.lime_explainer  LIME tabular explainer initialised | features=20
23:33:09  INFO      explainability.lime_explainer  LIME tabular explainer initialised | features=20
23:33:09  INFO      explainability.lime_explainer  LIME tabular explainer initialised | features=20
23:33:09  INFO      explainability.lime_explainer  LIME tabular explainer initialised | features=20
23:33:09  INFO      explainability.lime_explainer  LIME tabular explainer initialised | features=20
23:33:09  INFO      explainability.lime_explainer  LIME tabular explainer initialised | features=20
23:33:09  INFO      explainability.lime_explainer  LIME tabular explainer initialised | features=20
23:33:09  INFO      explainability.lime_explainer  LIME tabular explainer initialised | features=20
23:33:09  INFO      explainability.lime_explainer  LIME tabular explainer initialised | features=20
23:33:09  INFO      explainability.lime_explainer  LIME tabular explainer initialised | features=20
23:33:09  INFO      explainability.lime_explainer  LIME tabular explainer initialised | features=20
23:33:09  INFO      explainability.lime_explainer  LIME tabular explainer initialised | features=20
23:33:09  INFO      explainability.lime_explainer  LIME tabular explainer initialised | features=20
23:33:09  INFO      explainability.lime_explainer  LIME tabular explainer initialised | features=20
23:33:09  INFO      explainability.lime_explainer  LIME tabular explainer initialised | features=20
23:33:09  INFO      explainability.lime_explainer  LIME tabular explainer initialised | features=20
23:33:09  INFO      explainability.lime_explainer  LIME tabular explainer initialised | features=20
23:33:09  INFO      explainability.lime_explainer  LIME tabular explainer initialised | features=20
23:33:09  INFO      explainability.lime_explainer  LIME tabular explainer initialised | features=20
23:33:09  INFO      explainability.lime_explainer  LIME tabular explainer initialised | features=20
23:33:09  INFO      explainability.lime_explainer  LIME tabular explainer initialised | features=20
23:33:09  INFO      explainability.lime_explainer  LIME tabular explainer initialised | features=20
23:33:09  INFO      explainability.lime_explainer  LIME tabular explainer initialised | features=20
23:33:09  INFO      explainability.lime_explainer  LIME tabular explainer initialised | features=20
23:33:09  INFO      explainability.lime_explainer  LIME tabular explainer initialised | features=20
23:33:09  INFO      explainability.lime_explainer  LIME tabular explainer initialised | features=20
23:33:09  INFO      explainability.lime_explainer  LIME tabular explainer initialised | features=20
23:33:09  INFO      explainability.lime_explainer  LIME tabular explainer initialised | features=20
23:33:09  INFO      explainability.lime_explainer  LIME tabular explainer initialised | features=20
23:33:09  INFO      explainability.lime_explainer  LIME tabular explainer initialised | features=20
23:33:09  INFO      explainability.lime_explainer  LIME tabular explainer initialised | features=20
23:33:09  INFO      explainability.lime_explainer  LIME tabular explainer initialised | features=20
23:33:09  INFO      explainability.lime_explainer  LIME tabular explainer initialised | features=20
23:33:09  INFO      explainability.lime_explainer  LIME tabular explainer initialised | features=20
23:33:09  INFO      explainability.lime_explainer  LIME tabular explainer initialised | features=20
23:33:09  INFO      explainability.lime_explainer  LIME tabular explainer initialised | features=20
23:33:09  INFO      explainability.lime_explainer  LIME tabular explainer initialised | features=20
23:33:09  INFO      explainability.lime_explainer  LIME tabular explainer initialised | features=20
23:33:09  INFO      explainability.lime_explainer  LIME tabular explainer initialised | features=20
23:33:09  INFO      explainability.lime_explainer  LIME tabular explainer initialised | features=20
23:33:09  INFO      explainability.lime_explainer  LIME tabular explainer initialised | features=20
23:33:10  INFO      explainability.lime_explainer  LIME tabular explainer initialised | features=20
23:33:10  INFO      explainability.lime_explainer  LIME tabular explainer initialised | features=20
23:33:10  INFO      explainability.lime_explainer  LIME tabular explainer initialised | features=20
23:33:10  INFO      explainability.lime_explainer  LIME tabular explainer initialised | features=20
23:33:10  INFO      explainability.lime_explainer  LIME tabular explainer initialised | features=20
23:33:10  INFO      explainability.lime_explainer  LIME tabular explainer initialised | features=20
23:33:10  INFO      explainability.lime_explainer  LIME tabular explainer initialised | features=20
23:33:10  INFO      explainability.lime_explainer  LIME tabular explainer initialised | features=20
23:33:10  INFO      explainability.lime_explainer  LIME tabular explainer initialised | features=20
23:33:10  INFO      explainability.lime_explainer  LIME tabular explainer initialised | features=20
23:33:10  INFO      explainability.lime_explainer  LIME tabular explainer initialised | features=20
23:33:10  INFO      explainability.lime_explainer  LIME tabular explainer initialised | features=20
23:33:10  INFO      explainability.lime_explainer  LIME tabular explainer initialised | features=20
23:33:10  INFO      explainability.lime_explainer  LIME tabular explainer initialised | features=20
23:33:10  INFO      explainability.lime_explainer  LIME tabular explainer initialised | features=20
23:33:10  INFO      explainability.lime_explainer  LIME tabular explainer initialised | features=20
23:33:10  INFO      explainability.lime_explainer  LIME tabular explainer initialised | features=20
23:33:10  INFO      explainability.lime_explainer  LIME tabular explainer initialised | features=20
23:33:10  INFO      explainability.lime_explainer  LIME tabular explainer initialised | features=20
23:33:10  INFO      explainability.lime_explainer  LIME tabular explainer initialised | features=20
23:33:10  INFO      explainability.lime_explainer  LIME tabular explainer initialised | features=20
23:33:10  INFO      explainability.lime_explainer  LIME tabular explainer initialised | features=20
23:33:10  INFO      explainability.lime_explainer  LIME tabular explainer initialised | features=20
23:33:10  INFO      explainability.lime_explainer  LIME tabular explainer initialised | features=20
23:33:10  INFO      explainability.lime_explainer  LIME tabular explainer initialised | features=20
23:33:10  INFO      explainability.lime_explainer  LIME tabular explainer initialised | features=20
23:33:10  INFO      explainability.lime_explainer  LIME tabular explainer initialised | features=20
23:33:10  INFO      explainability.lime_explainer  LIME tabular explainer initialised | features=20
23:33:10  INFO      explainability.lime_explainer  LIME tabular explainer initialised | features=20
23:33:10  INFO      explainability.lime_explainer  LIME tabular explainer initialised | features=20
23:33:10  INFO      explainability.lime_explainer  LIME tabular explainer initialised | features=20
23:33:10  INFO      explainability.lime_explainer  LIME tabular explainer initialised | features=20
23:33:10  INFO      explainability.lime_explainer  LIME tabular explainer initialised | features=20
23:33:10  INFO      explainability.lime_explainer  LIME tabular explainer initialised | features=20
23:33:10  INFO      explainability.lime_explainer  LIME tabular explainer initialised | features=20
23:33:10  INFO      explainability.lime_explainer  LIME tabular explainer initialised | features=20
23:33:10  INFO      explainability.lime_explainer  LIME tabular explainer initialised | features=20
23:33:10  INFO      explainability.lime_explainer  LIME tabular explainer initialised | features=20
23:33:10  INFO      explainability.lime_explainer  LIME tabular explainer initialised | features=20
23:33:10  INFO      explainability.lime_explainer  LIME tabular explainer initialised | features=20
23:33:10  INFO      explainability.lime_explainer  LIME tabular explainer initialised | features=20
23:33:10  INFO      explainability.lime_explainer  LIME tabular explainer initialised | features=20
23:33:10  INFO      explainability.lime_explainer  LIME tabular explainer initialised | features=20
23:33:10  INFO      explainability.lime_explainer  LIME tabular explainer initialised | features=20
23:33:10  INFO      explainability.lime_explainer  LIME tabular explainer initialised | features=20
23:33:10  INFO      explainability.lime_explainer  LIME tabular explainer initialised | features=20
23:33:10  INFO      explainability.lime_explainer  LIME tabular explainer initialised | features=20
23:33:10  INFO      explainability.lime_explainer  LIME tabular explainer initialised | features=20
23:33:10  INFO      explainability.lime_explainer  LIME tabular explainer initialised | features=20
23:33:10  INFO      explainability.lime_explainer  LIME tabular explainer initialised | features=20
23:33:10  INFO      explainability.lime_explainer  LIME tabular explainer initialised | features=20
23:33:10  INFO      explainability.lime_explainer  LIME tabular explainer initialised | features=20
23:33:10  INFO      explainability.lime_explainer  LIME tabular explainer initialised | features=20
23:33:10  INFO      explainability.lime_explainer  LIME tabular explainer initialised | features=20
23:33:10  INFO      explainability.lime_explainer  LIME tabular explainer initialised | features=20
23:33:10  INFO      explainability.lime_explainer  LIME tabular explainer initialised | features=20
23:33:10  INFO      explainability.lime_explainer  LIME tabular explainer initialised | features=20
23:33:10  INFO      explainability.lime_explainer  LIME tabular explainer initialised | features=20
23:33:10  INFO      explainability.lime_explainer  LIME tabular explainer initialised | features=20
23:33:10  INFO      explainability.lime_explainer  LIME tabular explainer initialised | features=20
23:33:10  INFO      explainability.lime_explainer  LIME tabular explainer initialised | features=20
23:33:10  INFO      explainability.lime_explainer  LIME tabular explainer initialised | features=20
23:33:10  INFO      explainability.lime_explainer  LIME tabular explainer initialised | features=20
23:33:10  INFO      explainability.lime_explainer  LIME tabular explainer initialised | features=20
23:33:10  INFO      explainability.lime_explainer  LIME tabular explainer initialised | features=20
23:33:10  INFO      explainability.lime_explainer  LIME tabular explainer initialised | features=20
23:33:10  INFO      explainability.lime_explainer  LIME tabular explainer initialised | features=20
23:33:10  INFO      explainability.lime_explainer  LIME tabular explainer initialised | features=20
23:33:10  INFO      explainability.lime_explainer  LIME tabular explainer initialised | features=20
23:33:10  INFO      explainability.lime_explainer  LIME tabular explainer initialised | features=20
23:33:11  INFO      explainability.lime_explainer  LIME tabular explainer initialised | features=20
23:33:11  INFO      explainability.lime_explainer  LIME tabular explainer initialised | features=20
23:33:11  INFO      explainability.lime_explainer  LIME tabular explainer initialised | features=20
23:33:11  INFO      explainability.lime_explainer  LIME tabular explainer initialised | features=20
23:33:11  INFO      explainability.lime_explainer  LIME tabular explainer initialised | features=20
23:33:11  INFO      explainability.lime_explainer  LIME tabular explainer initialised | features=20
23:33:11  INFO      explainability.lime_explainer  LIME tabular explainer initialised | features=20
23:33:11  INFO      explainability.lime_explainer  LIME tabular explainer initialised | features=20
23:33:11  INFO      explainability.lime_explainer  LIME tabular explainer initialised | features=20
23:33:11  INFO      explainability.lime_explainer  LIME tabular explainer initialised | features=20
23:33:11  INFO      explainability.lime_explainer  LIME tabular explainer initialised | features=20
23:33:11  INFO      explainability.lime_explainer  LIME tabular explainer initialised | features=20
23:33:11  INFO      explainability.lime_explainer  LIME tabular explainer initialised | features=20
23:33:11  INFO      explainability.lime_explainer  LIME tabular explainer initialised | features=20
23:33:11  INFO      explainability.lime_explainer  LIME tabular explainer initialised | features=20
23:33:11  INFO      explainability.lime_explainer  LIME tabular explainer initialised | features=20
23:33:11  INFO      explainability.lime_explainer  LIME tabular explainer initialised | features=20
23:33:11  INFO      explainability.lime_explainer  LIME tabular explainer initialised | features=20
23:33:11  INFO      explainability.lime_explainer  LIME tabular explainer initialised | features=20
23:33:11  INFO      explainability.lime_explainer  LIME tabular explainer initialised | features=20
23:33:11  INFO      explainability.lime_explainer  LIME tabular explainer initialised | features=20
23:33:11  INFO      explainability.lime_explainer  LIME tabular explainer initialised | features=20
23:33:11  INFO      explainability.lime_explainer  LIME tabular explainer initialised | features=20
23:33:11  INFO      explainability.lime_explainer  LIME tabular explainer initialised | features=20
23:33:11  INFO      explainability.lime_explainer  LIME tabular explainer initialised | features=20
23:33:11  INFO      explainability.lime_explainer  LIME tabular explainer initialised | features=20
23:33:11  INFO      explainability.lime_explainer  LIME tabular explainer initialised | features=20
23:33:11  INFO      explainability.lime_explainer  LIME tabular explainer initialised | features=20
23:33:11  INFO      explainability.lime_explainer  LIME tabular explainer initialised | features=20
23:33:11  INFO      explainability.lime_explainer  LIME tabular explainer initialised | features=20
23:33:11  INFO      explainability.lime_explainer  LIME tabular explainer initialised | features=20
23:33:11  INFO      explainability.lime_explainer  LIME tabular explainer initialised | features=20
23:33:11  INFO      explainability.lime_explainer  LIME tabular explainer initialised | features=20
23:33:11  INFO      explainability.lime_explainer  LIME tabular explainer initialised | features=20
23:33:11  INFO      explainability.lime_explainer  LIME tabular explainer initialised | features=20
23:33:11  INFO      explainability.lime_explainer  LIME tabular explainer initialised | features=20
23:33:11  INFO      explainability.lime_explainer  LIME tabular explainer initialised | features=20
23:33:11  INFO      explainability.lime_explainer  LIME tabular explainer initialised | features=20
23:33:11  INFO      explainability.lime_explainer  LIME tabular explainer initialised | features=20
23:33:11  INFO      explainability.lime_explainer  LIME tabular explainer initialised | features=20
23:33:11  INFO      explainability.lime_explainer  LIME tabular explainer initialised | features=20
23:33:11  INFO      explainability.lime_explainer  LIME tabular explainer initialised | features=20
23:33:11  INFO      explainability.lime_explainer  LIME tabular explainer initialised | features=20
23:33:11  INFO      explainability.lime_explainer  LIME tabular explainer initialised | features=20
23:33:11  INFO      explainability.lime_explainer  LIME tabular explainer initialised | features=20
23:33:11  INFO      explainability.lime_explainer  LIME tabular explainer initialised | features=20
23:33:11  INFO      explainability.lime_explainer  LIME tabular explainer initialised | features=20
23:33:11  INFO      explainability.lime_explainer  LIME tabular explainer initialised | features=20
23:33:11  INFO      explainability.lime_explainer  LIME tabular explainer initialised | features=20
23:33:11  INFO      explainability.lime_explainer  LIME tabular explainer initialised | features=20
23:33:11  INFO      explainability.lime_explainer  LIME tabular explainer initialised | features=20
23:33:11  INFO      explainability.lime_explainer  LIME tabular explainer initialised | features=20
23:33:11  INFO      explainability.lime_explainer  LIME tabular explainer initialised | features=20
23:33:11  INFO      explainability.lime_explainer  LIME tabular explainer initialised | features=20
23:33:11  INFO      explainability.lime_explainer  LIME tabular explainer initialised | features=20
23:33:11  INFO      explainability.lime_explainer  LIME tabular explainer initialised | features=20
23:33:11  INFO      explainability.lime_explainer  LIME tabular explainer initialised | features=20
23:33:11  INFO      explainability.lime_explainer  LIME tabular explainer initialised | features=20
23:33:11  INFO      explainability.lime_explainer  LIME tabular explainer initialised | features=20
23:33:11  INFO      explainability.lime_explainer  LIME tabular explainer initialised | features=20
23:33:11  INFO      explainability.lime_explainer  LIME tabular explainer initialised | features=20
23:33:11  INFO      explainability.lime_explainer  LIME tabular explainer initialised | features=20
23:33:11  INFO      explainability.lime_explainer  LIME tabular explainer initialised | features=20
23:33:11  INFO      explainability.lime_explainer  LIME tabular explainer initialised | features=20
23:33:11  INFO      explainability.lime_explainer  LIME tabular explainer initialised | features=20
23:33:11  INFO      explainability.lime_explainer  LIME tabular explainer initialised | features=20
23:33:11  INFO      explainability.lime_explainer  LIME tabular explainer initialised | features=20
23:33:11  INFO      explainability.lime_explainer  LIME tabular explainer initialised | features=20
23:33:11  INFO      explainability.lime_explainer  LIME tabular explainer initialised | features=20
23:33:11  INFO      explainability.lime_explainer  LIME tabular explainer initialised | features=20
23:33:12  INFO      pipeline  LaTeX table → /Users/harekrishna/Downloads/discover_ai_credit_experiment_v2/results/outputs/south_german/runs/seed_326/results/table5_explanation_quality.tex
23:33:12  INFO      pipeline  SHAP–LIME agreement | mean ρ=0.706 ± 0.118
23:33:12  INFO      pipeline  LaTeX table → /Users/harekrishna/Downloads/discover_ai_credit_experiment_v2/results/outputs/south_german/runs/seed_326/results/table4_shap_lime_agreement.tex
23:33:41  INFO      pipeline  ============================================================
23:33:41  INFO      pipeline  SEED 326 COMPLETE
23:33:41  INFO      pipeline  Figures    -> /Users/harekrishna/Downloads/discover_ai_credit_experiment_v2/results/outputs/south_german/runs/seed_326/figures
23:33:41  INFO      pipeline  Results    -> /Users/harekrishna/Downloads/discover_ai_credit_experiment_v2/results/outputs/south_german/runs/seed_326/results
23:33:41  INFO      pipeline  Best model -> Logistic Reg. (AUROC=0.8048)
23:33:41  INFO      pipeline  ============================================================
23:33:41  INFO      pipeline  ╔══════════════════════════════════════════════╗
23:33:41  INFO      pipeline  ║  Credit Default Prediction with XAI         ║
23:33:41  INFO      pipeline  ║  Dataset: south_german                       ║
23:33:41  INFO      pipeline  ║  Seed: 456                                   ║
23:33:41  INFO      pipeline  ╚══════════════════════════════════════════════╝
23:33:41  INFO      pipeline  ============================================================
23:33:41  INFO      pipeline  STAGE 1: Data Loading & Feature Engineering
23:33:41  INFO      pipeline  ============================================================
23:33:41  INFO      data.data_loader  Skipping UCI-specific engineered features; required columns not present.
23:33:41  INFO      data.data_loader  Skipping UCI-specific engineered features; required columns not present.
23:33:41  INFO      data.data_loader  Skipping UCI-specific engineered features; required columns not present.
23:33:41  INFO      data.data_loader  Dataset loaded | train=700  val=100  test=200 | default rate  train=30.00%  test=30.00%
23:33:41  INFO      pipeline  Imbalance stats: {
  "n_total": 700,
  "n_majority": 490,
  "n_minority": 210,
  "imbalance_ratio": 2.3333,
  "minority_pct": 30.0
}
23:33:41  INFO      visualization.plots  Fig 1 saved → /Users/harekrishna/Downloads/discover_ai_credit_experiment_v2/results/outputs/south_german/runs/seed_456/figures/fig01_class_distribution.pdf
23:33:41  INFO      pipeline  ============================================================
23:33:41  INFO      pipeline  STAGE 2: SMOTE Strategy Ablation
23:33:41  INFO      pipeline  ============================================================
23:33:41  INFO      preprocessing.imbalance_handler  Before resampling | class 0: 490 (70.0%)  class 1: 210 (30.0%)  IR=2.33
23:33:41  INFO      preprocessing.imbalance_handler  After SMOTE | class 0: 490 (50.0%)  class 1: 490 (50.0%)  IR=1.00
23:33:41  INFO      preprocessing.imbalance_handler  Before resampling | class 0: 490 (70.0%)  class 1: 210 (30.0%)  IR=2.33
23:33:41  INFO      preprocessing.imbalance_handler  After BorderlineSMOTE | class 0: 490 (50.0%)  class 1: 490 (50.0%)  IR=1.00
23:33:41  INFO      preprocessing.imbalance_handler  Before resampling | class 0: 490 (70.0%)  class 1: 210 (30.0%)  IR=2.33
23:33:41  INFO      preprocessing.imbalance_handler  After SVMSMOTE | class 0: 490 (50.0%)  class 1: 490 (50.0%)  IR=1.00
23:33:41  INFO      preprocessing.imbalance_handler  Before resampling | class 0: 490 (70.0%)  class 1: 210 (30.0%)  IR=2.33
23:33:41  INFO      preprocessing.imbalance_handler  After ADASYN | class 0: 490 (50.9%)  class 1: 473 (49.1%)  IR=1.04
23:33:41  INFO      preprocessing.imbalance_handler  Before resampling | class 0: 490 (70.0%)  class 1: 210 (30.0%)  IR=2.33
23:33:41  INFO      preprocessing.imbalance_handler  No resampling applied.
23:33:41  INFO      pipeline  Ablation | strategy=SMOTE | n=980
23:33:42  INFO      models.gradient_boosting  LightGBM trained | best_iteration=72
23:33:42  INFO      pipeline  Ablation | strategy=BorderlineSMOTE | n=980
23:33:43  INFO      models.gradient_boosting  LightGBM trained | best_iteration=105
23:33:43  INFO      pipeline  Ablation | strategy=SVMSMOTE | n=980
23:33:43  INFO      models.gradient_boosting  LightGBM trained | best_iteration=82
23:33:43  INFO      pipeline  Ablation | strategy=ADASYN | n=963
23:33:43  INFO      models.gradient_boosting  LightGBM trained | best_iteration=83
23:33:43  INFO      pipeline  Ablation | strategy=None | n=700
23:33:44  INFO      models.gradient_boosting  LightGBM trained | best_iteration=77
23:33:44  INFO      pipeline  Best SMOTE strategy (validation AUROC): SMOTE → 0.8105  [model used: LightGBM]
23:33:44  INFO      pipeline  ============================================================
23:33:44  INFO      pipeline  STAGE 3: Model Training
23:33:44  INFO      pipeline  ============================================================
23:33:44  INFO      pipeline  Training XGBoost …
23:33:44  INFO      pipeline  RandomizedSearchCV | model=XGBoost seed=456 n_iter=12 cv=3 scoring=roc_auc
23:33:44  INFO      models.gradient_boosting  XGBoost trained | best_iteration=N/A
23:33:45  INFO      models.gradient_boosting  XGBoost trained | best_iteration=N/A
23:33:46  INFO      models.gradient_boosting  XGBoost trained | best_iteration=N/A
23:33:47  INFO      models.gradient_boosting  XGBoost trained | best_iteration=N/A
23:33:48  INFO      models.gradient_boosting  XGBoost trained | best_iteration=N/A
23:33:48  INFO      models.gradient_boosting  XGBoost trained | best_iteration=N/A
23:33:49  INFO      models.gradient_boosting  XGBoost trained | best_iteration=N/A
23:33:50  INFO      models.gradient_boosting  XGBoost trained | best_iteration=N/A
23:33:50  INFO      models.gradient_boosting  XGBoost trained | best_iteration=N/A
23:33:51  INFO      models.gradient_boosting  XGBoost trained | best_iteration=N/A
23:33:51  INFO      models.gradient_boosting  XGBoost trained | best_iteration=N/A
23:33:52  INFO      models.gradient_boosting  XGBoost trained | best_iteration=N/A
23:33:52  INFO      models.gradient_boosting  XGBoost trained | best_iteration=N/A
23:33:53  INFO      models.gradient_boosting  XGBoost trained | best_iteration=N/A
23:33:54  INFO      models.gradient_boosting  XGBoost trained | best_iteration=N/A
23:33:54  INFO      models.gradient_boosting  XGBoost trained | best_iteration=N/A
23:33:55  INFO      models.gradient_boosting  XGBoost trained | best_iteration=N/A
23:33:56  INFO      models.gradient_boosting  XGBoost trained | best_iteration=N/A
23:33:57  INFO      models.gradient_boosting  XGBoost trained | best_iteration=N/A
23:33:57  INFO      models.gradient_boosting  XGBoost trained | best_iteration=N/A
23:33:58  INFO      models.gradient_boosting  XGBoost trained | best_iteration=N/A
23:33:59  INFO      models.gradient_boosting  XGBoost trained | best_iteration=N/A
23:34:00  INFO      models.gradient_boosting  XGBoost trained | best_iteration=N/A
23:34:00  INFO      models.gradient_boosting  XGBoost trained | best_iteration=N/A
23:34:01  INFO      models.gradient_boosting  XGBoost trained | best_iteration=N/A
23:34:01  INFO      models.gradient_boosting  XGBoost trained | best_iteration=N/A
23:34:02  INFO      models.gradient_boosting  XGBoost trained | best_iteration=N/A
23:34:03  INFO      models.gradient_boosting  XGBoost trained | best_iteration=N/A
23:34:03  INFO      models.gradient_boosting  XGBoost trained | best_iteration=N/A
23:34:03  INFO      models.gradient_boosting  XGBoost trained | best_iteration=N/A
23:34:04  INFO      models.gradient_boosting  XGBoost trained | best_iteration=N/A
23:34:04  INFO      models.gradient_boosting  XGBoost trained | best_iteration=N/A
23:34:04  INFO      models.gradient_boosting  XGBoost trained | best_iteration=N/A
23:34:04  INFO      models.gradient_boosting  XGBoost trained | best_iteration=N/A
23:34:05  INFO      models.gradient_boosting  XGBoost trained | best_iteration=N/A
23:34:05  INFO      models.gradient_boosting  XGBoost trained | best_iteration=N/A
23:34:06  INFO      models.gradient_boosting  XGBoost trained | best_iteration=N/A
23:34:06  INFO      models.gradient_boosting  XGBoost trained | best_iteration=87
23:34:06  INFO      pipeline  Training LightGBM …
23:34:06  INFO      pipeline  RandomizedSearchCV | model=LightGBM seed=456 n_iter=12 cv=3 scoring=roc_auc
23:34:07  INFO      models.gradient_boosting  LightGBM trained | best_iteration=0
23:34:07  INFO      models.gradient_boosting  LightGBM trained | best_iteration=0
23:34:08  INFO      models.gradient_boosting  LightGBM trained | best_iteration=0
23:34:08  INFO      models.gradient_boosting  LightGBM trained | best_iteration=0
23:34:09  INFO      models.gradient_boosting  LightGBM trained | best_iteration=0
23:34:09  INFO      models.gradient_boosting  LightGBM trained | best_iteration=0
23:34:10  INFO      models.gradient_boosting  LightGBM trained | best_iteration=0
23:34:10  INFO      models.gradient_boosting  LightGBM trained | best_iteration=0
23:34:11  INFO      models.gradient_boosting  LightGBM trained | best_iteration=0
23:34:11  INFO      models.gradient_boosting  LightGBM trained | best_iteration=0
23:34:11  INFO      models.gradient_boosting  LightGBM trained | best_iteration=0
23:34:11  INFO      models.gradient_boosting  LightGBM trained | best_iteration=0
23:34:13  INFO      models.gradient_boosting  LightGBM trained | best_iteration=0
23:34:13  INFO      models.gradient_boosting  LightGBM trained | best_iteration=0
23:34:14  INFO      models.gradient_boosting  LightGBM trained | best_iteration=0
23:34:15  INFO      models.gradient_boosting  LightGBM trained | best_iteration=0
23:34:15  INFO      models.gradient_boosting  LightGBM trained | best_iteration=0
23:34:15  INFO      models.gradient_boosting  LightGBM trained | best_iteration=0
23:34:17  INFO      models.gradient_boosting  LightGBM trained | best_iteration=0
23:34:18  INFO      models.gradient_boosting  LightGBM trained | best_iteration=0
23:34:20  INFO      models.gradient_boosting  LightGBM trained | best_iteration=0
23:34:20  INFO      models.gradient_boosting  LightGBM trained | best_iteration=0
23:34:21  INFO      models.gradient_boosting  LightGBM trained | best_iteration=0
23:34:21  INFO      models.gradient_boosting  LightGBM trained | best_iteration=0
23:34:22  INFO      models.gradient_boosting  LightGBM trained | best_iteration=0
23:34:22  INFO      models.gradient_boosting  LightGBM trained | best_iteration=0
23:34:23  INFO      models.gradient_boosting  LightGBM trained | best_iteration=0
23:34:23  INFO      models.gradient_boosting  LightGBM trained | best_iteration=0
23:34:24  INFO      models.gradient_boosting  LightGBM trained | best_iteration=0
23:34:24  INFO      models.gradient_boosting  LightGBM trained | best_iteration=0
23:34:25  INFO      models.gradient_boosting  LightGBM trained | best_iteration=0
23:34:26  INFO      models.gradient_boosting  LightGBM trained | best_iteration=0
23:34:28  INFO      models.gradient_boosting  LightGBM trained | best_iteration=0
23:34:28  INFO      models.gradient_boosting  LightGBM trained | best_iteration=0
23:34:29  INFO      models.gradient_boosting  LightGBM trained | best_iteration=0
23:34:29  INFO      models.gradient_boosting  LightGBM trained | best_iteration=0
23:34:31  INFO      models.gradient_boosting  LightGBM trained | best_iteration=0
23:34:31  INFO      models.gradient_boosting  LightGBM trained | best_iteration=55
23:34:31  INFO      pipeline  Training CatBoost …
23:34:31  INFO      pipeline  RandomizedSearchCV | model=CatBoost seed=456 n_iter=12 cv=3 scoring=roc_auc
23:34:32  INFO      models.gradient_boosting  CatBoost trained
23:34:33  INFO      models.gradient_boosting  CatBoost trained
23:34:34  INFO      models.gradient_boosting  CatBoost trained
23:34:35  INFO      models.gradient_boosting  CatBoost trained
23:34:36  INFO      models.gradient_boosting  CatBoost trained
23:34:36  INFO      models.gradient_boosting  CatBoost trained
23:34:37  INFO      models.gradient_boosting  CatBoost trained
23:34:37  INFO      models.gradient_boosting  CatBoost trained
23:34:38  INFO      models.gradient_boosting  CatBoost trained
23:34:38  INFO      models.gradient_boosting  CatBoost trained
23:34:39  INFO      models.gradient_boosting  CatBoost trained
23:34:39  INFO      models.gradient_boosting  CatBoost trained
23:34:40  INFO      models.gradient_boosting  CatBoost trained
23:34:40  INFO      models.gradient_boosting  CatBoost trained
23:34:40  INFO      models.gradient_boosting  CatBoost trained
23:34:41  INFO      models.gradient_boosting  CatBoost trained
23:34:41  INFO      models.gradient_boosting  CatBoost trained
23:34:42  INFO      models.gradient_boosting  CatBoost trained
23:34:42  INFO      models.gradient_boosting  CatBoost trained
23:34:42  INFO      models.gradient_boosting  CatBoost trained
23:34:43  INFO      models.gradient_boosting  CatBoost trained
23:34:43  INFO      models.gradient_boosting  CatBoost trained
23:34:43  INFO      models.gradient_boosting  CatBoost trained
23:34:43  INFO      models.gradient_boosting  CatBoost trained
23:34:44  INFO      models.gradient_boosting  CatBoost trained
23:34:45  INFO      models.gradient_boosting  CatBoost trained
23:34:46  INFO      models.gradient_boosting  CatBoost trained
23:34:46  INFO      models.gradient_boosting  CatBoost trained
23:34:47  INFO      models.gradient_boosting  CatBoost trained
23:34:47  INFO      models.gradient_boosting  CatBoost trained
23:34:48  INFO      models.gradient_boosting  CatBoost trained
23:34:48  INFO      models.gradient_boosting  CatBoost trained
23:34:49  INFO      models.gradient_boosting  CatBoost trained
23:34:49  INFO      models.gradient_boosting  CatBoost trained
23:34:49  INFO      models.gradient_boosting  CatBoost trained
23:34:49  INFO      models.gradient_boosting  CatBoost trained
23:34:51  INFO      models.gradient_boosting  CatBoost trained
23:34:51  INFO      models.gradient_boosting  CatBoost trained
23:34:51  INFO      pipeline  Training Random Forest …
23:34:51  INFO      pipeline  RandomizedSearchCV | model=Random Forest seed=456 n_iter=12 cv=3 scoring=roc_auc
23:35:05  INFO      pipeline  Training Logistic Reg. …
23:35:05  INFO      pipeline  RandomizedSearchCV | model=Logistic Reg. seed=456 n_iter=12 cv=3 scoring=roc_auc
23:35:05  INFO      pipeline  Training TabNet …
23:35:05  INFO      models.tabnet_model  Apple MPS backend passed smoke test — using GPU acceleration.
23:35:05  INFO      models.tabnet_model  TabNet starting | device=mps  max_epochs=200  patience=15  batch_size=1024  n_train=980
23:35:08  INFO      models.tabnet_model  TabNet trained | device=mps  best_epoch=18  elapsed=3.7s
23:35:08  INFO      pipeline  YAML saved → /Users/harekrishna/Downloads/discover_ai_credit_experiment_v2/results/outputs/south_german/runs/seed_456/results/best_params.yaml
23:35:08  INFO      pipeline  ============================================================
23:35:08  INFO      pipeline  STAGE 4: Evaluation
23:35:08  INFO      pipeline  ============================================================
23:35:08  INFO      pipeline  XGBoost | val_F1*=0.6744 @ t=0.15 | test AUROC=0.7863  F1=0.5503  G-Mean=0.6245  MCC=0.3033
23:35:08  INFO      pipeline  LightGBM | val_F1*=0.6984 @ t=0.41 | test AUROC=0.7636  F1=0.5846  G-Mean=0.6990  MCC=0.3889
23:35:09  INFO      pipeline  CatBoost | val_F1*=0.6061 @ t=0.50 | test AUROC=0.7402  F1=0.5369  G-Mean=0.6583  MCC=0.2920
23:35:09  INFO      pipeline  Random Forest | val_F1*=0.6866 @ t=0.35 | test AUROC=0.7746  F1=0.5732  G-Mean=0.6866  MCC=0.3471
23:35:09  INFO      pipeline  Logistic Reg. | val_F1*=0.6506 @ t=0.34 | test AUROC=0.7882  F1=0.5824  G-Mean=0.6693  MCC=0.3669
23:35:09  INFO      pipeline  TabNet | val_F1*=0.5814 @ t=0.30 | test AUROC=0.6835  F1=0.5444  G-Mean=0.6344  MCC=0.2895
23:35:09  INFO      pipeline  LaTeX table → /Users/harekrishna/Downloads/discover_ai_credit_experiment_v2/results/outputs/south_german/runs/seed_456/results/table2_test_metrics.tex
23:35:09  INFO      pipeline  
                AUROC   AUPRC      F1  Precision  Recall  Specificity  G-Mean     MCC   Brier
Model                                                                                        
XGBoost        0.7863  0.6541  0.5503     0.4031  0.8667       0.4500  0.6245  0.3033  0.1650
LightGBM       0.7636  0.6208  0.5846     0.5429  0.6333       0.7714  0.6990  0.3889  0.1742
CatBoost       0.7402  0.5328  0.5369     0.4494  0.6667       0.6500  0.6583  0.2920  0.2473
Random Forest  0.7746  0.6004  0.5732     0.4639  0.7500       0.6286  0.6866  0.3471  0.1695
Logistic Reg.  0.7882  0.6057  0.5824     0.4344  0.8833       0.5071  0.6693  0.3669  0.1862
TabNet         0.6835  0.4638  0.5444     0.4083  0.8167       0.4929  0.6344  0.2895  0.2523
23:35:09  INFO      visualization.plots  Fig 2 saved → /Users/harekrishna/Downloads/discover_ai_credit_experiment_v2/results/outputs/south_german/runs/seed_456/figures/fig02_roc_curves.pdf
23:35:09  INFO      visualization.plots  Fig 3 saved → /Users/harekrishna/Downloads/discover_ai_credit_experiment_v2/results/outputs/south_german/runs/seed_456/figures/fig03_pr_curves.pdf
23:35:09  INFO      visualization.plots  Fig 4 saved → /Users/harekrishna/Downloads/discover_ai_credit_experiment_v2/results/outputs/south_german/runs/seed_456/figures/fig04_confusion_xgboost.pdf
23:35:09  INFO      pipeline  Top pair Logistic Reg. vs XGBoost | DeLong z=0.0719 p=0.9427 | McNemar chi2=1.8286 p=0.1763
23:41:03  INFO      models.gradient_boosting  XGBoost trained | best_iteration=71
23:41:03  INFO      models.gradient_boosting  XGBoost trained | best_iteration=3
23:41:03  INFO      models.gradient_boosting  XGBoost trained | best_iteration=3
23:41:03  INFO      models.gradient_boosting  XGBoost trained | best_iteration=18
23:41:03  INFO      models.gradient_boosting  XGBoost trained | best_iteration=7
23:41:03  INFO      models.gradient_boosting  LightGBM trained | best_iteration=72
23:41:04  INFO      models.gradient_boosting  LightGBM trained | best_iteration=105
23:41:04  INFO      models.gradient_boosting  LightGBM trained | best_iteration=82
23:41:04  INFO      models.gradient_boosting  LightGBM trained | best_iteration=83
23:41:04  INFO      models.gradient_boosting  LightGBM trained | best_iteration=77
23:41:04  INFO      models.gradient_boosting  CatBoost trained
23:41:04  INFO      models.gradient_boosting  CatBoost trained
23:41:05  INFO      models.gradient_boosting  CatBoost trained
23:41:05  INFO      models.gradient_boosting  CatBoost trained
23:41:05  INFO      models.gradient_boosting  CatBoost trained
23:41:07  INFO      pipeline  Skipping TabNet in SMOTE ablation (Fig 10) — its single official result is already in Table II. Pass --full-ablation to include it (runs in isolated subprocesses to avoid the MPS stall seen previously).
23:41:07  INFO      visualization.plots  Fig 10 saved → /Users/harekrishna/Downloads/discover_ai_credit_experiment_v2/results/outputs/south_german/runs/seed_456/figures/fig10_smote_ablation.pdf
23:41:07  INFO      pipeline  ============================================================
23:41:07  INFO      pipeline  STAGE 5: SHAP Explanations
23:41:07  INFO      pipeline  ============================================================
23:41:07  WARNING   shap  Background dataset has 200 samples but max_samples=100. Subsampling to 100 samples for SHAP value computation. To use all samples, set max_samples=200 when initializing the masker.
23:41:07  WARNING   explainability.shap_explainer  Categorical splits detected. Falling back to tree_path_dependent perturbation. Note: SHAP values will be in margin (log-odds) space.
23:41:07  INFO      explainability.shap_explainer  SHAP TreeExplainer initialised
23:41:07  INFO      explainability.shap_explainer  SHAP values computed | shape=(200, 20)
23:41:07  INFO      explainability.shap_explainer  SHAP additivity check | MAE=0.00000 | PASS ✓
23:41:07  INFO      explainability.shap_explainer  Saved SHAP summary → /Users/harekrishna/Downloads/discover_ai_credit_experiment_v2/results/outputs/south_german/runs/seed_456/figures/fig05a_shap_summary_XGBoost.pdf
23:41:07  INFO      explainability.shap_explainer  Saved SHAP bar → /Users/harekrishna/Downloads/discover_ai_credit_experiment_v2/results/outputs/south_german/runs/seed_456/figures/fig05b_shap_bar_XGBoost.pdf
23:41:07  INFO      explainability.shap_explainer  Saved SHAP dependence → /Users/harekrishna/Downloads/discover_ai_credit_experiment_v2/results/outputs/south_german/runs/seed_456/figures/fig06_shap_dep_status.pdf
23:41:07  INFO      pipeline  LaTeX table → /Users/harekrishna/Downloads/discover_ai_credit_experiment_v2/results/outputs/south_german/runs/seed_456/results/table3_shap_ranking.tex
23:41:08  INFO      visualization.plots  Fig 8 saved → /Users/harekrishna/Downloads/discover_ai_credit_experiment_v2/results/outputs/south_german/runs/seed_456/figures/fig08_importance_comparison.pdf
23:41:08  INFO      visualization.plots  Fig 9 saved → /Users/harekrishna/Downloads/discover_ai_credit_experiment_v2/results/outputs/south_german/runs/seed_456/figures/fig09_threshold_sweep.pdf
23:41:08  INFO      pipeline  ============================================================
23:41:08  INFO      pipeline  STAGE 6: LIME Explanations
23:41:08  INFO      pipeline  ============================================================
23:41:08  INFO      explainability.lime_explainer  LIME tabular explainer initialised | features=20
23:41:08  INFO      pipeline  Local instances selected: {'TP': 28, 'FP': 119, 'FN': 124, 'TN': 105}
23:41:08  INFO      explainability.lime_explainer  Saved LIME explanation → /Users/harekrishna/Downloads/discover_ai_credit_experiment_v2/results/outputs/south_german/runs/seed_456/figures/fig07_tp_lime.pdf
23:41:08  INFO      explainability.lime_explainer  Saved LIME explanation → /Users/harekrishna/Downloads/discover_ai_credit_experiment_v2/results/outputs/south_german/runs/seed_456/figures/fig07_fp_lime.pdf
23:41:09  INFO      explainability.lime_explainer  Saved LIME explanation → /Users/harekrishna/Downloads/discover_ai_credit_experiment_v2/results/outputs/south_german/runs/seed_456/figures/fig07_fn_lime.pdf
23:41:09  INFO      explainability.lime_explainer  Saved LIME explanation → /Users/harekrishna/Downloads/discover_ai_credit_experiment_v2/results/outputs/south_german/runs/seed_456/figures/fig07_tn_lime.pdf
23:41:09  INFO      explainability.lime_explainer  Saved LIME multi-instance grid → /Users/harekrishna/Downloads/discover_ai_credit_experiment_v2/results/outputs/south_german/runs/seed_456/figures/fig07_lime_multi_instance.pdf
23:41:11  INFO      explainability.lime_explainer  LIME batch complete | n=200
23:41:11  INFO      explainability.lime_explainer  SHAP–LIME agreement | mean ρ=0.097 ± 0.249
23:41:11  INFO      explainability.lime_explainer  LIME tabular explainer initialised | features=20
23:41:11  INFO      explainability.lime_explainer  LIME tabular explainer initialised | features=20
23:41:11  INFO      explainability.lime_explainer  LIME tabular explainer initialised | features=20
23:41:11  INFO      explainability.lime_explainer  LIME tabular explainer initialised | features=20
23:41:11  INFO      explainability.lime_explainer  LIME tabular explainer initialised | features=20
23:41:11  INFO      explainability.lime_explainer  LIME tabular explainer initialised | features=20
23:41:11  INFO      explainability.lime_explainer  LIME tabular explainer initialised | features=20
23:41:11  INFO      explainability.lime_explainer  LIME tabular explainer initialised | features=20
23:41:11  INFO      explainability.lime_explainer  LIME tabular explainer initialised | features=20
23:41:11  INFO      explainability.lime_explainer  LIME tabular explainer initialised | features=20
23:41:11  INFO      explainability.lime_explainer  LIME tabular explainer initialised | features=20
23:41:11  INFO      explainability.lime_explainer  LIME tabular explainer initialised | features=20
23:41:11  INFO      explainability.lime_explainer  LIME tabular explainer initialised | features=20
23:41:11  INFO      explainability.lime_explainer  LIME tabular explainer initialised | features=20
23:41:11  INFO      explainability.lime_explainer  LIME tabular explainer initialised | features=20
23:41:11  INFO      explainability.lime_explainer  LIME tabular explainer initialised | features=20
23:41:11  INFO      explainability.lime_explainer  LIME tabular explainer initialised | features=20
23:41:11  INFO      explainability.lime_explainer  LIME tabular explainer initialised | features=20
23:41:11  INFO      explainability.lime_explainer  LIME tabular explainer initialised | features=20
23:41:11  INFO      explainability.lime_explainer  LIME tabular explainer initialised | features=20
23:41:11  INFO      explainability.lime_explainer  LIME tabular explainer initialised | features=20
23:41:11  INFO      explainability.lime_explainer  LIME tabular explainer initialised | features=20
23:41:11  INFO      explainability.lime_explainer  LIME tabular explainer initialised | features=20
23:41:11  INFO      explainability.lime_explainer  LIME tabular explainer initialised | features=20
23:41:11  INFO      explainability.lime_explainer  LIME tabular explainer initialised | features=20
23:41:11  INFO      explainability.lime_explainer  LIME tabular explainer initialised | features=20
23:41:11  INFO      explainability.lime_explainer  LIME tabular explainer initialised | features=20
23:41:12  INFO      explainability.lime_explainer  LIME tabular explainer initialised | features=20
23:41:12  INFO      explainability.lime_explainer  LIME tabular explainer initialised | features=20
23:41:12  INFO      explainability.lime_explainer  LIME tabular explainer initialised | features=20
23:41:12  INFO      explainability.lime_explainer  LIME tabular explainer initialised | features=20
23:41:12  INFO      explainability.lime_explainer  LIME tabular explainer initialised | features=20
23:41:12  INFO      explainability.lime_explainer  LIME tabular explainer initialised | features=20
23:41:12  INFO      explainability.lime_explainer  LIME tabular explainer initialised | features=20
23:41:12  INFO      explainability.lime_explainer  LIME tabular explainer initialised | features=20
23:41:12  INFO      explainability.lime_explainer  LIME tabular explainer initialised | features=20
23:41:12  INFO      explainability.lime_explainer  LIME tabular explainer initialised | features=20
23:41:12  INFO      explainability.lime_explainer  LIME tabular explainer initialised | features=20
23:41:12  INFO      explainability.lime_explainer  LIME tabular explainer initialised | features=20
23:41:12  INFO      explainability.lime_explainer  LIME tabular explainer initialised | features=20
23:41:12  INFO      explainability.lime_explainer  LIME tabular explainer initialised | features=20
23:41:12  INFO      explainability.lime_explainer  LIME tabular explainer initialised | features=20
23:41:12  INFO      explainability.lime_explainer  LIME tabular explainer initialised | features=20
23:41:12  INFO      explainability.lime_explainer  LIME tabular explainer initialised | features=20
23:41:12  INFO      explainability.lime_explainer  LIME tabular explainer initialised | features=20
23:41:12  INFO      explainability.lime_explainer  LIME tabular explainer initialised | features=20
23:41:12  INFO      explainability.lime_explainer  LIME tabular explainer initialised | features=20
23:41:12  INFO      explainability.lime_explainer  LIME tabular explainer initialised | features=20
23:41:12  INFO      explainability.lime_explainer  LIME tabular explainer initialised | features=20
23:41:12  INFO      explainability.lime_explainer  LIME tabular explainer initialised | features=20
23:41:12  INFO      explainability.lime_explainer  LIME tabular explainer initialised | features=20
23:41:12  INFO      explainability.lime_explainer  LIME tabular explainer initialised | features=20
23:41:12  INFO      explainability.lime_explainer  LIME tabular explainer initialised | features=20
23:41:12  INFO      explainability.lime_explainer  LIME tabular explainer initialised | features=20
23:41:12  INFO      explainability.lime_explainer  LIME tabular explainer initialised | features=20
23:41:12  INFO      explainability.lime_explainer  LIME tabular explainer initialised | features=20
23:41:12  INFO      explainability.lime_explainer  LIME tabular explainer initialised | features=20
23:41:12  INFO      explainability.lime_explainer  LIME tabular explainer initialised | features=20
23:41:12  INFO      explainability.lime_explainer  LIME tabular explainer initialised | features=20
23:41:12  INFO      explainability.lime_explainer  LIME tabular explainer initialised | features=20
23:41:12  INFO      explainability.lime_explainer  LIME tabular explainer initialised | features=20
23:41:12  INFO      explainability.lime_explainer  LIME tabular explainer initialised | features=20
23:41:12  INFO      explainability.lime_explainer  LIME tabular explainer initialised | features=20
23:41:12  INFO      explainability.lime_explainer  LIME tabular explainer initialised | features=20
23:41:12  INFO      explainability.lime_explainer  LIME tabular explainer initialised | features=20
23:41:12  INFO      explainability.lime_explainer  LIME tabular explainer initialised | features=20
23:41:12  INFO      explainability.lime_explainer  LIME tabular explainer initialised | features=20
23:41:12  INFO      explainability.lime_explainer  LIME tabular explainer initialised | features=20
23:41:12  INFO      explainability.lime_explainer  LIME tabular explainer initialised | features=20
23:41:12  INFO      explainability.lime_explainer  LIME tabular explainer initialised | features=20
23:41:12  INFO      explainability.lime_explainer  LIME tabular explainer initialised | features=20
23:41:12  INFO      explainability.lime_explainer  LIME tabular explainer initialised | features=20
23:41:12  INFO      explainability.lime_explainer  LIME tabular explainer initialised | features=20
23:41:12  INFO      explainability.lime_explainer  LIME tabular explainer initialised | features=20
23:41:12  INFO      explainability.lime_explainer  LIME tabular explainer initialised | features=20
23:41:12  INFO      explainability.lime_explainer  LIME tabular explainer initialised | features=20
23:41:12  INFO      explainability.lime_explainer  LIME tabular explainer initialised | features=20
23:41:12  INFO      explainability.lime_explainer  LIME tabular explainer initialised | features=20
23:41:12  INFO      explainability.lime_explainer  LIME tabular explainer initialised | features=20
23:41:12  INFO      explainability.lime_explainer  LIME tabular explainer initialised | features=20
23:41:12  INFO      explainability.lime_explainer  LIME tabular explainer initialised | features=20
23:41:12  INFO      explainability.lime_explainer  LIME tabular explainer initialised | features=20
23:41:12  INFO      explainability.lime_explainer  LIME tabular explainer initialised | features=20
23:41:12  INFO      explainability.lime_explainer  LIME tabular explainer initialised | features=20
23:41:12  INFO      explainability.lime_explainer  LIME tabular explainer initialised | features=20
23:41:12  INFO      explainability.lime_explainer  LIME tabular explainer initialised | features=20
23:41:12  INFO      explainability.lime_explainer  LIME tabular explainer initialised | features=20
23:41:13  INFO      explainability.lime_explainer  LIME tabular explainer initialised | features=20
23:41:13  INFO      explainability.lime_explainer  LIME tabular explainer initialised | features=20
23:41:13  INFO      explainability.lime_explainer  LIME tabular explainer initialised | features=20
23:41:13  INFO      explainability.lime_explainer  LIME tabular explainer initialised | features=20
23:41:13  INFO      explainability.lime_explainer  LIME tabular explainer initialised | features=20
23:41:13  INFO      explainability.lime_explainer  LIME tabular explainer initialised | features=20
23:41:13  INFO      explainability.lime_explainer  LIME tabular explainer initialised | features=20
23:41:13  INFO      explainability.lime_explainer  LIME tabular explainer initialised | features=20
23:41:13  INFO      explainability.lime_explainer  LIME tabular explainer initialised | features=20
23:41:13  INFO      explainability.lime_explainer  LIME tabular explainer initialised | features=20
23:41:13  INFO      explainability.lime_explainer  LIME tabular explainer initialised | features=20
23:41:13  INFO      explainability.lime_explainer  LIME tabular explainer initialised | features=20
23:41:13  INFO      explainability.lime_explainer  LIME tabular explainer initialised | features=20
23:41:13  INFO      explainability.lime_explainer  LIME tabular explainer initialised | features=20
23:41:13  INFO      explainability.lime_explainer  LIME tabular explainer initialised | features=20
23:41:13  INFO      explainability.lime_explainer  LIME tabular explainer initialised | features=20
23:41:13  INFO      explainability.lime_explainer  LIME tabular explainer initialised | features=20
23:41:13  INFO      explainability.lime_explainer  LIME tabular explainer initialised | features=20
23:41:13  INFO      explainability.lime_explainer  LIME tabular explainer initialised | features=20
23:41:13  INFO      explainability.lime_explainer  LIME tabular explainer initialised | features=20
23:41:13  INFO      explainability.lime_explainer  LIME tabular explainer initialised | features=20
23:41:13  INFO      explainability.lime_explainer  LIME tabular explainer initialised | features=20
23:41:13  INFO      explainability.lime_explainer  LIME tabular explainer initialised | features=20
23:41:13  INFO      explainability.lime_explainer  LIME tabular explainer initialised | features=20
23:41:13  INFO      explainability.lime_explainer  LIME tabular explainer initialised | features=20
23:41:13  INFO      explainability.lime_explainer  LIME tabular explainer initialised | features=20
23:41:13  INFO      explainability.lime_explainer  LIME tabular explainer initialised | features=20
23:41:13  INFO      explainability.lime_explainer  LIME tabular explainer initialised | features=20
23:41:13  INFO      explainability.lime_explainer  LIME tabular explainer initialised | features=20
23:41:13  INFO      explainability.lime_explainer  LIME tabular explainer initialised | features=20
23:41:13  INFO      explainability.lime_explainer  LIME tabular explainer initialised | features=20
23:41:13  INFO      explainability.lime_explainer  LIME tabular explainer initialised | features=20
23:41:13  INFO      explainability.lime_explainer  LIME tabular explainer initialised | features=20
23:41:13  INFO      explainability.lime_explainer  LIME tabular explainer initialised | features=20
23:41:13  INFO      explainability.lime_explainer  LIME tabular explainer initialised | features=20
23:41:13  INFO      explainability.lime_explainer  LIME tabular explainer initialised | features=20
23:41:13  INFO      explainability.lime_explainer  LIME tabular explainer initialised | features=20
23:41:13  INFO      explainability.lime_explainer  LIME tabular explainer initialised | features=20
23:41:13  INFO      explainability.lime_explainer  LIME tabular explainer initialised | features=20
23:41:13  INFO      explainability.lime_explainer  LIME tabular explainer initialised | features=20
23:41:13  INFO      explainability.lime_explainer  LIME tabular explainer initialised | features=20
23:41:13  INFO      explainability.lime_explainer  LIME tabular explainer initialised | features=20
23:41:13  INFO      explainability.lime_explainer  LIME tabular explainer initialised | features=20
23:41:13  INFO      explainability.lime_explainer  LIME tabular explainer initialised | features=20
23:41:13  INFO      explainability.lime_explainer  LIME tabular explainer initialised | features=20
23:41:13  INFO      explainability.lime_explainer  LIME tabular explainer initialised | features=20
23:41:13  INFO      explainability.lime_explainer  LIME tabular explainer initialised | features=20
23:41:13  INFO      explainability.lime_explainer  LIME tabular explainer initialised | features=20
23:41:13  INFO      explainability.lime_explainer  LIME tabular explainer initialised | features=20
23:41:13  INFO      explainability.lime_explainer  LIME tabular explainer initialised | features=20
23:41:13  INFO      explainability.lime_explainer  LIME tabular explainer initialised | features=20
23:41:13  INFO      explainability.lime_explainer  LIME tabular explainer initialised | features=20
23:41:13  INFO      explainability.lime_explainer  LIME tabular explainer initialised | features=20
23:41:13  INFO      explainability.lime_explainer  LIME tabular explainer initialised | features=20
23:41:13  INFO      explainability.lime_explainer  LIME tabular explainer initialised | features=20
23:41:13  INFO      explainability.lime_explainer  LIME tabular explainer initialised | features=20
23:41:13  INFO      explainability.lime_explainer  LIME tabular explainer initialised | features=20
23:41:13  INFO      explainability.lime_explainer  LIME tabular explainer initialised | features=20
23:41:13  INFO      explainability.lime_explainer  LIME tabular explainer initialised | features=20
23:41:13  INFO      explainability.lime_explainer  LIME tabular explainer initialised | features=20
23:41:13  INFO      explainability.lime_explainer  LIME tabular explainer initialised | features=20
23:41:13  INFO      explainability.lime_explainer  LIME tabular explainer initialised | features=20
23:41:13  INFO      explainability.lime_explainer  LIME tabular explainer initialised | features=20
23:41:13  INFO      explainability.lime_explainer  LIME tabular explainer initialised | features=20
23:41:13  INFO      explainability.lime_explainer  LIME tabular explainer initialised | features=20
23:41:13  INFO      explainability.lime_explainer  LIME tabular explainer initialised | features=20
23:41:13  INFO      explainability.lime_explainer  LIME tabular explainer initialised | features=20
23:41:14  INFO      explainability.lime_explainer  LIME tabular explainer initialised | features=20
23:41:14  INFO      explainability.lime_explainer  LIME tabular explainer initialised | features=20
23:41:14  INFO      explainability.lime_explainer  LIME tabular explainer initialised | features=20
23:41:14  INFO      explainability.lime_explainer  LIME tabular explainer initialised | features=20
23:41:14  INFO      explainability.lime_explainer  LIME tabular explainer initialised | features=20
23:41:14  INFO      explainability.lime_explainer  LIME tabular explainer initialised | features=20
23:41:14  INFO      explainability.lime_explainer  LIME tabular explainer initialised | features=20
23:41:14  INFO      explainability.lime_explainer  LIME tabular explainer initialised | features=20
23:41:14  INFO      explainability.lime_explainer  LIME tabular explainer initialised | features=20
23:41:14  INFO      explainability.lime_explainer  LIME tabular explainer initialised | features=20
23:41:14  INFO      explainability.lime_explainer  LIME tabular explainer initialised | features=20
23:41:14  INFO      explainability.lime_explainer  LIME tabular explainer initialised | features=20
23:41:14  INFO      explainability.lime_explainer  LIME tabular explainer initialised | features=20
23:41:14  INFO      explainability.lime_explainer  LIME tabular explainer initialised | features=20
23:41:14  INFO      explainability.lime_explainer  LIME tabular explainer initialised | features=20
23:41:14  INFO      explainability.lime_explainer  LIME tabular explainer initialised | features=20
23:41:14  INFO      explainability.lime_explainer  LIME tabular explainer initialised | features=20
23:41:14  INFO      explainability.lime_explainer  LIME tabular explainer initialised | features=20
23:41:14  INFO      explainability.lime_explainer  LIME tabular explainer initialised | features=20
23:41:14  INFO      explainability.lime_explainer  LIME tabular explainer initialised | features=20
23:41:14  INFO      explainability.lime_explainer  LIME tabular explainer initialised | features=20
23:41:14  INFO      explainability.lime_explainer  LIME tabular explainer initialised | features=20
23:41:14  INFO      explainability.lime_explainer  LIME tabular explainer initialised | features=20
23:41:14  INFO      explainability.lime_explainer  LIME tabular explainer initialised | features=20
23:41:14  INFO      explainability.lime_explainer  LIME tabular explainer initialised | features=20
23:41:14  INFO      explainability.lime_explainer  LIME tabular explainer initialised | features=20
23:41:14  INFO      explainability.lime_explainer  LIME tabular explainer initialised | features=20
23:41:14  INFO      explainability.lime_explainer  LIME tabular explainer initialised | features=20
23:41:14  INFO      explainability.lime_explainer  LIME tabular explainer initialised | features=20
23:41:14  INFO      explainability.lime_explainer  LIME tabular explainer initialised | features=20
23:41:14  INFO      explainability.lime_explainer  LIME tabular explainer initialised | features=20
23:41:14  INFO      explainability.lime_explainer  LIME tabular explainer initialised | features=20
23:41:14  INFO      explainability.lime_explainer  LIME tabular explainer initialised | features=20
23:41:14  INFO      explainability.lime_explainer  LIME tabular explainer initialised | features=20
23:41:14  INFO      explainability.lime_explainer  LIME tabular explainer initialised | features=20
23:41:14  INFO      explainability.lime_explainer  LIME tabular explainer initialised | features=20
23:41:14  INFO      explainability.lime_explainer  LIME tabular explainer initialised | features=20
23:41:14  INFO      explainability.lime_explainer  LIME tabular explainer initialised | features=20
23:41:14  INFO      explainability.lime_explainer  LIME tabular explainer initialised | features=20
23:41:14  INFO      explainability.lime_explainer  LIME tabular explainer initialised | features=20
23:41:14  INFO      explainability.lime_explainer  LIME tabular explainer initialised | features=20
23:41:14  INFO      explainability.lime_explainer  LIME tabular explainer initialised | features=20
23:41:14  INFO      explainability.lime_explainer  LIME tabular explainer initialised | features=20
23:41:14  INFO      explainability.lime_explainer  LIME tabular explainer initialised | features=20
23:41:14  INFO      explainability.lime_explainer  LIME tabular explainer initialised | features=20
23:41:14  INFO      explainability.lime_explainer  LIME tabular explainer initialised | features=20
23:41:14  INFO      explainability.lime_explainer  LIME tabular explainer initialised | features=20
23:41:14  INFO      explainability.lime_explainer  LIME tabular explainer initialised | features=20
23:41:14  INFO      explainability.lime_explainer  LIME tabular explainer initialised | features=20
23:41:14  INFO      explainability.lime_explainer  LIME tabular explainer initialised | features=20
23:41:14  INFO      explainability.lime_explainer  LIME tabular explainer initialised | features=20
23:41:14  INFO      explainability.lime_explainer  LIME tabular explainer initialised | features=20
23:41:14  INFO      explainability.lime_explainer  LIME tabular explainer initialised | features=20
23:41:14  INFO      explainability.lime_explainer  LIME tabular explainer initialised | features=20
23:41:14  INFO      explainability.lime_explainer  LIME tabular explainer initialised | features=20
23:41:14  INFO      explainability.lime_explainer  LIME tabular explainer initialised | features=20
23:41:14  INFO      explainability.lime_explainer  LIME tabular explainer initialised | features=20
23:41:14  INFO      explainability.lime_explainer  LIME tabular explainer initialised | features=20
23:41:14  INFO      explainability.lime_explainer  LIME tabular explainer initialised | features=20
23:41:14  INFO      explainability.lime_explainer  LIME tabular explainer initialised | features=20
23:41:14  INFO      explainability.lime_explainer  LIME tabular explainer initialised | features=20
23:41:14  INFO      explainability.lime_explainer  LIME tabular explainer initialised | features=20
23:41:14  INFO      explainability.lime_explainer  LIME tabular explainer initialised | features=20
23:41:14  INFO      explainability.lime_explainer  LIME tabular explainer initialised | features=20
23:41:14  INFO      explainability.lime_explainer  LIME tabular explainer initialised | features=20
23:41:14  INFO      explainability.lime_explainer  LIME tabular explainer initialised | features=20
23:41:15  INFO      explainability.lime_explainer  LIME tabular explainer initialised | features=20
23:41:15  INFO      explainability.lime_explainer  LIME tabular explainer initialised | features=20
23:41:15  INFO      explainability.lime_explainer  LIME tabular explainer initialised | features=20
23:41:15  INFO      explainability.lime_explainer  LIME tabular explainer initialised | features=20
23:41:15  INFO      explainability.lime_explainer  LIME tabular explainer initialised | features=20
23:41:15  INFO      explainability.lime_explainer  LIME tabular explainer initialised | features=20
23:41:15  INFO      explainability.lime_explainer  LIME tabular explainer initialised | features=20
23:41:15  INFO      explainability.lime_explainer  LIME tabular explainer initialised | features=20
23:41:15  INFO      explainability.lime_explainer  LIME tabular explainer initialised | features=20
23:41:15  INFO      explainability.lime_explainer  LIME tabular explainer initialised | features=20
23:41:15  INFO      explainability.lime_explainer  LIME tabular explainer initialised | features=20
23:41:15  INFO      explainability.lime_explainer  LIME tabular explainer initialised | features=20
23:41:15  INFO      explainability.lime_explainer  LIME tabular explainer initialised | features=20
23:41:15  INFO      explainability.lime_explainer  LIME tabular explainer initialised | features=20
23:41:15  INFO      explainability.lime_explainer  LIME tabular explainer initialised | features=20
23:41:15  INFO      explainability.lime_explainer  LIME tabular explainer initialised | features=20
23:41:15  INFO      explainability.lime_explainer  LIME tabular explainer initialised | features=20
23:41:15  INFO      explainability.lime_explainer  LIME tabular explainer initialised | features=20
23:41:15  INFO      explainability.lime_explainer  LIME tabular explainer initialised | features=20
23:41:15  INFO      explainability.lime_explainer  LIME tabular explainer initialised | features=20
23:41:15  INFO      explainability.lime_explainer  LIME tabular explainer initialised | features=20
23:41:15  INFO      explainability.lime_explainer  LIME tabular explainer initialised | features=20
23:41:15  INFO      explainability.lime_explainer  LIME tabular explainer initialised | features=20
23:41:15  INFO      explainability.lime_explainer  LIME tabular explainer initialised | features=20
23:41:15  INFO      explainability.lime_explainer  LIME tabular explainer initialised | features=20
23:41:15  INFO      explainability.lime_explainer  LIME tabular explainer initialised | features=20
23:41:15  INFO      explainability.lime_explainer  LIME tabular explainer initialised | features=20
23:41:15  INFO      explainability.lime_explainer  LIME tabular explainer initialised | features=20
23:41:15  INFO      explainability.lime_explainer  LIME tabular explainer initialised | features=20
23:41:15  INFO      explainability.lime_explainer  LIME tabular explainer initialised | features=20
23:41:15  INFO      explainability.lime_explainer  LIME tabular explainer initialised | features=20
23:41:15  INFO      explainability.lime_explainer  LIME tabular explainer initialised | features=20
23:41:15  INFO      explainability.lime_explainer  LIME tabular explainer initialised | features=20
23:41:15  INFO      explainability.lime_explainer  LIME tabular explainer initialised | features=20
23:41:15  INFO      explainability.lime_explainer  LIME tabular explainer initialised | features=20
23:41:15  INFO      explainability.lime_explainer  LIME tabular explainer initialised | features=20
23:41:15  INFO      explainability.lime_explainer  LIME tabular explainer initialised | features=20
23:41:15  INFO      explainability.lime_explainer  LIME tabular explainer initialised | features=20
23:41:15  INFO      explainability.lime_explainer  LIME tabular explainer initialised | features=20
23:41:15  INFO      explainability.lime_explainer  LIME tabular explainer initialised | features=20
23:41:15  INFO      explainability.lime_explainer  LIME tabular explainer initialised | features=20
23:41:15  INFO      explainability.lime_explainer  LIME tabular explainer initialised | features=20
23:41:15  INFO      explainability.lime_explainer  LIME tabular explainer initialised | features=20
23:41:15  INFO      explainability.lime_explainer  LIME tabular explainer initialised | features=20
23:41:15  INFO      explainability.lime_explainer  LIME tabular explainer initialised | features=20
23:41:15  INFO      explainability.lime_explainer  LIME tabular explainer initialised | features=20
23:41:15  INFO      explainability.lime_explainer  LIME tabular explainer initialised | features=20
23:41:15  INFO      explainability.lime_explainer  LIME tabular explainer initialised | features=20
23:41:15  INFO      explainability.lime_explainer  LIME tabular explainer initialised | features=20
23:41:15  INFO      explainability.lime_explainer  LIME tabular explainer initialised | features=20
23:41:15  INFO      explainability.lime_explainer  LIME tabular explainer initialised | features=20
23:41:15  INFO      explainability.lime_explainer  LIME tabular explainer initialised | features=20
23:41:15  INFO      explainability.lime_explainer  LIME tabular explainer initialised | features=20
23:41:15  INFO      explainability.lime_explainer  LIME tabular explainer initialised | features=20
23:41:15  INFO      explainability.lime_explainer  LIME tabular explainer initialised | features=20
23:41:15  INFO      explainability.lime_explainer  LIME tabular explainer initialised | features=20
23:41:15  INFO      explainability.lime_explainer  LIME tabular explainer initialised | features=20
23:41:15  INFO      explainability.lime_explainer  LIME tabular explainer initialised | features=20
23:41:15  INFO      explainability.lime_explainer  LIME tabular explainer initialised | features=20
23:41:15  INFO      explainability.lime_explainer  LIME tabular explainer initialised | features=20
23:41:15  INFO      explainability.lime_explainer  LIME tabular explainer initialised | features=20
23:41:15  INFO      explainability.lime_explainer  LIME tabular explainer initialised | features=20
23:41:15  INFO      explainability.lime_explainer  LIME tabular explainer initialised | features=20
23:41:15  INFO      explainability.lime_explainer  LIME tabular explainer initialised | features=20
23:41:15  INFO      explainability.lime_explainer  LIME tabular explainer initialised | features=20
23:41:15  INFO      explainability.lime_explainer  LIME tabular explainer initialised | features=20
23:41:15  INFO      explainability.lime_explainer  LIME tabular explainer initialised | features=20
23:41:16  INFO      explainability.lime_explainer  LIME tabular explainer initialised | features=20
23:41:16  INFO      explainability.lime_explainer  LIME tabular explainer initialised | features=20
23:41:16  INFO      explainability.lime_explainer  LIME tabular explainer initialised | features=20
23:41:16  INFO      explainability.lime_explainer  LIME tabular explainer initialised | features=20
23:41:16  INFO      explainability.lime_explainer  LIME tabular explainer initialised | features=20
23:41:16  INFO      explainability.lime_explainer  LIME tabular explainer initialised | features=20
23:41:16  INFO      explainability.lime_explainer  LIME tabular explainer initialised | features=20
23:41:16  INFO      explainability.lime_explainer  LIME tabular explainer initialised | features=20
23:41:16  INFO      explainability.lime_explainer  LIME tabular explainer initialised | features=20
23:41:16  INFO      explainability.lime_explainer  LIME tabular explainer initialised | features=20
23:41:16  INFO      explainability.lime_explainer  LIME tabular explainer initialised | features=20
23:41:16  INFO      explainability.lime_explainer  LIME tabular explainer initialised | features=20
23:41:16  INFO      explainability.lime_explainer  LIME tabular explainer initialised | features=20
23:41:16  INFO      pipeline  LaTeX table → /Users/harekrishna/Downloads/discover_ai_credit_experiment_v2/results/outputs/south_german/runs/seed_456/results/table5_explanation_quality.tex
23:41:16  INFO      pipeline  SHAP–LIME agreement | mean ρ=0.097 ± 0.249
23:41:16  INFO      pipeline  LaTeX table → /Users/harekrishna/Downloads/discover_ai_credit_experiment_v2/results/outputs/south_german/runs/seed_456/results/table4_shap_lime_agreement.tex
23:41:19  INFO      models.gradient_boosting  XGBoost trained | best_iteration=71
23:41:19  INFO      models.gradient_boosting  XGBoost trained | best_iteration=3
23:41:19  INFO      models.gradient_boosting  XGBoost trained | best_iteration=3
23:41:20  INFO      models.gradient_boosting  XGBoost trained | best_iteration=18
23:41:20  INFO      models.gradient_boosting  XGBoost trained | best_iteration=7
23:41:45  INFO      pipeline  ============================================================
23:41:45  INFO      pipeline  SEED 456 COMPLETE
23:41:45  INFO      pipeline  Figures    -> /Users/harekrishna/Downloads/discover_ai_credit_experiment_v2/results/outputs/south_german/runs/seed_456/figures
23:41:45  INFO      pipeline  Results    -> /Users/harekrishna/Downloads/discover_ai_credit_experiment_v2/results/outputs/south_german/runs/seed_456/results
23:41:45  INFO      pipeline  Best model -> XGBoost (AUROC=0.7863)
23:41:45  INFO      pipeline  ============================================================
23:41:45  INFO      pipeline  ╔══════════════════════════════════════════════╗
23:41:45  INFO      pipeline  ║  Credit Default Prediction with XAI         ║
23:41:45  INFO      pipeline  ║  Dataset: south_german                       ║
23:41:45  INFO      pipeline  ║  Seed: 515                                   ║
23:41:45  INFO      pipeline  ╚══════════════════════════════════════════════╝
23:41:45  INFO      pipeline  ============================================================
23:41:45  INFO      pipeline  STAGE 1: Data Loading & Feature Engineering
23:41:45  INFO      pipeline  ============================================================
23:41:46  INFO      data.data_loader  Skipping UCI-specific engineered features; required columns not present.
23:41:46  INFO      data.data_loader  Skipping UCI-specific engineered features; required columns not present.
23:41:46  INFO      data.data_loader  Skipping UCI-specific engineered features; required columns not present.
23:41:46  INFO      data.data_loader  Dataset loaded | train=700  val=100  test=200 | default rate  train=30.00%  test=30.00%
23:41:46  INFO      pipeline  Imbalance stats: {
  "n_total": 700,
  "n_majority": 490,
  "n_minority": 210,
  "imbalance_ratio": 2.3333,
  "minority_pct": 30.0
}
23:41:46  INFO      visualization.plots  Fig 1 saved → /Users/harekrishna/Downloads/discover_ai_credit_experiment_v2/results/outputs/south_german/runs/seed_515/figures/fig01_class_distribution.pdf
23:41:46  INFO      pipeline  ============================================================
23:41:46  INFO      pipeline  STAGE 2: SMOTE Strategy Ablation
23:41:46  INFO      pipeline  ============================================================
23:41:46  INFO      preprocessing.imbalance_handler  Before resampling | class 0: 490 (70.0%)  class 1: 210 (30.0%)  IR=2.33
23:41:46  INFO      preprocessing.imbalance_handler  After SMOTE | class 0: 490 (50.0%)  class 1: 490 (50.0%)  IR=1.00
23:41:46  INFO      preprocessing.imbalance_handler  Before resampling | class 0: 490 (70.0%)  class 1: 210 (30.0%)  IR=2.33
23:41:46  INFO      preprocessing.imbalance_handler  After BorderlineSMOTE | class 0: 490 (50.0%)  class 1: 490 (50.0%)  IR=1.00
23:41:46  INFO      preprocessing.imbalance_handler  Before resampling | class 0: 490 (70.0%)  class 1: 210 (30.0%)  IR=2.33
23:41:46  INFO      preprocessing.imbalance_handler  After SVMSMOTE | class 0: 490 (50.0%)  class 1: 490 (50.0%)  IR=1.00
23:41:46  INFO      preprocessing.imbalance_handler  Before resampling | class 0: 490 (70.0%)  class 1: 210 (30.0%)  IR=2.33
23:41:46  INFO      preprocessing.imbalance_handler  After ADASYN | class 0: 490 (50.8%)  class 1: 475 (49.2%)  IR=1.03
23:41:46  INFO      preprocessing.imbalance_handler  Before resampling | class 0: 490 (70.0%)  class 1: 210 (30.0%)  IR=2.33
23:41:46  INFO      preprocessing.imbalance_handler  No resampling applied.
23:41:46  INFO      pipeline  Ablation | strategy=SMOTE | n=980
23:41:46  INFO      models.gradient_boosting  LightGBM trained | best_iteration=93
23:41:46  INFO      pipeline  Ablation | strategy=BorderlineSMOTE | n=980
23:41:47  INFO      models.gradient_boosting  LightGBM trained | best_iteration=85
23:41:47  INFO      pipeline  Ablation | strategy=SVMSMOTE | n=980
23:41:47  INFO      models.gradient_boosting  LightGBM trained | best_iteration=60
23:41:47  INFO      pipeline  Ablation | strategy=ADASYN | n=965
23:41:48  INFO      models.gradient_boosting  LightGBM trained | best_iteration=78
23:41:48  INFO      pipeline  Ablation | strategy=None | n=700
23:41:48  INFO      models.gradient_boosting  LightGBM trained | best_iteration=31
23:41:48  INFO      pipeline  Best SMOTE strategy (validation AUROC): SVMSMOTE → 0.7614  [model used: LightGBM]
23:41:48  INFO      pipeline  ============================================================
23:41:48  INFO      pipeline  STAGE 3: Model Training
23:41:48  INFO      pipeline  ============================================================
23:41:48  INFO      pipeline  Training XGBoost …
23:41:48  INFO      pipeline  RandomizedSearchCV | model=XGBoost seed=515 n_iter=12 cv=3 scoring=roc_auc
23:41:49  INFO      models.gradient_boosting  XGBoost trained | best_iteration=N/A
23:41:49  INFO      models.gradient_boosting  XGBoost trained | best_iteration=N/A
23:41:50  INFO      models.gradient_boosting  XGBoost trained | best_iteration=N/A
23:41:51  INFO      models.gradient_boosting  XGBoost trained | best_iteration=N/A
23:41:51  INFO      models.gradient_boosting  XGBoost trained | best_iteration=N/A
23:41:52  INFO      models.gradient_boosting  XGBoost trained | best_iteration=N/A
23:41:52  INFO      models.gradient_boosting  XGBoost trained | best_iteration=N/A
23:41:53  INFO      models.gradient_boosting  XGBoost trained | best_iteration=N/A
23:41:53  INFO      models.gradient_boosting  XGBoost trained | best_iteration=N/A
23:41:54  INFO      models.gradient_boosting  XGBoost trained | best_iteration=N/A
23:41:55  INFO      models.gradient_boosting  XGBoost trained | best_iteration=N/A
23:41:56  INFO      models.gradient_boosting  XGBoost trained | best_iteration=N/A
23:41:57  INFO      models.gradient_boosting  XGBoost trained | best_iteration=N/A
23:41:58  INFO      models.gradient_boosting  XGBoost trained | best_iteration=N/A
23:41:59  INFO      models.gradient_boosting  XGBoost trained | best_iteration=N/A
23:42:00  INFO      models.gradient_boosting  XGBoost trained | best_iteration=N/A
23:42:00  INFO      models.gradient_boosting  XGBoost trained | best_iteration=N/A
23:42:00  INFO      models.gradient_boosting  XGBoost trained | best_iteration=N/A
23:42:01  INFO      models.gradient_boosting  XGBoost trained | best_iteration=N/A
23:42:01  INFO      models.gradient_boosting  XGBoost trained | best_iteration=N/A
23:42:02  INFO      models.gradient_boosting  XGBoost trained | best_iteration=N/A
23:42:02  INFO      models.gradient_boosting  XGBoost trained | best_iteration=N/A
23:42:02  INFO      models.gradient_boosting  XGBoost trained | best_iteration=N/A
23:42:03  INFO      models.gradient_boosting  XGBoost trained | best_iteration=N/A
23:42:03  INFO      models.gradient_boosting  XGBoost trained | best_iteration=N/A
23:42:04  INFO      models.gradient_boosting  XGBoost trained | best_iteration=N/A
23:42:04  INFO      models.gradient_boosting  XGBoost trained | best_iteration=N/A
23:42:04  INFO      models.gradient_boosting  XGBoost trained | best_iteration=N/A
23:42:05  INFO      models.gradient_boosting  XGBoost trained | best_iteration=N/A
23:42:05  INFO      models.gradient_boosting  XGBoost trained | best_iteration=N/A
23:42:06  INFO      models.gradient_boosting  XGBoost trained | best_iteration=N/A
23:42:07  INFO      models.gradient_boosting  XGBoost trained | best_iteration=N/A
23:42:07  INFO      models.gradient_boosting  XGBoost trained | best_iteration=N/A
23:42:08  INFO      models.gradient_boosting  XGBoost trained | best_iteration=N/A
23:42:09  INFO      models.gradient_boosting  XGBoost trained | best_iteration=N/A
23:42:10  INFO      models.gradient_boosting  XGBoost trained | best_iteration=N/A
23:42:10  INFO      models.gradient_boosting  XGBoost trained | best_iteration=N/A
23:42:11  INFO      models.gradient_boosting  XGBoost trained | best_iteration=1
23:42:11  INFO      pipeline  Training LightGBM …
23:42:11  INFO      pipeline  RandomizedSearchCV | model=LightGBM seed=515 n_iter=12 cv=3 scoring=roc_auc
23:42:12  INFO      models.gradient_boosting  LightGBM trained | best_iteration=0
23:42:13  INFO      models.gradient_boosting  LightGBM trained | best_iteration=0
23:42:15  INFO      models.gradient_boosting  LightGBM trained | best_iteration=0
23:42:16  INFO      models.gradient_boosting  LightGBM trained | best_iteration=0
23:42:17  INFO      models.gradient_boosting  LightGBM trained | best_iteration=0
23:42:19  INFO      models.gradient_boosting  LightGBM trained | best_iteration=0
23:42:20  INFO      models.gradient_boosting  LightGBM trained | best_iteration=0
23:42:21  INFO      models.gradient_boosting  LightGBM trained | best_iteration=0
23:42:21  INFO      models.gradient_boosting  LightGBM trained | best_iteration=0
23:42:22  INFO      models.gradient_boosting  LightGBM trained | best_iteration=0
23:42:22  INFO      models.gradient_boosting  LightGBM trained | best_iteration=0
23:42:23  INFO      models.gradient_boosting  LightGBM trained | best_iteration=0
23:42:23  INFO      models.gradient_boosting  LightGBM trained | best_iteration=0
23:42:24  INFO      models.gradient_boosting  LightGBM trained | best_iteration=0
23:42:24  INFO      models.gradient_boosting  LightGBM trained | best_iteration=0
23:42:26  INFO      models.gradient_boosting  LightGBM trained | best_iteration=0
23:42:28  INFO      models.gradient_boosting  LightGBM trained | best_iteration=0
23:42:30  INFO      models.gradient_boosting  LightGBM trained | best_iteration=0
23:42:33  INFO      models.gradient_boosting  LightGBM trained | best_iteration=0
23:42:36  INFO      models.gradient_boosting  LightGBM trained | best_iteration=0
23:42:39  INFO      models.gradient_boosting  LightGBM trained | best_iteration=0
23:42:39  INFO      models.gradient_boosting  LightGBM trained | best_iteration=0
23:42:40  INFO      models.gradient_boosting  LightGBM trained | best_iteration=0
23:42:40  INFO      models.gradient_boosting  LightGBM trained | best_iteration=0
23:42:41  INFO      models.gradient_boosting  LightGBM trained | best_iteration=0
23:42:42  INFO      models.gradient_boosting  LightGBM trained | best_iteration=0
23:42:43  INFO      models.gradient_boosting  LightGBM trained | best_iteration=0
23:42:44  INFO      models.gradient_boosting  LightGBM trained | best_iteration=0
23:42:45  INFO      models.gradient_boosting  LightGBM trained | best_iteration=0
23:42:45  INFO      models.gradient_boosting  LightGBM trained | best_iteration=0
23:42:46  INFO      models.gradient_boosting  LightGBM trained | best_iteration=0
23:42:47  INFO      models.gradient_boosting  LightGBM trained | best_iteration=0
23:42:47  INFO      models.gradient_boosting  LightGBM trained | best_iteration=0
23:42:48  INFO      models.gradient_boosting  LightGBM trained | best_iteration=0
23:42:49  INFO      models.gradient_boosting  LightGBM trained | best_iteration=0
23:42:49  INFO      models.gradient_boosting  LightGBM trained | best_iteration=0
23:42:51  INFO      models.gradient_boosting  LightGBM trained | best_iteration=0
23:42:51  INFO      models.gradient_boosting  LightGBM trained | best_iteration=27
23:42:51  INFO      pipeline  Training CatBoost …
23:42:51  INFO      pipeline  RandomizedSearchCV | model=CatBoost seed=515 n_iter=12 cv=3 scoring=roc_auc
23:42:51  INFO      models.gradient_boosting  CatBoost trained
23:42:52  INFO      models.gradient_boosting  CatBoost trained
23:42:52  INFO      models.gradient_boosting  CatBoost trained
23:42:52  INFO      models.gradient_boosting  CatBoost trained
23:42:53  INFO      models.gradient_boosting  CatBoost trained
23:42:53  INFO      models.gradient_boosting  CatBoost trained
23:42:54  INFO      models.gradient_boosting  CatBoost trained
23:42:56  INFO      models.gradient_boosting  CatBoost trained
23:42:57  INFO      models.gradient_boosting  CatBoost trained
23:42:59  INFO      models.gradient_boosting  CatBoost trained
23:43:01  INFO      models.gradient_boosting  CatBoost trained
23:43:04  INFO      models.gradient_boosting  CatBoost trained
23:43:06  INFO      models.gradient_boosting  CatBoost trained
23:43:08  INFO      models.gradient_boosting  CatBoost trained
23:43:10  INFO      models.gradient_boosting  CatBoost trained
23:43:10  INFO      models.gradient_boosting  CatBoost trained
23:43:10  INFO      models.gradient_boosting  CatBoost trained
23:43:11  INFO      models.gradient_boosting  CatBoost trained
23:43:13  INFO      models.gradient_boosting  CatBoost trained
23:43:16  INFO      models.gradient_boosting  CatBoost trained
23:43:18  INFO      models.gradient_boosting  CatBoost trained
23:43:19  INFO      models.gradient_boosting  CatBoost trained
23:43:19  INFO      models.gradient_boosting  CatBoost trained
23:43:20  INFO      models.gradient_boosting  CatBoost trained
23:43:20  INFO      models.gradient_boosting  CatBoost trained
23:43:20  INFO      models.gradient_boosting  CatBoost trained
23:43:20  INFO      models.gradient_boosting  CatBoost trained
23:43:21  INFO      models.gradient_boosting  CatBoost trained
23:43:22  INFO      models.gradient_boosting  CatBoost trained
23:43:22  INFO      models.gradient_boosting  CatBoost trained
23:43:23  INFO      models.gradient_boosting  CatBoost trained
23:43:24  INFO      models.gradient_boosting  CatBoost trained
23:43:24  INFO      models.gradient_boosting  CatBoost trained
23:43:25  INFO      models.gradient_boosting  CatBoost trained
23:43:25  INFO      models.gradient_boosting  CatBoost trained
23:43:26  INFO      models.gradient_boosting  CatBoost trained
23:43:28  INFO      models.gradient_boosting  CatBoost trained
23:43:28  INFO      models.gradient_boosting  CatBoost trained
23:43:28  INFO      pipeline  Training Random Forest …
23:43:28  INFO      pipeline  RandomizedSearchCV | model=Random Forest seed=515 n_iter=12 cv=3 scoring=roc_auc
23:43:45  INFO      pipeline  Training Logistic Reg. …
23:43:45  INFO      pipeline  RandomizedSearchCV | model=Logistic Reg. seed=515 n_iter=12 cv=3 scoring=roc_auc
23:43:45  INFO      pipeline  Training TabNet …
23:43:45  INFO      models.tabnet_model  Apple MPS backend passed smoke test — using GPU acceleration.
23:43:45  INFO      models.tabnet_model  TabNet starting | device=mps  max_epochs=200  patience=15  batch_size=1024  n_train=980
23:43:48  INFO      models.tabnet_model  TabNet trained | device=mps  best_epoch=12  elapsed=3.3s
23:43:48  INFO      pipeline  YAML saved → /Users/harekrishna/Downloads/discover_ai_credit_experiment_v2/results/outputs/south_german/runs/seed_515/results/best_params.yaml
23:43:48  INFO      pipeline  ============================================================
23:43:48  INFO      pipeline  STAGE 4: Evaluation
23:43:48  INFO      pipeline  ============================================================
23:43:48  INFO      pipeline  XGBoost | val_F1*=0.6286 @ t=0.49 | test AUROC=0.7144  F1=0.5034  G-Mean=0.6296  MCC=0.2399
23:43:48  INFO      pipeline  LightGBM | val_F1*=0.6286 @ t=0.46 | test AUROC=0.7780  F1=0.5827  G-Mean=0.6961  MCC=0.3907
23:43:48  INFO      pipeline  CatBoost | val_F1*=0.6027 @ t=0.43 | test AUROC=0.7752  F1=0.5891  G-Mean=0.7022  MCC=0.3971
23:43:48  INFO      pipeline  Random Forest | val_F1*=0.5823 @ t=0.37 | test AUROC=0.7880  F1=0.6143  G-Mean=0.7261  MCC=0.4232
23:43:49  INFO      pipeline  Logistic Reg. | val_F1*=0.6286 @ t=0.52 | test AUROC=0.7919  F1=0.6349  G-Mean=0.7368  MCC=0.4687
23:43:49  INFO      pipeline  TabNet | val_F1*=0.5610 @ t=0.46 | test AUROC=0.6819  F1=0.5103  G-Mean=0.6366  MCC=0.2538
23:43:49  INFO      pipeline  LaTeX table → /Users/harekrishna/Downloads/discover_ai_credit_experiment_v2/results/outputs/south_german/runs/seed_515/results/table2_test_metrics.tex
23:43:49  INFO      pipeline  
                AUROC   AUPRC      F1  Precision  Recall  Specificity  G-Mean     MCC   Brier
Model                                                                                        
XGBoost        0.7144  0.4973  0.5034     0.4253  0.6167       0.6429  0.6296  0.2399  0.2392
LightGBM       0.7780  0.6050  0.5827     0.5522  0.6167       0.7857  0.6961  0.3907  0.1692
CatBoost       0.7752  0.6094  0.5891     0.5507  0.6333       0.7786  0.7022  0.3971  0.1688
Random Forest  0.7880  0.6169  0.6143     0.5375  0.7167       0.7357  0.7261  0.4232  0.1651
Logistic Reg.  0.7919  0.5857  0.6349     0.6061  0.6667       0.8143  0.7368  0.4687  0.1775
TabNet         0.6819  0.4679  0.5103     0.4353  0.6167       0.6571  0.6366  0.2538  0.2478
23:43:49  INFO      visualization.plots  Fig 2 saved → /Users/harekrishna/Downloads/discover_ai_credit_experiment_v2/results/outputs/south_german/runs/seed_515/figures/fig02_roc_curves.pdf
23:43:49  INFO      visualization.plots  Fig 3 saved → /Users/harekrishna/Downloads/discover_ai_credit_experiment_v2/results/outputs/south_german/runs/seed_515/figures/fig03_pr_curves.pdf
23:43:49  INFO      visualization.plots  Fig 4 saved → /Users/harekrishna/Downloads/discover_ai_credit_experiment_v2/results/outputs/south_german/runs/seed_515/figures/fig04_confusion_xgboost.pdf
23:43:49  INFO      pipeline  Top pair Logistic Reg. vs Random Forest | DeLong z=0.1987 p=0.8425 | McNemar chi2=2.0417 p=0.1530
23:49:36  INFO      models.gradient_boosting  XGBoost trained | best_iteration=22
23:49:37  INFO      models.gradient_boosting  XGBoost trained | best_iteration=56
23:49:37  INFO      models.gradient_boosting  XGBoost trained | best_iteration=8
23:49:37  INFO      models.gradient_boosting  XGBoost trained | best_iteration=34
23:49:37  INFO      models.gradient_boosting  XGBoost trained | best_iteration=36
23:49:37  INFO      models.gradient_boosting  LightGBM trained | best_iteration=93
23:49:37  INFO      models.gradient_boosting  LightGBM trained | best_iteration=85
23:49:38  INFO      models.gradient_boosting  LightGBM trained | best_iteration=60
23:49:38  INFO      models.gradient_boosting  LightGBM trained | best_iteration=78
23:49:38  INFO      models.gradient_boosting  LightGBM trained | best_iteration=31
23:49:38  INFO      models.gradient_boosting  CatBoost trained
23:49:38  INFO      models.gradient_boosting  CatBoost trained
23:49:38  INFO      models.gradient_boosting  CatBoost trained
23:49:39  INFO      models.gradient_boosting  CatBoost trained
23:49:39  INFO      models.gradient_boosting  CatBoost trained
23:49:40  INFO      pipeline  Skipping TabNet in SMOTE ablation (Fig 10) — its single official result is already in Table II. Pass --full-ablation to include it (runs in isolated subprocesses to avoid the MPS stall seen previously).
23:49:40  INFO      visualization.plots  Fig 10 saved → /Users/harekrishna/Downloads/discover_ai_credit_experiment_v2/results/outputs/south_german/runs/seed_515/figures/fig10_smote_ablation.pdf
23:49:40  INFO      pipeline  ============================================================
23:49:40  INFO      pipeline  STAGE 5: SHAP Explanations
23:49:40  INFO      pipeline  ============================================================
23:49:40  WARNING   shap  Background dataset has 200 samples but max_samples=100. Subsampling to 100 samples for SHAP value computation. To use all samples, set max_samples=200 when initializing the masker.
23:49:40  WARNING   explainability.shap_explainer  Categorical splits detected. Falling back to tree_path_dependent perturbation. Note: SHAP values will be in margin (log-odds) space.
23:49:40  INFO      explainability.shap_explainer  SHAP TreeExplainer initialised
23:49:40  INFO      explainability.shap_explainer  SHAP values computed | shape=(200, 20)
23:49:40  INFO      explainability.shap_explainer  SHAP additivity check | MAE=0.00000 | PASS ✓
23:49:41  INFO      explainability.shap_explainer  Saved SHAP summary → /Users/harekrishna/Downloads/discover_ai_credit_experiment_v2/results/outputs/south_german/runs/seed_515/figures/fig05a_shap_summary_XGBoost.pdf
23:49:41  INFO      explainability.shap_explainer  Saved SHAP bar → /Users/harekrishna/Downloads/discover_ai_credit_experiment_v2/results/outputs/south_german/runs/seed_515/figures/fig05b_shap_bar_XGBoost.pdf
23:49:41  INFO      explainability.shap_explainer  Saved SHAP dependence → /Users/harekrishna/Downloads/discover_ai_credit_experiment_v2/results/outputs/south_german/runs/seed_515/figures/fig06_shap_dep_status.pdf
23:49:41  INFO      pipeline  LaTeX table → /Users/harekrishna/Downloads/discover_ai_credit_experiment_v2/results/outputs/south_german/runs/seed_515/results/table3_shap_ranking.tex
23:49:41  INFO      visualization.plots  Fig 8 saved → /Users/harekrishna/Downloads/discover_ai_credit_experiment_v2/results/outputs/south_german/runs/seed_515/figures/fig08_importance_comparison.pdf
23:49:42  INFO      visualization.plots  Fig 9 saved → /Users/harekrishna/Downloads/discover_ai_credit_experiment_v2/results/outputs/south_german/runs/seed_515/figures/fig09_threshold_sweep.pdf
23:49:42  INFO      pipeline  ============================================================
23:49:42  INFO      pipeline  STAGE 6: LIME Explanations
23:49:42  INFO      pipeline  ============================================================
23:49:42  INFO      explainability.lime_explainer  LIME tabular explainer initialised | features=20
23:49:42  INFO      pipeline  Local instances selected: {'TP': 30, 'FP': 70, 'FN': 61, 'TN': 168}
23:49:42  INFO      explainability.lime_explainer  Saved LIME explanation → /Users/harekrishna/Downloads/discover_ai_credit_experiment_v2/results/outputs/south_german/runs/seed_515/figures/fig07_tp_lime.pdf
23:49:42  INFO      explainability.lime_explainer  Saved LIME explanation → /Users/harekrishna/Downloads/discover_ai_credit_experiment_v2/results/outputs/south_german/runs/seed_515/figures/fig07_fp_lime.pdf
23:49:42  INFO      explainability.lime_explainer  Saved LIME explanation → /Users/harekrishna/Downloads/discover_ai_credit_experiment_v2/results/outputs/south_german/runs/seed_515/figures/fig07_fn_lime.pdf
23:49:42  INFO      explainability.lime_explainer  Saved LIME explanation → /Users/harekrishna/Downloads/discover_ai_credit_experiment_v2/results/outputs/south_german/runs/seed_515/figures/fig07_tn_lime.pdf
23:49:43  INFO      explainability.lime_explainer  Saved LIME multi-instance grid → /Users/harekrishna/Downloads/discover_ai_credit_experiment_v2/results/outputs/south_german/runs/seed_515/figures/fig07_lime_multi_instance.pdf
23:49:45  INFO      explainability.lime_explainer  LIME batch complete | n=200
23:49:45  INFO      explainability.lime_explainer  SHAP–LIME agreement | mean ρ=0.361 ± 0.213
23:49:45  INFO      explainability.lime_explainer  LIME tabular explainer initialised | features=20
23:49:45  INFO      explainability.lime_explainer  LIME tabular explainer initialised | features=20
23:49:45  INFO      explainability.lime_explainer  LIME tabular explainer initialised | features=20
23:49:45  INFO      explainability.lime_explainer  LIME tabular explainer initialised | features=20
23:49:45  INFO      explainability.lime_explainer  LIME tabular explainer initialised | features=20
23:49:45  INFO      explainability.lime_explainer  LIME tabular explainer initialised | features=20
23:49:45  INFO      explainability.lime_explainer  LIME tabular explainer initialised | features=20
23:49:45  INFO      explainability.lime_explainer  LIME tabular explainer initialised | features=20
23:49:45  INFO      explainability.lime_explainer  LIME tabular explainer initialised | features=20
23:49:45  INFO      explainability.lime_explainer  LIME tabular explainer initialised | features=20
23:49:45  INFO      explainability.lime_explainer  LIME tabular explainer initialised | features=20
23:49:45  INFO      explainability.lime_explainer  LIME tabular explainer initialised | features=20
23:49:45  INFO      explainability.lime_explainer  LIME tabular explainer initialised | features=20
23:49:45  INFO      explainability.lime_explainer  LIME tabular explainer initialised | features=20
23:49:45  INFO      explainability.lime_explainer  LIME tabular explainer initialised | features=20
23:49:45  INFO      explainability.lime_explainer  LIME tabular explainer initialised | features=20
23:49:45  INFO      explainability.lime_explainer  LIME tabular explainer initialised | features=20
23:49:45  INFO      explainability.lime_explainer  LIME tabular explainer initialised | features=20
23:49:45  INFO      explainability.lime_explainer  LIME tabular explainer initialised | features=20
23:49:45  INFO      explainability.lime_explainer  LIME tabular explainer initialised | features=20
23:49:45  INFO      explainability.lime_explainer  LIME tabular explainer initialised | features=20
23:49:45  INFO      explainability.lime_explainer  LIME tabular explainer initialised | features=20
23:49:45  INFO      explainability.lime_explainer  LIME tabular explainer initialised | features=20
23:49:45  INFO      explainability.lime_explainer  LIME tabular explainer initialised | features=20
23:49:45  INFO      explainability.lime_explainer  LIME tabular explainer initialised | features=20
23:49:45  INFO      explainability.lime_explainer  LIME tabular explainer initialised | features=20
23:49:45  INFO      explainability.lime_explainer  LIME tabular explainer initialised | features=20
23:49:45  INFO      explainability.lime_explainer  LIME tabular explainer initialised | features=20
23:49:45  INFO      explainability.lime_explainer  LIME tabular explainer initialised | features=20
23:49:45  INFO      explainability.lime_explainer  LIME tabular explainer initialised | features=20
23:49:45  INFO      explainability.lime_explainer  LIME tabular explainer initialised | features=20
23:49:45  INFO      explainability.lime_explainer  LIME tabular explainer initialised | features=20
23:49:45  INFO      explainability.lime_explainer  LIME tabular explainer initialised | features=20
23:49:45  INFO      explainability.lime_explainer  LIME tabular explainer initialised | features=20
23:49:45  INFO      explainability.lime_explainer  LIME tabular explainer initialised | features=20
23:49:45  INFO      explainability.lime_explainer  LIME tabular explainer initialised | features=20
23:49:45  INFO      explainability.lime_explainer  LIME tabular explainer initialised | features=20
23:49:45  INFO      explainability.lime_explainer  LIME tabular explainer initialised | features=20
23:49:45  INFO      explainability.lime_explainer  LIME tabular explainer initialised | features=20
23:49:45  INFO      explainability.lime_explainer  LIME tabular explainer initialised | features=20
23:49:45  INFO      explainability.lime_explainer  LIME tabular explainer initialised | features=20
23:49:45  INFO      explainability.lime_explainer  LIME tabular explainer initialised | features=20
23:49:45  INFO      explainability.lime_explainer  LIME tabular explainer initialised | features=20
23:49:45  INFO      explainability.lime_explainer  LIME tabular explainer initialised | features=20
23:49:45  INFO      explainability.lime_explainer  LIME tabular explainer initialised | features=20
23:49:45  INFO      explainability.lime_explainer  LIME tabular explainer initialised | features=20
23:49:45  INFO      explainability.lime_explainer  LIME tabular explainer initialised | features=20
23:49:45  INFO      explainability.lime_explainer  LIME tabular explainer initialised | features=20
23:49:45  INFO      explainability.lime_explainer  LIME tabular explainer initialised | features=20
23:49:45  INFO      explainability.lime_explainer  LIME tabular explainer initialised | features=20
23:49:45  INFO      explainability.lime_explainer  LIME tabular explainer initialised | features=20
23:49:45  INFO      explainability.lime_explainer  LIME tabular explainer initialised | features=20
23:49:45  INFO      explainability.lime_explainer  LIME tabular explainer initialised | features=20
23:49:45  INFO      explainability.lime_explainer  LIME tabular explainer initialised | features=20
23:49:45  INFO      explainability.lime_explainer  LIME tabular explainer initialised | features=20
23:49:45  INFO      explainability.lime_explainer  LIME tabular explainer initialised | features=20
23:49:45  INFO      explainability.lime_explainer  LIME tabular explainer initialised | features=20
23:49:45  INFO      explainability.lime_explainer  LIME tabular explainer initialised | features=20
23:49:45  INFO      explainability.lime_explainer  LIME tabular explainer initialised | features=20
23:49:45  INFO      explainability.lime_explainer  LIME tabular explainer initialised | features=20
23:49:46  INFO      explainability.lime_explainer  LIME tabular explainer initialised | features=20
23:49:46  INFO      explainability.lime_explainer  LIME tabular explainer initialised | features=20
23:49:46  INFO      explainability.lime_explainer  LIME tabular explainer initialised | features=20
23:49:46  INFO      explainability.lime_explainer  LIME tabular explainer initialised | features=20
23:49:46  INFO      explainability.lime_explainer  LIME tabular explainer initialised | features=20
23:49:46  INFO      explainability.lime_explainer  LIME tabular explainer initialised | features=20
23:49:46  INFO      explainability.lime_explainer  LIME tabular explainer initialised | features=20
23:49:46  INFO      explainability.lime_explainer  LIME tabular explainer initialised | features=20
23:49:46  INFO      explainability.lime_explainer  LIME tabular explainer initialised | features=20
23:49:46  INFO      explainability.lime_explainer  LIME tabular explainer initialised | features=20
23:49:46  INFO      explainability.lime_explainer  LIME tabular explainer initialised | features=20
23:49:46  INFO      explainability.lime_explainer  LIME tabular explainer initialised | features=20
23:49:46  INFO      explainability.lime_explainer  LIME tabular explainer initialised | features=20
23:49:46  INFO      explainability.lime_explainer  LIME tabular explainer initialised | features=20
23:49:46  INFO      explainability.lime_explainer  LIME tabular explainer initialised | features=20
23:49:46  INFO      explainability.lime_explainer  LIME tabular explainer initialised | features=20
23:49:46  INFO      explainability.lime_explainer  LIME tabular explainer initialised | features=20
23:49:46  INFO      explainability.lime_explainer  LIME tabular explainer initialised | features=20
23:49:46  INFO      explainability.lime_explainer  LIME tabular explainer initialised | features=20
23:49:46  INFO      explainability.lime_explainer  LIME tabular explainer initialised | features=20
23:49:46  INFO      explainability.lime_explainer  LIME tabular explainer initialised | features=20
23:49:46  INFO      explainability.lime_explainer  LIME tabular explainer initialised | features=20
23:49:46  INFO      explainability.lime_explainer  LIME tabular explainer initialised | features=20
23:49:46  INFO      explainability.lime_explainer  LIME tabular explainer initialised | features=20
23:49:46  INFO      explainability.lime_explainer  LIME tabular explainer initialised | features=20
23:49:46  INFO      explainability.lime_explainer  LIME tabular explainer initialised | features=20
23:49:46  INFO      explainability.lime_explainer  LIME tabular explainer initialised | features=20
23:49:46  INFO      explainability.lime_explainer  LIME tabular explainer initialised | features=20
23:49:46  INFO      explainability.lime_explainer  LIME tabular explainer initialised | features=20
23:49:46  INFO      explainability.lime_explainer  LIME tabular explainer initialised | features=20
23:49:46  INFO      explainability.lime_explainer  LIME tabular explainer initialised | features=20
23:49:46  INFO      explainability.lime_explainer  LIME tabular explainer initialised | features=20
23:49:46  INFO      explainability.lime_explainer  LIME tabular explainer initialised | features=20
23:49:46  INFO      explainability.lime_explainer  LIME tabular explainer initialised | features=20
23:49:46  INFO      explainability.lime_explainer  LIME tabular explainer initialised | features=20
23:49:46  INFO      explainability.lime_explainer  LIME tabular explainer initialised | features=20
23:49:46  INFO      explainability.lime_explainer  LIME tabular explainer initialised | features=20
23:49:46  INFO      explainability.lime_explainer  LIME tabular explainer initialised | features=20
23:49:46  INFO      explainability.lime_explainer  LIME tabular explainer initialised | features=20
23:49:46  INFO      explainability.lime_explainer  LIME tabular explainer initialised | features=20
23:49:46  INFO      explainability.lime_explainer  LIME tabular explainer initialised | features=20
23:49:46  INFO      explainability.lime_explainer  LIME tabular explainer initialised | features=20
23:49:46  INFO      explainability.lime_explainer  LIME tabular explainer initialised | features=20
23:49:46  INFO      explainability.lime_explainer  LIME tabular explainer initialised | features=20
23:49:46  INFO      explainability.lime_explainer  LIME tabular explainer initialised | features=20
23:49:46  INFO      explainability.lime_explainer  LIME tabular explainer initialised | features=20
23:49:46  INFO      explainability.lime_explainer  LIME tabular explainer initialised | features=20
23:49:46  INFO      explainability.lime_explainer  LIME tabular explainer initialised | features=20
23:49:46  INFO      explainability.lime_explainer  LIME tabular explainer initialised | features=20
23:49:46  INFO      explainability.lime_explainer  LIME tabular explainer initialised | features=20
23:49:46  INFO      explainability.lime_explainer  LIME tabular explainer initialised | features=20
23:49:46  INFO      explainability.lime_explainer  LIME tabular explainer initialised | features=20
23:49:46  INFO      explainability.lime_explainer  LIME tabular explainer initialised | features=20
23:49:46  INFO      explainability.lime_explainer  LIME tabular explainer initialised | features=20
23:49:46  INFO      explainability.lime_explainer  LIME tabular explainer initialised | features=20
23:49:46  INFO      explainability.lime_explainer  LIME tabular explainer initialised | features=20
23:49:46  INFO      explainability.lime_explainer  LIME tabular explainer initialised | features=20
23:49:46  INFO      explainability.lime_explainer  LIME tabular explainer initialised | features=20
23:49:46  INFO      explainability.lime_explainer  LIME tabular explainer initialised | features=20
23:49:46  INFO      explainability.lime_explainer  LIME tabular explainer initialised | features=20
23:49:46  INFO      explainability.lime_explainer  LIME tabular explainer initialised | features=20
23:49:46  INFO      explainability.lime_explainer  LIME tabular explainer initialised | features=20
23:49:46  INFO      explainability.lime_explainer  LIME tabular explainer initialised | features=20
23:49:46  INFO      explainability.lime_explainer  LIME tabular explainer initialised | features=20
23:49:46  INFO      explainability.lime_explainer  LIME tabular explainer initialised | features=20
23:49:46  INFO      explainability.lime_explainer  LIME tabular explainer initialised | features=20
23:49:46  INFO      explainability.lime_explainer  LIME tabular explainer initialised | features=20
23:49:46  INFO      explainability.lime_explainer  LIME tabular explainer initialised | features=20
23:49:46  INFO      explainability.lime_explainer  LIME tabular explainer initialised | features=20
23:49:47  INFO      explainability.lime_explainer  LIME tabular explainer initialised | features=20
23:49:47  INFO      explainability.lime_explainer  LIME tabular explainer initialised | features=20
23:49:47  INFO      explainability.lime_explainer  LIME tabular explainer initialised | features=20
23:49:47  INFO      explainability.lime_explainer  LIME tabular explainer initialised | features=20
23:49:47  INFO      explainability.lime_explainer  LIME tabular explainer initialised | features=20
23:49:47  INFO      explainability.lime_explainer  LIME tabular explainer initialised | features=20
23:49:47  INFO      explainability.lime_explainer  LIME tabular explainer initialised | features=20
23:49:47  INFO      explainability.lime_explainer  LIME tabular explainer initialised | features=20
23:49:47  INFO      explainability.lime_explainer  LIME tabular explainer initialised | features=20
23:49:47  INFO      explainability.lime_explainer  LIME tabular explainer initialised | features=20
23:49:47  INFO      explainability.lime_explainer  LIME tabular explainer initialised | features=20
23:49:47  INFO      explainability.lime_explainer  LIME tabular explainer initialised | features=20
23:49:47  INFO      explainability.lime_explainer  LIME tabular explainer initialised | features=20
23:49:47  INFO      explainability.lime_explainer  LIME tabular explainer initialised | features=20
23:49:47  INFO      explainability.lime_explainer  LIME tabular explainer initialised | features=20
23:49:47  INFO      explainability.lime_explainer  LIME tabular explainer initialised | features=20
23:49:47  INFO      explainability.lime_explainer  LIME tabular explainer initialised | features=20
23:49:47  INFO      explainability.lime_explainer  LIME tabular explainer initialised | features=20
23:49:47  INFO      explainability.lime_explainer  LIME tabular explainer initialised | features=20
23:49:47  INFO      explainability.lime_explainer  LIME tabular explainer initialised | features=20
23:49:47  INFO      explainability.lime_explainer  LIME tabular explainer initialised | features=20
23:49:47  INFO      explainability.lime_explainer  LIME tabular explainer initialised | features=20
23:49:47  INFO      explainability.lime_explainer  LIME tabular explainer initialised | features=20
23:49:47  INFO      explainability.lime_explainer  LIME tabular explainer initialised | features=20
23:49:47  INFO      explainability.lime_explainer  LIME tabular explainer initialised | features=20
23:49:47  INFO      explainability.lime_explainer  LIME tabular explainer initialised | features=20
23:49:47  INFO      explainability.lime_explainer  LIME tabular explainer initialised | features=20
23:49:47  INFO      explainability.lime_explainer  LIME tabular explainer initialised | features=20
23:49:47  INFO      explainability.lime_explainer  LIME tabular explainer initialised | features=20
23:49:47  INFO      explainability.lime_explainer  LIME tabular explainer initialised | features=20
23:49:47  INFO      explainability.lime_explainer  LIME tabular explainer initialised | features=20
23:49:47  INFO      explainability.lime_explainer  LIME tabular explainer initialised | features=20
23:49:47  INFO      explainability.lime_explainer  LIME tabular explainer initialised | features=20
23:49:47  INFO      explainability.lime_explainer  LIME tabular explainer initialised | features=20
23:49:47  INFO      explainability.lime_explainer  LIME tabular explainer initialised | features=20
23:49:47  INFO      explainability.lime_explainer  LIME tabular explainer initialised | features=20
23:49:47  INFO      explainability.lime_explainer  LIME tabular explainer initialised | features=20
23:49:47  INFO      explainability.lime_explainer  LIME tabular explainer initialised | features=20
23:49:47  INFO      explainability.lime_explainer  LIME tabular explainer initialised | features=20
23:49:47  INFO      explainability.lime_explainer  LIME tabular explainer initialised | features=20
23:49:47  INFO      explainability.lime_explainer  LIME tabular explainer initialised | features=20
23:49:47  INFO      explainability.lime_explainer  LIME tabular explainer initialised | features=20
23:49:47  INFO      explainability.lime_explainer  LIME tabular explainer initialised | features=20
23:49:47  INFO      explainability.lime_explainer  LIME tabular explainer initialised | features=20
23:49:47  INFO      explainability.lime_explainer  LIME tabular explainer initialised | features=20
23:49:47  INFO      explainability.lime_explainer  LIME tabular explainer initialised | features=20
23:49:47  INFO      explainability.lime_explainer  LIME tabular explainer initialised | features=20
23:49:47  INFO      explainability.lime_explainer  LIME tabular explainer initialised | features=20
23:49:47  INFO      explainability.lime_explainer  LIME tabular explainer initialised | features=20
23:49:47  INFO      explainability.lime_explainer  LIME tabular explainer initialised | features=20
23:49:47  INFO      explainability.lime_explainer  LIME tabular explainer initialised | features=20
23:49:47  INFO      explainability.lime_explainer  LIME tabular explainer initialised | features=20
23:49:47  INFO      explainability.lime_explainer  LIME tabular explainer initialised | features=20
23:49:47  INFO      explainability.lime_explainer  LIME tabular explainer initialised | features=20
23:49:47  INFO      explainability.lime_explainer  LIME tabular explainer initialised | features=20
23:49:47  INFO      explainability.lime_explainer  LIME tabular explainer initialised | features=20
23:49:47  INFO      explainability.lime_explainer  LIME tabular explainer initialised | features=20
23:49:47  INFO      explainability.lime_explainer  LIME tabular explainer initialised | features=20
23:49:47  INFO      explainability.lime_explainer  LIME tabular explainer initialised | features=20
23:49:47  INFO      explainability.lime_explainer  LIME tabular explainer initialised | features=20
23:49:47  INFO      explainability.lime_explainer  LIME tabular explainer initialised | features=20
23:49:47  INFO      explainability.lime_explainer  LIME tabular explainer initialised | features=20
23:49:47  INFO      explainability.lime_explainer  LIME tabular explainer initialised | features=20
23:49:47  INFO      explainability.lime_explainer  LIME tabular explainer initialised | features=20
23:49:47  INFO      explainability.lime_explainer  LIME tabular explainer initialised | features=20
23:49:47  INFO      explainability.lime_explainer  LIME tabular explainer initialised | features=20
23:49:47  INFO      explainability.lime_explainer  LIME tabular explainer initialised | features=20
23:49:47  INFO      explainability.lime_explainer  LIME tabular explainer initialised | features=20
23:49:47  INFO      explainability.lime_explainer  LIME tabular explainer initialised | features=20
23:49:47  INFO      explainability.lime_explainer  LIME tabular explainer initialised | features=20
23:49:48  INFO      explainability.lime_explainer  LIME tabular explainer initialised | features=20
23:49:48  INFO      explainability.lime_explainer  LIME tabular explainer initialised | features=20
23:49:48  INFO      explainability.lime_explainer  LIME tabular explainer initialised | features=20
23:49:48  INFO      explainability.lime_explainer  LIME tabular explainer initialised | features=20
23:49:48  INFO      explainability.lime_explainer  LIME tabular explainer initialised | features=20
23:49:48  INFO      explainability.lime_explainer  LIME tabular explainer initialised | features=20
23:49:48  INFO      explainability.lime_explainer  LIME tabular explainer initialised | features=20
23:49:48  INFO      explainability.lime_explainer  LIME tabular explainer initialised | features=20
23:49:48  INFO      explainability.lime_explainer  LIME tabular explainer initialised | features=20
23:49:48  INFO      explainability.lime_explainer  LIME tabular explainer initialised | features=20
23:49:48  INFO      explainability.lime_explainer  LIME tabular explainer initialised | features=20
23:49:48  INFO      explainability.lime_explainer  LIME tabular explainer initialised | features=20
23:49:48  INFO      explainability.lime_explainer  LIME tabular explainer initialised | features=20
23:49:48  INFO      explainability.lime_explainer  LIME tabular explainer initialised | features=20
23:49:48  INFO      explainability.lime_explainer  LIME tabular explainer initialised | features=20
23:49:48  INFO      explainability.lime_explainer  LIME tabular explainer initialised | features=20
23:49:48  INFO      explainability.lime_explainer  LIME tabular explainer initialised | features=20
23:49:48  INFO      explainability.lime_explainer  LIME tabular explainer initialised | features=20
23:49:48  INFO      explainability.lime_explainer  LIME tabular explainer initialised | features=20
23:49:48  INFO      explainability.lime_explainer  LIME tabular explainer initialised | features=20
23:49:48  INFO      explainability.lime_explainer  LIME tabular explainer initialised | features=20
23:49:48  INFO      explainability.lime_explainer  LIME tabular explainer initialised | features=20
23:49:48  INFO      explainability.lime_explainer  LIME tabular explainer initialised | features=20
23:49:48  INFO      explainability.lime_explainer  LIME tabular explainer initialised | features=20
23:49:48  INFO      explainability.lime_explainer  LIME tabular explainer initialised | features=20
23:49:48  INFO      explainability.lime_explainer  LIME tabular explainer initialised | features=20
23:49:48  INFO      explainability.lime_explainer  LIME tabular explainer initialised | features=20
23:49:48  INFO      explainability.lime_explainer  LIME tabular explainer initialised | features=20
23:49:48  INFO      explainability.lime_explainer  LIME tabular explainer initialised | features=20
23:49:48  INFO      explainability.lime_explainer  LIME tabular explainer initialised | features=20
23:49:48  INFO      explainability.lime_explainer  LIME tabular explainer initialised | features=20
23:49:48  INFO      explainability.lime_explainer  LIME tabular explainer initialised | features=20
23:49:48  INFO      explainability.lime_explainer  LIME tabular explainer initialised | features=20
23:49:48  INFO      explainability.lime_explainer  LIME tabular explainer initialised | features=20
23:49:48  INFO      explainability.lime_explainer  LIME tabular explainer initialised | features=20
23:49:48  INFO      explainability.lime_explainer  LIME tabular explainer initialised | features=20
23:49:48  INFO      explainability.lime_explainer  LIME tabular explainer initialised | features=20
23:49:48  INFO      explainability.lime_explainer  LIME tabular explainer initialised | features=20
23:49:48  INFO      explainability.lime_explainer  LIME tabular explainer initialised | features=20
23:49:48  INFO      explainability.lime_explainer  LIME tabular explainer initialised | features=20
23:49:48  INFO      explainability.lime_explainer  LIME tabular explainer initialised | features=20
23:49:48  INFO      explainability.lime_explainer  LIME tabular explainer initialised | features=20
23:49:48  INFO      explainability.lime_explainer  LIME tabular explainer initialised | features=20
23:49:48  INFO      explainability.lime_explainer  LIME tabular explainer initialised | features=20
23:49:48  INFO      explainability.lime_explainer  LIME tabular explainer initialised | features=20
23:49:48  INFO      explainability.lime_explainer  LIME tabular explainer initialised | features=20
23:49:48  INFO      explainability.lime_explainer  LIME tabular explainer initialised | features=20
23:49:48  INFO      explainability.lime_explainer  LIME tabular explainer initialised | features=20
23:49:48  INFO      explainability.lime_explainer  LIME tabular explainer initialised | features=20
23:49:48  INFO      explainability.lime_explainer  LIME tabular explainer initialised | features=20
23:49:48  INFO      explainability.lime_explainer  LIME tabular explainer initialised | features=20
23:49:48  INFO      explainability.lime_explainer  LIME tabular explainer initialised | features=20
23:49:48  INFO      explainability.lime_explainer  LIME tabular explainer initialised | features=20
23:49:48  INFO      explainability.lime_explainer  LIME tabular explainer initialised | features=20
23:49:48  INFO      explainability.lime_explainer  LIME tabular explainer initialised | features=20
23:49:48  INFO      explainability.lime_explainer  LIME tabular explainer initialised | features=20
23:49:48  INFO      explainability.lime_explainer  LIME tabular explainer initialised | features=20
23:49:48  INFO      explainability.lime_explainer  LIME tabular explainer initialised | features=20
23:49:48  INFO      explainability.lime_explainer  LIME tabular explainer initialised | features=20
23:49:48  INFO      explainability.lime_explainer  LIME tabular explainer initialised | features=20
23:49:48  INFO      explainability.lime_explainer  LIME tabular explainer initialised | features=20
23:49:48  INFO      explainability.lime_explainer  LIME tabular explainer initialised | features=20
23:49:48  INFO      explainability.lime_explainer  LIME tabular explainer initialised | features=20
23:49:48  INFO      explainability.lime_explainer  LIME tabular explainer initialised | features=20
23:49:48  INFO      explainability.lime_explainer  LIME tabular explainer initialised | features=20
23:49:48  INFO      explainability.lime_explainer  LIME tabular explainer initialised | features=20
23:49:48  INFO      explainability.lime_explainer  LIME tabular explainer initialised | features=20
23:49:48  INFO      explainability.lime_explainer  LIME tabular explainer initialised | features=20
23:49:48  INFO      explainability.lime_explainer  LIME tabular explainer initialised | features=20
23:49:48  INFO      explainability.lime_explainer  LIME tabular explainer initialised | features=20
23:49:48  INFO      explainability.lime_explainer  LIME tabular explainer initialised | features=20
23:49:49  INFO      explainability.lime_explainer  LIME tabular explainer initialised | features=20
23:49:49  INFO      explainability.lime_explainer  LIME tabular explainer initialised | features=20
23:49:49  INFO      explainability.lime_explainer  LIME tabular explainer initialised | features=20
23:49:49  INFO      explainability.lime_explainer  LIME tabular explainer initialised | features=20
23:49:49  INFO      explainability.lime_explainer  LIME tabular explainer initialised | features=20
23:49:49  INFO      explainability.lime_explainer  LIME tabular explainer initialised | features=20
23:49:49  INFO      explainability.lime_explainer  LIME tabular explainer initialised | features=20
23:49:49  INFO      explainability.lime_explainer  LIME tabular explainer initialised | features=20
23:49:49  INFO      explainability.lime_explainer  LIME tabular explainer initialised | features=20
23:49:49  INFO      explainability.lime_explainer  LIME tabular explainer initialised | features=20
23:49:49  INFO      explainability.lime_explainer  LIME tabular explainer initialised | features=20
23:49:49  INFO      explainability.lime_explainer  LIME tabular explainer initialised | features=20
23:49:49  INFO      explainability.lime_explainer  LIME tabular explainer initialised | features=20
23:49:49  INFO      explainability.lime_explainer  LIME tabular explainer initialised | features=20
23:49:49  INFO      explainability.lime_explainer  LIME tabular explainer initialised | features=20
23:49:49  INFO      explainability.lime_explainer  LIME tabular explainer initialised | features=20
23:49:49  INFO      explainability.lime_explainer  LIME tabular explainer initialised | features=20
23:49:49  INFO      explainability.lime_explainer  LIME tabular explainer initialised | features=20
23:49:49  INFO      explainability.lime_explainer  LIME tabular explainer initialised | features=20
23:49:49  INFO      explainability.lime_explainer  LIME tabular explainer initialised | features=20
23:49:49  INFO      explainability.lime_explainer  LIME tabular explainer initialised | features=20
23:49:49  INFO      explainability.lime_explainer  LIME tabular explainer initialised | features=20
23:49:49  INFO      explainability.lime_explainer  LIME tabular explainer initialised | features=20
23:49:49  INFO      explainability.lime_explainer  LIME tabular explainer initialised | features=20
23:49:49  INFO      explainability.lime_explainer  LIME tabular explainer initialised | features=20
23:49:49  INFO      explainability.lime_explainer  LIME tabular explainer initialised | features=20
23:49:49  INFO      explainability.lime_explainer  LIME tabular explainer initialised | features=20
23:49:49  INFO      explainability.lime_explainer  LIME tabular explainer initialised | features=20
23:49:49  INFO      explainability.lime_explainer  LIME tabular explainer initialised | features=20
23:49:49  INFO      explainability.lime_explainer  LIME tabular explainer initialised | features=20
23:49:49  INFO      pipeline  LaTeX table → /Users/harekrishna/Downloads/discover_ai_credit_experiment_v2/results/outputs/south_german/runs/seed_515/results/table5_explanation_quality.tex
23:49:49  INFO      pipeline  SHAP–LIME agreement | mean ρ=0.361 ± 0.213
23:49:49  INFO      pipeline  LaTeX table → /Users/harekrishna/Downloads/discover_ai_credit_experiment_v2/results/outputs/south_german/runs/seed_515/results/table4_shap_lime_agreement.tex
23:49:53  INFO      models.gradient_boosting  XGBoost trained | best_iteration=22
23:49:53  INFO      models.gradient_boosting  XGBoost trained | best_iteration=56
23:49:53  INFO      models.gradient_boosting  XGBoost trained | best_iteration=8
23:49:53  INFO      models.gradient_boosting  XGBoost trained | best_iteration=34
23:49:53  INFO      models.gradient_boosting  XGBoost trained | best_iteration=36
23:50:19  INFO      pipeline  ============================================================
23:50:19  INFO      pipeline  SEED 515 COMPLETE
23:50:19  INFO      pipeline  Figures    -> /Users/harekrishna/Downloads/discover_ai_credit_experiment_v2/results/outputs/south_german/runs/seed_515/figures
23:50:19  INFO      pipeline  Results    -> /Users/harekrishna/Downloads/discover_ai_credit_experiment_v2/results/outputs/south_german/runs/seed_515/results
23:50:19  INFO      pipeline  Best model -> XGBoost (AUROC=0.7144)
23:50:19  INFO      pipeline  ============================================================
23:50:19  INFO      pipeline  ╔══════════════════════════════════════════════╗
23:50:19  INFO      pipeline  ║  Credit Default Prediction with XAI         ║
23:50:19  INFO      pipeline  ║  Dataset: south_german                       ║
23:50:19  INFO      pipeline  ║  Seed: 689                                   ║
23:50:19  INFO      pipeline  ╚══════════════════════════════════════════════╝
23:50:19  INFO      pipeline  ============================================================
23:50:19  INFO      pipeline  STAGE 1: Data Loading & Feature Engineering
23:50:19  INFO      pipeline  ============================================================
23:50:19  INFO      data.data_loader  Skipping UCI-specific engineered features; required columns not present.
23:50:19  INFO      data.data_loader  Skipping UCI-specific engineered features; required columns not present.
23:50:19  INFO      data.data_loader  Skipping UCI-specific engineered features; required columns not present.
23:50:19  INFO      data.data_loader  Dataset loaded | train=700  val=100  test=200 | default rate  train=30.00%  test=30.00%
23:50:19  INFO      pipeline  Imbalance stats: {
  "n_total": 700,
  "n_majority": 490,
  "n_minority": 210,
  "imbalance_ratio": 2.3333,
  "minority_pct": 30.0
}
23:50:19  INFO      visualization.plots  Fig 1 saved → /Users/harekrishna/Downloads/discover_ai_credit_experiment_v2/results/outputs/south_german/runs/seed_689/figures/fig01_class_distribution.pdf
23:50:19  INFO      pipeline  ============================================================
23:50:19  INFO      pipeline  STAGE 2: SMOTE Strategy Ablation
23:50:19  INFO      pipeline  ============================================================
23:50:19  INFO      preprocessing.imbalance_handler  Before resampling | class 0: 490 (70.0%)  class 1: 210 (30.0%)  IR=2.33
23:50:19  INFO      preprocessing.imbalance_handler  After SMOTE | class 0: 490 (50.0%)  class 1: 490 (50.0%)  IR=1.00
23:50:19  INFO      preprocessing.imbalance_handler  Before resampling | class 0: 490 (70.0%)  class 1: 210 (30.0%)  IR=2.33
23:50:19  INFO      preprocessing.imbalance_handler  After BorderlineSMOTE | class 0: 490 (50.0%)  class 1: 490 (50.0%)  IR=1.00
23:50:19  INFO      preprocessing.imbalance_handler  Before resampling | class 0: 490 (70.0%)  class 1: 210 (30.0%)  IR=2.33
23:50:19  INFO      preprocessing.imbalance_handler  After SVMSMOTE | class 0: 490 (50.0%)  class 1: 490 (50.0%)  IR=1.00
23:50:19  INFO      preprocessing.imbalance_handler  Before resampling | class 0: 490 (70.0%)  class 1: 210 (30.0%)  IR=2.33
23:50:19  INFO      preprocessing.imbalance_handler  After ADASYN | class 0: 490 (51.4%)  class 1: 464 (48.6%)  IR=1.06
23:50:19  INFO      preprocessing.imbalance_handler  Before resampling | class 0: 490 (70.0%)  class 1: 210 (30.0%)  IR=2.33
23:50:19  INFO      preprocessing.imbalance_handler  No resampling applied.
23:50:19  INFO      pipeline  Ablation | strategy=SMOTE | n=980
23:50:20  INFO      models.gradient_boosting  LightGBM trained | best_iteration=156
23:50:20  INFO      pipeline  Ablation | strategy=BorderlineSMOTE | n=980
23:50:20  INFO      models.gradient_boosting  LightGBM trained | best_iteration=119
23:50:20  INFO      pipeline  Ablation | strategy=SVMSMOTE | n=980
23:50:21  INFO      models.gradient_boosting  LightGBM trained | best_iteration=138
23:50:21  INFO      pipeline  Ablation | strategy=ADASYN | n=954
23:50:21  INFO      models.gradient_boosting  LightGBM trained | best_iteration=129
23:50:22  INFO      pipeline  Ablation | strategy=None | n=700
23:50:22  INFO      models.gradient_boosting  LightGBM trained | best_iteration=149
23:50:22  INFO      pipeline  Best SMOTE strategy (validation AUROC): SMOTE → 0.7757  [model used: LightGBM]
23:50:22  INFO      pipeline  ============================================================
23:50:22  INFO      pipeline  STAGE 3: Model Training
23:50:22  INFO      pipeline  ============================================================
23:50:22  INFO      pipeline  Training XGBoost …
23:50:22  INFO      pipeline  RandomizedSearchCV | model=XGBoost seed=689 n_iter=12 cv=3 scoring=roc_auc
23:50:23  INFO      models.gradient_boosting  XGBoost trained | best_iteration=N/A
23:50:23  INFO      models.gradient_boosting  XGBoost trained | best_iteration=N/A
23:50:23  INFO      models.gradient_boosting  XGBoost trained | best_iteration=N/A
23:50:24  INFO      models.gradient_boosting  XGBoost trained | best_iteration=N/A
23:50:24  INFO      models.gradient_boosting  XGBoost trained | best_iteration=N/A
23:50:24  INFO      models.gradient_boosting  XGBoost trained | best_iteration=N/A
23:50:25  INFO      models.gradient_boosting  XGBoost trained | best_iteration=N/A
23:50:25  INFO      models.gradient_boosting  XGBoost trained | best_iteration=N/A
23:50:26  INFO      models.gradient_boosting  XGBoost trained | best_iteration=N/A
23:50:26  INFO      models.gradient_boosting  XGBoost trained | best_iteration=N/A
23:50:27  INFO      models.gradient_boosting  XGBoost trained | best_iteration=N/A
23:50:27  INFO      models.gradient_boosting  XGBoost trained | best_iteration=N/A
23:50:27  INFO      models.gradient_boosting  XGBoost trained | best_iteration=N/A
23:50:28  INFO      models.gradient_boosting  XGBoost trained | best_iteration=N/A
23:50:28  INFO      models.gradient_boosting  XGBoost trained | best_iteration=N/A
23:50:28  INFO      models.gradient_boosting  XGBoost trained | best_iteration=N/A
23:50:29  INFO      models.gradient_boosting  XGBoost trained | best_iteration=N/A
23:50:29  INFO      models.gradient_boosting  XGBoost trained | best_iteration=N/A
23:50:30  INFO      models.gradient_boosting  XGBoost trained | best_iteration=N/A
23:50:31  INFO      models.gradient_boosting  XGBoost trained | best_iteration=N/A
23:50:32  INFO      models.gradient_boosting  XGBoost trained | best_iteration=N/A
23:50:33  INFO      models.gradient_boosting  XGBoost trained | best_iteration=N/A
23:50:33  INFO      models.gradient_boosting  XGBoost trained | best_iteration=N/A
23:50:34  INFO      models.gradient_boosting  XGBoost trained | best_iteration=N/A
23:50:35  INFO      models.gradient_boosting  XGBoost trained | best_iteration=N/A
23:50:35  INFO      models.gradient_boosting  XGBoost trained | best_iteration=N/A
23:50:36  INFO      models.gradient_boosting  XGBoost trained | best_iteration=N/A
23:50:37  INFO      models.gradient_boosting  XGBoost trained | best_iteration=N/A
23:50:38  INFO      models.gradient_boosting  XGBoost trained | best_iteration=N/A
23:50:39  INFO      models.gradient_boosting  XGBoost trained | best_iteration=N/A
23:50:40  INFO      models.gradient_boosting  XGBoost trained | best_iteration=N/A
23:50:40  INFO      models.gradient_boosting  XGBoost trained | best_iteration=N/A
23:50:41  INFO      models.gradient_boosting  XGBoost trained | best_iteration=N/A
23:50:41  INFO      models.gradient_boosting  XGBoost trained | best_iteration=N/A
23:50:41  INFO      models.gradient_boosting  XGBoost trained | best_iteration=N/A
23:50:42  INFO      models.gradient_boosting  XGBoost trained | best_iteration=N/A
23:50:42  INFO      models.gradient_boosting  XGBoost trained | best_iteration=N/A
23:50:43  INFO      models.gradient_boosting  XGBoost trained | best_iteration=18
23:50:43  INFO      pipeline  Training LightGBM …
23:50:43  INFO      pipeline  RandomizedSearchCV | model=LightGBM seed=689 n_iter=12 cv=3 scoring=roc_auc
23:50:43  INFO      models.gradient_boosting  LightGBM trained | best_iteration=0
23:50:43  INFO      models.gradient_boosting  LightGBM trained | best_iteration=0
23:50:44  INFO      models.gradient_boosting  LightGBM trained | best_iteration=0
23:50:45  INFO      models.gradient_boosting  LightGBM trained | best_iteration=0
23:50:47  INFO      models.gradient_boosting  LightGBM trained | best_iteration=0
23:50:48  INFO      models.gradient_boosting  LightGBM trained | best_iteration=0
23:50:50  INFO      models.gradient_boosting  LightGBM trained | best_iteration=0
23:50:51  INFO      models.gradient_boosting  LightGBM trained | best_iteration=0
23:50:52  INFO      models.gradient_boosting  LightGBM trained | best_iteration=0
23:50:53  INFO      models.gradient_boosting  LightGBM trained | best_iteration=0
23:50:53  INFO      models.gradient_boosting  LightGBM trained | best_iteration=0
23:50:54  INFO      models.gradient_boosting  LightGBM trained | best_iteration=0
23:50:54  INFO      models.gradient_boosting  LightGBM trained | best_iteration=0
23:50:54  INFO      models.gradient_boosting  LightGBM trained | best_iteration=0
23:50:55  INFO      models.gradient_boosting  LightGBM trained | best_iteration=0
23:50:55  INFO      models.gradient_boosting  LightGBM trained | best_iteration=0
23:50:55  INFO      models.gradient_boosting  LightGBM trained | best_iteration=0
23:50:56  INFO      models.gradient_boosting  LightGBM trained | best_iteration=0
23:50:56  INFO      models.gradient_boosting  LightGBM trained | best_iteration=0
23:50:57  INFO      models.gradient_boosting  LightGBM trained | best_iteration=0
23:50:58  INFO      models.gradient_boosting  LightGBM trained | best_iteration=0
23:50:58  INFO      models.gradient_boosting  LightGBM trained | best_iteration=0
23:50:58  INFO      models.gradient_boosting  LightGBM trained | best_iteration=0
23:50:58  INFO      models.gradient_boosting  LightGBM trained | best_iteration=0
23:51:01  INFO      models.gradient_boosting  LightGBM trained | best_iteration=0
23:51:03  INFO      models.gradient_boosting  LightGBM trained | best_iteration=0
23:51:05  INFO      models.gradient_boosting  LightGBM trained | best_iteration=0
23:51:06  INFO      models.gradient_boosting  LightGBM trained | best_iteration=0
23:51:06  INFO      models.gradient_boosting  LightGBM trained | best_iteration=0
23:51:07  INFO      models.gradient_boosting  LightGBM trained | best_iteration=0
23:51:08  INFO      models.gradient_boosting  LightGBM trained | best_iteration=0
23:51:09  INFO      models.gradient_boosting  LightGBM trained | best_iteration=0
23:51:09  INFO      models.gradient_boosting  LightGBM trained | best_iteration=0
23:51:10  INFO      models.gradient_boosting  LightGBM trained | best_iteration=0
23:51:11  INFO      models.gradient_boosting  LightGBM trained | best_iteration=0
23:51:12  INFO      models.gradient_boosting  LightGBM trained | best_iteration=0
23:51:15  INFO      models.gradient_boosting  LightGBM trained | best_iteration=0
23:51:15  INFO      models.gradient_boosting  LightGBM trained | best_iteration=49
23:51:15  INFO      pipeline  Training CatBoost …
23:51:15  INFO      pipeline  RandomizedSearchCV | model=CatBoost seed=689 n_iter=12 cv=3 scoring=roc_auc
23:51:16  INFO      models.gradient_boosting  CatBoost trained
23:51:17  INFO      models.gradient_boosting  CatBoost trained
23:51:18  INFO      models.gradient_boosting  CatBoost trained
23:51:18  INFO      models.gradient_boosting  CatBoost trained
23:51:19  INFO      models.gradient_boosting  CatBoost trained
23:51:19  INFO      models.gradient_boosting  CatBoost trained
23:51:20  INFO      models.gradient_boosting  CatBoost trained
23:51:20  INFO      models.gradient_boosting  CatBoost trained
23:51:21  INFO      models.gradient_boosting  CatBoost trained
23:51:21  INFO      models.gradient_boosting  CatBoost trained
23:51:21  INFO      models.gradient_boosting  CatBoost trained
23:51:22  INFO      models.gradient_boosting  CatBoost trained
23:51:22  INFO      models.gradient_boosting  CatBoost trained
23:51:23  INFO      models.gradient_boosting  CatBoost trained
23:51:23  INFO      models.gradient_boosting  CatBoost trained
23:51:23  INFO      models.gradient_boosting  CatBoost trained
23:51:24  INFO      models.gradient_boosting  CatBoost trained
23:51:24  INFO      models.gradient_boosting  CatBoost trained
23:51:25  INFO      models.gradient_boosting  CatBoost trained
23:51:25  INFO      models.gradient_boosting  CatBoost trained
23:51:25  INFO      models.gradient_boosting  CatBoost trained
23:51:26  INFO      models.gradient_boosting  CatBoost trained
23:51:26  INFO      models.gradient_boosting  CatBoost trained
23:51:26  INFO      models.gradient_boosting  CatBoost trained
23:51:27  INFO      models.gradient_boosting  CatBoost trained
23:51:28  INFO      models.gradient_boosting  CatBoost trained
23:51:28  INFO      models.gradient_boosting  CatBoost trained
23:51:29  INFO      models.gradient_boosting  CatBoost trained
23:51:29  INFO      models.gradient_boosting  CatBoost trained
23:51:29  INFO      models.gradient_boosting  CatBoost trained
23:51:29  INFO      models.gradient_boosting  CatBoost trained
23:51:30  INFO      models.gradient_boosting  CatBoost trained
23:51:30  INFO      models.gradient_boosting  CatBoost trained
23:51:31  INFO      models.gradient_boosting  CatBoost trained
23:51:32  INFO      models.gradient_boosting  CatBoost trained
23:51:33  INFO      models.gradient_boosting  CatBoost trained
23:51:34  INFO      models.gradient_boosting  CatBoost trained
23:51:34  INFO      models.gradient_boosting  CatBoost trained
23:51:34  INFO      pipeline  Training Random Forest …
23:51:34  INFO      pipeline  RandomizedSearchCV | model=Random Forest seed=689 n_iter=12 cv=3 scoring=roc_auc
23:51:50  INFO      pipeline  Training Logistic Reg. …
23:51:50  INFO      pipeline  RandomizedSearchCV | model=Logistic Reg. seed=689 n_iter=12 cv=3 scoring=roc_auc
23:51:50  INFO      pipeline  Training TabNet …
23:51:50  INFO      models.tabnet_model  Apple MPS backend passed smoke test — using GPU acceleration.
23:51:50  INFO      models.tabnet_model  TabNet starting | device=mps  max_epochs=200  patience=15  batch_size=1024  n_train=980
23:51:53  INFO      models.tabnet_model  TabNet trained | device=mps  best_epoch=16  elapsed=3.6s
23:51:53  INFO      pipeline  YAML saved → /Users/harekrishna/Downloads/discover_ai_credit_experiment_v2/results/outputs/south_german/runs/seed_689/results/best_params.yaml
23:51:53  INFO      pipeline  ============================================================
23:51:53  INFO      pipeline  STAGE 4: Evaluation
23:51:53  INFO      pipeline  ============================================================
23:51:54  INFO      pipeline  XGBoost | val_F1*=0.6552 @ t=0.50 | test AUROC=0.7911  F1=0.5487  G-Mean=0.6599  MCC=0.3733
23:51:54  INFO      pipeline  LightGBM | val_F1*=0.6000 @ t=0.32 | test AUROC=0.7860  F1=0.6000  G-Mean=0.7141  MCC=0.4009
23:51:54  INFO      pipeline  CatBoost | val_F1*=0.6207 @ t=0.48 | test AUROC=0.8073  F1=0.5965  G-Mean=0.6969  MCC=0.4375
23:51:54  INFO      pipeline  Random Forest | val_F1*=0.5714 @ t=0.43 | test AUROC=0.8143  F1=0.5968  G-Mean=0.7055  MCC=0.4163
23:51:54  INFO      pipeline  Logistic Reg. | val_F1*=0.5823 @ t=0.42 | test AUROC=0.8007  F1=0.5868  G-Mean=0.6916  MCC=0.3697
23:51:54  INFO      pipeline  TabNet | val_F1*=0.6341 @ t=0.37 | test AUROC=0.7086  F1=0.5176  G-Mean=0.6226  MCC=0.2412
23:51:54  INFO      pipeline  LaTeX table → /Users/harekrishna/Downloads/discover_ai_credit_experiment_v2/results/outputs/south_german/runs/seed_689/results/table2_test_metrics.tex
23:51:54  INFO      pipeline  
                AUROC   AUPRC      F1  Precision  Recall  Specificity  G-Mean     MCC   Brier
Model                                                                                        
XGBoost        0.7911  0.5798  0.5487     0.5849  0.5167       0.8429  0.6599  0.3733  0.1874
LightGBM       0.7860  0.6062  0.6000     0.5250  0.7000       0.7286  0.7141  0.4009  0.1703
CatBoost       0.8073  0.6335  0.5965     0.6296  0.5667       0.8571  0.6969  0.4375  0.1601
Random Forest  0.8143  0.6231  0.5968     0.5781  0.6167       0.8071  0.7055  0.4163  0.1604
Logistic Reg.  0.8007  0.6668  0.5868     0.4579  0.8167       0.5857  0.6916  0.3697  0.1859
TabNet         0.7086  0.5099  0.5176     0.4000  0.7333       0.5286  0.6226  0.2412  0.2471
23:51:54  INFO      visualization.plots  Fig 2 saved → /Users/harekrishna/Downloads/discover_ai_credit_experiment_v2/results/outputs/south_german/runs/seed_689/figures/fig02_roc_curves.pdf
23:51:54  INFO      visualization.plots  Fig 3 saved → /Users/harekrishna/Downloads/discover_ai_credit_experiment_v2/results/outputs/south_german/runs/seed_689/figures/fig03_pr_curves.pdf
23:51:54  INFO      visualization.plots  Fig 4 saved → /Users/harekrishna/Downloads/discover_ai_credit_experiment_v2/results/outputs/south_german/runs/seed_689/figures/fig04_confusion_xgboost.pdf
23:51:54  INFO      pipeline  Top pair Random Forest vs CatBoost | DeLong z=0.4642 p=0.6425 | McNemar chi2=0.4091 p=0.5224
23:57:45  INFO      models.gradient_boosting  XGBoost trained | best_iteration=9
23:57:45  INFO      models.gradient_boosting  XGBoost trained | best_iteration=84
23:57:45  INFO      models.gradient_boosting  XGBoost trained | best_iteration=84
23:57:45  INFO      models.gradient_boosting  XGBoost trained | best_iteration=112
23:57:45  INFO      models.gradient_boosting  XGBoost trained | best_iteration=25
23:57:46  INFO      models.gradient_boosting  LightGBM trained | best_iteration=156
23:57:46  INFO      models.gradient_boosting  LightGBM trained | best_iteration=119
23:57:47  INFO      models.gradient_boosting  LightGBM trained | best_iteration=138
23:57:47  INFO      models.gradient_boosting  LightGBM trained | best_iteration=129
23:57:47  INFO      models.gradient_boosting  LightGBM trained | best_iteration=149
23:57:48  INFO      models.gradient_boosting  CatBoost trained
23:57:48  INFO      models.gradient_boosting  CatBoost trained
23:57:48  INFO      models.gradient_boosting  CatBoost trained
23:57:48  INFO      models.gradient_boosting  CatBoost trained
23:57:48  INFO      models.gradient_boosting  CatBoost trained
23:57:50  INFO      pipeline  Skipping TabNet in SMOTE ablation (Fig 10) — its single official result is already in Table II. Pass --full-ablation to include it (runs in isolated subprocesses to avoid the MPS stall seen previously).
23:57:50  INFO      visualization.plots  Fig 10 saved → /Users/harekrishna/Downloads/discover_ai_credit_experiment_v2/results/outputs/south_german/runs/seed_689/figures/fig10_smote_ablation.pdf
23:57:50  INFO      pipeline  ============================================================
23:57:50  INFO      pipeline  STAGE 5: SHAP Explanations
23:57:50  INFO      pipeline  ============================================================
23:57:50  WARNING   shap  Background dataset has 200 samples but max_samples=100. Subsampling to 100 samples for SHAP value computation. To use all samples, set max_samples=200 when initializing the masker.
23:57:50  WARNING   explainability.shap_explainer  Categorical splits detected. Falling back to tree_path_dependent perturbation. Note: SHAP values will be in margin (log-odds) space.
23:57:50  INFO      explainability.shap_explainer  SHAP TreeExplainer initialised
23:57:50  INFO      explainability.shap_explainer  SHAP values computed | shape=(200, 20)
23:57:50  INFO      explainability.shap_explainer  SHAP additivity check | MAE=0.00000 | PASS ✓
23:57:50  INFO      explainability.shap_explainer  Saved SHAP summary → /Users/harekrishna/Downloads/discover_ai_credit_experiment_v2/results/outputs/south_german/runs/seed_689/figures/fig05a_shap_summary_XGBoost.pdf
23:57:50  INFO      explainability.shap_explainer  Saved SHAP bar → /Users/harekrishna/Downloads/discover_ai_credit_experiment_v2/results/outputs/south_german/runs/seed_689/figures/fig05b_shap_bar_XGBoost.pdf
23:57:51  INFO      explainability.shap_explainer  Saved SHAP dependence → /Users/harekrishna/Downloads/discover_ai_credit_experiment_v2/results/outputs/south_german/runs/seed_689/figures/fig06_shap_dep_status.pdf
23:57:51  INFO      pipeline  LaTeX table → /Users/harekrishna/Downloads/discover_ai_credit_experiment_v2/results/outputs/south_german/runs/seed_689/results/table3_shap_ranking.tex
23:57:51  INFO      visualization.plots  Fig 8 saved → /Users/harekrishna/Downloads/discover_ai_credit_experiment_v2/results/outputs/south_german/runs/seed_689/figures/fig08_importance_comparison.pdf
23:57:51  INFO      visualization.plots  Fig 9 saved → /Users/harekrishna/Downloads/discover_ai_credit_experiment_v2/results/outputs/south_german/runs/seed_689/figures/fig09_threshold_sweep.pdf
23:57:51  INFO      pipeline  ============================================================
23:57:51  INFO      pipeline  STAGE 6: LIME Explanations
23:57:51  INFO      pipeline  ============================================================
23:57:51  INFO      explainability.lime_explainer  LIME tabular explainer initialised | features=20
23:57:51  INFO      pipeline  Local instances selected: {'TP': 4, 'FP': 21, 'FN': 135, 'TN': 67}
23:57:51  INFO      explainability.lime_explainer  Saved LIME explanation → /Users/harekrishna/Downloads/discover_ai_credit_experiment_v2/results/outputs/south_german/runs/seed_689/figures/fig07_tp_lime.pdf
23:57:52  INFO      explainability.lime_explainer  Saved LIME explanation → /Users/harekrishna/Downloads/discover_ai_credit_experiment_v2/results/outputs/south_german/runs/seed_689/figures/fig07_fp_lime.pdf
23:57:52  INFO      explainability.lime_explainer  Saved LIME explanation → /Users/harekrishna/Downloads/discover_ai_credit_experiment_v2/results/outputs/south_german/runs/seed_689/figures/fig07_fn_lime.pdf
23:57:52  INFO      explainability.lime_explainer  Saved LIME explanation → /Users/harekrishna/Downloads/discover_ai_credit_experiment_v2/results/outputs/south_german/runs/seed_689/figures/fig07_tn_lime.pdf
23:57:52  INFO      explainability.lime_explainer  Saved LIME multi-instance grid → /Users/harekrishna/Downloads/discover_ai_credit_experiment_v2/results/outputs/south_german/runs/seed_689/figures/fig07_lime_multi_instance.pdf
23:57:54  INFO      explainability.lime_explainer  LIME batch complete | n=200
23:57:54  INFO      explainability.lime_explainer  SHAP–LIME agreement | mean ρ=0.510 ± 0.203
23:57:54  INFO      explainability.lime_explainer  LIME tabular explainer initialised | features=20
23:57:54  INFO      explainability.lime_explainer  LIME tabular explainer initialised | features=20
23:57:54  INFO      explainability.lime_explainer  LIME tabular explainer initialised | features=20
23:57:54  INFO      explainability.lime_explainer  LIME tabular explainer initialised | features=20
23:57:54  INFO      explainability.lime_explainer  LIME tabular explainer initialised | features=20
23:57:54  INFO      explainability.lime_explainer  LIME tabular explainer initialised | features=20
23:57:54  INFO      explainability.lime_explainer  LIME tabular explainer initialised | features=20
23:57:54  INFO      explainability.lime_explainer  LIME tabular explainer initialised | features=20
23:57:54  INFO      explainability.lime_explainer  LIME tabular explainer initialised | features=20
23:57:54  INFO      explainability.lime_explainer  LIME tabular explainer initialised | features=20
23:57:54  INFO      explainability.lime_explainer  LIME tabular explainer initialised | features=20
23:57:54  INFO      explainability.lime_explainer  LIME tabular explainer initialised | features=20
23:57:54  INFO      explainability.lime_explainer  LIME tabular explainer initialised | features=20
23:57:54  INFO      explainability.lime_explainer  LIME tabular explainer initialised | features=20
23:57:54  INFO      explainability.lime_explainer  LIME tabular explainer initialised | features=20
23:57:55  INFO      explainability.lime_explainer  LIME tabular explainer initialised | features=20
23:57:55  INFO      explainability.lime_explainer  LIME tabular explainer initialised | features=20
23:57:55  INFO      explainability.lime_explainer  LIME tabular explainer initialised | features=20
23:57:55  INFO      explainability.lime_explainer  LIME tabular explainer initialised | features=20
23:57:55  INFO      explainability.lime_explainer  LIME tabular explainer initialised | features=20
23:57:55  INFO      explainability.lime_explainer  LIME tabular explainer initialised | features=20
23:57:55  INFO      explainability.lime_explainer  LIME tabular explainer initialised | features=20
23:57:55  INFO      explainability.lime_explainer  LIME tabular explainer initialised | features=20
23:57:55  INFO      explainability.lime_explainer  LIME tabular explainer initialised | features=20
23:57:55  INFO      explainability.lime_explainer  LIME tabular explainer initialised | features=20
23:57:55  INFO      explainability.lime_explainer  LIME tabular explainer initialised | features=20
23:57:55  INFO      explainability.lime_explainer  LIME tabular explainer initialised | features=20
23:57:55  INFO      explainability.lime_explainer  LIME tabular explainer initialised | features=20
23:57:55  INFO      explainability.lime_explainer  LIME tabular explainer initialised | features=20
23:57:55  INFO      explainability.lime_explainer  LIME tabular explainer initialised | features=20
23:57:55  INFO      explainability.lime_explainer  LIME tabular explainer initialised | features=20
23:57:55  INFO      explainability.lime_explainer  LIME tabular explainer initialised | features=20
23:57:55  INFO      explainability.lime_explainer  LIME tabular explainer initialised | features=20
23:57:55  INFO      explainability.lime_explainer  LIME tabular explainer initialised | features=20
23:57:55  INFO      explainability.lime_explainer  LIME tabular explainer initialised | features=20
23:57:55  INFO      explainability.lime_explainer  LIME tabular explainer initialised | features=20
23:57:55  INFO      explainability.lime_explainer  LIME tabular explainer initialised | features=20
23:57:55  INFO      explainability.lime_explainer  LIME tabular explainer initialised | features=20
23:57:55  INFO      explainability.lime_explainer  LIME tabular explainer initialised | features=20
23:57:55  INFO      explainability.lime_explainer  LIME tabular explainer initialised | features=20
23:57:55  INFO      explainability.lime_explainer  LIME tabular explainer initialised | features=20
23:57:55  INFO      explainability.lime_explainer  LIME tabular explainer initialised | features=20
23:57:55  INFO      explainability.lime_explainer  LIME tabular explainer initialised | features=20
23:57:55  INFO      explainability.lime_explainer  LIME tabular explainer initialised | features=20
23:57:55  INFO      explainability.lime_explainer  LIME tabular explainer initialised | features=20
23:57:55  INFO      explainability.lime_explainer  LIME tabular explainer initialised | features=20
23:57:55  INFO      explainability.lime_explainer  LIME tabular explainer initialised | features=20
23:57:55  INFO      explainability.lime_explainer  LIME tabular explainer initialised | features=20
23:57:55  INFO      explainability.lime_explainer  LIME tabular explainer initialised | features=20
23:57:55  INFO      explainability.lime_explainer  LIME tabular explainer initialised | features=20
23:57:55  INFO      explainability.lime_explainer  LIME tabular explainer initialised | features=20
23:57:55  INFO      explainability.lime_explainer  LIME tabular explainer initialised | features=20
23:57:55  INFO      explainability.lime_explainer  LIME tabular explainer initialised | features=20
23:57:55  INFO      explainability.lime_explainer  LIME tabular explainer initialised | features=20
23:57:55  INFO      explainability.lime_explainer  LIME tabular explainer initialised | features=20
23:57:55  INFO      explainability.lime_explainer  LIME tabular explainer initialised | features=20
23:57:55  INFO      explainability.lime_explainer  LIME tabular explainer initialised | features=20
23:57:55  INFO      explainability.lime_explainer  LIME tabular explainer initialised | features=20
23:57:55  INFO      explainability.lime_explainer  LIME tabular explainer initialised | features=20
23:57:55  INFO      explainability.lime_explainer  LIME tabular explainer initialised | features=20
23:57:55  INFO      explainability.lime_explainer  LIME tabular explainer initialised | features=20
23:57:55  INFO      explainability.lime_explainer  LIME tabular explainer initialised | features=20
23:57:55  INFO      explainability.lime_explainer  LIME tabular explainer initialised | features=20
23:57:55  INFO      explainability.lime_explainer  LIME tabular explainer initialised | features=20
23:57:55  INFO      explainability.lime_explainer  LIME tabular explainer initialised | features=20
23:57:55  INFO      explainability.lime_explainer  LIME tabular explainer initialised | features=20
23:57:55  INFO      explainability.lime_explainer  LIME tabular explainer initialised | features=20
23:57:55  INFO      explainability.lime_explainer  LIME tabular explainer initialised | features=20
23:57:55  INFO      explainability.lime_explainer  LIME tabular explainer initialised | features=20
23:57:55  INFO      explainability.lime_explainer  LIME tabular explainer initialised | features=20
23:57:55  INFO      explainability.lime_explainer  LIME tabular explainer initialised | features=20
23:57:55  INFO      explainability.lime_explainer  LIME tabular explainer initialised | features=20
23:57:55  INFO      explainability.lime_explainer  LIME tabular explainer initialised | features=20
23:57:55  INFO      explainability.lime_explainer  LIME tabular explainer initialised | features=20
23:57:55  INFO      explainability.lime_explainer  LIME tabular explainer initialised | features=20
23:57:55  INFO      explainability.lime_explainer  LIME tabular explainer initialised | features=20
23:57:55  INFO      explainability.lime_explainer  LIME tabular explainer initialised | features=20
23:57:55  INFO      explainability.lime_explainer  LIME tabular explainer initialised | features=20
23:57:55  INFO      explainability.lime_explainer  LIME tabular explainer initialised | features=20
23:57:55  INFO      explainability.lime_explainer  LIME tabular explainer initialised | features=20
23:57:55  INFO      explainability.lime_explainer  LIME tabular explainer initialised | features=20
23:57:56  INFO      explainability.lime_explainer  LIME tabular explainer initialised | features=20
23:57:56  INFO      explainability.lime_explainer  LIME tabular explainer initialised | features=20
23:57:56  INFO      explainability.lime_explainer  LIME tabular explainer initialised | features=20
23:57:56  INFO      explainability.lime_explainer  LIME tabular explainer initialised | features=20
23:57:56  INFO      explainability.lime_explainer  LIME tabular explainer initialised | features=20
23:57:56  INFO      explainability.lime_explainer  LIME tabular explainer initialised | features=20
23:57:56  INFO      explainability.lime_explainer  LIME tabular explainer initialised | features=20
23:57:56  INFO      explainability.lime_explainer  LIME tabular explainer initialised | features=20
23:57:56  INFO      explainability.lime_explainer  LIME tabular explainer initialised | features=20
23:57:56  INFO      explainability.lime_explainer  LIME tabular explainer initialised | features=20
23:57:56  INFO      explainability.lime_explainer  LIME tabular explainer initialised | features=20
23:57:56  INFO      explainability.lime_explainer  LIME tabular explainer initialised | features=20
23:57:56  INFO      explainability.lime_explainer  LIME tabular explainer initialised | features=20
23:57:56  INFO      explainability.lime_explainer  LIME tabular explainer initialised | features=20
23:57:56  INFO      explainability.lime_explainer  LIME tabular explainer initialised | features=20
23:57:56  INFO      explainability.lime_explainer  LIME tabular explainer initialised | features=20
23:57:56  INFO      explainability.lime_explainer  LIME tabular explainer initialised | features=20
23:57:56  INFO      explainability.lime_explainer  LIME tabular explainer initialised | features=20
23:57:56  INFO      explainability.lime_explainer  LIME tabular explainer initialised | features=20
23:57:56  INFO      explainability.lime_explainer  LIME tabular explainer initialised | features=20
23:57:56  INFO      explainability.lime_explainer  LIME tabular explainer initialised | features=20
23:57:56  INFO      explainability.lime_explainer  LIME tabular explainer initialised | features=20
23:57:56  INFO      explainability.lime_explainer  LIME tabular explainer initialised | features=20
23:57:56  INFO      explainability.lime_explainer  LIME tabular explainer initialised | features=20
23:57:56  INFO      explainability.lime_explainer  LIME tabular explainer initialised | features=20
23:57:56  INFO      explainability.lime_explainer  LIME tabular explainer initialised | features=20
23:57:56  INFO      explainability.lime_explainer  LIME tabular explainer initialised | features=20
23:57:56  INFO      explainability.lime_explainer  LIME tabular explainer initialised | features=20
23:57:56  INFO      explainability.lime_explainer  LIME tabular explainer initialised | features=20
23:57:56  INFO      explainability.lime_explainer  LIME tabular explainer initialised | features=20
23:57:56  INFO      explainability.lime_explainer  LIME tabular explainer initialised | features=20
23:57:56  INFO      explainability.lime_explainer  LIME tabular explainer initialised | features=20
23:57:56  INFO      explainability.lime_explainer  LIME tabular explainer initialised | features=20
23:57:56  INFO      explainability.lime_explainer  LIME tabular explainer initialised | features=20
23:57:56  INFO      explainability.lime_explainer  LIME tabular explainer initialised | features=20
23:57:56  INFO      explainability.lime_explainer  LIME tabular explainer initialised | features=20
23:57:56  INFO      explainability.lime_explainer  LIME tabular explainer initialised | features=20
23:57:56  INFO      explainability.lime_explainer  LIME tabular explainer initialised | features=20
23:57:56  INFO      explainability.lime_explainer  LIME tabular explainer initialised | features=20
23:57:56  INFO      explainability.lime_explainer  LIME tabular explainer initialised | features=20
23:57:56  INFO      explainability.lime_explainer  LIME tabular explainer initialised | features=20
23:57:56  INFO      explainability.lime_explainer  LIME tabular explainer initialised | features=20
23:57:56  INFO      explainability.lime_explainer  LIME tabular explainer initialised | features=20
23:57:56  INFO      explainability.lime_explainer  LIME tabular explainer initialised | features=20
23:57:56  INFO      explainability.lime_explainer  LIME tabular explainer initialised | features=20
23:57:56  INFO      explainability.lime_explainer  LIME tabular explainer initialised | features=20
23:57:56  INFO      explainability.lime_explainer  LIME tabular explainer initialised | features=20
23:57:56  INFO      explainability.lime_explainer  LIME tabular explainer initialised | features=20
23:57:56  INFO      explainability.lime_explainer  LIME tabular explainer initialised | features=20
23:57:56  INFO      explainability.lime_explainer  LIME tabular explainer initialised | features=20
23:57:56  INFO      explainability.lime_explainer  LIME tabular explainer initialised | features=20
23:57:56  INFO      explainability.lime_explainer  LIME tabular explainer initialised | features=20
23:57:56  INFO      explainability.lime_explainer  LIME tabular explainer initialised | features=20
23:57:56  INFO      explainability.lime_explainer  LIME tabular explainer initialised | features=20
23:57:56  INFO      explainability.lime_explainer  LIME tabular explainer initialised | features=20
23:57:56  INFO      explainability.lime_explainer  LIME tabular explainer initialised | features=20
23:57:56  INFO      explainability.lime_explainer  LIME tabular explainer initialised | features=20
23:57:56  INFO      explainability.lime_explainer  LIME tabular explainer initialised | features=20
23:57:56  INFO      explainability.lime_explainer  LIME tabular explainer initialised | features=20
23:57:56  INFO      explainability.lime_explainer  LIME tabular explainer initialised | features=20
23:57:56  INFO      explainability.lime_explainer  LIME tabular explainer initialised | features=20
23:57:56  INFO      explainability.lime_explainer  LIME tabular explainer initialised | features=20
23:57:56  INFO      explainability.lime_explainer  LIME tabular explainer initialised | features=20
23:57:56  INFO      explainability.lime_explainer  LIME tabular explainer initialised | features=20
23:57:56  INFO      explainability.lime_explainer  LIME tabular explainer initialised | features=20
23:57:56  INFO      explainability.lime_explainer  LIME tabular explainer initialised | features=20
23:57:56  INFO      explainability.lime_explainer  LIME tabular explainer initialised | features=20
23:57:56  INFO      explainability.lime_explainer  LIME tabular explainer initialised | features=20
23:57:57  INFO      explainability.lime_explainer  LIME tabular explainer initialised | features=20
23:57:57  INFO      explainability.lime_explainer  LIME tabular explainer initialised | features=20
23:57:57  INFO      explainability.lime_explainer  LIME tabular explainer initialised | features=20
23:57:57  INFO      explainability.lime_explainer  LIME tabular explainer initialised | features=20
23:57:57  INFO      explainability.lime_explainer  LIME tabular explainer initialised | features=20
23:57:57  INFO      explainability.lime_explainer  LIME tabular explainer initialised | features=20
23:57:57  INFO      explainability.lime_explainer  LIME tabular explainer initialised | features=20
23:57:57  INFO      explainability.lime_explainer  LIME tabular explainer initialised | features=20
23:57:57  INFO      explainability.lime_explainer  LIME tabular explainer initialised | features=20
23:57:57  INFO      explainability.lime_explainer  LIME tabular explainer initialised | features=20
23:57:57  INFO      explainability.lime_explainer  LIME tabular explainer initialised | features=20
23:57:57  INFO      explainability.lime_explainer  LIME tabular explainer initialised | features=20
23:57:57  INFO      explainability.lime_explainer  LIME tabular explainer initialised | features=20
23:57:57  INFO      explainability.lime_explainer  LIME tabular explainer initialised | features=20
23:57:57  INFO      explainability.lime_explainer  LIME tabular explainer initialised | features=20
23:57:57  INFO      explainability.lime_explainer  LIME tabular explainer initialised | features=20
23:57:57  INFO      explainability.lime_explainer  LIME tabular explainer initialised | features=20
23:57:57  INFO      explainability.lime_explainer  LIME tabular explainer initialised | features=20
23:57:57  INFO      explainability.lime_explainer  LIME tabular explainer initialised | features=20
23:57:57  INFO      explainability.lime_explainer  LIME tabular explainer initialised | features=20
23:57:57  INFO      explainability.lime_explainer  LIME tabular explainer initialised | features=20
23:57:57  INFO      explainability.lime_explainer  LIME tabular explainer initialised | features=20
23:57:57  INFO      explainability.lime_explainer  LIME tabular explainer initialised | features=20
23:57:57  INFO      explainability.lime_explainer  LIME tabular explainer initialised | features=20
23:57:57  INFO      explainability.lime_explainer  LIME tabular explainer initialised | features=20
23:57:57  INFO      explainability.lime_explainer  LIME tabular explainer initialised | features=20
23:57:57  INFO      explainability.lime_explainer  LIME tabular explainer initialised | features=20
23:57:57  INFO      explainability.lime_explainer  LIME tabular explainer initialised | features=20
23:57:57  INFO      explainability.lime_explainer  LIME tabular explainer initialised | features=20
23:57:57  INFO      explainability.lime_explainer  LIME tabular explainer initialised | features=20
23:57:57  INFO      explainability.lime_explainer  LIME tabular explainer initialised | features=20
23:57:57  INFO      explainability.lime_explainer  LIME tabular explainer initialised | features=20
23:57:57  INFO      explainability.lime_explainer  LIME tabular explainer initialised | features=20
23:57:57  INFO      explainability.lime_explainer  LIME tabular explainer initialised | features=20
23:57:57  INFO      explainability.lime_explainer  LIME tabular explainer initialised | features=20
23:57:57  INFO      explainability.lime_explainer  LIME tabular explainer initialised | features=20
23:57:57  INFO      explainability.lime_explainer  LIME tabular explainer initialised | features=20
23:57:57  INFO      explainability.lime_explainer  LIME tabular explainer initialised | features=20
23:57:57  INFO      explainability.lime_explainer  LIME tabular explainer initialised | features=20
23:57:57  INFO      explainability.lime_explainer  LIME tabular explainer initialised | features=20
23:57:57  INFO      explainability.lime_explainer  LIME tabular explainer initialised | features=20
23:57:57  INFO      explainability.lime_explainer  LIME tabular explainer initialised | features=20
23:57:57  INFO      explainability.lime_explainer  LIME tabular explainer initialised | features=20
23:57:57  INFO      explainability.lime_explainer  LIME tabular explainer initialised | features=20
23:57:57  INFO      explainability.lime_explainer  LIME tabular explainer initialised | features=20
23:57:57  INFO      explainability.lime_explainer  LIME tabular explainer initialised | features=20
23:57:57  INFO      explainability.lime_explainer  LIME tabular explainer initialised | features=20
23:57:57  INFO      explainability.lime_explainer  LIME tabular explainer initialised | features=20
23:57:57  INFO      explainability.lime_explainer  LIME tabular explainer initialised | features=20
23:57:57  INFO      explainability.lime_explainer  LIME tabular explainer initialised | features=20
23:57:57  INFO      explainability.lime_explainer  LIME tabular explainer initialised | features=20
23:57:57  INFO      explainability.lime_explainer  LIME tabular explainer initialised | features=20
23:57:57  INFO      explainability.lime_explainer  LIME tabular explainer initialised | features=20
23:57:57  INFO      explainability.lime_explainer  LIME tabular explainer initialised | features=20
23:57:57  INFO      explainability.lime_explainer  LIME tabular explainer initialised | features=20
23:57:57  INFO      explainability.lime_explainer  LIME tabular explainer initialised | features=20
23:57:57  INFO      explainability.lime_explainer  LIME tabular explainer initialised | features=20
23:57:57  INFO      explainability.lime_explainer  LIME tabular explainer initialised | features=20
23:57:57  INFO      explainability.lime_explainer  LIME tabular explainer initialised | features=20
23:57:57  INFO      explainability.lime_explainer  LIME tabular explainer initialised | features=20
23:57:57  INFO      explainability.lime_explainer  LIME tabular explainer initialised | features=20
23:57:57  INFO      explainability.lime_explainer  LIME tabular explainer initialised | features=20
23:57:57  INFO      explainability.lime_explainer  LIME tabular explainer initialised | features=20
23:57:57  INFO      explainability.lime_explainer  LIME tabular explainer initialised | features=20
23:57:57  INFO      explainability.lime_explainer  LIME tabular explainer initialised | features=20
23:57:57  INFO      explainability.lime_explainer  LIME tabular explainer initialised | features=20
23:57:57  INFO      explainability.lime_explainer  LIME tabular explainer initialised | features=20
23:57:58  INFO      explainability.lime_explainer  LIME tabular explainer initialised | features=20
23:57:58  INFO      explainability.lime_explainer  LIME tabular explainer initialised | features=20
23:57:58  INFO      explainability.lime_explainer  LIME tabular explainer initialised | features=20
23:57:58  INFO      explainability.lime_explainer  LIME tabular explainer initialised | features=20
23:57:58  INFO      explainability.lime_explainer  LIME tabular explainer initialised | features=20
23:57:58  INFO      explainability.lime_explainer  LIME tabular explainer initialised | features=20
23:57:58  INFO      explainability.lime_explainer  LIME tabular explainer initialised | features=20
23:57:58  INFO      explainability.lime_explainer  LIME tabular explainer initialised | features=20
23:57:58  INFO      explainability.lime_explainer  LIME tabular explainer initialised | features=20
23:57:58  INFO      explainability.lime_explainer  LIME tabular explainer initialised | features=20
23:57:58  INFO      explainability.lime_explainer  LIME tabular explainer initialised | features=20
23:57:58  INFO      explainability.lime_explainer  LIME tabular explainer initialised | features=20
23:57:58  INFO      explainability.lime_explainer  LIME tabular explainer initialised | features=20
23:57:58  INFO      explainability.lime_explainer  LIME tabular explainer initialised | features=20
23:57:58  INFO      explainability.lime_explainer  LIME tabular explainer initialised | features=20
23:57:58  INFO      explainability.lime_explainer  LIME tabular explainer initialised | features=20
23:57:58  INFO      explainability.lime_explainer  LIME tabular explainer initialised | features=20
23:57:58  INFO      explainability.lime_explainer  LIME tabular explainer initialised | features=20
23:57:58  INFO      explainability.lime_explainer  LIME tabular explainer initialised | features=20
23:57:58  INFO      explainability.lime_explainer  LIME tabular explainer initialised | features=20
23:57:58  INFO      explainability.lime_explainer  LIME tabular explainer initialised | features=20
23:57:58  INFO      explainability.lime_explainer  LIME tabular explainer initialised | features=20
23:57:58  INFO      explainability.lime_explainer  LIME tabular explainer initialised | features=20
23:57:58  INFO      explainability.lime_explainer  LIME tabular explainer initialised | features=20
23:57:58  INFO      explainability.lime_explainer  LIME tabular explainer initialised | features=20
23:57:58  INFO      explainability.lime_explainer  LIME tabular explainer initialised | features=20
23:57:58  INFO      explainability.lime_explainer  LIME tabular explainer initialised | features=20
23:57:58  INFO      explainability.lime_explainer  LIME tabular explainer initialised | features=20
23:57:58  INFO      explainability.lime_explainer  LIME tabular explainer initialised | features=20
23:57:58  INFO      explainability.lime_explainer  LIME tabular explainer initialised | features=20
23:57:58  INFO      explainability.lime_explainer  LIME tabular explainer initialised | features=20
23:57:58  INFO      explainability.lime_explainer  LIME tabular explainer initialised | features=20
23:57:58  INFO      explainability.lime_explainer  LIME tabular explainer initialised | features=20
23:57:58  INFO      explainability.lime_explainer  LIME tabular explainer initialised | features=20
23:57:58  INFO      explainability.lime_explainer  LIME tabular explainer initialised | features=20
23:57:58  INFO      explainability.lime_explainer  LIME tabular explainer initialised | features=20
23:57:58  INFO      explainability.lime_explainer  LIME tabular explainer initialised | features=20
23:57:58  INFO      explainability.lime_explainer  LIME tabular explainer initialised | features=20
23:57:58  INFO      explainability.lime_explainer  LIME tabular explainer initialised | features=20
23:57:58  INFO      explainability.lime_explainer  LIME tabular explainer initialised | features=20
23:57:58  INFO      explainability.lime_explainer  LIME tabular explainer initialised | features=20
23:57:58  INFO      explainability.lime_explainer  LIME tabular explainer initialised | features=20
23:57:58  INFO      explainability.lime_explainer  LIME tabular explainer initialised | features=20
23:57:58  INFO      explainability.lime_explainer  LIME tabular explainer initialised | features=20
23:57:58  INFO      explainability.lime_explainer  LIME tabular explainer initialised | features=20
23:57:58  INFO      explainability.lime_explainer  LIME tabular explainer initialised | features=20
23:57:58  INFO      explainability.lime_explainer  LIME tabular explainer initialised | features=20
23:57:58  INFO      explainability.lime_explainer  LIME tabular explainer initialised | features=20
23:57:58  INFO      explainability.lime_explainer  LIME tabular explainer initialised | features=20
23:57:58  INFO      explainability.lime_explainer  LIME tabular explainer initialised | features=20
23:57:58  INFO      explainability.lime_explainer  LIME tabular explainer initialised | features=20
23:57:58  INFO      explainability.lime_explainer  LIME tabular explainer initialised | features=20
23:57:58  INFO      explainability.lime_explainer  LIME tabular explainer initialised | features=20
23:57:58  INFO      explainability.lime_explainer  LIME tabular explainer initialised | features=20
23:57:58  INFO      explainability.lime_explainer  LIME tabular explainer initialised | features=20
23:57:58  INFO      explainability.lime_explainer  LIME tabular explainer initialised | features=20
23:57:58  INFO      explainability.lime_explainer  LIME tabular explainer initialised | features=20
23:57:58  INFO      explainability.lime_explainer  LIME tabular explainer initialised | features=20
23:57:58  INFO      explainability.lime_explainer  LIME tabular explainer initialised | features=20
23:57:58  INFO      explainability.lime_explainer  LIME tabular explainer initialised | features=20
23:57:58  INFO      explainability.lime_explainer  LIME tabular explainer initialised | features=20
23:57:58  INFO      explainability.lime_explainer  LIME tabular explainer initialised | features=20
23:57:58  INFO      explainability.lime_explainer  LIME tabular explainer initialised | features=20
23:57:58  INFO      explainability.lime_explainer  LIME tabular explainer initialised | features=20
23:57:58  INFO      explainability.lime_explainer  LIME tabular explainer initialised | features=20
23:57:58  INFO      explainability.lime_explainer  LIME tabular explainer initialised | features=20
23:57:58  INFO      explainability.lime_explainer  LIME tabular explainer initialised | features=20
23:57:58  INFO      explainability.lime_explainer  LIME tabular explainer initialised | features=20
23:57:59  INFO      explainability.lime_explainer  LIME tabular explainer initialised | features=20
23:57:59  INFO      explainability.lime_explainer  LIME tabular explainer initialised | features=20
23:57:59  INFO      explainability.lime_explainer  LIME tabular explainer initialised | features=20
23:57:59  INFO      explainability.lime_explainer  LIME tabular explainer initialised | features=20
23:57:59  INFO      explainability.lime_explainer  LIME tabular explainer initialised | features=20
23:57:59  INFO      explainability.lime_explainer  LIME tabular explainer initialised | features=20
23:57:59  INFO      explainability.lime_explainer  LIME tabular explainer initialised | features=20
23:57:59  INFO      explainability.lime_explainer  LIME tabular explainer initialised | features=20
23:57:59  INFO      explainability.lime_explainer  LIME tabular explainer initialised | features=20
23:57:59  INFO      explainability.lime_explainer  LIME tabular explainer initialised | features=20
23:57:59  INFO      explainability.lime_explainer  LIME tabular explainer initialised | features=20
23:57:59  INFO      explainability.lime_explainer  LIME tabular explainer initialised | features=20
23:57:59  INFO      explainability.lime_explainer  LIME tabular explainer initialised | features=20
23:57:59  INFO      explainability.lime_explainer  LIME tabular explainer initialised | features=20
23:57:59  INFO      explainability.lime_explainer  LIME tabular explainer initialised | features=20
23:57:59  INFO      explainability.lime_explainer  LIME tabular explainer initialised | features=20
23:57:59  INFO      pipeline  LaTeX table → /Users/harekrishna/Downloads/discover_ai_credit_experiment_v2/results/outputs/south_german/runs/seed_689/results/table5_explanation_quality.tex
23:57:59  INFO      pipeline  SHAP–LIME agreement | mean ρ=0.510 ± 0.203
23:57:59  INFO      pipeline  LaTeX table → /Users/harekrishna/Downloads/discover_ai_credit_experiment_v2/results/outputs/south_german/runs/seed_689/results/table4_shap_lime_agreement.tex
23:58:02  INFO      models.gradient_boosting  XGBoost trained | best_iteration=9
23:58:02  INFO      models.gradient_boosting  XGBoost trained | best_iteration=84
23:58:02  INFO      models.gradient_boosting  XGBoost trained | best_iteration=84
23:58:03  INFO      models.gradient_boosting  XGBoost trained | best_iteration=112
23:58:03  INFO      models.gradient_boosting  XGBoost trained | best_iteration=25
23:58:28  INFO      pipeline  ============================================================
23:58:28  INFO      pipeline  SEED 689 COMPLETE
23:58:28  INFO      pipeline  Figures    -> /Users/harekrishna/Downloads/discover_ai_credit_experiment_v2/results/outputs/south_german/runs/seed_689/figures
23:58:28  INFO      pipeline  Results    -> /Users/harekrishna/Downloads/discover_ai_credit_experiment_v2/results/outputs/south_german/runs/seed_689/results
23:58:28  INFO      pipeline  Best model -> XGBoost (AUROC=0.7911)
23:58:28  INFO      pipeline  ============================================================
23:58:28  INFO      pipeline  ╔══════════════════════════════════════════════╗
23:58:28  INFO      pipeline  ║  Credit Default Prediction with XAI         ║
23:58:28  INFO      pipeline  ║  Dataset: south_german                       ║
23:58:28  INFO      pipeline  ║  Seed: 777                                   ║
23:58:28  INFO      pipeline  ╚══════════════════════════════════════════════╝
23:58:28  INFO      pipeline  ============================================================
23:58:28  INFO      pipeline  STAGE 1: Data Loading & Feature Engineering
23:58:28  INFO      pipeline  ============================================================
23:58:28  INFO      data.data_loader  Skipping UCI-specific engineered features; required columns not present.
23:58:28  INFO      data.data_loader  Skipping UCI-specific engineered features; required columns not present.
23:58:28  INFO      data.data_loader  Skipping UCI-specific engineered features; required columns not present.
23:58:28  INFO      data.data_loader  Dataset loaded | train=700  val=100  test=200 | default rate  train=30.00%  test=30.00%
23:58:28  INFO      pipeline  Imbalance stats: {
  "n_total": 700,
  "n_majority": 490,
  "n_minority": 210,
  "imbalance_ratio": 2.3333,
  "minority_pct": 30.0
}
23:58:28  INFO      visualization.plots  Fig 1 saved → /Users/harekrishna/Downloads/discover_ai_credit_experiment_v2/results/outputs/south_german/runs/seed_777/figures/fig01_class_distribution.pdf
23:58:28  INFO      pipeline  ============================================================
23:58:28  INFO      pipeline  STAGE 2: SMOTE Strategy Ablation
23:58:28  INFO      pipeline  ============================================================
23:58:28  INFO      preprocessing.imbalance_handler  Before resampling | class 0: 490 (70.0%)  class 1: 210 (30.0%)  IR=2.33
23:58:28  INFO      preprocessing.imbalance_handler  After SMOTE | class 0: 490 (50.0%)  class 1: 490 (50.0%)  IR=1.00
23:58:28  INFO      preprocessing.imbalance_handler  Before resampling | class 0: 490 (70.0%)  class 1: 210 (30.0%)  IR=2.33
23:58:28  INFO      preprocessing.imbalance_handler  After BorderlineSMOTE | class 0: 490 (50.0%)  class 1: 490 (50.0%)  IR=1.00
23:58:28  INFO      preprocessing.imbalance_handler  Before resampling | class 0: 490 (70.0%)  class 1: 210 (30.0%)  IR=2.33
23:58:29  INFO      preprocessing.imbalance_handler  After SVMSMOTE | class 0: 490 (50.0%)  class 1: 490 (50.0%)  IR=1.00
23:58:29  INFO      preprocessing.imbalance_handler  Before resampling | class 0: 490 (70.0%)  class 1: 210 (30.0%)  IR=2.33
23:58:29  INFO      preprocessing.imbalance_handler  After ADASYN | class 0: 490 (51.1%)  class 1: 468 (48.9%)  IR=1.05
23:58:29  INFO      preprocessing.imbalance_handler  Before resampling | class 0: 490 (70.0%)  class 1: 210 (30.0%)  IR=2.33
23:58:29  INFO      preprocessing.imbalance_handler  No resampling applied.
23:58:29  INFO      pipeline  Ablation | strategy=SMOTE | n=980
23:58:29  INFO      models.gradient_boosting  LightGBM trained | best_iteration=116
23:58:29  INFO      pipeline  Ablation | strategy=BorderlineSMOTE | n=980
23:58:30  INFO      models.gradient_boosting  LightGBM trained | best_iteration=123
23:58:30  INFO      pipeline  Ablation | strategy=SVMSMOTE | n=980
23:58:30  INFO      models.gradient_boosting  LightGBM trained | best_iteration=78
23:58:30  INFO      pipeline  Ablation | strategy=ADASYN | n=958
23:58:31  INFO      models.gradient_boosting  LightGBM trained | best_iteration=105
23:58:31  INFO      pipeline  Ablation | strategy=None | n=700
23:58:31  INFO      models.gradient_boosting  LightGBM trained | best_iteration=69
23:58:31  INFO      pipeline  Best SMOTE strategy (validation AUROC): SVMSMOTE → 0.7986  [model used: LightGBM]
23:58:31  INFO      pipeline  ============================================================
23:58:31  INFO      pipeline  STAGE 3: Model Training
23:58:31  INFO      pipeline  ============================================================
23:58:31  INFO      pipeline  Training XGBoost …
23:58:31  INFO      pipeline  RandomizedSearchCV | model=XGBoost seed=777 n_iter=12 cv=3 scoring=roc_auc
23:58:32  INFO      models.gradient_boosting  XGBoost trained | best_iteration=N/A
23:58:32  INFO      models.gradient_boosting  XGBoost trained | best_iteration=N/A
23:58:32  INFO      models.gradient_boosting  XGBoost trained | best_iteration=N/A
23:58:33  INFO      models.gradient_boosting  XGBoost trained | best_iteration=N/A
23:58:33  INFO      models.gradient_boosting  XGBoost trained | best_iteration=N/A
23:58:34  INFO      models.gradient_boosting  XGBoost trained | best_iteration=N/A
23:58:34  INFO      models.gradient_boosting  XGBoost trained | best_iteration=N/A
23:58:34  INFO      models.gradient_boosting  XGBoost trained | best_iteration=N/A
23:58:35  INFO      models.gradient_boosting  XGBoost trained | best_iteration=N/A
23:58:35  INFO      models.gradient_boosting  XGBoost trained | best_iteration=N/A
23:58:36  INFO      models.gradient_boosting  XGBoost trained | best_iteration=N/A
23:58:36  INFO      models.gradient_boosting  XGBoost trained | best_iteration=N/A
23:58:36  INFO      models.gradient_boosting  XGBoost trained | best_iteration=N/A
23:58:37  INFO      models.gradient_boosting  XGBoost trained | best_iteration=N/A
23:58:37  INFO      models.gradient_boosting  XGBoost trained | best_iteration=N/A
23:58:38  INFO      models.gradient_boosting  XGBoost trained | best_iteration=N/A
23:58:39  INFO      models.gradient_boosting  XGBoost trained | best_iteration=N/A
23:58:40  INFO      models.gradient_boosting  XGBoost trained | best_iteration=N/A
23:58:41  INFO      models.gradient_boosting  XGBoost trained | best_iteration=N/A
23:58:42  INFO      models.gradient_boosting  XGBoost trained | best_iteration=N/A
23:58:42  INFO      models.gradient_boosting  XGBoost trained | best_iteration=N/A
23:58:43  INFO      models.gradient_boosting  XGBoost trained | best_iteration=N/A
23:58:44  INFO      models.gradient_boosting  XGBoost trained | best_iteration=N/A
23:58:46  INFO      models.gradient_boosting  XGBoost trained | best_iteration=N/A
23:58:46  INFO      models.gradient_boosting  XGBoost trained | best_iteration=N/A
23:58:46  INFO      models.gradient_boosting  XGBoost trained | best_iteration=N/A
23:58:47  INFO      models.gradient_boosting  XGBoost trained | best_iteration=N/A
23:58:47  INFO      models.gradient_boosting  XGBoost trained | best_iteration=N/A
23:58:49  INFO      models.gradient_boosting  XGBoost trained | best_iteration=N/A
23:58:50  INFO      models.gradient_boosting  XGBoost trained | best_iteration=N/A
23:58:50  INFO      models.gradient_boosting  XGBoost trained | best_iteration=N/A
23:58:51  INFO      models.gradient_boosting  XGBoost trained | best_iteration=N/A
23:58:51  INFO      models.gradient_boosting  XGBoost trained | best_iteration=N/A
23:58:51  INFO      models.gradient_boosting  XGBoost trained | best_iteration=N/A
23:58:52  INFO      models.gradient_boosting  XGBoost trained | best_iteration=N/A
23:58:52  INFO      models.gradient_boosting  XGBoost trained | best_iteration=N/A
23:58:53  INFO      models.gradient_boosting  XGBoost trained | best_iteration=N/A
23:58:53  INFO      models.gradient_boosting  XGBoost trained | best_iteration=20
23:58:53  INFO      pipeline  Training LightGBM …
23:58:53  INFO      pipeline  RandomizedSearchCV | model=LightGBM seed=777 n_iter=12 cv=3 scoring=roc_auc
23:58:54  INFO      models.gradient_boosting  LightGBM trained | best_iteration=0
23:58:56  INFO      models.gradient_boosting  LightGBM trained | best_iteration=0
23:58:57  INFO      models.gradient_boosting  LightGBM trained | best_iteration=0
23:58:57  INFO      models.gradient_boosting  LightGBM trained | best_iteration=0
23:58:58  INFO      models.gradient_boosting  LightGBM trained | best_iteration=0
23:58:59  INFO      models.gradient_boosting  LightGBM trained | best_iteration=0
23:59:00  INFO      models.gradient_boosting  LightGBM trained | best_iteration=0
23:59:00  INFO      models.gradient_boosting  LightGBM trained | best_iteration=0
23:59:01  INFO      models.gradient_boosting  LightGBM trained | best_iteration=0
23:59:01  INFO      models.gradient_boosting  LightGBM trained | best_iteration=0
23:59:02  INFO      models.gradient_boosting  LightGBM trained | best_iteration=0
23:59:02  INFO      models.gradient_boosting  LightGBM trained | best_iteration=0
23:59:03  INFO      models.gradient_boosting  LightGBM trained | best_iteration=0
23:59:03  INFO      models.gradient_boosting  LightGBM trained | best_iteration=0
23:59:03  INFO      models.gradient_boosting  LightGBM trained | best_iteration=0
23:59:04  INFO      models.gradient_boosting  LightGBM trained | best_iteration=0
23:59:04  INFO      models.gradient_boosting  LightGBM trained | best_iteration=0
23:59:05  INFO      models.gradient_boosting  LightGBM trained | best_iteration=0
23:59:05  INFO      models.gradient_boosting  LightGBM trained | best_iteration=0
23:59:05  INFO      models.gradient_boosting  LightGBM trained | best_iteration=0
23:59:06  INFO      models.gradient_boosting  LightGBM trained | best_iteration=0
23:59:06  INFO      models.gradient_boosting  LightGBM trained | best_iteration=0
23:59:07  INFO      models.gradient_boosting  LightGBM trained | best_iteration=0
23:59:08  INFO      models.gradient_boosting  LightGBM trained | best_iteration=0
23:59:08  INFO      models.gradient_boosting  LightGBM trained | best_iteration=0
23:59:09  INFO      models.gradient_boosting  LightGBM trained | best_iteration=0
23:59:10  INFO      models.gradient_boosting  LightGBM trained | best_iteration=0
23:59:10  INFO      models.gradient_boosting  LightGBM trained | best_iteration=0
23:59:10  INFO      models.gradient_boosting  LightGBM trained | best_iteration=0
23:59:10  INFO      models.gradient_boosting  LightGBM trained | best_iteration=0
23:59:11  INFO      models.gradient_boosting  LightGBM trained | best_iteration=0
23:59:12  INFO      models.gradient_boosting  LightGBM trained | best_iteration=0
23:59:13  INFO      models.gradient_boosting  LightGBM trained | best_iteration=0
23:59:13  INFO      models.gradient_boosting  LightGBM trained | best_iteration=0
23:59:14  INFO      models.gradient_boosting  LightGBM trained | best_iteration=0
23:59:15  INFO      models.gradient_boosting  LightGBM trained | best_iteration=0
23:59:16  INFO      models.gradient_boosting  LightGBM trained | best_iteration=0
23:59:16  INFO      models.gradient_boosting  LightGBM trained | best_iteration=28
23:59:16  INFO      pipeline  Training CatBoost …
23:59:16  INFO      pipeline  RandomizedSearchCV | model=CatBoost seed=777 n_iter=12 cv=3 scoring=roc_auc
23:59:17  INFO      models.gradient_boosting  CatBoost trained
23:59:18  INFO      models.gradient_boosting  CatBoost trained
23:59:19  INFO      models.gradient_boosting  CatBoost trained
23:59:20  INFO      models.gradient_boosting  CatBoost trained
23:59:21  INFO      models.gradient_boosting  CatBoost trained
23:59:22  INFO      models.gradient_boosting  CatBoost trained
23:59:23  INFO      models.gradient_boosting  CatBoost trained
23:59:23  INFO      models.gradient_boosting  CatBoost trained
23:59:24  INFO      models.gradient_boosting  CatBoost trained
23:59:25  INFO      models.gradient_boosting  CatBoost trained
23:59:25  INFO      models.gradient_boosting  CatBoost trained
23:59:25  INFO      models.gradient_boosting  CatBoost trained
23:59:25  INFO      models.gradient_boosting  CatBoost trained
23:59:26  INFO      models.gradient_boosting  CatBoost trained
23:59:26  INFO      models.gradient_boosting  CatBoost trained
23:59:26  INFO      models.gradient_boosting  CatBoost trained
23:59:27  INFO      models.gradient_boosting  CatBoost trained
23:59:27  INFO      models.gradient_boosting  CatBoost trained
23:59:27  INFO      models.gradient_boosting  CatBoost trained
23:59:28  INFO      models.gradient_boosting  CatBoost trained
23:59:28  INFO      models.gradient_boosting  CatBoost trained
23:59:29  INFO      models.gradient_boosting  CatBoost trained
23:59:29  INFO      models.gradient_boosting  CatBoost trained
23:59:29  INFO      models.gradient_boosting  CatBoost trained
23:59:30  INFO      models.gradient_boosting  CatBoost trained
23:59:30  INFO      models.gradient_boosting  CatBoost trained
23:59:31  INFO      models.gradient_boosting  CatBoost trained
23:59:31  INFO      models.gradient_boosting  CatBoost trained
23:59:32  INFO      models.gradient_boosting  CatBoost trained
23:59:32  INFO      models.gradient_boosting  CatBoost trained
23:59:34  INFO      models.gradient_boosting  CatBoost trained
23:59:36  INFO      models.gradient_boosting  CatBoost trained
23:59:39  INFO      models.gradient_boosting  CatBoost trained
23:59:39  INFO      models.gradient_boosting  CatBoost trained
23:59:39  INFO      models.gradient_boosting  CatBoost trained
23:59:39  INFO      models.gradient_boosting  CatBoost trained
23:59:42  INFO      models.gradient_boosting  CatBoost trained
23:59:42  INFO      models.gradient_boosting  CatBoost trained
23:59:42  INFO      pipeline  Training Random Forest …
23:59:42  INFO      pipeline  RandomizedSearchCV | model=Random Forest seed=777 n_iter=12 cv=3 scoring=roc_auc
23:59:57  INFO      pipeline  Training Logistic Reg. …
23:59:57  INFO      pipeline  RandomizedSearchCV | model=Logistic Reg. seed=777 n_iter=12 cv=3 scoring=roc_auc
23:59:57  INFO      pipeline  Training TabNet …
23:59:57  INFO      models.tabnet_model  Apple MPS backend passed smoke test — using GPU acceleration.
23:59:57  INFO      models.tabnet_model  TabNet starting | device=mps  max_epochs=200  patience=15  batch_size=1024  n_train=980
23:59:59  INFO      models.tabnet_model  TabNet trained | device=mps  best_epoch=3  elapsed=2.3s
23:59:59  INFO      pipeline  YAML saved → /Users/harekrishna/Downloads/discover_ai_credit_experiment_v2/results/outputs/south_german/runs/seed_777/results/best_params.yaml
23:59:59  INFO      pipeline  ============================================================
23:59:59  INFO      pipeline  STAGE 4: Evaluation
23:59:59  INFO      pipeline  ============================================================
23:59:59  INFO      pipeline  XGBoost | val_F1*=0.6136 @ t=0.42 | test AUROC=0.7886  F1=0.5848  G-Mean=0.6857  MCC=0.3666
23:59:59  INFO      pipeline  LightGBM | val_F1*=0.6207 @ t=0.31 | test AUROC=0.7892  F1=0.6303  G-Mean=0.7339  MCC=0.4479
23:59:59  INFO      pipeline  CatBoost | val_F1*=0.6579 @ t=0.50 | test AUROC=0.7984  F1=0.6207  G-Mean=0.7319  MCC=0.4304
23:59:59  INFO      pipeline  Random Forest | val_F1*=0.6190 @ t=0.27 | test AUROC=0.7909  F1=0.5618  G-Mean=0.6547  MCC=0.3239
23:59:59  INFO      pipeline  Logistic Reg. | val_F1*=0.6173 @ t=0.42 | test AUROC=0.8050  F1=0.6115  G-Mean=0.7211  MCC=0.4126
00:00:00  INFO      pipeline  TabNet | val_F1*=0.5915 @ t=0.68 | test AUROC=0.5776  F1=0.4460  G-Mean=0.5827  MCC=0.1629
00:00:00  INFO      pipeline  LaTeX table → /Users/harekrishna/Downloads/discover_ai_credit_experiment_v2/results/outputs/south_german/runs/seed_777/results/table2_test_metrics.tex
00:00:00  INFO      pipeline  
                AUROC   AUPRC      F1  Precision  Recall  Specificity  G-Mean     MCC   Brier
Model                                                                                        
XGBoost        0.7886  0.6294  0.5848     0.4505  0.8333       0.5643  0.6857  0.3666  0.2015
LightGBM       0.7892  0.6462  0.6303     0.4952  0.8667       0.6214  0.7339  0.4479  0.1668
CatBoost       0.7984  0.6746  0.6207     0.5294  0.7500       0.7143  0.7319  0.4304  0.2440
Random Forest  0.7909  0.6604  0.5618     0.4237  0.8333       0.5143  0.6547  0.3239  0.1637
Logistic Reg.  0.8050  0.6905  0.6115     0.4948  0.8000       0.6500  0.7211  0.4126  0.1770
TabNet         0.5776  0.3654  0.4460     0.3924  0.5167       0.6571  0.5827  0.1629  0.3434
00:00:00  INFO      visualization.plots  Fig 2 saved → /Users/harekrishna/Downloads/discover_ai_credit_experiment_v2/results/outputs/south_german/runs/seed_777/figures/fig02_roc_curves.pdf
00:00:00  INFO      visualization.plots  Fig 3 saved → /Users/harekrishna/Downloads/discover_ai_credit_experiment_v2/results/outputs/south_german/runs/seed_777/figures/fig03_pr_curves.pdf
00:00:00  INFO      visualization.plots  Fig 4 saved → /Users/harekrishna/Downloads/discover_ai_credit_experiment_v2/results/outputs/south_german/runs/seed_777/figures/fig04_confusion_catboost.pdf
00:00:00  INFO      pipeline  Top pair Logistic Reg. vs CatBoost | DeLong z=0.3298 p=0.7416 | McNemar chi2=0.9615 p=0.3268
00:05:51  INFO      models.gradient_boosting  XGBoost trained | best_iteration=101
00:05:51  INFO      models.gradient_boosting  XGBoost trained | best_iteration=35
00:05:51  INFO      models.gradient_boosting  XGBoost trained | best_iteration=40
00:05:51  INFO      models.gradient_boosting  XGBoost trained | best_iteration=41
00:05:51  INFO      models.gradient_boosting  XGBoost trained | best_iteration=7
00:05:52  INFO      models.gradient_boosting  LightGBM trained | best_iteration=116
00:05:52  INFO      models.gradient_boosting  LightGBM trained | best_iteration=123
00:05:53  INFO      models.gradient_boosting  LightGBM trained | best_iteration=78
00:05:53  INFO      models.gradient_boosting  LightGBM trained | best_iteration=105
00:05:53  INFO      models.gradient_boosting  LightGBM trained | best_iteration=69
00:05:53  INFO      models.gradient_boosting  CatBoost trained
00:05:53  INFO      models.gradient_boosting  CatBoost trained
00:05:54  INFO      models.gradient_boosting  CatBoost trained
00:05:54  INFO      models.gradient_boosting  CatBoost trained
00:05:54  INFO      models.gradient_boosting  CatBoost trained
00:05:55  INFO      pipeline  Skipping TabNet in SMOTE ablation (Fig 10) — its single official result is already in Table II. Pass --full-ablation to include it (runs in isolated subprocesses to avoid the MPS stall seen previously).
00:05:56  INFO      visualization.plots  Fig 10 saved → /Users/harekrishna/Downloads/discover_ai_credit_experiment_v2/results/outputs/south_german/runs/seed_777/figures/fig10_smote_ablation.pdf
00:05:56  INFO      pipeline  ============================================================
00:05:56  INFO      pipeline  STAGE 5: SHAP Explanations
00:05:56  INFO      pipeline  ============================================================
00:05:56  WARNING   shap  Background dataset has 200 samples but max_samples=100. Subsampling to 100 samples for SHAP value computation. To use all samples, set max_samples=200 when initializing the masker.
00:05:56  INFO      explainability.shap_explainer  SHAP TreeExplainer initialised
00:05:56  INFO      explainability.shap_explainer  SHAP values computed | shape=(200, 20)
00:05:56  INFO      explainability.shap_explainer  SHAP additivity check | MAE=0.00000 | PASS ✓
00:05:56  INFO      explainability.shap_explainer  Saved SHAP summary → /Users/harekrishna/Downloads/discover_ai_credit_experiment_v2/results/outputs/south_german/runs/seed_777/figures/fig05a_shap_summary_CatBoost.pdf
00:05:56  INFO      explainability.shap_explainer  Saved SHAP bar → /Users/harekrishna/Downloads/discover_ai_credit_experiment_v2/results/outputs/south_german/runs/seed_777/figures/fig05b_shap_bar_CatBoost.pdf
00:05:56  INFO      explainability.shap_explainer  Saved SHAP dependence → /Users/harekrishna/Downloads/discover_ai_credit_experiment_v2/results/outputs/south_german/runs/seed_777/figures/fig06_shap_dep_status.pdf
00:05:56  INFO      pipeline  LaTeX table → /Users/harekrishna/Downloads/discover_ai_credit_experiment_v2/results/outputs/south_german/runs/seed_777/results/table3_shap_ranking.tex
00:05:56  INFO      visualization.plots  Fig 8 saved → /Users/harekrishna/Downloads/discover_ai_credit_experiment_v2/results/outputs/south_german/runs/seed_777/figures/fig08_importance_comparison.pdf
00:05:57  INFO      visualization.plots  Fig 9 saved → /Users/harekrishna/Downloads/discover_ai_credit_experiment_v2/results/outputs/south_german/runs/seed_777/figures/fig09_threshold_sweep.pdf
00:05:57  INFO      pipeline  ============================================================
00:05:57  INFO      pipeline  STAGE 6: LIME Explanations
00:05:57  INFO      pipeline  ============================================================
00:05:57  INFO      explainability.lime_explainer  LIME tabular explainer initialised | features=20
00:05:57  INFO      pipeline  Local instances selected: {'TP': 151, 'FP': 102, 'FN': 50, 'TN': 136}
00:05:57  INFO      explainability.lime_explainer  Saved LIME explanation → /Users/harekrishna/Downloads/discover_ai_credit_experiment_v2/results/outputs/south_german/runs/seed_777/figures/fig07_tp_lime.pdf
00:05:57  INFO      explainability.lime_explainer  Saved LIME explanation → /Users/harekrishna/Downloads/discover_ai_credit_experiment_v2/results/outputs/south_german/runs/seed_777/figures/fig07_fp_lime.pdf
00:05:57  INFO      explainability.lime_explainer  Saved LIME explanation → /Users/harekrishna/Downloads/discover_ai_credit_experiment_v2/results/outputs/south_german/runs/seed_777/figures/fig07_fn_lime.pdf
00:05:57  INFO      explainability.lime_explainer  Saved LIME explanation → /Users/harekrishna/Downloads/discover_ai_credit_experiment_v2/results/outputs/south_german/runs/seed_777/figures/fig07_tn_lime.pdf
00:05:58  INFO      explainability.lime_explainer  Saved LIME multi-instance grid → /Users/harekrishna/Downloads/discover_ai_credit_experiment_v2/results/outputs/south_german/runs/seed_777/figures/fig07_lime_multi_instance.pdf
00:06:00  INFO      explainability.lime_explainer  LIME batch complete | n=200
00:06:00  INFO      explainability.lime_explainer  SHAP–LIME agreement | mean ρ=0.721 ± 0.123
00:06:00  INFO      explainability.lime_explainer  LIME tabular explainer initialised | features=20
00:06:00  INFO      explainability.lime_explainer  LIME tabular explainer initialised | features=20
00:06:00  INFO      explainability.lime_explainer  LIME tabular explainer initialised | features=20
00:06:00  INFO      explainability.lime_explainer  LIME tabular explainer initialised | features=20
00:06:00  INFO      explainability.lime_explainer  LIME tabular explainer initialised | features=20
00:06:00  INFO      explainability.lime_explainer  LIME tabular explainer initialised | features=20
00:06:00  INFO      explainability.lime_explainer  LIME tabular explainer initialised | features=20
00:06:00  INFO      explainability.lime_explainer  LIME tabular explainer initialised | features=20
00:06:00  INFO      explainability.lime_explainer  LIME tabular explainer initialised | features=20
00:06:00  INFO      explainability.lime_explainer  LIME tabular explainer initialised | features=20
00:06:00  INFO      explainability.lime_explainer  LIME tabular explainer initialised | features=20
00:06:00  INFO      explainability.lime_explainer  LIME tabular explainer initialised | features=20
00:06:00  INFO      explainability.lime_explainer  LIME tabular explainer initialised | features=20
00:06:00  INFO      explainability.lime_explainer  LIME tabular explainer initialised | features=20
00:06:00  INFO      explainability.lime_explainer  LIME tabular explainer initialised | features=20
00:06:00  INFO      explainability.lime_explainer  LIME tabular explainer initialised | features=20
00:06:00  INFO      explainability.lime_explainer  LIME tabular explainer initialised | features=20
00:06:00  INFO      explainability.lime_explainer  LIME tabular explainer initialised | features=20
00:06:00  INFO      explainability.lime_explainer  LIME tabular explainer initialised | features=20
00:06:00  INFO      explainability.lime_explainer  LIME tabular explainer initialised | features=20
00:06:00  INFO      explainability.lime_explainer  LIME tabular explainer initialised | features=20
00:06:00  INFO      explainability.lime_explainer  LIME tabular explainer initialised | features=20
00:06:00  INFO      explainability.lime_explainer  LIME tabular explainer initialised | features=20
00:06:00  INFO      explainability.lime_explainer  LIME tabular explainer initialised | features=20
00:06:00  INFO      explainability.lime_explainer  LIME tabular explainer initialised | features=20
00:06:00  INFO      explainability.lime_explainer  LIME tabular explainer initialised | features=20
00:06:00  INFO      explainability.lime_explainer  LIME tabular explainer initialised | features=20
00:06:00  INFO      explainability.lime_explainer  LIME tabular explainer initialised | features=20
00:06:00  INFO      explainability.lime_explainer  LIME tabular explainer initialised | features=20
00:06:00  INFO      explainability.lime_explainer  LIME tabular explainer initialised | features=20
00:06:00  INFO      explainability.lime_explainer  LIME tabular explainer initialised | features=20
00:06:00  INFO      explainability.lime_explainer  LIME tabular explainer initialised | features=20
00:06:00  INFO      explainability.lime_explainer  LIME tabular explainer initialised | features=20
00:06:00  INFO      explainability.lime_explainer  LIME tabular explainer initialised | features=20
00:06:00  INFO      explainability.lime_explainer  LIME tabular explainer initialised | features=20
00:06:00  INFO      explainability.lime_explainer  LIME tabular explainer initialised | features=20
00:06:00  INFO      explainability.lime_explainer  LIME tabular explainer initialised | features=20
00:06:00  INFO      explainability.lime_explainer  LIME tabular explainer initialised | features=20
00:06:01  INFO      explainability.lime_explainer  LIME tabular explainer initialised | features=20
00:06:01  INFO      explainability.lime_explainer  LIME tabular explainer initialised | features=20
00:06:01  INFO      explainability.lime_explainer  LIME tabular explainer initialised | features=20
00:06:01  INFO      explainability.lime_explainer  LIME tabular explainer initialised | features=20
00:06:01  INFO      explainability.lime_explainer  LIME tabular explainer initialised | features=20
00:06:01  INFO      explainability.lime_explainer  LIME tabular explainer initialised | features=20
00:06:01  INFO      explainability.lime_explainer  LIME tabular explainer initialised | features=20
00:06:01  INFO      explainability.lime_explainer  LIME tabular explainer initialised | features=20
00:06:01  INFO      explainability.lime_explainer  LIME tabular explainer initialised | features=20
00:06:01  INFO      explainability.lime_explainer  LIME tabular explainer initialised | features=20
00:06:01  INFO      explainability.lime_explainer  LIME tabular explainer initialised | features=20
00:06:01  INFO      explainability.lime_explainer  LIME tabular explainer initialised | features=20
00:06:01  INFO      explainability.lime_explainer  LIME tabular explainer initialised | features=20
00:06:01  INFO      explainability.lime_explainer  LIME tabular explainer initialised | features=20
00:06:01  INFO      explainability.lime_explainer  LIME tabular explainer initialised | features=20
00:06:01  INFO      explainability.lime_explainer  LIME tabular explainer initialised | features=20
00:06:01  INFO      explainability.lime_explainer  LIME tabular explainer initialised | features=20
00:06:01  INFO      explainability.lime_explainer  LIME tabular explainer initialised | features=20
00:06:01  INFO      explainability.lime_explainer  LIME tabular explainer initialised | features=20
00:06:01  INFO      explainability.lime_explainer  LIME tabular explainer initialised | features=20
00:06:01  INFO      explainability.lime_explainer  LIME tabular explainer initialised | features=20
00:06:01  INFO      explainability.lime_explainer  LIME tabular explainer initialised | features=20
00:06:01  INFO      explainability.lime_explainer  LIME tabular explainer initialised | features=20
00:06:01  INFO      explainability.lime_explainer  LIME tabular explainer initialised | features=20
00:06:01  INFO      explainability.lime_explainer  LIME tabular explainer initialised | features=20
00:06:01  INFO      explainability.lime_explainer  LIME tabular explainer initialised | features=20
00:06:01  INFO      explainability.lime_explainer  LIME tabular explainer initialised | features=20
00:06:01  INFO      explainability.lime_explainer  LIME tabular explainer initialised | features=20
00:06:01  INFO      explainability.lime_explainer  LIME tabular explainer initialised | features=20
00:06:01  INFO      explainability.lime_explainer  LIME tabular explainer initialised | features=20
00:06:01  INFO      explainability.lime_explainer  LIME tabular explainer initialised | features=20
00:06:01  INFO      explainability.lime_explainer  LIME tabular explainer initialised | features=20
00:06:01  INFO      explainability.lime_explainer  LIME tabular explainer initialised | features=20
00:06:01  INFO      explainability.lime_explainer  LIME tabular explainer initialised | features=20
00:06:01  INFO      explainability.lime_explainer  LIME tabular explainer initialised | features=20
00:06:01  INFO      explainability.lime_explainer  LIME tabular explainer initialised | features=20
00:06:01  INFO      explainability.lime_explainer  LIME tabular explainer initialised | features=20
00:06:01  INFO      explainability.lime_explainer  LIME tabular explainer initialised | features=20
00:06:01  INFO      explainability.lime_explainer  LIME tabular explainer initialised | features=20
00:06:01  INFO      explainability.lime_explainer  LIME tabular explainer initialised | features=20
00:06:01  INFO      explainability.lime_explainer  LIME tabular explainer initialised | features=20
00:06:01  INFO      explainability.lime_explainer  LIME tabular explainer initialised | features=20
00:06:01  INFO      explainability.lime_explainer  LIME tabular explainer initialised | features=20
00:06:01  INFO      explainability.lime_explainer  LIME tabular explainer initialised | features=20
00:06:01  INFO      explainability.lime_explainer  LIME tabular explainer initialised | features=20
00:06:01  INFO      explainability.lime_explainer  LIME tabular explainer initialised | features=20
00:06:01  INFO      explainability.lime_explainer  LIME tabular explainer initialised | features=20
00:06:01  INFO      explainability.lime_explainer  LIME tabular explainer initialised | features=20
00:06:01  INFO      explainability.lime_explainer  LIME tabular explainer initialised | features=20
00:06:01  INFO      explainability.lime_explainer  LIME tabular explainer initialised | features=20
00:06:01  INFO      explainability.lime_explainer  LIME tabular explainer initialised | features=20
00:06:01  INFO      explainability.lime_explainer  LIME tabular explainer initialised | features=20
00:06:01  INFO      explainability.lime_explainer  LIME tabular explainer initialised | features=20
00:06:01  INFO      explainability.lime_explainer  LIME tabular explainer initialised | features=20
00:06:01  INFO      explainability.lime_explainer  LIME tabular explainer initialised | features=20
00:06:01  INFO      explainability.lime_explainer  LIME tabular explainer initialised | features=20
00:06:01  INFO      explainability.lime_explainer  LIME tabular explainer initialised | features=20
00:06:01  INFO      explainability.lime_explainer  LIME tabular explainer initialised | features=20
00:06:01  INFO      explainability.lime_explainer  LIME tabular explainer initialised | features=20
00:06:01  INFO      explainability.lime_explainer  LIME tabular explainer initialised | features=20
00:06:01  INFO      explainability.lime_explainer  LIME tabular explainer initialised | features=20
00:06:01  INFO      explainability.lime_explainer  LIME tabular explainer initialised | features=20
00:06:01  INFO      explainability.lime_explainer  LIME tabular explainer initialised | features=20
00:06:01  INFO      explainability.lime_explainer  LIME tabular explainer initialised | features=20
00:06:01  INFO      explainability.lime_explainer  LIME tabular explainer initialised | features=20
00:06:01  INFO      explainability.lime_explainer  LIME tabular explainer initialised | features=20
00:06:02  INFO      explainability.lime_explainer  LIME tabular explainer initialised | features=20
00:06:02  INFO      explainability.lime_explainer  LIME tabular explainer initialised | features=20
00:06:02  INFO      explainability.lime_explainer  LIME tabular explainer initialised | features=20
00:06:02  INFO      explainability.lime_explainer  LIME tabular explainer initialised | features=20
00:06:02  INFO      explainability.lime_explainer  LIME tabular explainer initialised | features=20
00:06:02  INFO      explainability.lime_explainer  LIME tabular explainer initialised | features=20
00:06:02  INFO      explainability.lime_explainer  LIME tabular explainer initialised | features=20
00:06:02  INFO      explainability.lime_explainer  LIME tabular explainer initialised | features=20
00:06:02  INFO      explainability.lime_explainer  LIME tabular explainer initialised | features=20
00:06:02  INFO      explainability.lime_explainer  LIME tabular explainer initialised | features=20
00:06:02  INFO      explainability.lime_explainer  LIME tabular explainer initialised | features=20
00:06:02  INFO      explainability.lime_explainer  LIME tabular explainer initialised | features=20
00:06:02  INFO      explainability.lime_explainer  LIME tabular explainer initialised | features=20
00:06:02  INFO      explainability.lime_explainer  LIME tabular explainer initialised | features=20
00:06:02  INFO      explainability.lime_explainer  LIME tabular explainer initialised | features=20
00:06:02  INFO      explainability.lime_explainer  LIME tabular explainer initialised | features=20
00:06:02  INFO      explainability.lime_explainer  LIME tabular explainer initialised | features=20
00:06:02  INFO      explainability.lime_explainer  LIME tabular explainer initialised | features=20
00:06:02  INFO      explainability.lime_explainer  LIME tabular explainer initialised | features=20
00:06:02  INFO      explainability.lime_explainer  LIME tabular explainer initialised | features=20
00:06:02  INFO      explainability.lime_explainer  LIME tabular explainer initialised | features=20
00:06:02  INFO      explainability.lime_explainer  LIME tabular explainer initialised | features=20
00:06:02  INFO      explainability.lime_explainer  LIME tabular explainer initialised | features=20
00:06:02  INFO      explainability.lime_explainer  LIME tabular explainer initialised | features=20
00:06:02  INFO      explainability.lime_explainer  LIME tabular explainer initialised | features=20
00:06:02  INFO      explainability.lime_explainer  LIME tabular explainer initialised | features=20
00:06:02  INFO      explainability.lime_explainer  LIME tabular explainer initialised | features=20
00:06:02  INFO      explainability.lime_explainer  LIME tabular explainer initialised | features=20
00:06:02  INFO      explainability.lime_explainer  LIME tabular explainer initialised | features=20
00:06:02  INFO      explainability.lime_explainer  LIME tabular explainer initialised | features=20
00:06:02  INFO      explainability.lime_explainer  LIME tabular explainer initialised | features=20
00:06:02  INFO      explainability.lime_explainer  LIME tabular explainer initialised | features=20
00:06:02  INFO      explainability.lime_explainer  LIME tabular explainer initialised | features=20
00:06:02  INFO      explainability.lime_explainer  LIME tabular explainer initialised | features=20
00:06:02  INFO      explainability.lime_explainer  LIME tabular explainer initialised | features=20
00:06:02  INFO      explainability.lime_explainer  LIME tabular explainer initialised | features=20
00:06:02  INFO      explainability.lime_explainer  LIME tabular explainer initialised | features=20
00:06:02  INFO      explainability.lime_explainer  LIME tabular explainer initialised | features=20
00:06:02  INFO      explainability.lime_explainer  LIME tabular explainer initialised | features=20
00:06:02  INFO      explainability.lime_explainer  LIME tabular explainer initialised | features=20
00:06:02  INFO      explainability.lime_explainer  LIME tabular explainer initialised | features=20
00:06:02  INFO      explainability.lime_explainer  LIME tabular explainer initialised | features=20
00:06:02  INFO      explainability.lime_explainer  LIME tabular explainer initialised | features=20
00:06:02  INFO      explainability.lime_explainer  LIME tabular explainer initialised | features=20
00:06:02  INFO      explainability.lime_explainer  LIME tabular explainer initialised | features=20
00:06:02  INFO      explainability.lime_explainer  LIME tabular explainer initialised | features=20
00:06:02  INFO      explainability.lime_explainer  LIME tabular explainer initialised | features=20
00:06:02  INFO      explainability.lime_explainer  LIME tabular explainer initialised | features=20
00:06:02  INFO      explainability.lime_explainer  LIME tabular explainer initialised | features=20
00:06:02  INFO      explainability.lime_explainer  LIME tabular explainer initialised | features=20
00:06:02  INFO      explainability.lime_explainer  LIME tabular explainer initialised | features=20
00:06:02  INFO      explainability.lime_explainer  LIME tabular explainer initialised | features=20
00:06:02  INFO      explainability.lime_explainer  LIME tabular explainer initialised | features=20
00:06:02  INFO      explainability.lime_explainer  LIME tabular explainer initialised | features=20
00:06:02  INFO      explainability.lime_explainer  LIME tabular explainer initialised | features=20
00:06:02  INFO      explainability.lime_explainer  LIME tabular explainer initialised | features=20
00:06:02  INFO      explainability.lime_explainer  LIME tabular explainer initialised | features=20
00:06:02  INFO      explainability.lime_explainer  LIME tabular explainer initialised | features=20
00:06:02  INFO      explainability.lime_explainer  LIME tabular explainer initialised | features=20
00:06:02  INFO      explainability.lime_explainer  LIME tabular explainer initialised | features=20
00:06:02  INFO      explainability.lime_explainer  LIME tabular explainer initialised | features=20
00:06:02  INFO      explainability.lime_explainer  LIME tabular explainer initialised | features=20
00:06:02  INFO      explainability.lime_explainer  LIME tabular explainer initialised | features=20
00:06:02  INFO      explainability.lime_explainer  LIME tabular explainer initialised | features=20
00:06:02  INFO      explainability.lime_explainer  LIME tabular explainer initialised | features=20
00:06:02  INFO      explainability.lime_explainer  LIME tabular explainer initialised | features=20
00:06:02  INFO      explainability.lime_explainer  LIME tabular explainer initialised | features=20
00:06:02  INFO      explainability.lime_explainer  LIME tabular explainer initialised | features=20
00:06:03  INFO      explainability.lime_explainer  LIME tabular explainer initialised | features=20
00:06:03  INFO      explainability.lime_explainer  LIME tabular explainer initialised | features=20
00:06:03  INFO      explainability.lime_explainer  LIME tabular explainer initialised | features=20
00:06:03  INFO      explainability.lime_explainer  LIME tabular explainer initialised | features=20
00:06:03  INFO      explainability.lime_explainer  LIME tabular explainer initialised | features=20
00:06:03  INFO      explainability.lime_explainer  LIME tabular explainer initialised | features=20
00:06:03  INFO      explainability.lime_explainer  LIME tabular explainer initialised | features=20
00:06:03  INFO      explainability.lime_explainer  LIME tabular explainer initialised | features=20
00:06:03  INFO      explainability.lime_explainer  LIME tabular explainer initialised | features=20
00:06:03  INFO      explainability.lime_explainer  LIME tabular explainer initialised | features=20
00:06:03  INFO      explainability.lime_explainer  LIME tabular explainer initialised | features=20
00:06:03  INFO      explainability.lime_explainer  LIME tabular explainer initialised | features=20
00:06:03  INFO      explainability.lime_explainer  LIME tabular explainer initialised | features=20
00:06:03  INFO      explainability.lime_explainer  LIME tabular explainer initialised | features=20
00:06:03  INFO      explainability.lime_explainer  LIME tabular explainer initialised | features=20
00:06:03  INFO      explainability.lime_explainer  LIME tabular explainer initialised | features=20
00:06:03  INFO      explainability.lime_explainer  LIME tabular explainer initialised | features=20
00:06:03  INFO      explainability.lime_explainer  LIME tabular explainer initialised | features=20
00:06:03  INFO      explainability.lime_explainer  LIME tabular explainer initialised | features=20
00:06:03  INFO      explainability.lime_explainer  LIME tabular explainer initialised | features=20
00:06:03  INFO      explainability.lime_explainer  LIME tabular explainer initialised | features=20
00:06:03  INFO      explainability.lime_explainer  LIME tabular explainer initialised | features=20
00:06:03  INFO      explainability.lime_explainer  LIME tabular explainer initialised | features=20
00:06:03  INFO      explainability.lime_explainer  LIME tabular explainer initialised | features=20
00:06:03  INFO      explainability.lime_explainer  LIME tabular explainer initialised | features=20
00:06:03  INFO      explainability.lime_explainer  LIME tabular explainer initialised | features=20
00:06:03  INFO      explainability.lime_explainer  LIME tabular explainer initialised | features=20
00:06:03  INFO      explainability.lime_explainer  LIME tabular explainer initialised | features=20
00:06:03  INFO      explainability.lime_explainer  LIME tabular explainer initialised | features=20
00:06:03  INFO      explainability.lime_explainer  LIME tabular explainer initialised | features=20
00:06:03  INFO      explainability.lime_explainer  LIME tabular explainer initialised | features=20
00:06:03  INFO      explainability.lime_explainer  LIME tabular explainer initialised | features=20
00:06:03  INFO      explainability.lime_explainer  LIME tabular explainer initialised | features=20
00:06:03  INFO      explainability.lime_explainer  LIME tabular explainer initialised | features=20
00:06:03  INFO      explainability.lime_explainer  LIME tabular explainer initialised | features=20
00:06:03  INFO      explainability.lime_explainer  LIME tabular explainer initialised | features=20
00:06:03  INFO      explainability.lime_explainer  LIME tabular explainer initialised | features=20
00:06:03  INFO      explainability.lime_explainer  LIME tabular explainer initialised | features=20
00:06:03  INFO      explainability.lime_explainer  LIME tabular explainer initialised | features=20
00:06:03  INFO      explainability.lime_explainer  LIME tabular explainer initialised | features=20
00:06:03  INFO      explainability.lime_explainer  LIME tabular explainer initialised | features=20
00:06:03  INFO      explainability.lime_explainer  LIME tabular explainer initialised | features=20
00:06:03  INFO      explainability.lime_explainer  LIME tabular explainer initialised | features=20
00:06:03  INFO      explainability.lime_explainer  LIME tabular explainer initialised | features=20
00:06:03  INFO      explainability.lime_explainer  LIME tabular explainer initialised | features=20
00:06:03  INFO      explainability.lime_explainer  LIME tabular explainer initialised | features=20
00:06:03  INFO      explainability.lime_explainer  LIME tabular explainer initialised | features=20
00:06:03  INFO      explainability.lime_explainer  LIME tabular explainer initialised | features=20
00:06:03  INFO      explainability.lime_explainer  LIME tabular explainer initialised | features=20
00:06:03  INFO      explainability.lime_explainer  LIME tabular explainer initialised | features=20
00:06:03  INFO      explainability.lime_explainer  LIME tabular explainer initialised | features=20
00:06:03  INFO      explainability.lime_explainer  LIME tabular explainer initialised | features=20
00:06:03  INFO      explainability.lime_explainer  LIME tabular explainer initialised | features=20
00:06:03  INFO      explainability.lime_explainer  LIME tabular explainer initialised | features=20
00:06:03  INFO      explainability.lime_explainer  LIME tabular explainer initialised | features=20
00:06:03  INFO      explainability.lime_explainer  LIME tabular explainer initialised | features=20
00:06:03  INFO      explainability.lime_explainer  LIME tabular explainer initialised | features=20
00:06:03  INFO      explainability.lime_explainer  LIME tabular explainer initialised | features=20
00:06:03  INFO      explainability.lime_explainer  LIME tabular explainer initialised | features=20
00:06:03  INFO      explainability.lime_explainer  LIME tabular explainer initialised | features=20
00:06:03  INFO      explainability.lime_explainer  LIME tabular explainer initialised | features=20
00:06:03  INFO      explainability.lime_explainer  LIME tabular explainer initialised | features=20
00:06:03  INFO      explainability.lime_explainer  LIME tabular explainer initialised | features=20
00:06:03  INFO      explainability.lime_explainer  LIME tabular explainer initialised | features=20
00:06:03  INFO      explainability.lime_explainer  LIME tabular explainer initialised | features=20
00:06:03  INFO      explainability.lime_explainer  LIME tabular explainer initialised | features=20
00:06:03  INFO      explainability.lime_explainer  LIME tabular explainer initialised | features=20
00:06:04  INFO      explainability.lime_explainer  LIME tabular explainer initialised | features=20
00:06:04  INFO      explainability.lime_explainer  LIME tabular explainer initialised | features=20
00:06:04  INFO      explainability.lime_explainer  LIME tabular explainer initialised | features=20
00:06:04  INFO      explainability.lime_explainer  LIME tabular explainer initialised | features=20
00:06:04  INFO      explainability.lime_explainer  LIME tabular explainer initialised | features=20
00:06:04  INFO      explainability.lime_explainer  LIME tabular explainer initialised | features=20
00:06:04  INFO      explainability.lime_explainer  LIME tabular explainer initialised | features=20
00:06:04  INFO      explainability.lime_explainer  LIME tabular explainer initialised | features=20
00:06:04  INFO      explainability.lime_explainer  LIME tabular explainer initialised | features=20
00:06:04  INFO      explainability.lime_explainer  LIME tabular explainer initialised | features=20
00:06:04  INFO      explainability.lime_explainer  LIME tabular explainer initialised | features=20
00:06:04  INFO      explainability.lime_explainer  LIME tabular explainer initialised | features=20
00:06:04  INFO      explainability.lime_explainer  LIME tabular explainer initialised | features=20
00:06:04  INFO      explainability.lime_explainer  LIME tabular explainer initialised | features=20
00:06:04  INFO      explainability.lime_explainer  LIME tabular explainer initialised | features=20
00:06:04  INFO      explainability.lime_explainer  LIME tabular explainer initialised | features=20
00:06:04  INFO      explainability.lime_explainer  LIME tabular explainer initialised | features=20
00:06:04  INFO      explainability.lime_explainer  LIME tabular explainer initialised | features=20
00:06:04  INFO      explainability.lime_explainer  LIME tabular explainer initialised | features=20
00:06:04  INFO      explainability.lime_explainer  LIME tabular explainer initialised | features=20
00:06:04  INFO      explainability.lime_explainer  LIME tabular explainer initialised | features=20
00:06:04  INFO      explainability.lime_explainer  LIME tabular explainer initialised | features=20
00:06:04  INFO      explainability.lime_explainer  LIME tabular explainer initialised | features=20
00:06:04  INFO      explainability.lime_explainer  LIME tabular explainer initialised | features=20
00:06:04  INFO      explainability.lime_explainer  LIME tabular explainer initialised | features=20
00:06:04  INFO      explainability.lime_explainer  LIME tabular explainer initialised | features=20
00:06:04  INFO      explainability.lime_explainer  LIME tabular explainer initialised | features=20
00:06:04  INFO      explainability.lime_explainer  LIME tabular explainer initialised | features=20
00:06:04  INFO      explainability.lime_explainer  LIME tabular explainer initialised | features=20
00:06:04  INFO      explainability.lime_explainer  LIME tabular explainer initialised | features=20
00:06:04  INFO      explainability.lime_explainer  LIME tabular explainer initialised | features=20
00:06:04  INFO      explainability.lime_explainer  LIME tabular explainer initialised | features=20
00:06:04  INFO      explainability.lime_explainer  LIME tabular explainer initialised | features=20
00:06:04  INFO      explainability.lime_explainer  LIME tabular explainer initialised | features=20
00:06:04  INFO      explainability.lime_explainer  LIME tabular explainer initialised | features=20
00:06:04  INFO      explainability.lime_explainer  LIME tabular explainer initialised | features=20
00:06:04  INFO      explainability.lime_explainer  LIME tabular explainer initialised | features=20
00:06:04  INFO      explainability.lime_explainer  LIME tabular explainer initialised | features=20
00:06:04  INFO      explainability.lime_explainer  LIME tabular explainer initialised | features=20
00:06:04  INFO      explainability.lime_explainer  LIME tabular explainer initialised | features=20
00:06:04  INFO      explainability.lime_explainer  LIME tabular explainer initialised | features=20
00:06:04  INFO      explainability.lime_explainer  LIME tabular explainer initialised | features=20
00:06:04  INFO      explainability.lime_explainer  LIME tabular explainer initialised | features=20
00:06:04  INFO      explainability.lime_explainer  LIME tabular explainer initialised | features=20
00:06:04  INFO      explainability.lime_explainer  LIME tabular explainer initialised | features=20
00:06:04  INFO      explainability.lime_explainer  LIME tabular explainer initialised | features=20
00:06:04  INFO      explainability.lime_explainer  LIME tabular explainer initialised | features=20
00:06:04  INFO      explainability.lime_explainer  LIME tabular explainer initialised | features=20
00:06:04  INFO      explainability.lime_explainer  LIME tabular explainer initialised | features=20
00:06:04  INFO      explainability.lime_explainer  LIME tabular explainer initialised | features=20
00:06:04  INFO      explainability.lime_explainer  LIME tabular explainer initialised | features=20
00:06:04  INFO      explainability.lime_explainer  LIME tabular explainer initialised | features=20
00:06:04  INFO      explainability.lime_explainer  LIME tabular explainer initialised | features=20
00:06:04  INFO      explainability.lime_explainer  LIME tabular explainer initialised | features=20
00:06:04  INFO      explainability.lime_explainer  LIME tabular explainer initialised | features=20
00:06:04  INFO      explainability.lime_explainer  LIME tabular explainer initialised | features=20
00:06:04  INFO      explainability.lime_explainer  LIME tabular explainer initialised | features=20
00:06:04  INFO      explainability.lime_explainer  LIME tabular explainer initialised | features=20
00:06:04  INFO      explainability.lime_explainer  LIME tabular explainer initialised | features=20
00:06:04  INFO      explainability.lime_explainer  LIME tabular explainer initialised | features=20
00:06:04  INFO      explainability.lime_explainer  LIME tabular explainer initialised | features=20
00:06:05  INFO      pipeline  LaTeX table → /Users/harekrishna/Downloads/discover_ai_credit_experiment_v2/results/outputs/south_german/runs/seed_777/results/table5_explanation_quality.tex
00:06:05  INFO      pipeline  SHAP–LIME agreement | mean ρ=0.721 ± 0.123
00:06:05  INFO      pipeline  LaTeX table → /Users/harekrishna/Downloads/discover_ai_credit_experiment_v2/results/outputs/south_german/runs/seed_777/results/table4_shap_lime_agreement.tex
00:06:07  INFO      models.gradient_boosting  CatBoost trained
00:06:08  INFO      models.gradient_boosting  CatBoost trained
00:06:08  INFO      models.gradient_boosting  CatBoost trained
00:06:08  INFO      models.gradient_boosting  CatBoost trained
00:06:08  INFO      models.gradient_boosting  CatBoost trained
00:06:34  INFO      pipeline  ============================================================
00:06:34  INFO      pipeline  SEED 777 COMPLETE
00:06:34  INFO      pipeline  Figures    -> /Users/harekrishna/Downloads/discover_ai_credit_experiment_v2/results/outputs/south_german/runs/seed_777/figures
00:06:34  INFO      pipeline  Results    -> /Users/harekrishna/Downloads/discover_ai_credit_experiment_v2/results/outputs/south_german/runs/seed_777/results
00:06:34  INFO      pipeline  Best model -> CatBoost (AUROC=0.7984)
00:06:34  INFO      pipeline  ============================================================
00:06:34  INFO      pipeline  ╔══════════════════════════════════════════════╗
00:06:34  INFO      pipeline  ║  Credit Default Prediction with XAI         ║
00:06:34  INFO      pipeline  ║  Dataset: south_german                       ║
00:06:34  INFO      pipeline  ║  Seed: 872                                   ║
00:06:34  INFO      pipeline  ╚══════════════════════════════════════════════╝
00:06:34  INFO      pipeline  ============================================================
00:06:34  INFO      pipeline  STAGE 1: Data Loading & Feature Engineering
00:06:34  INFO      pipeline  ============================================================
00:06:34  INFO      data.data_loader  Skipping UCI-specific engineered features; required columns not present.
00:06:34  INFO      data.data_loader  Skipping UCI-specific engineered features; required columns not present.
00:06:34  INFO      data.data_loader  Skipping UCI-specific engineered features; required columns not present.
00:06:34  INFO      data.data_loader  Dataset loaded | train=700  val=100  test=200 | default rate  train=30.00%  test=30.00%
00:06:34  INFO      pipeline  Imbalance stats: {
  "n_total": 700,
  "n_majority": 490,
  "n_minority": 210,
  "imbalance_ratio": 2.3333,
  "minority_pct": 30.0
}
00:06:34  INFO      visualization.plots  Fig 1 saved → /Users/harekrishna/Downloads/discover_ai_credit_experiment_v2/results/outputs/south_german/runs/seed_872/figures/fig01_class_distribution.pdf
00:06:34  INFO      pipeline  ============================================================
00:06:34  INFO      pipeline  STAGE 2: SMOTE Strategy Ablation
00:06:34  INFO      pipeline  ============================================================
00:06:34  INFO      preprocessing.imbalance_handler  Before resampling | class 0: 490 (70.0%)  class 1: 210 (30.0%)  IR=2.33
00:06:34  INFO      preprocessing.imbalance_handler  After SMOTE | class 0: 490 (50.0%)  class 1: 490 (50.0%)  IR=1.00
00:06:34  INFO      preprocessing.imbalance_handler  Before resampling | class 0: 490 (70.0%)  class 1: 210 (30.0%)  IR=2.33
00:06:34  INFO      preprocessing.imbalance_handler  After BorderlineSMOTE | class 0: 490 (50.0%)  class 1: 490 (50.0%)  IR=1.00
00:06:34  INFO      preprocessing.imbalance_handler  Before resampling | class 0: 490 (70.0%)  class 1: 210 (30.0%)  IR=2.33
00:06:34  INFO      preprocessing.imbalance_handler  After SVMSMOTE | class 0: 490 (50.0%)  class 1: 490 (50.0%)  IR=1.00
00:06:34  INFO      preprocessing.imbalance_handler  Before resampling | class 0: 490 (70.0%)  class 1: 210 (30.0%)  IR=2.33
00:06:34  INFO      preprocessing.imbalance_handler  After ADASYN | class 0: 490 (51.5%)  class 1: 462 (48.5%)  IR=1.06
00:06:34  INFO      preprocessing.imbalance_handler  Before resampling | class 0: 490 (70.0%)  class 1: 210 (30.0%)  IR=2.33
00:06:34  INFO      preprocessing.imbalance_handler  No resampling applied.
00:06:34  INFO      pipeline  Ablation | strategy=SMOTE | n=980
00:06:35  INFO      models.gradient_boosting  LightGBM trained | best_iteration=181
00:06:35  INFO      pipeline  Ablation | strategy=BorderlineSMOTE | n=980
00:06:35  INFO      models.gradient_boosting  LightGBM trained | best_iteration=104
00:06:35  INFO      pipeline  Ablation | strategy=SVMSMOTE | n=980
00:06:36  INFO      models.gradient_boosting  LightGBM trained | best_iteration=163
00:06:36  INFO      pipeline  Ablation | strategy=ADASYN | n=952
00:06:36  INFO      models.gradient_boosting  LightGBM trained | best_iteration=127
00:06:36  INFO      pipeline  Ablation | strategy=None | n=700
00:06:37  INFO      models.gradient_boosting  LightGBM trained | best_iteration=159
00:06:37  INFO      pipeline  Best SMOTE strategy (validation AUROC): None → 0.8457  [model used: LightGBM]
00:06:37  INFO      pipeline  Resampling did not improve validation AUROC; treating 'None' as the selected strategy for final training.
00:06:37  INFO      pipeline  ============================================================
00:06:37  INFO      pipeline  STAGE 3: Model Training
00:06:37  INFO      pipeline  ============================================================
00:06:37  INFO      pipeline  Training XGBoost …
00:06:37  INFO      pipeline  RandomizedSearchCV | model=XGBoost seed=872 n_iter=12 cv=3 scoring=roc_auc
00:06:37  INFO      models.gradient_boosting  XGBoost trained | best_iteration=N/A
00:06:38  INFO      models.gradient_boosting  XGBoost trained | best_iteration=N/A
00:06:39  INFO      models.gradient_boosting  XGBoost trained | best_iteration=N/A
00:06:39  INFO      models.gradient_boosting  XGBoost trained | best_iteration=N/A
00:06:40  INFO      models.gradient_boosting  XGBoost trained | best_iteration=N/A
00:06:40  INFO      models.gradient_boosting  XGBoost trained | best_iteration=N/A
00:06:41  INFO      models.gradient_boosting  XGBoost trained | best_iteration=N/A
00:06:41  INFO      models.gradient_boosting  XGBoost trained | best_iteration=N/A
00:06:42  INFO      models.gradient_boosting  XGBoost trained | best_iteration=N/A
00:06:42  INFO      models.gradient_boosting  XGBoost trained | best_iteration=N/A
00:06:43  INFO      models.gradient_boosting  XGBoost trained | best_iteration=N/A
00:06:44  INFO      models.gradient_boosting  XGBoost trained | best_iteration=N/A
00:06:44  INFO      models.gradient_boosting  XGBoost trained | best_iteration=N/A
00:06:45  INFO      models.gradient_boosting  XGBoost trained | best_iteration=N/A
00:06:45  INFO      models.gradient_boosting  XGBoost trained | best_iteration=N/A
00:06:46  INFO      models.gradient_boosting  XGBoost trained | best_iteration=N/A
00:06:47  INFO      models.gradient_boosting  XGBoost trained | best_iteration=N/A
00:06:47  INFO      models.gradient_boosting  XGBoost trained | best_iteration=N/A
00:06:48  INFO      models.gradient_boosting  XGBoost trained | best_iteration=N/A
00:06:48  INFO      models.gradient_boosting  XGBoost trained | best_iteration=N/A
00:06:49  INFO      models.gradient_boosting  XGBoost trained | best_iteration=N/A
00:06:50  INFO      models.gradient_boosting  XGBoost trained | best_iteration=N/A
00:06:51  INFO      models.gradient_boosting  XGBoost trained | best_iteration=N/A
00:06:52  INFO      models.gradient_boosting  XGBoost trained | best_iteration=N/A
00:06:53  INFO      models.gradient_boosting  XGBoost trained | best_iteration=N/A
00:06:53  INFO      models.gradient_boosting  XGBoost trained | best_iteration=N/A
00:06:54  INFO      models.gradient_boosting  XGBoost trained | best_iteration=N/A
00:06:54  INFO      models.gradient_boosting  XGBoost trained | best_iteration=N/A
00:06:55  INFO      models.gradient_boosting  XGBoost trained | best_iteration=N/A
00:06:55  INFO      models.gradient_boosting  XGBoost trained | best_iteration=N/A
00:06:56  INFO      models.gradient_boosting  XGBoost trained | best_iteration=N/A
00:06:56  INFO      models.gradient_boosting  XGBoost trained | best_iteration=N/A
00:06:57  INFO      models.gradient_boosting  XGBoost trained | best_iteration=N/A
00:06:58  INFO      models.gradient_boosting  XGBoost trained | best_iteration=N/A
00:06:59  INFO      models.gradient_boosting  XGBoost trained | best_iteration=N/A
00:06:59  INFO      models.gradient_boosting  XGBoost trained | best_iteration=N/A
00:07:00  INFO      models.gradient_boosting  XGBoost trained | best_iteration=N/A
00:07:00  INFO      models.gradient_boosting  XGBoost trained | best_iteration=56
00:07:00  INFO      pipeline  Training LightGBM …
00:07:00  INFO      pipeline  RandomizedSearchCV | model=LightGBM seed=872 n_iter=12 cv=3 scoring=roc_auc
00:07:00  INFO      models.gradient_boosting  LightGBM trained | best_iteration=0
00:07:01  INFO      models.gradient_boosting  LightGBM trained | best_iteration=0
00:07:01  INFO      models.gradient_boosting  LightGBM trained | best_iteration=0
00:07:02  INFO      models.gradient_boosting  LightGBM trained | best_iteration=0
00:07:03  INFO      models.gradient_boosting  LightGBM trained | best_iteration=0
00:07:03  INFO      models.gradient_boosting  LightGBM trained | best_iteration=0
00:07:04  INFO      models.gradient_boosting  LightGBM trained | best_iteration=0
00:07:04  INFO      models.gradient_boosting  LightGBM trained | best_iteration=0
00:07:04  INFO      models.gradient_boosting  LightGBM trained | best_iteration=0
00:07:05  INFO      models.gradient_boosting  LightGBM trained | best_iteration=0
00:07:06  INFO      models.gradient_boosting  LightGBM trained | best_iteration=0
00:07:07  INFO      models.gradient_boosting  LightGBM trained | best_iteration=0
00:07:07  INFO      models.gradient_boosting  LightGBM trained | best_iteration=0
00:07:07  INFO      models.gradient_boosting  LightGBM trained | best_iteration=0
00:07:08  INFO      models.gradient_boosting  LightGBM trained | best_iteration=0
00:07:09  INFO      models.gradient_boosting  LightGBM trained | best_iteration=0
00:07:10  INFO      models.gradient_boosting  LightGBM trained | best_iteration=0
00:07:12  INFO      models.gradient_boosting  LightGBM trained | best_iteration=0
00:07:13  INFO      models.gradient_boosting  LightGBM trained | best_iteration=0
00:07:13  INFO      models.gradient_boosting  LightGBM trained | best_iteration=0
00:07:14  INFO      models.gradient_boosting  LightGBM trained | best_iteration=0
00:07:15  INFO      models.gradient_boosting  LightGBM trained | best_iteration=0
00:07:15  INFO      models.gradient_boosting  LightGBM trained | best_iteration=0
00:07:15  INFO      models.gradient_boosting  LightGBM trained | best_iteration=0
00:07:15  INFO      models.gradient_boosting  LightGBM trained | best_iteration=0
00:07:16  INFO      models.gradient_boosting  LightGBM trained | best_iteration=0
00:07:16  INFO      models.gradient_boosting  LightGBM trained | best_iteration=0
00:07:17  INFO      models.gradient_boosting  LightGBM trained | best_iteration=0
00:07:17  INFO      models.gradient_boosting  LightGBM trained | best_iteration=0
00:07:18  INFO      models.gradient_boosting  LightGBM trained | best_iteration=0
00:07:18  INFO      models.gradient_boosting  LightGBM trained | best_iteration=0
00:07:19  INFO      models.gradient_boosting  LightGBM trained | best_iteration=0
00:07:19  INFO      models.gradient_boosting  LightGBM trained | best_iteration=0
00:07:19  INFO      models.gradient_boosting  LightGBM trained | best_iteration=0
00:07:19  INFO      models.gradient_boosting  LightGBM trained | best_iteration=0
00:07:20  INFO      models.gradient_boosting  LightGBM trained | best_iteration=0
00:07:20  INFO      models.gradient_boosting  LightGBM trained | best_iteration=0
00:07:21  INFO      models.gradient_boosting  LightGBM trained | best_iteration=792
00:07:21  INFO      pipeline  Training CatBoost …
00:07:21  INFO      pipeline  RandomizedSearchCV | model=CatBoost seed=872 n_iter=12 cv=3 scoring=roc_auc
00:07:22  INFO      models.gradient_boosting  CatBoost trained
00:07:22  INFO      models.gradient_boosting  CatBoost trained
00:07:23  INFO      models.gradient_boosting  CatBoost trained
00:07:23  INFO      models.gradient_boosting  CatBoost trained
00:07:23  INFO      models.gradient_boosting  CatBoost trained
00:07:24  INFO      models.gradient_boosting  CatBoost trained
00:07:24  INFO      models.gradient_boosting  CatBoost trained
00:07:24  INFO      models.gradient_boosting  CatBoost trained
00:07:24  INFO      models.gradient_boosting  CatBoost trained
00:07:25  INFO      models.gradient_boosting  CatBoost trained
00:07:25  INFO      models.gradient_boosting  CatBoost trained
00:07:25  INFO      models.gradient_boosting  CatBoost trained
00:07:25  INFO      models.gradient_boosting  CatBoost trained
00:07:26  INFO      models.gradient_boosting  CatBoost trained
00:07:26  INFO      models.gradient_boosting  CatBoost trained
00:07:26  INFO      models.gradient_boosting  CatBoost trained
00:07:27  INFO      models.gradient_boosting  CatBoost trained
00:07:27  INFO      models.gradient_boosting  CatBoost trained
00:07:28  INFO      models.gradient_boosting  CatBoost trained
00:07:28  INFO      models.gradient_boosting  CatBoost trained
00:07:28  INFO      models.gradient_boosting  CatBoost trained
00:07:29  INFO      models.gradient_boosting  CatBoost trained
00:07:29  INFO      models.gradient_boosting  CatBoost trained
00:07:29  INFO      models.gradient_boosting  CatBoost trained
00:07:29  INFO      models.gradient_boosting  CatBoost trained
00:07:30  INFO      models.gradient_boosting  CatBoost trained
00:07:30  INFO      models.gradient_boosting  CatBoost trained
00:07:31  INFO      models.gradient_boosting  CatBoost trained
00:07:32  INFO      models.gradient_boosting  CatBoost trained
00:07:33  INFO      models.gradient_boosting  CatBoost trained
00:07:33  INFO      models.gradient_boosting  CatBoost trained
00:07:34  INFO      models.gradient_boosting  CatBoost trained
00:07:34  INFO      models.gradient_boosting  CatBoost trained
00:07:34  INFO      models.gradient_boosting  CatBoost trained
00:07:35  INFO      models.gradient_boosting  CatBoost trained
00:07:35  INFO      models.gradient_boosting  CatBoost trained
00:07:35  INFO      models.gradient_boosting  CatBoost trained
00:07:35  INFO      models.gradient_boosting  CatBoost trained
00:07:35  INFO      pipeline  Training Random Forest …
00:07:35  INFO      pipeline  RandomizedSearchCV | model=Random Forest seed=872 n_iter=12 cv=3 scoring=roc_auc
00:07:50  INFO      pipeline  Training Logistic Reg. …
00:07:50  INFO      pipeline  RandomizedSearchCV | model=Logistic Reg. seed=872 n_iter=12 cv=3 scoring=roc_auc
00:07:50  INFO      pipeline  Training TabNet …
00:07:50  INFO      models.tabnet_model  Apple MPS backend passed smoke test — using GPU acceleration.
00:07:50  INFO      models.tabnet_model  TabNet starting | device=mps  max_epochs=200  patience=15  batch_size=1024  n_train=700
00:07:52  INFO      models.tabnet_model  TabNet trained | device=mps  best_epoch=2  elapsed=1.9s
00:07:52  INFO      pipeline  YAML saved → /Users/harekrishna/Downloads/discover_ai_credit_experiment_v2/results/outputs/south_german/runs/seed_872/results/best_params.yaml
00:07:52  INFO      pipeline  ============================================================
00:07:52  INFO      pipeline  STAGE 4: Evaluation
00:07:52  INFO      pipeline  ============================================================
00:07:52  INFO      pipeline  XGBoost | val_F1*=0.6970 @ t=0.30 | test AUROC=0.7901  F1=0.5734  G-Mean=0.6916  MCC=0.3565
00:07:52  INFO      pipeline  LightGBM | val_F1*=0.6452 @ t=0.34 | test AUROC=0.7767  F1=0.6143  G-Mean=0.7261  MCC=0.4232
00:07:52  INFO      pipeline  CatBoost | val_F1*=0.6067 @ t=0.44 | test AUROC=0.7605  F1=0.5761  G-Mean=0.6598  MCC=0.3552
00:07:52  INFO      pipeline  Random Forest | val_F1*=0.6885 @ t=0.51 | test AUROC=0.7888  F1=0.5899  G-Mean=0.7056  MCC=0.3861
00:07:52  INFO      pipeline  Logistic Reg. | val_F1*=0.6441 @ t=0.56 | test AUROC=0.7568  F1=0.5802  G-Mean=0.6957  MCC=0.3808
00:07:52  INFO      pipeline  TabNet | val_F1*=0.5417 @ t=0.05 | test AUROC=0.5992  F1=0.4510  G-Mean=0.4796  MCC=0.0680
00:07:52  INFO      pipeline  LaTeX table → /Users/harekrishna/Downloads/discover_ai_credit_experiment_v2/results/outputs/south_german/runs/seed_872/results/table2_test_metrics.tex
00:07:52  INFO      pipeline  
                AUROC   AUPRC      F1  Precision  Recall  Specificity  G-Mean     MCC   Brier
Model                                                                                        
XGBoost        0.7901  0.6485  0.5734     0.4940  0.6833       0.7000  0.6916  0.3565  0.1642
LightGBM       0.7767  0.5829  0.6143     0.5375  0.7167       0.7357  0.7261  0.4232  0.1682
CatBoost       0.7605  0.5927  0.5761     0.4274  0.8833       0.4929  0.6598  0.3552  0.2259
Random Forest  0.7888  0.6384  0.5899     0.5190  0.6833       0.7286  0.7056  0.3861  0.1795
Logistic Reg.  0.7568  0.5728  0.5802     0.5352  0.6333       0.7643  0.6957  0.3808  0.2027
TabNet         0.5992  0.4017  0.4510     0.3194  0.7667       0.3000  0.4796  0.0680  0.3397
00:07:52  INFO      visualization.plots  Fig 2 saved → /Users/harekrishna/Downloads/discover_ai_credit_experiment_v2/results/outputs/south_german/runs/seed_872/figures/fig02_roc_curves.pdf
00:07:53  INFO      visualization.plots  Fig 3 saved → /Users/harekrishna/Downloads/discover_ai_credit_experiment_v2/results/outputs/south_german/runs/seed_872/figures/fig03_pr_curves.pdf
00:07:53  INFO      visualization.plots  Fig 4 saved → /Users/harekrishna/Downloads/discover_ai_credit_experiment_v2/results/outputs/south_german/runs/seed_872/figures/fig04_confusion_xgboost.pdf
00:07:53  INFO      pipeline  Top pair XGBoost vs Random Forest | DeLong z=0.1550 p=0.8768 | McNemar chi2=0.6429 p=0.4227
00:13:41  INFO      models.gradient_boosting  XGBoost trained | best_iteration=230
00:13:42  INFO      models.gradient_boosting  XGBoost trained | best_iteration=21
00:13:42  INFO      models.gradient_boosting  XGBoost trained | best_iteration=23
00:13:42  INFO      models.gradient_boosting  XGBoost trained | best_iteration=59
00:13:42  INFO      models.gradient_boosting  XGBoost trained | best_iteration=177
00:13:43  INFO      models.gradient_boosting  LightGBM trained | best_iteration=181
00:13:43  INFO      models.gradient_boosting  LightGBM trained | best_iteration=104
00:13:44  INFO      models.gradient_boosting  LightGBM trained | best_iteration=163
00:13:44  INFO      models.gradient_boosting  LightGBM trained | best_iteration=127
00:13:45  INFO      models.gradient_boosting  LightGBM trained | best_iteration=159
00:13:45  INFO      models.gradient_boosting  CatBoost trained
00:13:45  INFO      models.gradient_boosting  CatBoost trained
00:13:45  INFO      models.gradient_boosting  CatBoost trained
00:13:45  INFO      models.gradient_boosting  CatBoost trained
00:13:45  INFO      models.gradient_boosting  CatBoost trained
00:13:47  INFO      pipeline  Skipping TabNet in SMOTE ablation (Fig 10) — its single official result is already in Table II. Pass --full-ablation to include it (runs in isolated subprocesses to avoid the MPS stall seen previously).
00:13:47  INFO      visualization.plots  Fig 10 saved → /Users/harekrishna/Downloads/discover_ai_credit_experiment_v2/results/outputs/south_german/runs/seed_872/figures/fig10_smote_ablation.pdf
00:13:47  INFO      pipeline  ============================================================
00:13:47  INFO      pipeline  STAGE 5: SHAP Explanations
00:13:47  INFO      pipeline  ============================================================
00:13:47  WARNING   shap  Background dataset has 200 samples but max_samples=100. Subsampling to 100 samples for SHAP value computation. To use all samples, set max_samples=200 when initializing the masker.
00:13:47  WARNING   explainability.shap_explainer  Categorical splits detected. Falling back to tree_path_dependent perturbation. Note: SHAP values will be in margin (log-odds) space.
00:13:47  INFO      explainability.shap_explainer  SHAP TreeExplainer initialised
00:13:47  INFO      explainability.shap_explainer  SHAP values computed | shape=(200, 20)
00:13:47  INFO      explainability.shap_explainer  SHAP additivity check | MAE=0.00000 | PASS ✓
00:13:47  INFO      explainability.shap_explainer  Saved SHAP summary → /Users/harekrishna/Downloads/discover_ai_credit_experiment_v2/results/outputs/south_german/runs/seed_872/figures/fig05a_shap_summary_XGBoost.pdf
00:13:47  INFO      explainability.shap_explainer  Saved SHAP bar → /Users/harekrishna/Downloads/discover_ai_credit_experiment_v2/results/outputs/south_german/runs/seed_872/figures/fig05b_shap_bar_XGBoost.pdf
00:13:48  INFO      explainability.shap_explainer  Saved SHAP dependence → /Users/harekrishna/Downloads/discover_ai_credit_experiment_v2/results/outputs/south_german/runs/seed_872/figures/fig06_shap_dep_status.pdf
00:13:48  INFO      pipeline  LaTeX table → /Users/harekrishna/Downloads/discover_ai_credit_experiment_v2/results/outputs/south_german/runs/seed_872/results/table3_shap_ranking.tex
00:13:48  INFO      visualization.plots  Fig 8 saved → /Users/harekrishna/Downloads/discover_ai_credit_experiment_v2/results/outputs/south_german/runs/seed_872/figures/fig08_importance_comparison.pdf
00:13:48  INFO      visualization.plots  Fig 9 saved → /Users/harekrishna/Downloads/discover_ai_credit_experiment_v2/results/outputs/south_german/runs/seed_872/figures/fig09_threshold_sweep.pdf
00:13:48  INFO      pipeline  ============================================================
00:13:48  INFO      pipeline  STAGE 6: LIME Explanations
00:13:48  INFO      pipeline  ============================================================
00:13:48  INFO      explainability.lime_explainer  LIME tabular explainer initialised | features=20
00:13:48  INFO      pipeline  Local instances selected: {'TP': 50, 'FP': 14, 'FN': 56, 'TN': 51}
00:13:48  INFO      explainability.lime_explainer  Saved LIME explanation → /Users/harekrishna/Downloads/discover_ai_credit_experiment_v2/results/outputs/south_german/runs/seed_872/figures/fig07_tp_lime.pdf
00:13:49  INFO      explainability.lime_explainer  Saved LIME explanation → /Users/harekrishna/Downloads/discover_ai_credit_experiment_v2/results/outputs/south_german/runs/seed_872/figures/fig07_fp_lime.pdf
00:13:49  INFO      explainability.lime_explainer  Saved LIME explanation → /Users/harekrishna/Downloads/discover_ai_credit_experiment_v2/results/outputs/south_german/runs/seed_872/figures/fig07_fn_lime.pdf
00:13:49  INFO      explainability.lime_explainer  Saved LIME explanation → /Users/harekrishna/Downloads/discover_ai_credit_experiment_v2/results/outputs/south_german/runs/seed_872/figures/fig07_tn_lime.pdf
00:13:49  INFO      explainability.lime_explainer  Saved LIME multi-instance grid → /Users/harekrishna/Downloads/discover_ai_credit_experiment_v2/results/outputs/south_german/runs/seed_872/figures/fig07_lime_multi_instance.pdf
00:13:51  INFO      explainability.lime_explainer  LIME batch complete | n=200
00:13:51  INFO      explainability.lime_explainer  SHAP–LIME agreement | mean ρ=0.584 ± 0.181
00:13:51  INFO      explainability.lime_explainer  LIME tabular explainer initialised | features=20
00:13:51  INFO      explainability.lime_explainer  LIME tabular explainer initialised | features=20
00:13:51  INFO      explainability.lime_explainer  LIME tabular explainer initialised | features=20
00:13:51  INFO      explainability.lime_explainer  LIME tabular explainer initialised | features=20
00:13:51  INFO      explainability.lime_explainer  LIME tabular explainer initialised | features=20
00:13:51  INFO      explainability.lime_explainer  LIME tabular explainer initialised | features=20
00:13:51  INFO      explainability.lime_explainer  LIME tabular explainer initialised | features=20
00:13:51  INFO      explainability.lime_explainer  LIME tabular explainer initialised | features=20
00:13:51  INFO      explainability.lime_explainer  LIME tabular explainer initialised | features=20
00:13:51  INFO      explainability.lime_explainer  LIME tabular explainer initialised | features=20
00:13:51  INFO      explainability.lime_explainer  LIME tabular explainer initialised | features=20
00:13:52  INFO      explainability.lime_explainer  LIME tabular explainer initialised | features=20
00:13:52  INFO      explainability.lime_explainer  LIME tabular explainer initialised | features=20
00:13:52  INFO      explainability.lime_explainer  LIME tabular explainer initialised | features=20
00:13:52  INFO      explainability.lime_explainer  LIME tabular explainer initialised | features=20
00:13:52  INFO      explainability.lime_explainer  LIME tabular explainer initialised | features=20
00:13:52  INFO      explainability.lime_explainer  LIME tabular explainer initialised | features=20
00:13:52  INFO      explainability.lime_explainer  LIME tabular explainer initialised | features=20
00:13:52  INFO      explainability.lime_explainer  LIME tabular explainer initialised | features=20
00:13:52  INFO      explainability.lime_explainer  LIME tabular explainer initialised | features=20
00:13:52  INFO      explainability.lime_explainer  LIME tabular explainer initialised | features=20
00:13:52  INFO      explainability.lime_explainer  LIME tabular explainer initialised | features=20
00:13:52  INFO      explainability.lime_explainer  LIME tabular explainer initialised | features=20
00:13:52  INFO      explainability.lime_explainer  LIME tabular explainer initialised | features=20
00:13:52  INFO      explainability.lime_explainer  LIME tabular explainer initialised | features=20
00:13:52  INFO      explainability.lime_explainer  LIME tabular explainer initialised | features=20
00:13:52  INFO      explainability.lime_explainer  LIME tabular explainer initialised | features=20
00:13:52  INFO      explainability.lime_explainer  LIME tabular explainer initialised | features=20
00:13:52  INFO      explainability.lime_explainer  LIME tabular explainer initialised | features=20
00:13:52  INFO      explainability.lime_explainer  LIME tabular explainer initialised | features=20
00:13:52  INFO      explainability.lime_explainer  LIME tabular explainer initialised | features=20
00:13:52  INFO      explainability.lime_explainer  LIME tabular explainer initialised | features=20
00:13:52  INFO      explainability.lime_explainer  LIME tabular explainer initialised | features=20
00:13:52  INFO      explainability.lime_explainer  LIME tabular explainer initialised | features=20
00:13:52  INFO      explainability.lime_explainer  LIME tabular explainer initialised | features=20
00:13:52  INFO      explainability.lime_explainer  LIME tabular explainer initialised | features=20
00:13:52  INFO      explainability.lime_explainer  LIME tabular explainer initialised | features=20
00:13:52  INFO      explainability.lime_explainer  LIME tabular explainer initialised | features=20
00:13:52  INFO      explainability.lime_explainer  LIME tabular explainer initialised | features=20
00:13:52  INFO      explainability.lime_explainer  LIME tabular explainer initialised | features=20
00:13:52  INFO      explainability.lime_explainer  LIME tabular explainer initialised | features=20
00:13:52  INFO      explainability.lime_explainer  LIME tabular explainer initialised | features=20
00:13:52  INFO      explainability.lime_explainer  LIME tabular explainer initialised | features=20
00:13:52  INFO      explainability.lime_explainer  LIME tabular explainer initialised | features=20
00:13:52  INFO      explainability.lime_explainer  LIME tabular explainer initialised | features=20
00:13:52  INFO      explainability.lime_explainer  LIME tabular explainer initialised | features=20
00:13:52  INFO      explainability.lime_explainer  LIME tabular explainer initialised | features=20
00:13:52  INFO      explainability.lime_explainer  LIME tabular explainer initialised | features=20
00:13:52  INFO      explainability.lime_explainer  LIME tabular explainer initialised | features=20
00:13:52  INFO      explainability.lime_explainer  LIME tabular explainer initialised | features=20
00:13:52  INFO      explainability.lime_explainer  LIME tabular explainer initialised | features=20
00:13:52  INFO      explainability.lime_explainer  LIME tabular explainer initialised | features=20
00:13:52  INFO      explainability.lime_explainer  LIME tabular explainer initialised | features=20
00:13:52  INFO      explainability.lime_explainer  LIME tabular explainer initialised | features=20
00:13:52  INFO      explainability.lime_explainer  LIME tabular explainer initialised | features=20
00:13:52  INFO      explainability.lime_explainer  LIME tabular explainer initialised | features=20
00:13:52  INFO      explainability.lime_explainer  LIME tabular explainer initialised | features=20
00:13:52  INFO      explainability.lime_explainer  LIME tabular explainer initialised | features=20
00:13:52  INFO      explainability.lime_explainer  LIME tabular explainer initialised | features=20
00:13:52  INFO      explainability.lime_explainer  LIME tabular explainer initialised | features=20
00:13:52  INFO      explainability.lime_explainer  LIME tabular explainer initialised | features=20
00:13:52  INFO      explainability.lime_explainer  LIME tabular explainer initialised | features=20
00:13:52  INFO      explainability.lime_explainer  LIME tabular explainer initialised | features=20
00:13:52  INFO      explainability.lime_explainer  LIME tabular explainer initialised | features=20
00:13:52  INFO      explainability.lime_explainer  LIME tabular explainer initialised | features=20
00:13:52  INFO      explainability.lime_explainer  LIME tabular explainer initialised | features=20
00:13:52  INFO      explainability.lime_explainer  LIME tabular explainer initialised | features=20
00:13:52  INFO      explainability.lime_explainer  LIME tabular explainer initialised | features=20
00:13:52  INFO      explainability.lime_explainer  LIME tabular explainer initialised | features=20
00:13:52  INFO      explainability.lime_explainer  LIME tabular explainer initialised | features=20
00:13:52  INFO      explainability.lime_explainer  LIME tabular explainer initialised | features=20
00:13:52  INFO      explainability.lime_explainer  LIME tabular explainer initialised | features=20
00:13:52  INFO      explainability.lime_explainer  LIME tabular explainer initialised | features=20
00:13:53  INFO      explainability.lime_explainer  LIME tabular explainer initialised | features=20
00:13:53  INFO      explainability.lime_explainer  LIME tabular explainer initialised | features=20
00:13:53  INFO      explainability.lime_explainer  LIME tabular explainer initialised | features=20
00:13:53  INFO      explainability.lime_explainer  LIME tabular explainer initialised | features=20
00:13:53  INFO      explainability.lime_explainer  LIME tabular explainer initialised | features=20
00:13:53  INFO      explainability.lime_explainer  LIME tabular explainer initialised | features=20
00:13:53  INFO      explainability.lime_explainer  LIME tabular explainer initialised | features=20
00:13:53  INFO      explainability.lime_explainer  LIME tabular explainer initialised | features=20
00:13:53  INFO      explainability.lime_explainer  LIME tabular explainer initialised | features=20
00:13:53  INFO      explainability.lime_explainer  LIME tabular explainer initialised | features=20
00:13:53  INFO      explainability.lime_explainer  LIME tabular explainer initialised | features=20
00:13:53  INFO      explainability.lime_explainer  LIME tabular explainer initialised | features=20
00:13:53  INFO      explainability.lime_explainer  LIME tabular explainer initialised | features=20
00:13:53  INFO      explainability.lime_explainer  LIME tabular explainer initialised | features=20
00:13:53  INFO      explainability.lime_explainer  LIME tabular explainer initialised | features=20
00:13:53  INFO      explainability.lime_explainer  LIME tabular explainer initialised | features=20
00:13:53  INFO      explainability.lime_explainer  LIME tabular explainer initialised | features=20
00:13:53  INFO      explainability.lime_explainer  LIME tabular explainer initialised | features=20
00:13:53  INFO      explainability.lime_explainer  LIME tabular explainer initialised | features=20
00:13:53  INFO      explainability.lime_explainer  LIME tabular explainer initialised | features=20
00:13:53  INFO      explainability.lime_explainer  LIME tabular explainer initialised | features=20
00:13:53  INFO      explainability.lime_explainer  LIME tabular explainer initialised | features=20
00:13:53  INFO      explainability.lime_explainer  LIME tabular explainer initialised | features=20
00:13:53  INFO      explainability.lime_explainer  LIME tabular explainer initialised | features=20
00:13:53  INFO      explainability.lime_explainer  LIME tabular explainer initialised | features=20
00:13:53  INFO      explainability.lime_explainer  LIME tabular explainer initialised | features=20
00:13:53  INFO      explainability.lime_explainer  LIME tabular explainer initialised | features=20
00:13:53  INFO      explainability.lime_explainer  LIME tabular explainer initialised | features=20
00:13:53  INFO      explainability.lime_explainer  LIME tabular explainer initialised | features=20
00:13:53  INFO      explainability.lime_explainer  LIME tabular explainer initialised | features=20
00:13:53  INFO      explainability.lime_explainer  LIME tabular explainer initialised | features=20
00:13:53  INFO      explainability.lime_explainer  LIME tabular explainer initialised | features=20
00:13:53  INFO      explainability.lime_explainer  LIME tabular explainer initialised | features=20
00:13:53  INFO      explainability.lime_explainer  LIME tabular explainer initialised | features=20
00:13:53  INFO      explainability.lime_explainer  LIME tabular explainer initialised | features=20
00:13:53  INFO      explainability.lime_explainer  LIME tabular explainer initialised | features=20
00:13:53  INFO      explainability.lime_explainer  LIME tabular explainer initialised | features=20
00:13:53  INFO      explainability.lime_explainer  LIME tabular explainer initialised | features=20
00:13:53  INFO      explainability.lime_explainer  LIME tabular explainer initialised | features=20
00:13:53  INFO      explainability.lime_explainer  LIME tabular explainer initialised | features=20
00:13:53  INFO      explainability.lime_explainer  LIME tabular explainer initialised | features=20
00:13:53  INFO      explainability.lime_explainer  LIME tabular explainer initialised | features=20
00:13:53  INFO      explainability.lime_explainer  LIME tabular explainer initialised | features=20
00:13:53  INFO      explainability.lime_explainer  LIME tabular explainer initialised | features=20
00:13:53  INFO      explainability.lime_explainer  LIME tabular explainer initialised | features=20
00:13:53  INFO      explainability.lime_explainer  LIME tabular explainer initialised | features=20
00:13:53  INFO      explainability.lime_explainer  LIME tabular explainer initialised | features=20
00:13:53  INFO      explainability.lime_explainer  LIME tabular explainer initialised | features=20
00:13:53  INFO      explainability.lime_explainer  LIME tabular explainer initialised | features=20
00:13:53  INFO      explainability.lime_explainer  LIME tabular explainer initialised | features=20
00:13:53  INFO      explainability.lime_explainer  LIME tabular explainer initialised | features=20
00:13:53  INFO      explainability.lime_explainer  LIME tabular explainer initialised | features=20
00:13:53  INFO      explainability.lime_explainer  LIME tabular explainer initialised | features=20
00:13:53  INFO      explainability.lime_explainer  LIME tabular explainer initialised | features=20
00:13:53  INFO      explainability.lime_explainer  LIME tabular explainer initialised | features=20
00:13:53  INFO      explainability.lime_explainer  LIME tabular explainer initialised | features=20
00:13:53  INFO      explainability.lime_explainer  LIME tabular explainer initialised | features=20
00:13:53  INFO      explainability.lime_explainer  LIME tabular explainer initialised | features=20
00:13:53  INFO      explainability.lime_explainer  LIME tabular explainer initialised | features=20
00:13:53  INFO      explainability.lime_explainer  LIME tabular explainer initialised | features=20
00:13:53  INFO      explainability.lime_explainer  LIME tabular explainer initialised | features=20
00:13:53  INFO      explainability.lime_explainer  LIME tabular explainer initialised | features=20
00:13:53  INFO      explainability.lime_explainer  LIME tabular explainer initialised | features=20
00:13:53  INFO      explainability.lime_explainer  LIME tabular explainer initialised | features=20
00:13:53  INFO      explainability.lime_explainer  LIME tabular explainer initialised | features=20
00:13:54  INFO      explainability.lime_explainer  LIME tabular explainer initialised | features=20
00:13:54  INFO      explainability.lime_explainer  LIME tabular explainer initialised | features=20
00:13:54  INFO      explainability.lime_explainer  LIME tabular explainer initialised | features=20
00:13:54  INFO      explainability.lime_explainer  LIME tabular explainer initialised | features=20
00:13:54  INFO      explainability.lime_explainer  LIME tabular explainer initialised | features=20
00:13:54  INFO      explainability.lime_explainer  LIME tabular explainer initialised | features=20
00:13:54  INFO      explainability.lime_explainer  LIME tabular explainer initialised | features=20
00:13:54  INFO      explainability.lime_explainer  LIME tabular explainer initialised | features=20
00:13:54  INFO      explainability.lime_explainer  LIME tabular explainer initialised | features=20
00:13:54  INFO      explainability.lime_explainer  LIME tabular explainer initialised | features=20
00:13:54  INFO      explainability.lime_explainer  LIME tabular explainer initialised | features=20
00:13:54  INFO      explainability.lime_explainer  LIME tabular explainer initialised | features=20
00:13:54  INFO      explainability.lime_explainer  LIME tabular explainer initialised | features=20
00:13:54  INFO      explainability.lime_explainer  LIME tabular explainer initialised | features=20
00:13:54  INFO      explainability.lime_explainer  LIME tabular explainer initialised | features=20
00:13:54  INFO      explainability.lime_explainer  LIME tabular explainer initialised | features=20
00:13:54  INFO      explainability.lime_explainer  LIME tabular explainer initialised | features=20
00:13:54  INFO      explainability.lime_explainer  LIME tabular explainer initialised | features=20
00:13:54  INFO      explainability.lime_explainer  LIME tabular explainer initialised | features=20
00:13:54  INFO      explainability.lime_explainer  LIME tabular explainer initialised | features=20
00:13:54  INFO      explainability.lime_explainer  LIME tabular explainer initialised | features=20
00:13:54  INFO      explainability.lime_explainer  LIME tabular explainer initialised | features=20
00:13:54  INFO      explainability.lime_explainer  LIME tabular explainer initialised | features=20
00:13:54  INFO      explainability.lime_explainer  LIME tabular explainer initialised | features=20
00:13:54  INFO      explainability.lime_explainer  LIME tabular explainer initialised | features=20
00:13:54  INFO      explainability.lime_explainer  LIME tabular explainer initialised | features=20
00:13:54  INFO      explainability.lime_explainer  LIME tabular explainer initialised | features=20
00:13:54  INFO      explainability.lime_explainer  LIME tabular explainer initialised | features=20
00:13:54  INFO      explainability.lime_explainer  LIME tabular explainer initialised | features=20
00:13:54  INFO      explainability.lime_explainer  LIME tabular explainer initialised | features=20
00:13:54  INFO      explainability.lime_explainer  LIME tabular explainer initialised | features=20
00:13:54  INFO      explainability.lime_explainer  LIME tabular explainer initialised | features=20
00:13:54  INFO      explainability.lime_explainer  LIME tabular explainer initialised | features=20
00:13:54  INFO      explainability.lime_explainer  LIME tabular explainer initialised | features=20
00:13:54  INFO      explainability.lime_explainer  LIME tabular explainer initialised | features=20
00:13:54  INFO      explainability.lime_explainer  LIME tabular explainer initialised | features=20
00:13:54  INFO      explainability.lime_explainer  LIME tabular explainer initialised | features=20
00:13:54  INFO      explainability.lime_explainer  LIME tabular explainer initialised | features=20
00:13:54  INFO      explainability.lime_explainer  LIME tabular explainer initialised | features=20
00:13:54  INFO      explainability.lime_explainer  LIME tabular explainer initialised | features=20
00:13:54  INFO      explainability.lime_explainer  LIME tabular explainer initialised | features=20
00:13:54  INFO      explainability.lime_explainer  LIME tabular explainer initialised | features=20
00:13:54  INFO      explainability.lime_explainer  LIME tabular explainer initialised | features=20
00:13:54  INFO      explainability.lime_explainer  LIME tabular explainer initialised | features=20
00:13:54  INFO      explainability.lime_explainer  LIME tabular explainer initialised | features=20
00:13:54  INFO      explainability.lime_explainer  LIME tabular explainer initialised | features=20
00:13:54  INFO      explainability.lime_explainer  LIME tabular explainer initialised | features=20
00:13:54  INFO      explainability.lime_explainer  LIME tabular explainer initialised | features=20
00:13:54  INFO      explainability.lime_explainer  LIME tabular explainer initialised | features=20
00:13:54  INFO      explainability.lime_explainer  LIME tabular explainer initialised | features=20
00:13:54  INFO      explainability.lime_explainer  LIME tabular explainer initialised | features=20
00:13:54  INFO      explainability.lime_explainer  LIME tabular explainer initialised | features=20
00:13:54  INFO      explainability.lime_explainer  LIME tabular explainer initialised | features=20
00:13:54  INFO      explainability.lime_explainer  LIME tabular explainer initialised | features=20
00:13:54  INFO      explainability.lime_explainer  LIME tabular explainer initialised | features=20
00:13:54  INFO      explainability.lime_explainer  LIME tabular explainer initialised | features=20
00:13:54  INFO      explainability.lime_explainer  LIME tabular explainer initialised | features=20
00:13:54  INFO      explainability.lime_explainer  LIME tabular explainer initialised | features=20
00:13:54  INFO      explainability.lime_explainer  LIME tabular explainer initialised | features=20
00:13:54  INFO      explainability.lime_explainer  LIME tabular explainer initialised | features=20
00:13:54  INFO      explainability.lime_explainer  LIME tabular explainer initialised | features=20
00:13:54  INFO      explainability.lime_explainer  LIME tabular explainer initialised | features=20
00:13:54  INFO      explainability.lime_explainer  LIME tabular explainer initialised | features=20
00:13:54  INFO      explainability.lime_explainer  LIME tabular explainer initialised | features=20
00:13:54  INFO      explainability.lime_explainer  LIME tabular explainer initialised | features=20
00:13:54  INFO      explainability.lime_explainer  LIME tabular explainer initialised | features=20
00:13:54  INFO      explainability.lime_explainer  LIME tabular explainer initialised | features=20
00:13:55  INFO      explainability.lime_explainer  LIME tabular explainer initialised | features=20
00:13:55  INFO      explainability.lime_explainer  LIME tabular explainer initialised | features=20
00:13:55  INFO      explainability.lime_explainer  LIME tabular explainer initialised | features=20
00:13:55  INFO      explainability.lime_explainer  LIME tabular explainer initialised | features=20
00:13:55  INFO      explainability.lime_explainer  LIME tabular explainer initialised | features=20
00:13:55  INFO      explainability.lime_explainer  LIME tabular explainer initialised | features=20
00:13:55  INFO      explainability.lime_explainer  LIME tabular explainer initialised | features=20
00:13:55  INFO      explainability.lime_explainer  LIME tabular explainer initialised | features=20
00:13:55  INFO      explainability.lime_explainer  LIME tabular explainer initialised | features=20
00:13:55  INFO      explainability.lime_explainer  LIME tabular explainer initialised | features=20
00:13:55  INFO      explainability.lime_explainer  LIME tabular explainer initialised | features=20
00:13:55  INFO      explainability.lime_explainer  LIME tabular explainer initialised | features=20
00:13:55  INFO      explainability.lime_explainer  LIME tabular explainer initialised | features=20
00:13:55  INFO      explainability.lime_explainer  LIME tabular explainer initialised | features=20
00:13:55  INFO      explainability.lime_explainer  LIME tabular explainer initialised | features=20
00:13:55  INFO      explainability.lime_explainer  LIME tabular explainer initialised | features=20
00:13:55  INFO      explainability.lime_explainer  LIME tabular explainer initialised | features=20
00:13:55  INFO      explainability.lime_explainer  LIME tabular explainer initialised | features=20
00:13:55  INFO      explainability.lime_explainer  LIME tabular explainer initialised | features=20
00:13:55  INFO      explainability.lime_explainer  LIME tabular explainer initialised | features=20
00:13:55  INFO      explainability.lime_explainer  LIME tabular explainer initialised | features=20
00:13:55  INFO      explainability.lime_explainer  LIME tabular explainer initialised | features=20
00:13:55  INFO      explainability.lime_explainer  LIME tabular explainer initialised | features=20
00:13:55  INFO      explainability.lime_explainer  LIME tabular explainer initialised | features=20
00:13:55  INFO      explainability.lime_explainer  LIME tabular explainer initialised | features=20
00:13:55  INFO      explainability.lime_explainer  LIME tabular explainer initialised | features=20
00:13:55  INFO      explainability.lime_explainer  LIME tabular explainer initialised | features=20
00:13:55  INFO      explainability.lime_explainer  LIME tabular explainer initialised | features=20
00:13:55  INFO      explainability.lime_explainer  LIME tabular explainer initialised | features=20
00:13:55  INFO      explainability.lime_explainer  LIME tabular explainer initialised | features=20
00:13:55  INFO      explainability.lime_explainer  LIME tabular explainer initialised | features=20
00:13:55  INFO      explainability.lime_explainer  LIME tabular explainer initialised | features=20
00:13:55  INFO      explainability.lime_explainer  LIME tabular explainer initialised | features=20
00:13:55  INFO      explainability.lime_explainer  LIME tabular explainer initialised | features=20
00:13:55  INFO      explainability.lime_explainer  LIME tabular explainer initialised | features=20
00:13:55  INFO      explainability.lime_explainer  LIME tabular explainer initialised | features=20
00:13:55  INFO      explainability.lime_explainer  LIME tabular explainer initialised | features=20
00:13:55  INFO      explainability.lime_explainer  LIME tabular explainer initialised | features=20
00:13:55  INFO      explainability.lime_explainer  LIME tabular explainer initialised | features=20
00:13:55  INFO      explainability.lime_explainer  LIME tabular explainer initialised | features=20
00:13:55  INFO      explainability.lime_explainer  LIME tabular explainer initialised | features=20
00:13:55  INFO      explainability.lime_explainer  LIME tabular explainer initialised | features=20
00:13:55  INFO      explainability.lime_explainer  LIME tabular explainer initialised | features=20
00:13:55  INFO      explainability.lime_explainer  LIME tabular explainer initialised | features=20
00:13:55  INFO      explainability.lime_explainer  LIME tabular explainer initialised | features=20
00:13:55  INFO      explainability.lime_explainer  LIME tabular explainer initialised | features=20
00:13:55  INFO      explainability.lime_explainer  LIME tabular explainer initialised | features=20
00:13:55  INFO      explainability.lime_explainer  LIME tabular explainer initialised | features=20
00:13:55  INFO      explainability.lime_explainer  LIME tabular explainer initialised | features=20
00:13:55  INFO      explainability.lime_explainer  LIME tabular explainer initialised | features=20
00:13:55  INFO      explainability.lime_explainer  LIME tabular explainer initialised | features=20
00:13:55  INFO      explainability.lime_explainer  LIME tabular explainer initialised | features=20
00:13:55  INFO      explainability.lime_explainer  LIME tabular explainer initialised | features=20
00:13:55  INFO      explainability.lime_explainer  LIME tabular explainer initialised | features=20
00:13:55  INFO      explainability.lime_explainer  LIME tabular explainer initialised | features=20
00:13:55  INFO      explainability.lime_explainer  LIME tabular explainer initialised | features=20
00:13:55  INFO      explainability.lime_explainer  LIME tabular explainer initialised | features=20
00:13:55  INFO      explainability.lime_explainer  LIME tabular explainer initialised | features=20
00:13:55  INFO      explainability.lime_explainer  LIME tabular explainer initialised | features=20
00:13:55  INFO      explainability.lime_explainer  LIME tabular explainer initialised | features=20
00:13:55  INFO      explainability.lime_explainer  LIME tabular explainer initialised | features=20
00:13:55  INFO      explainability.lime_explainer  LIME tabular explainer initialised | features=20
00:13:55  INFO      explainability.lime_explainer  LIME tabular explainer initialised | features=20
00:13:55  INFO      explainability.lime_explainer  LIME tabular explainer initialised | features=20
00:13:55  INFO      explainability.lime_explainer  LIME tabular explainer initialised | features=20
00:13:55  INFO      explainability.lime_explainer  LIME tabular explainer initialised | features=20
00:13:55  INFO      explainability.lime_explainer  LIME tabular explainer initialised | features=20
00:13:56  INFO      explainability.lime_explainer  LIME tabular explainer initialised | features=20
00:13:56  INFO      explainability.lime_explainer  LIME tabular explainer initialised | features=20
00:13:56  INFO      explainability.lime_explainer  LIME tabular explainer initialised | features=20
00:13:56  INFO      explainability.lime_explainer  LIME tabular explainer initialised | features=20
00:13:56  INFO      explainability.lime_explainer  LIME tabular explainer initialised | features=20
00:13:56  INFO      explainability.lime_explainer  LIME tabular explainer initialised | features=20
00:13:56  INFO      explainability.lime_explainer  LIME tabular explainer initialised | features=20
00:13:56  INFO      explainability.lime_explainer  LIME tabular explainer initialised | features=20
00:13:56  INFO      explainability.lime_explainer  LIME tabular explainer initialised | features=20
00:13:56  INFO      explainability.lime_explainer  LIME tabular explainer initialised | features=20
00:13:56  INFO      explainability.lime_explainer  LIME tabular explainer initialised | features=20
00:13:56  INFO      explainability.lime_explainer  LIME tabular explainer initialised | features=20
00:13:56  INFO      explainability.lime_explainer  LIME tabular explainer initialised | features=20
00:13:56  INFO      explainability.lime_explainer  LIME tabular explainer initialised | features=20
00:13:56  INFO      explainability.lime_explainer  LIME tabular explainer initialised | features=20
00:13:56  INFO      explainability.lime_explainer  LIME tabular explainer initialised | features=20
00:13:56  INFO      explainability.lime_explainer  LIME tabular explainer initialised | features=20
00:13:56  INFO      explainability.lime_explainer  LIME tabular explainer initialised | features=20
00:13:56  INFO      explainability.lime_explainer  LIME tabular explainer initialised | features=20
00:13:56  INFO      explainability.lime_explainer  LIME tabular explainer initialised | features=20
00:13:56  INFO      explainability.lime_explainer  LIME tabular explainer initialised | features=20
00:13:56  INFO      explainability.lime_explainer  LIME tabular explainer initialised | features=20
00:13:56  INFO      explainability.lime_explainer  LIME tabular explainer initialised | features=20
00:13:56  INFO      explainability.lime_explainer  LIME tabular explainer initialised | features=20
00:13:56  INFO      explainability.lime_explainer  LIME tabular explainer initialised | features=20
00:13:56  INFO      explainability.lime_explainer  LIME tabular explainer initialised | features=20
00:13:56  INFO      explainability.lime_explainer  LIME tabular explainer initialised | features=20
00:13:56  INFO      explainability.lime_explainer  LIME tabular explainer initialised | features=20
00:13:56  INFO      pipeline  LaTeX table → /Users/harekrishna/Downloads/discover_ai_credit_experiment_v2/results/outputs/south_german/runs/seed_872/results/table5_explanation_quality.tex
00:13:56  INFO      pipeline  SHAP–LIME agreement | mean ρ=0.584 ± 0.181
00:13:56  INFO      pipeline  LaTeX table → /Users/harekrishna/Downloads/discover_ai_credit_experiment_v2/results/outputs/south_german/runs/seed_872/results/table4_shap_lime_agreement.tex
00:14:00  INFO      models.gradient_boosting  XGBoost trained | best_iteration=230
00:14:00  INFO      models.gradient_boosting  XGBoost trained | best_iteration=21
00:14:00  INFO      models.gradient_boosting  XGBoost trained | best_iteration=23
00:14:01  INFO      models.gradient_boosting  XGBoost trained | best_iteration=59
00:14:01  INFO      models.gradient_boosting  XGBoost trained | best_iteration=177
00:14:31  INFO      pipeline  ============================================================
00:14:31  INFO      pipeline  SEED 872 COMPLETE
00:14:31  INFO      pipeline  Figures    -> /Users/harekrishna/Downloads/discover_ai_credit_experiment_v2/results/outputs/south_german/runs/seed_872/figures
00:14:31  INFO      pipeline  Results    -> /Users/harekrishna/Downloads/discover_ai_credit_experiment_v2/results/outputs/south_german/runs/seed_872/results
00:14:31  INFO      pipeline  Best model -> XGBoost (AUROC=0.7901)
00:14:31  INFO      pipeline  ============================================================
00:14:31  INFO      pipeline  ╔══════════════════════════════════════════════╗
00:14:31  INFO      pipeline  ║  Credit Default Prediction with XAI         ║
00:14:31  INFO      pipeline  ║  Dataset: south_german                       ║
00:14:31  INFO      pipeline  ║  Seed: 999                                   ║
00:14:31  INFO      pipeline  ╚══════════════════════════════════════════════╝
00:14:31  INFO      pipeline  ============================================================
00:14:31  INFO      pipeline  STAGE 1: Data Loading & Feature Engineering
00:14:31  INFO      pipeline  ============================================================
00:14:31  INFO      data.data_loader  Skipping UCI-specific engineered features; required columns not present.
00:14:31  INFO      data.data_loader  Skipping UCI-specific engineered features; required columns not present.
00:14:31  INFO      data.data_loader  Skipping UCI-specific engineered features; required columns not present.
00:14:31  INFO      data.data_loader  Dataset loaded | train=700  val=100  test=200 | default rate  train=30.00%  test=30.00%
00:14:31  INFO      pipeline  Imbalance stats: {
  "n_total": 700,
  "n_majority": 490,
  "n_minority": 210,
  "imbalance_ratio": 2.3333,
  "minority_pct": 30.0
}
00:14:32  INFO      visualization.plots  Fig 1 saved → /Users/harekrishna/Downloads/discover_ai_credit_experiment_v2/results/outputs/south_german/runs/seed_999/figures/fig01_class_distribution.pdf
00:14:32  INFO      pipeline  ============================================================
00:14:32  INFO      pipeline  STAGE 2: SMOTE Strategy Ablation
00:14:32  INFO      pipeline  ============================================================
00:14:32  INFO      preprocessing.imbalance_handler  Before resampling | class 0: 490 (70.0%)  class 1: 210 (30.0%)  IR=2.33
00:14:32  INFO      preprocessing.imbalance_handler  After SMOTE | class 0: 490 (50.0%)  class 1: 490 (50.0%)  IR=1.00
00:14:32  INFO      preprocessing.imbalance_handler  Before resampling | class 0: 490 (70.0%)  class 1: 210 (30.0%)  IR=2.33
00:14:32  INFO      preprocessing.imbalance_handler  After BorderlineSMOTE | class 0: 490 (50.0%)  class 1: 490 (50.0%)  IR=1.00
00:14:32  INFO      preprocessing.imbalance_handler  Before resampling | class 0: 490 (70.0%)  class 1: 210 (30.0%)  IR=2.33
00:14:32  INFO      preprocessing.imbalance_handler  After SVMSMOTE | class 0: 490 (50.0%)  class 1: 490 (50.0%)  IR=1.00
00:14:32  INFO      preprocessing.imbalance_handler  Before resampling | class 0: 490 (70.0%)  class 1: 210 (30.0%)  IR=2.33
00:14:32  INFO      preprocessing.imbalance_handler  After ADASYN | class 0: 490 (51.7%)  class 1: 458 (48.3%)  IR=1.07
00:14:32  INFO      preprocessing.imbalance_handler  Before resampling | class 0: 490 (70.0%)  class 1: 210 (30.0%)  IR=2.33
00:14:32  INFO      preprocessing.imbalance_handler  No resampling applied.
00:14:32  INFO      pipeline  Ablation | strategy=SMOTE | n=980
00:14:32  INFO      models.gradient_boosting  LightGBM trained | best_iteration=117
00:14:32  INFO      pipeline  Ablation | strategy=BorderlineSMOTE | n=980
00:14:33  INFO      models.gradient_boosting  LightGBM trained | best_iteration=54
00:14:33  INFO      pipeline  Ablation | strategy=SVMSMOTE | n=980
00:14:33  INFO      models.gradient_boosting  LightGBM trained | best_iteration=90
00:14:33  INFO      pipeline  Ablation | strategy=ADASYN | n=948
00:14:33  INFO      models.gradient_boosting  LightGBM trained | best_iteration=88
00:14:33  INFO      pipeline  Ablation | strategy=None | n=700
00:14:33  INFO      models.gradient_boosting  LightGBM trained | best_iteration=73
00:14:33  INFO      pipeline  Best SMOTE strategy (validation AUROC): SMOTE → 0.7990  [model used: LightGBM]
00:14:33  INFO      pipeline  ============================================================
00:14:33  INFO      pipeline  STAGE 3: Model Training
00:14:33  INFO      pipeline  ============================================================
00:14:33  INFO      pipeline  Training XGBoost …
00:14:33  INFO      pipeline  RandomizedSearchCV | model=XGBoost seed=999 n_iter=12 cv=3 scoring=roc_auc
00:14:34  INFO      models.gradient_boosting  XGBoost trained | best_iteration=N/A
00:14:34  INFO      models.gradient_boosting  XGBoost trained | best_iteration=N/A
00:14:35  INFO      models.gradient_boosting  XGBoost trained | best_iteration=N/A
00:14:35  INFO      models.gradient_boosting  XGBoost trained | best_iteration=N/A
00:14:36  INFO      models.gradient_boosting  XGBoost trained | best_iteration=N/A
00:14:37  INFO      models.gradient_boosting  XGBoost trained | best_iteration=N/A
00:14:38  INFO      models.gradient_boosting  XGBoost trained | best_iteration=N/A
00:14:38  INFO      models.gradient_boosting  XGBoost trained | best_iteration=N/A
00:14:39  INFO      models.gradient_boosting  XGBoost trained | best_iteration=N/A
00:14:40  INFO      models.gradient_boosting  XGBoost trained | best_iteration=N/A
00:14:41  INFO      models.gradient_boosting  XGBoost trained | best_iteration=N/A
00:14:41  INFO      models.gradient_boosting  XGBoost trained | best_iteration=N/A
00:14:42  INFO      models.gradient_boosting  XGBoost trained | best_iteration=N/A
00:14:43  INFO      models.gradient_boosting  XGBoost trained | best_iteration=N/A
00:14:44  INFO      models.gradient_boosting  XGBoost trained | best_iteration=N/A
00:14:44  INFO      models.gradient_boosting  XGBoost trained | best_iteration=N/A
00:14:45  INFO      models.gradient_boosting  XGBoost trained | best_iteration=N/A
00:14:45  INFO      models.gradient_boosting  XGBoost trained | best_iteration=N/A
00:14:46  INFO      models.gradient_boosting  XGBoost trained | best_iteration=N/A
00:14:46  INFO      models.gradient_boosting  XGBoost trained | best_iteration=N/A
00:14:47  INFO      models.gradient_boosting  XGBoost trained | best_iteration=N/A
00:14:48  INFO      models.gradient_boosting  XGBoost trained | best_iteration=N/A
00:14:49  INFO      models.gradient_boosting  XGBoost trained | best_iteration=N/A
00:14:50  INFO      models.gradient_boosting  XGBoost trained | best_iteration=N/A
00:14:51  INFO      models.gradient_boosting  XGBoost trained | best_iteration=N/A
00:14:51  INFO      models.gradient_boosting  XGBoost trained | best_iteration=N/A
00:14:52  INFO      models.gradient_boosting  XGBoost trained | best_iteration=N/A
00:14:52  INFO      models.gradient_boosting  XGBoost trained | best_iteration=N/A
00:14:53  INFO      models.gradient_boosting  XGBoost trained | best_iteration=N/A
00:14:54  INFO      models.gradient_boosting  XGBoost trained | best_iteration=N/A
00:14:55  INFO      models.gradient_boosting  XGBoost trained | best_iteration=N/A
00:14:55  INFO      models.gradient_boosting  XGBoost trained | best_iteration=N/A
00:14:56  INFO      models.gradient_boosting  XGBoost trained | best_iteration=N/A
00:14:56  INFO      models.gradient_boosting  XGBoost trained | best_iteration=N/A
00:14:57  INFO      models.gradient_boosting  XGBoost trained | best_iteration=N/A
00:14:57  INFO      models.gradient_boosting  XGBoost trained | best_iteration=N/A
00:14:59  INFO      models.gradient_boosting  XGBoost trained | best_iteration=N/A
00:14:59  INFO      models.gradient_boosting  XGBoost trained | best_iteration=61
00:14:59  INFO      pipeline  Training LightGBM …
00:14:59  INFO      pipeline  RandomizedSearchCV | model=LightGBM seed=999 n_iter=12 cv=3 scoring=roc_auc
00:15:00  INFO      models.gradient_boosting  LightGBM trained | best_iteration=0
00:15:02  INFO      models.gradient_boosting  LightGBM trained | best_iteration=0
00:15:03  INFO      models.gradient_boosting  LightGBM trained | best_iteration=0
00:15:04  INFO      models.gradient_boosting  LightGBM trained | best_iteration=0
00:15:04  INFO      models.gradient_boosting  LightGBM trained | best_iteration=0
00:15:05  INFO      models.gradient_boosting  LightGBM trained | best_iteration=0
00:15:05  INFO      models.gradient_boosting  LightGBM trained | best_iteration=0
00:15:05  INFO      models.gradient_boosting  LightGBM trained | best_iteration=0
00:15:06  INFO      models.gradient_boosting  LightGBM trained | best_iteration=0
00:15:08  INFO      models.gradient_boosting  LightGBM trained | best_iteration=0
00:15:10  INFO      models.gradient_boosting  LightGBM trained | best_iteration=0
00:15:12  INFO      models.gradient_boosting  LightGBM trained | best_iteration=0
00:15:13  INFO      models.gradient_boosting  LightGBM trained | best_iteration=0
00:15:15  INFO      models.gradient_boosting  LightGBM trained | best_iteration=0
00:15:16  INFO      models.gradient_boosting  LightGBM trained | best_iteration=0
00:15:17  INFO      models.gradient_boosting  LightGBM trained | best_iteration=0
00:15:17  INFO      models.gradient_boosting  LightGBM trained | best_iteration=0
00:15:18  INFO      models.gradient_boosting  LightGBM trained | best_iteration=0
00:15:20  INFO      models.gradient_boosting  LightGBM trained | best_iteration=0
00:15:22  INFO      models.gradient_boosting  LightGBM trained | best_iteration=0
00:15:23  INFO      models.gradient_boosting  LightGBM trained | best_iteration=0
00:15:24  INFO      models.gradient_boosting  LightGBM trained | best_iteration=0
00:15:24  INFO      models.gradient_boosting  LightGBM trained | best_iteration=0
00:15:25  INFO      models.gradient_boosting  LightGBM trained | best_iteration=0
00:15:25  INFO      models.gradient_boosting  LightGBM trained | best_iteration=0
00:15:26  INFO      models.gradient_boosting  LightGBM trained | best_iteration=0
00:15:26  INFO      models.gradient_boosting  LightGBM trained | best_iteration=0
00:15:27  INFO      models.gradient_boosting  LightGBM trained | best_iteration=0
00:15:28  INFO      models.gradient_boosting  LightGBM trained | best_iteration=0
00:15:28  INFO      models.gradient_boosting  LightGBM trained | best_iteration=0
00:15:30  INFO      models.gradient_boosting  LightGBM trained | best_iteration=0
00:15:31  INFO      models.gradient_boosting  LightGBM trained | best_iteration=0
00:15:32  INFO      models.gradient_boosting  LightGBM trained | best_iteration=0
00:15:32  INFO      models.gradient_boosting  LightGBM trained | best_iteration=0
00:15:33  INFO      models.gradient_boosting  LightGBM trained | best_iteration=0
00:15:33  INFO      models.gradient_boosting  LightGBM trained | best_iteration=0
00:15:36  INFO      models.gradient_boosting  LightGBM trained | best_iteration=0
00:15:36  INFO      models.gradient_boosting  LightGBM trained | best_iteration=124
00:15:36  INFO      pipeline  Training CatBoost …
00:15:36  INFO      pipeline  RandomizedSearchCV | model=CatBoost seed=999 n_iter=12 cv=3 scoring=roc_auc
00:15:37  INFO      models.gradient_boosting  CatBoost trained
00:15:37  INFO      models.gradient_boosting  CatBoost trained
00:15:37  INFO      models.gradient_boosting  CatBoost trained
00:15:37  INFO      models.gradient_boosting  CatBoost trained
00:15:38  INFO      models.gradient_boosting  CatBoost trained
00:15:38  INFO      models.gradient_boosting  CatBoost trained
00:15:38  INFO      models.gradient_boosting  CatBoost trained
00:15:39  INFO      models.gradient_boosting  CatBoost trained
00:15:39  INFO      models.gradient_boosting  CatBoost trained
00:15:39  INFO      models.gradient_boosting  CatBoost trained
00:15:40  INFO      models.gradient_boosting  CatBoost trained
00:15:40  INFO      models.gradient_boosting  CatBoost trained
00:15:40  INFO      models.gradient_boosting  CatBoost trained
00:15:41  INFO      models.gradient_boosting  CatBoost trained
00:15:41  INFO      models.gradient_boosting  CatBoost trained
00:15:42  INFO      models.gradient_boosting  CatBoost trained
00:15:42  INFO      models.gradient_boosting  CatBoost trained
00:15:42  INFO      models.gradient_boosting  CatBoost trained
00:15:43  INFO      models.gradient_boosting  CatBoost trained
00:15:45  INFO      models.gradient_boosting  CatBoost trained
00:15:46  INFO      models.gradient_boosting  CatBoost trained
00:15:46  INFO      models.gradient_boosting  CatBoost trained
00:15:46  INFO      models.gradient_boosting  CatBoost trained
00:15:47  INFO      models.gradient_boosting  CatBoost trained
00:15:47  INFO      models.gradient_boosting  CatBoost trained
00:15:47  INFO      models.gradient_boosting  CatBoost trained
00:15:48  INFO      models.gradient_boosting  CatBoost trained
00:15:48  INFO      models.gradient_boosting  CatBoost trained
00:15:49  INFO      models.gradient_boosting  CatBoost trained
00:15:49  INFO      models.gradient_boosting  CatBoost trained
00:15:50  INFO      models.gradient_boosting  CatBoost trained
00:15:51  INFO      models.gradient_boosting  CatBoost trained
00:15:52  INFO      models.gradient_boosting  CatBoost trained
00:15:52  INFO      models.gradient_boosting  CatBoost trained
00:15:53  INFO      models.gradient_boosting  CatBoost trained
00:15:53  INFO      models.gradient_boosting  CatBoost trained
00:15:55  INFO      models.gradient_boosting  CatBoost trained
00:15:55  INFO      models.gradient_boosting  CatBoost trained
00:15:55  INFO      pipeline  Training Random Forest …
00:15:55  INFO      pipeline  RandomizedSearchCV | model=Random Forest seed=999 n_iter=12 cv=3 scoring=roc_auc
00:16:10  INFO      pipeline  Training Logistic Reg. …
00:16:10  INFO      pipeline  RandomizedSearchCV | model=Logistic Reg. seed=999 n_iter=12 cv=3 scoring=roc_auc
00:16:10  INFO      pipeline  Training TabNet …
00:16:10  INFO      models.tabnet_model  Apple MPS backend passed smoke test — using GPU acceleration.
00:16:10  INFO      models.tabnet_model  TabNet starting | device=mps  max_epochs=200  patience=15  batch_size=1024  n_train=980
epoch 0  | loss: 1.41736 | val_auc: 0.42    |  0:00:00s
epoch 1  | loss: 1.55038 | val_auc: 0.48048 |  0:00:00s
epoch 2  | loss: 0.91895 | val_auc: 0.56381 |  0:00:00s
epoch 3  | loss: 0.89275 | val_auc: 0.55429 |  0:00:00s
epoch 4  | loss: 0.85332 | val_auc: 0.6     |  0:00:00s
epoch 5  | loss: 0.7242  | val_auc: 0.58762 |  0:00:00s
epoch 6  | loss: 0.70685 | val_auc: 0.57429 |  0:00:00s
epoch 7  | loss: 0.67693 | val_auc: 0.6119  |  0:00:00s
epoch 8  | loss: 0.64776 | val_auc: 0.63238 |  0:00:00s
epoch 9  | loss: 0.62384 | val_auc: 0.63714 |  0:00:01s
epoch 10 | loss: 0.5676  | val_auc: 0.63238 |  0:00:01s
epoch 11 | loss: 0.53953 | val_auc: 0.6481  |  0:00:01s
epoch 12 | loss: 0.5237  | val_auc: 0.69952 |  0:00:01s
epoch 13 | loss: 0.52596 | val_auc: 0.67238 |  0:00:01s
epoch 14 | loss: 0.49341 | val_auc: 0.64238 |  0:00:01s
epoch 15 | loss: 0.48154 | val_auc: 0.64571 |  0:00:01s
epoch 16 | loss: 0.45196 | val_auc: 0.66381 |  0:00:01s
epoch 17 | loss: 0.44458 | val_auc: 0.67905 |  0:00:01s
epoch 18 | loss: 0.44196 | val_auc: 0.70143 |  0:00:01s
epoch 19 | loss: 0.47327 | val_auc: 0.68429 |  0:00:02s
epoch 20 | loss: 0.43881 | val_auc: 0.68    |  0:00:02s
epoch 21 | loss: 0.4158  | val_auc: 0.68238 |  0:00:02s
epoch 22 | loss: 0.43594 | val_auc: 0.67952 |  0:00:02s
epoch 23 | loss: 0.41284 | val_auc: 0.68476 |  0:00:02s
epoch 24 | loss: 0.41004 | val_auc: 0.69048 |  0:00:02s
epoch 25 | loss: 0.43665 | val_auc: 0.68619 |  0:00:02s
epoch 26 | loss: 0.40102 | val_auc: 0.6719  |  0:00:02s
epoch 27 | loss: 0.40546 | val_auc: 0.67476 |  0:00:02s
epoch 28 | loss: 0.41367 | val_auc: 0.68286 |  0:00:02s
epoch 29 | loss: 0.36882 | val_auc: 0.68095 |  0:00:02s
epoch 30 | loss: 0.38013 | val_auc: 0.68476 |  0:00:03s
epoch 31 | loss: 0.35037 | val_auc: 0.68095 |  0:00:03s
epoch 32 | loss: 0.36747 | val_auc: 0.67381 |  0:00:03s
epoch 33 | loss: 0.33624 | val_auc: 0.68476 |  0:00:03s

Early stopping occurred at epoch 33 with best_epoch = 18 and best_val_auc = 0.70143
epoch 0  | loss: 1.46071 | val_auc: 0.59524 |  0:00:00s
epoch 1  | loss: 1.48537 | val_auc: 0.57857 |  0:00:00s
epoch 2  | loss: 0.90282 | val_auc: 0.57738 |  0:00:00s
epoch 3  | loss: 1.05028 | val_auc: 0.63333 |  0:00:00s
epoch 4  | loss: 0.78191 | val_auc: 0.65286 |  0:00:00s
epoch 5  | loss: 0.84744 | val_auc: 0.67095 |  0:00:00s
epoch 6  | loss: 0.64691 | val_auc: 0.56286 |  0:00:00s
epoch 7  | loss: 0.64263 | val_auc: 0.62238 |  0:00:01s
epoch 8  | loss: 0.58521 | val_auc: 0.60048 |  0:00:01s
epoch 9  | loss: 0.53306 | val_auc: 0.60524 |  0:00:01s
epoch 10 | loss: 0.55048 | val_auc: 0.6181  |  0:00:01s
epoch 11 | loss: 0.53895 | val_auc: 0.58952 |  0:00:01s
epoch 12 | loss: 0.52897 | val_auc: 0.68286 |  0:00:01s
epoch 13 | loss: 0.54583 | val_auc: 0.63143 |  0:00:01s
epoch 14 | loss: 0.51049 | val_auc: 0.59714 |  0:00:01s
epoch 15 | loss: 0.50938 | val_auc: 0.63    |  0:00:01s
epoch 16 | loss: 0.48376 | val_auc: 0.67095 |  0:00:01s
epoch 17 | loss: 0.46269 | val_auc: 0.66667 |  0:00:02s
epoch 18 | loss: 0.46638 | val_auc: 0.67    |  0:00:02s
epoch 19 | loss: 0.47223 | val_auc: 0.6481  |  0:00:02s
epoch 20 | loss: 0.45095 | val_auc: 0.64952 |  0:00:02s
epoch 21 | loss: 0.44438 | val_auc: 0.61857 |  0:00:02s
epoch 22 | loss: 0.4251  | val_auc: 0.63762 |  0:00:02s
epoch 23 | loss: 0.41641 | val_auc: 0.61905 |  0:00:02s
epoch 24 | loss: 0.43108 | val_auc: 0.62667 |  0:00:02s
epoch 25 | loss: 0.42954 | val_auc: 0.64667 |  0:00:02s
epoch 26 | loss: 0.43825 | val_auc: 0.66238 |  0:00:02s
epoch 27 | loss: 0.42521 | val_auc: 0.65429 |  0:00:02s

Early stopping occurred at epoch 27 with best_epoch = 12 and best_val_auc = 0.68286
epoch 0  | loss: 1.40637 | val_auc: 0.6481  |  0:00:00s
epoch 1  | loss: 0.92573 | val_auc: 0.71238 |  0:00:00s
epoch 2  | loss: 1.19593 | val_auc: 0.64881 |  0:00:00s
epoch 3  | loss: 0.73437 | val_auc: 0.66048 |  0:00:00s
epoch 4  | loss: 0.83172 | val_auc: 0.69286 |  0:00:00s
epoch 5  | loss: 0.68923 | val_auc: 0.68238 |  0:00:00s
epoch 6  | loss: 0.60775 | val_auc: 0.62571 |  0:00:00s
epoch 7  | loss: 0.71656 | val_auc: 0.66333 |  0:00:01s
epoch 8  | loss: 0.60278 | val_auc: 0.74286 |  0:00:01s
epoch 9  | loss: 0.55466 | val_auc: 0.68524 |  0:00:01s
epoch 10 | loss: 0.61661 | val_auc: 0.67    |  0:00:01s
epoch 11 | loss: 0.62386 | val_auc: 0.68524 |  0:00:01s
epoch 12 | loss: 0.58636 | val_auc: 0.72095 |  0:00:01s
epoch 13 | loss: 0.56377 | val_auc: 0.70143 |  0:00:01s
epoch 14 | loss: 0.53761 | val_auc: 0.74571 |  0:00:01s
epoch 15 | loss: 0.46833 | val_auc: 0.7619  |  0:00:01s
epoch 16 | loss: 0.48104 | val_auc: 0.7681  |  0:00:01s
epoch 17 | loss: 0.47473 | val_auc: 0.74429 |  0:00:01s
epoch 18 | loss: 0.4708  | val_auc: 0.74857 |  0:00:02s
epoch 19 | loss: 0.45694 | val_auc: 0.73762 |  0:00:02s
epoch 20 | loss: 0.44038 | val_auc: 0.71429 |  0:00:02s
epoch 21 | loss: 0.42521 | val_auc: 0.68476 |  0:00:02s
epoch 22 | loss: 0.41184 | val_auc: 0.66619 |  0:00:02s
epoch 23 | loss: 0.40102 | val_auc: 0.65667 |  0:00:02s
epoch 24 | loss: 0.38523 | val_auc: 0.68429 |  0:00:02s
epoch 25 | loss: 0.3757  | val_auc: 0.6981  |  0:00:02s
epoch 26 | loss: 0.34032 | val_auc: 0.72429 |  0:00:02s
epoch 27 | loss: 0.35975 | val_auc: 0.74381 |  0:00:02s
epoch 28 | loss: 0.34526 | val_auc: 0.76    |  0:00:03s
epoch 29 | loss: 0.33136 | val_auc: 0.74429 |  0:00:03s
epoch 30 | loss: 0.33113 | val_auc: 0.75048 |  0:00:03s
epoch 31 | loss: 0.32915 | val_auc: 0.75476 |  0:00:03s

Early stopping occurred at epoch 31 with best_epoch = 16 and best_val_auc = 0.7681
epoch 0  | loss: 1.77556 | val_auc: 0.43476 |  0:00:00s
epoch 1  | loss: 1.4386  | val_auc: 0.55    |  0:00:00s
epoch 2  | loss: 0.86617 | val_auc: 0.7019  |  0:00:00s
epoch 3  | loss: 0.9349  | val_auc: 0.72524 |  0:00:00s
epoch 4  | loss: 0.81154 | val_auc: 0.60476 |  0:00:00s
epoch 5  | loss: 0.68836 | val_auc: 0.59619 |  0:00:00s
epoch 6  | loss: 0.63843 | val_auc: 0.56476 |  0:00:00s
epoch 7  | loss: 0.7026  | val_auc: 0.63429 |  0:00:00s
epoch 8  | loss: 0.67431 | val_auc: 0.64667 |  0:00:01s
epoch 9  | loss: 0.61545 | val_auc: 0.66571 |  0:00:01s
epoch 10 | loss: 0.56337 | val_auc: 0.67857 |  0:00:01s
epoch 11 | loss: 0.55018 | val_auc: 0.69857 |  0:00:01s
epoch 12 | loss: 0.56064 | val_auc: 0.67714 |  0:00:01s
epoch 13 | loss: 0.54786 | val_auc: 0.66714 |  0:00:01s
epoch 14 | loss: 0.49284 | val_auc: 0.68429 |  0:00:01s
epoch 15 | loss: 0.51268 | val_auc: 0.70714 |  0:00:01s
epoch 16 | loss: 0.48769 | val_auc: 0.71476 |  0:00:01s
epoch 17 | loss: 0.48722 | val_auc: 0.72476 |  0:00:01s
epoch 18 | loss: 0.48503 | val_auc: 0.70571 |  0:00:01s

Early stopping occurred at epoch 18 with best_epoch = 3 and best_val_auc = 0.72524
epoch 0  | loss: 1.37761 | val_auc: 0.50786 |  0:00:00s
epoch 1  | loss: 1.26114 | val_auc: 0.60095 |  0:00:00s
epoch 2  | loss: 0.9899  | val_auc: 0.6419  |  0:00:00s
epoch 3  | loss: 0.82003 | val_auc: 0.57429 |  0:00:00s
epoch 4  | loss: 0.73479 | val_auc: 0.61238 |  0:00:00s
epoch 5  | loss: 0.66499 | val_auc: 0.59429 |  0:00:00s
epoch 6  | loss: 0.71876 | val_auc: 0.57476 |  0:00:00s
epoch 7  | loss: 0.76384 | val_auc: 0.60381 |  0:00:00s
epoch 8  | loss: 0.66672 | val_auc: 0.56095 |  0:00:00s
epoch 9  | loss: 0.58447 | val_auc: 0.56143 |  0:00:00s
epoch 10 | loss: 0.59618 | val_auc: 0.55762 |  0:00:01s
epoch 11 | loss: 0.59197 | val_auc: 0.51524 |  0:00:01s
epoch 12 | loss: 0.56136 | val_auc: 0.52    |  0:00:01s
epoch 13 | loss: 0.48267 | val_auc: 0.55381 |  0:00:01s
epoch 14 | loss: 0.47866 | val_auc: 0.53476 |  0:00:01s
epoch 15 | loss: 0.44185 | val_auc: 0.54476 |  0:00:01s
epoch 16 | loss: 0.46082 | val_auc: 0.55048 |  0:00:01s
epoch 17 | loss: 0.43489 | val_auc: 0.56905 |  0:00:01s

Early stopping occurred at epoch 17 with best_epoch = 2 and best_val_auc = 0.6419
epoch 0  | loss: 1.30335 | val_auc: 0.53619 |  0:00:00s
epoch 1  | loss: 1.77598 | val_auc: 0.51333 |  0:00:00s
epoch 2  | loss: 0.99995 | val_auc: 0.48429 |  0:00:00s
epoch 3  | loss: 1.10255 | val_auc: 0.52762 |  0:00:00s
epoch 4  | loss: 0.76899 | val_auc: 0.47524 |  0:00:00s
epoch 5  | loss: 0.83449 | val_auc: 0.53667 |  0:00:00s
epoch 6  | loss: 0.69901 | val_auc: 0.5519  |  0:00:00s
epoch 7  | loss: 0.74423 | val_auc: 0.61048 |  0:00:00s00:16:15  INFO      models.tabnet_model  TabNet trained | device=mps  best_epoch=30  elapsed=5.1s
00:16:15  INFO      pipeline  YAML saved → /Users/harekrishna/Downloads/discover_ai_credit_experiment_v2/results/outputs/south_german/runs/seed_999/results/best_params.yaml
00:16:15  INFO      pipeline  ============================================================
00:16:15  INFO      pipeline  STAGE 4: Evaluation
00:16:15  INFO      pipeline  ============================================================
00:16:15  INFO      pipeline  XGBoost | val_F1*=0.6479 @ t=0.47 | test AUROC=0.7958  F1=0.6000  G-Mean=0.7141  MCC=0.4009
00:16:15  INFO      pipeline  LightGBM | val_F1*=0.7200 @ t=0.29 | test AUROC=0.7713  F1=0.5532  G-Mean=0.6745  MCC=0.3267
00:16:15  INFO      pipeline  CatBoost | val_F1*=0.6585 @ t=0.25 | test AUROC=0.7685  F1=0.5854  G-Mean=0.6928  MCC=0.3669
00:16:15  INFO      pipeline  Random Forest | val_F1*=0.6757 @ t=0.40 | test AUROC=0.7906  F1=0.5882  G-Mean=0.7037  MCC=0.3866
00:16:15  INFO      pipeline  Logistic Reg. | val_F1*=0.6970 @ t=0.53 | test AUROC=0.8136  F1=0.6260  G-Mean=0.7327  MCC=0.4492
00:16:15  INFO      pipeline  TabNet | val_F1*=0.6118 @ t=0.27 | test AUROC=0.7199  F1=0.5466  G-Mean=0.6594  MCC=0.2990
00:16:15  INFO      pipeline  LaTeX table → /Users/harekrishna/Downloads/discover_ai_credit_experiment_v2/results/outputs/south_german/runs/seed_999/results/table2_test_metrics.tex
00:16:15  INFO      pipeline  
                AUROC   AUPRC      F1  Precision  Recall  Specificity  G-Mean     MCC   Brier
Model                                                                                        
XGBoost        0.7958  0.6457  0.6000     0.5250  0.7000       0.7286  0.7141  0.4009  0.1963
LightGBM       0.7713  0.6403  0.5532     0.4815  0.6500       0.7000  0.6745  0.3267  0.1744
CatBoost       0.7685  0.6183  0.5854     0.4615  0.8000       0.6000  0.6928  0.3669  0.1756
Random Forest  0.7906  0.6282  0.5882     0.5263  0.6667       0.7429  0.7037  0.3866  0.1639
Logistic Reg.  0.8136  0.6644  0.6260     0.5775  0.6833       0.7857  0.7327  0.4492  0.1751
TabNet         0.7199  0.4890  0.5466     0.4356  0.7333       0.5929  0.6594  0.2990  0.2374
00:16:16  INFO      visualization.plots  Fig 2 saved → /Users/harekrishna/Downloads/discover_ai_credit_experiment_v2/results/outputs/south_german/runs/seed_999/figures/fig02_roc_curves.pdf
00:16:16  INFO      visualization.plots  Fig 3 saved → /Users/harekrishna/Downloads/discover_ai_credit_experiment_v2/results/outputs/south_german/runs/seed_999/figures/fig03_pr_curves.pdf
00:16:16  INFO      visualization.plots  Fig 4 saved → /Users/harekrishna/Downloads/discover_ai_credit_experiment_v2/results/outputs/south_german/runs/seed_999/figures/fig04_confusion_lightgbm.pdf
00:16:16  INFO      pipeline  Top pair Logistic Reg. vs XGBoost | DeLong z=1.0558 p=0.2910 | McNemar chi2=1.8947 p=0.1687
00:22:04  INFO      models.gradient_boosting  XGBoost trained | best_iteration=41
00:22:04  INFO      models.gradient_boosting  XGBoost trained | best_iteration=45
00:22:05  INFO      models.gradient_boosting  XGBoost trained | best_iteration=55
00:22:05  INFO      models.gradient_boosting  XGBoost trained | best_iteration=2
00:22:05  INFO      models.gradient_boosting  XGBoost trained | best_iteration=38
00:22:05  INFO      models.gradient_boosting  LightGBM trained | best_iteration=117
00:22:05  INFO      models.gradient_boosting  LightGBM trained | best_iteration=54
00:22:06  INFO      models.gradient_boosting  LightGBM trained | best_iteration=90
00:22:06  INFO      models.gradient_boosting  LightGBM trained | best_iteration=88
00:22:06  INFO      models.gradient_boosting  LightGBM trained | best_iteration=73
00:22:06  INFO      models.gradient_boosting  CatBoost trained
00:22:07  INFO      models.gradient_boosting  CatBoost trained
00:22:07  INFO      models.gradient_boosting  CatBoost trained
00:22:07  INFO      models.gradient_boosting  CatBoost trained
00:22:07  INFO      models.gradient_boosting  CatBoost trained
00:22:09  INFO      pipeline  Skipping TabNet in SMOTE ablation (Fig 10) — its single official result is already in Table II. Pass --full-ablation to include it (runs in isolated subprocesses to avoid the MPS stall seen previously).
00:22:09  INFO      visualization.plots  Fig 10 saved → /Users/harekrishna/Downloads/discover_ai_credit_experiment_v2/results/outputs/south_german/runs/seed_999/figures/fig10_smote_ablation.pdf
00:22:09  INFO      pipeline  ============================================================
00:22:09  INFO      pipeline  STAGE 5: SHAP Explanations
00:22:09  INFO      pipeline  ============================================================
00:22:09  WARNING   shap  Background dataset has 200 samples but max_samples=100. Subsampling to 100 samples for SHAP value computation. To use all samples, set max_samples=200 when initializing the masker.
00:22:09  INFO      explainability.shap_explainer  SHAP TreeExplainer initialised
00:22:10  INFO      explainability.shap_explainer  SHAP values computed | shape=(200, 20)
00:22:10  INFO      explainability.shap_explainer  SHAP additivity check | MAE=0.00000 | PASS ✓
00:22:11  INFO      explainability.shap_explainer  Saved SHAP summary → /Users/harekrishna/Downloads/discover_ai_credit_experiment_v2/results/outputs/south_german/runs/seed_999/figures/fig05a_shap_summary_LightGBM.pdf
00:22:11  INFO      explainability.shap_explainer  Saved SHAP bar → /Users/harekrishna/Downloads/discover_ai_credit_experiment_v2/results/outputs/south_german/runs/seed_999/figures/fig05b_shap_bar_LightGBM.pdf
00:22:11  INFO      explainability.shap_explainer  Saved SHAP dependence → /Users/harekrishna/Downloads/discover_ai_credit_experiment_v2/results/outputs/south_german/runs/seed_999/figures/fig06_shap_dep_status.pdf
00:22:11  INFO      pipeline  LaTeX table → /Users/harekrishna/Downloads/discover_ai_credit_experiment_v2/results/outputs/south_german/runs/seed_999/results/table3_shap_ranking.tex
00:22:11  INFO      visualization.plots  Fig 8 saved → /Users/harekrishna/Downloads/discover_ai_credit_experiment_v2/results/outputs/south_german/runs/seed_999/figures/fig08_importance_comparison.pdf
00:22:12  INFO      visualization.plots  Fig 9 saved → /Users/harekrishna/Downloads/discover_ai_credit_experiment_v2/results/outputs/south_german/runs/seed_999/figures/fig09_threshold_sweep.pdf
00:22:12  INFO      pipeline  ============================================================
00:22:12  INFO      pipeline  STAGE 6: LIME Explanations
00:22:12  INFO      pipeline  ============================================================
00:22:12  INFO      explainability.lime_explainer  LIME tabular explainer initialised | features=20
00:22:12  INFO      pipeline  Local instances selected: {'TP': 4, 'FP': 15, 'FN': 139, 'TN': 102}
00:22:12  INFO      explainability.lime_explainer  Saved LIME explanation → /Users/harekrishna/Downloads/discover_ai_credit_experiment_v2/results/outputs/south_german/runs/seed_999/figures/fig07_tp_lime.pdf
00:22:12  INFO      explainability.lime_explainer  Saved LIME explanation → /Users/harekrishna/Downloads/discover_ai_credit_experiment_v2/results/outputs/south_german/runs/seed_999/figures/fig07_fp_lime.pdf
00:22:13  INFO      explainability.lime_explainer  Saved LIME explanation → /Users/harekrishna/Downloads/discover_ai_credit_experiment_v2/results/outputs/south_german/runs/seed_999/figures/fig07_fn_lime.pdf
00:22:13  INFO      explainability.lime_explainer  Saved LIME explanation → /Users/harekrishna/Downloads/discover_ai_credit_experiment_v2/results/outputs/south_german/runs/seed_999/figures/fig07_tn_lime.pdf
00:22:13  INFO      explainability.lime_explainer  Saved LIME multi-instance grid → /Users/harekrishna/Downloads/discover_ai_credit_experiment_v2/results/outputs/south_german/runs/seed_999/figures/fig07_lime_multi_instance.pdf
00:22:15  INFO      explainability.lime_explainer  LIME batch complete | n=200
00:22:15  INFO      explainability.lime_explainer  SHAP–LIME agreement | mean ρ=0.354 ± 0.225
00:22:15  INFO      explainability.lime_explainer  LIME tabular explainer initialised | features=20
00:22:15  INFO      explainability.lime_explainer  LIME tabular explainer initialised | features=20
00:22:15  INFO      explainability.lime_explainer  LIME tabular explainer initialised | features=20
00:22:15  INFO      explainability.lime_explainer  LIME tabular explainer initialised | features=20
00:22:15  INFO      explainability.lime_explainer  LIME tabular explainer initialised | features=20
00:22:16  INFO      explainability.lime_explainer  LIME tabular explainer initialised | features=20
00:22:16  INFO      explainability.lime_explainer  LIME tabular explainer initialised | features=20
00:22:16  INFO      explainability.lime_explainer  LIME tabular explainer initialised | features=20
00:22:16  INFO      explainability.lime_explainer  LIME tabular explainer initialised | features=20
00:22:16  INFO      explainability.lime_explainer  LIME tabular explainer initialised | features=20
00:22:16  INFO      explainability.lime_explainer  LIME tabular explainer initialised | features=20
00:22:16  INFO      explainability.lime_explainer  LIME tabular explainer initialised | features=20
00:22:16  INFO      explainability.lime_explainer  LIME tabular explainer initialised | features=20
00:22:16  INFO      explainability.lime_explainer  LIME tabular explainer initialised | features=20
00:22:16  INFO      explainability.lime_explainer  LIME tabular explainer initialised | features=20
00:22:16  INFO      explainability.lime_explainer  LIME tabular explainer initialised | features=20
00:22:16  INFO      explainability.lime_explainer  LIME tabular explainer initialised | features=20
00:22:16  INFO      explainability.lime_explainer  LIME tabular explainer initialised | features=20
00:22:16  INFO      explainability.lime_explainer  LIME tabular explainer initialised | features=20
00:22:16  INFO      explainability.lime_explainer  LIME tabular explainer initialised | features=20
00:22:16  INFO      explainability.lime_explainer  LIME tabular explainer initialised | features=20
00:22:16  INFO      explainability.lime_explainer  LIME tabular explainer initialised | features=20
00:22:16  INFO      explainability.lime_explainer  LIME tabular explainer initialised | features=20
00:22:16  INFO      explainability.lime_explainer  LIME tabular explainer initialised | features=20
00:22:16  INFO      explainability.lime_explainer  LIME tabular explainer initialised | features=20
00:22:16  INFO      explainability.lime_explainer  LIME tabular explainer initialised | features=20
00:22:16  INFO      explainability.lime_explainer  LIME tabular explainer initialised | features=20
00:22:16  INFO      explainability.lime_explainer  LIME tabular explainer initialised | features=20
00:22:16  INFO      explainability.lime_explainer  LIME tabular explainer initialised | features=20
00:22:16  INFO      explainability.lime_explainer  LIME tabular explainer initialised | features=20
00:22:16  INFO      explainability.lime_explainer  LIME tabular explainer initialised | features=20
00:22:16  INFO      explainability.lime_explainer  LIME tabular explainer initialised | features=20
00:22:16  INFO      explainability.lime_explainer  LIME tabular explainer initialised | features=20
00:22:16  INFO      explainability.lime_explainer  LIME tabular explainer initialised | features=20
00:22:16  INFO      explainability.lime_explainer  LIME tabular explainer initialised | features=20
00:22:16  INFO      explainability.lime_explainer  LIME tabular explainer initialised | features=20
00:22:16  INFO      explainability.lime_explainer  LIME tabular explainer initialised | features=20
00:22:16  INFO      explainability.lime_explainer  LIME tabular explainer initialised | features=20
00:22:16  INFO      explainability.lime_explainer  LIME tabular explainer initialised | features=20
00:22:16  INFO      explainability.lime_explainer  LIME tabular explainer initialised | features=20
00:22:16  INFO      explainability.lime_explainer  LIME tabular explainer initialised | features=20
00:22:16  INFO      explainability.lime_explainer  LIME tabular explainer initialised | features=20
00:22:16  INFO      explainability.lime_explainer  LIME tabular explainer initialised | features=20
00:22:16  INFO      explainability.lime_explainer  LIME tabular explainer initialised | features=20
00:22:16  INFO      explainability.lime_explainer  LIME tabular explainer initialised | features=20
00:22:16  INFO      explainability.lime_explainer  LIME tabular explainer initialised | features=20
00:22:16  INFO      explainability.lime_explainer  LIME tabular explainer initialised | features=20
00:22:16  INFO      explainability.lime_explainer  LIME tabular explainer initialised | features=20
00:22:16  INFO      explainability.lime_explainer  LIME tabular explainer initialised | features=20
00:22:16  INFO      explainability.lime_explainer  LIME tabular explainer initialised | features=20
00:22:16  INFO      explainability.lime_explainer  LIME tabular explainer initialised | features=20
00:22:16  INFO      explainability.lime_explainer  LIME tabular explainer initialised | features=20
00:22:16  INFO      explainability.lime_explainer  LIME tabular explainer initialised | features=20
00:22:16  INFO      explainability.lime_explainer  LIME tabular explainer initialised | features=20
00:22:16  INFO      explainability.lime_explainer  LIME tabular explainer initialised | features=20
00:22:16  INFO      explainability.lime_explainer  LIME tabular explainer initialised | features=20
00:22:16  INFO      explainability.lime_explainer  LIME tabular explainer initialised | features=20
00:22:16  INFO      explainability.lime_explainer  LIME tabular explainer initialised | features=20
00:22:16  INFO      explainability.lime_explainer  LIME tabular explainer initialised | features=20
00:22:16  INFO      explainability.lime_explainer  LIME tabular explainer initialised | features=20
00:22:16  INFO      explainability.lime_explainer  LIME tabular explainer initialised | features=20
00:22:16  INFO      explainability.lime_explainer  LIME tabular explainer initialised | features=20
00:22:16  INFO      explainability.lime_explainer  LIME tabular explainer initialised | features=20
00:22:16  INFO      explainability.lime_explainer  LIME tabular explainer initialised | features=20
00:22:17  INFO      explainability.lime_explainer  LIME tabular explainer initialised | features=20
00:22:17  INFO      explainability.lime_explainer  LIME tabular explainer initialised | features=20
00:22:17  INFO      explainability.lime_explainer  LIME tabular explainer initialised | features=20
00:22:17  INFO      explainability.lime_explainer  LIME tabular explainer initialised | features=20
00:22:17  INFO      explainability.lime_explainer  LIME tabular explainer initialised | features=20
00:22:17  INFO      explainability.lime_explainer  LIME tabular explainer initialised | features=20
00:22:17  INFO      explainability.lime_explainer  LIME tabular explainer initialised | features=20
00:22:17  INFO      explainability.lime_explainer  LIME tabular explainer initialised | features=20
00:22:17  INFO      explainability.lime_explainer  LIME tabular explainer initialised | features=20
00:22:17  INFO      explainability.lime_explainer  LIME tabular explainer initialised | features=20
00:22:17  INFO      explainability.lime_explainer  LIME tabular explainer initialised | features=20
00:22:17  INFO      explainability.lime_explainer  LIME tabular explainer initialised | features=20
00:22:17  INFO      explainability.lime_explainer  LIME tabular explainer initialised | features=20
00:22:17  INFO      explainability.lime_explainer  LIME tabular explainer initialised | features=20
00:22:17  INFO      explainability.lime_explainer  LIME tabular explainer initialised | features=20
00:22:17  INFO      explainability.lime_explainer  LIME tabular explainer initialised | features=20
00:22:17  INFO      explainability.lime_explainer  LIME tabular explainer initialised | features=20
00:22:17  INFO      explainability.lime_explainer  LIME tabular explainer initialised | features=20
00:22:17  INFO      explainability.lime_explainer  LIME tabular explainer initialised | features=20
00:22:17  INFO      explainability.lime_explainer  LIME tabular explainer initialised | features=20
00:22:17  INFO      explainability.lime_explainer  LIME tabular explainer initialised | features=20
00:22:17  INFO      explainability.lime_explainer  LIME tabular explainer initialised | features=20
00:22:17  INFO      explainability.lime_explainer  LIME tabular explainer initialised | features=20
00:22:17  INFO      explainability.lime_explainer  LIME tabular explainer initialised | features=20
00:22:17  INFO      explainability.lime_explainer  LIME tabular explainer initialised | features=20
00:22:17  INFO      explainability.lime_explainer  LIME tabular explainer initialised | features=20
00:22:17  INFO      explainability.lime_explainer  LIME tabular explainer initialised | features=20
00:22:17  INFO      explainability.lime_explainer  LIME tabular explainer initialised | features=20
00:22:17  INFO      explainability.lime_explainer  LIME tabular explainer initialised | features=20
00:22:17  INFO      explainability.lime_explainer  LIME tabular explainer initialised | features=20
00:22:17  INFO      explainability.lime_explainer  LIME tabular explainer initialised | features=20
00:22:17  INFO      explainability.lime_explainer  LIME tabular explainer initialised | features=20
00:22:17  INFO      explainability.lime_explainer  LIME tabular explainer initialised | features=20
00:22:17  INFO      explainability.lime_explainer  LIME tabular explainer initialised | features=20
00:22:17  INFO      explainability.lime_explainer  LIME tabular explainer initialised | features=20
00:22:17  INFO      explainability.lime_explainer  LIME tabular explainer initialised | features=20
00:22:17  INFO      explainability.lime_explainer  LIME tabular explainer initialised | features=20
00:22:17  INFO      explainability.lime_explainer  LIME tabular explainer initialised | features=20
00:22:17  INFO      explainability.lime_explainer  LIME tabular explainer initialised | features=20
00:22:17  INFO      explainability.lime_explainer  LIME tabular explainer initialised | features=20
00:22:17  INFO      explainability.lime_explainer  LIME tabular explainer initialised | features=20
00:22:17  INFO      explainability.lime_explainer  LIME tabular explainer initialised | features=20
00:22:17  INFO      explainability.lime_explainer  LIME tabular explainer initialised | features=20
00:22:17  INFO      explainability.lime_explainer  LIME tabular explainer initialised | features=20
00:22:17  INFO      explainability.lime_explainer  LIME tabular explainer initialised | features=20
00:22:17  INFO      explainability.lime_explainer  LIME tabular explainer initialised | features=20
00:22:17  INFO      explainability.lime_explainer  LIME tabular explainer initialised | features=20
00:22:17  INFO      explainability.lime_explainer  LIME tabular explainer initialised | features=20
00:22:17  INFO      explainability.lime_explainer  LIME tabular explainer initialised | features=20
00:22:17  INFO      explainability.lime_explainer  LIME tabular explainer initialised | features=20
00:22:17  INFO      explainability.lime_explainer  LIME tabular explainer initialised | features=20
00:22:17  INFO      explainability.lime_explainer  LIME tabular explainer initialised | features=20
00:22:17  INFO      explainability.lime_explainer  LIME tabular explainer initialised | features=20
00:22:17  INFO      explainability.lime_explainer  LIME tabular explainer initialised | features=20
00:22:17  INFO      explainability.lime_explainer  LIME tabular explainer initialised | features=20
00:22:17  INFO      explainability.lime_explainer  LIME tabular explainer initialised | features=20
00:22:17  INFO      explainability.lime_explainer  LIME tabular explainer initialised | features=20
00:22:18  INFO      explainability.lime_explainer  LIME tabular explainer initialised | features=20
00:22:18  INFO      explainability.lime_explainer  LIME tabular explainer initialised | features=20
00:22:18  INFO      explainability.lime_explainer  LIME tabular explainer initialised | features=20
00:22:18  INFO      explainability.lime_explainer  LIME tabular explainer initialised | features=20
00:22:18  INFO      explainability.lime_explainer  LIME tabular explainer initialised | features=20
00:22:18  INFO      explainability.lime_explainer  LIME tabular explainer initialised | features=20
00:22:18  INFO      explainability.lime_explainer  LIME tabular explainer initialised | features=20
00:22:18  INFO      explainability.lime_explainer  LIME tabular explainer initialised | features=20
00:22:18  INFO      explainability.lime_explainer  LIME tabular explainer initialised | features=20
00:22:18  INFO      explainability.lime_explainer  LIME tabular explainer initialised | features=20
00:22:18  INFO      explainability.lime_explainer  LIME tabular explainer initialised | features=20
00:22:18  INFO      explainability.lime_explainer  LIME tabular explainer initialised | features=20
00:22:18  INFO      explainability.lime_explainer  LIME tabular explainer initialised | features=20
00:22:18  INFO      explainability.lime_explainer  LIME tabular explainer initialised | features=20
00:22:18  INFO      explainability.lime_explainer  LIME tabular explainer initialised | features=20
00:22:18  INFO      explainability.lime_explainer  LIME tabular explainer initialised | features=20
00:22:18  INFO      explainability.lime_explainer  LIME tabular explainer initialised | features=20
00:22:18  INFO      explainability.lime_explainer  LIME tabular explainer initialised | features=20
00:22:18  INFO      explainability.lime_explainer  LIME tabular explainer initialised | features=20
00:22:18  INFO      explainability.lime_explainer  LIME tabular explainer initialised | features=20
00:22:18  INFO      explainability.lime_explainer  LIME tabular explainer initialised | features=20
00:22:18  INFO      explainability.lime_explainer  LIME tabular explainer initialised | features=20
00:22:18  INFO      explainability.lime_explainer  LIME tabular explainer initialised | features=20
00:22:18  INFO      explainability.lime_explainer  LIME tabular explainer initialised | features=20
00:22:18  INFO      explainability.lime_explainer  LIME tabular explainer initialised | features=20
00:22:18  INFO      explainability.lime_explainer  LIME tabular explainer initialised | features=20
00:22:18  INFO      explainability.lime_explainer  LIME tabular explainer initialised | features=20
00:22:18  INFO      explainability.lime_explainer  LIME tabular explainer initialised | features=20
00:22:18  INFO      explainability.lime_explainer  LIME tabular explainer initialised | features=20
00:22:18  INFO      explainability.lime_explainer  LIME tabular explainer initialised | features=20
00:22:18  INFO      explainability.lime_explainer  LIME tabular explainer initialised | features=20
00:22:18  INFO      explainability.lime_explainer  LIME tabular explainer initialised | features=20
00:22:18  INFO      explainability.lime_explainer  LIME tabular explainer initialised | features=20
00:22:18  INFO      explainability.lime_explainer  LIME tabular explainer initialised | features=20
00:22:18  INFO      explainability.lime_explainer  LIME tabular explainer initialised | features=20
00:22:18  INFO      explainability.lime_explainer  LIME tabular explainer initialised | features=20
00:22:18  INFO      explainability.lime_explainer  LIME tabular explainer initialised | features=20
00:22:18  INFO      explainability.lime_explainer  LIME tabular explainer initialised | features=20
00:22:18  INFO      explainability.lime_explainer  LIME tabular explainer initialised | features=20
00:22:18  INFO      explainability.lime_explainer  LIME tabular explainer initialised | features=20
00:22:18  INFO      explainability.lime_explainer  LIME tabular explainer initialised | features=20
00:22:18  INFO      explainability.lime_explainer  LIME tabular explainer initialised | features=20
00:22:18  INFO      explainability.lime_explainer  LIME tabular explainer initialised | features=20
00:22:18  INFO      explainability.lime_explainer  LIME tabular explainer initialised | features=20
00:22:18  INFO      explainability.lime_explainer  LIME tabular explainer initialised | features=20
00:22:18  INFO      explainability.lime_explainer  LIME tabular explainer initialised | features=20
00:22:18  INFO      explainability.lime_explainer  LIME tabular explainer initialised | features=20
00:22:18  INFO      explainability.lime_explainer  LIME tabular explainer initialised | features=20
00:22:18  INFO      explainability.lime_explainer  LIME tabular explainer initialised | features=20
00:22:18  INFO      explainability.lime_explainer  LIME tabular explainer initialised | features=20
00:22:18  INFO      explainability.lime_explainer  LIME tabular explainer initialised | features=20
00:22:18  INFO      explainability.lime_explainer  LIME tabular explainer initialised | features=20
00:22:18  INFO      explainability.lime_explainer  LIME tabular explainer initialised | features=20
00:22:18  INFO      explainability.lime_explainer  LIME tabular explainer initialised | features=20
00:22:19  INFO      explainability.lime_explainer  LIME tabular explainer initialised | features=20
00:22:19  INFO      explainability.lime_explainer  LIME tabular explainer initialised | features=20
00:22:19  INFO      explainability.lime_explainer  LIME tabular explainer initialised | features=20
00:22:19  INFO      explainability.lime_explainer  LIME tabular explainer initialised | features=20
00:22:19  INFO      explainability.lime_explainer  LIME tabular explainer initialised | features=20
00:22:19  INFO      explainability.lime_explainer  LIME tabular explainer initialised | features=20
00:22:19  INFO      explainability.lime_explainer  LIME tabular explainer initialised | features=20
00:22:19  INFO      explainability.lime_explainer  LIME tabular explainer initialised | features=20
00:22:19  INFO      explainability.lime_explainer  LIME tabular explainer initialised | features=20
00:22:19  INFO      explainability.lime_explainer  LIME tabular explainer initialised | features=20
00:22:19  INFO      explainability.lime_explainer  LIME tabular explainer initialised | features=20
00:22:19  INFO      explainability.lime_explainer  LIME tabular explainer initialised | features=20
00:22:19  INFO      explainability.lime_explainer  LIME tabular explainer initialised | features=20
00:22:19  INFO      explainability.lime_explainer  LIME tabular explainer initialised | features=20
00:22:19  INFO      explainability.lime_explainer  LIME tabular explainer initialised | features=20
00:22:19  INFO      explainability.lime_explainer  LIME tabular explainer initialised | features=20
00:22:19  INFO      explainability.lime_explainer  LIME tabular explainer initialised | features=20
00:22:19  INFO      explainability.lime_explainer  LIME tabular explainer initialised | features=20
00:22:19  INFO      explainability.lime_explainer  LIME tabular explainer initialised | features=20
00:22:19  INFO      explainability.lime_explainer  LIME tabular explainer initialised | features=20
00:22:19  INFO      explainability.lime_explainer  LIME tabular explainer initialised | features=20
00:22:19  INFO      explainability.lime_explainer  LIME tabular explainer initialised | features=20
00:22:19  INFO      explainability.lime_explainer  LIME tabular explainer initialised | features=20
00:22:19  INFO      explainability.lime_explainer  LIME tabular explainer initialised | features=20
00:22:19  INFO      explainability.lime_explainer  LIME tabular explainer initialised | features=20
00:22:19  INFO      explainability.lime_explainer  LIME tabular explainer initialised | features=20
00:22:19  INFO      explainability.lime_explainer  LIME tabular explainer initialised | features=20
00:22:19  INFO      explainability.lime_explainer  LIME tabular explainer initialised | features=20
00:22:19  INFO      explainability.lime_explainer  LIME tabular explainer initialised | features=20
00:22:19  INFO      explainability.lime_explainer  LIME tabular explainer initialised | features=20
00:22:19  INFO      explainability.lime_explainer  LIME tabular explainer initialised | features=20
00:22:19  INFO      explainability.lime_explainer  LIME tabular explainer initialised | features=20
00:22:19  INFO      explainability.lime_explainer  LIME tabular explainer initialised | features=20
00:22:19  INFO      explainability.lime_explainer  LIME tabular explainer initialised | features=20
00:22:19  INFO      explainability.lime_explainer  LIME tabular explainer initialised | features=20
00:22:19  INFO      explainability.lime_explainer  LIME tabular explainer initialised | features=20
00:22:19  INFO      explainability.lime_explainer  LIME tabular explainer initialised | features=20
00:22:19  INFO      explainability.lime_explainer  LIME tabular explainer initialised | features=20
00:22:19  INFO      explainability.lime_explainer  LIME tabular explainer initialised | features=20
00:22:19  INFO      explainability.lime_explainer  LIME tabular explainer initialised | features=20
00:22:19  INFO      explainability.lime_explainer  LIME tabular explainer initialised | features=20
00:22:19  INFO      explainability.lime_explainer  LIME tabular explainer initialised | features=20
00:22:19  INFO      explainability.lime_explainer  LIME tabular explainer initialised | features=20
00:22:19  INFO      explainability.lime_explainer  LIME tabular explainer initialised | features=20
00:22:19  INFO      explainability.lime_explainer  LIME tabular explainer initialised | features=20
00:22:19  INFO      explainability.lime_explainer  LIME tabular explainer initialised | features=20
00:22:19  INFO      explainability.lime_explainer  LIME tabular explainer initialised | features=20
00:22:19  INFO      explainability.lime_explainer  LIME tabular explainer initialised | features=20
00:22:19  INFO      explainability.lime_explainer  LIME tabular explainer initialised | features=20
00:22:19  INFO      explainability.lime_explainer  LIME tabular explainer initialised | features=20
00:22:19  INFO      explainability.lime_explainer  LIME tabular explainer initialised | features=20
00:22:19  INFO      explainability.lime_explainer  LIME tabular explainer initialised | features=20
00:22:19  INFO      explainability.lime_explainer  LIME tabular explainer initialised | features=20
00:22:19  INFO      explainability.lime_explainer  LIME tabular explainer initialised | features=20
00:22:20  INFO      explainability.lime_explainer  LIME tabular explainer initialised | features=20
00:22:20  INFO      explainability.lime_explainer  LIME tabular explainer initialised | features=20
00:22:20  INFO      explainability.lime_explainer  LIME tabular explainer initialised | features=20
00:22:20  INFO      explainability.lime_explainer  LIME tabular explainer initialised | features=20
00:22:20  INFO      explainability.lime_explainer  LIME tabular explainer initialised | features=20
00:22:20  INFO      explainability.lime_explainer  LIME tabular explainer initialised | features=20
00:22:20  INFO      explainability.lime_explainer  LIME tabular explainer initialised | features=20
00:22:20  INFO      explainability.lime_explainer  LIME tabular explainer initialised | features=20
00:22:20  INFO      explainability.lime_explainer  LIME tabular explainer initialised | features=20
00:22:20  INFO      explainability.lime_explainer  LIME tabular explainer initialised | features=20
00:22:20  INFO      explainability.lime_explainer  LIME tabular explainer initialised | features=20
00:22:20  INFO      explainability.lime_explainer  LIME tabular explainer initialised | features=20
00:22:20  INFO      explainability.lime_explainer  LIME tabular explainer initialised | features=20
00:22:20  INFO      explainability.lime_explainer  LIME tabular explainer initialised | features=20
00:22:20  INFO      explainability.lime_explainer  LIME tabular explainer initialised | features=20
00:22:20  INFO      explainability.lime_explainer  LIME tabular explainer initialised | features=20
00:22:20  INFO      explainability.lime_explainer  LIME tabular explainer initialised | features=20
00:22:20  INFO      explainability.lime_explainer  LIME tabular explainer initialised | features=20
00:22:20  INFO      explainability.lime_explainer  LIME tabular explainer initialised | features=20
00:22:20  INFO      explainability.lime_explainer  LIME tabular explainer initialised | features=20
00:22:20  INFO      explainability.lime_explainer  LIME tabular explainer initialised | features=20
00:22:20  INFO      explainability.lime_explainer  LIME tabular explainer initialised | features=20
00:22:20  INFO      explainability.lime_explainer  LIME tabular explainer initialised | features=20
00:22:20  INFO      explainability.lime_explainer  LIME tabular explainer initialised | features=20
00:22:20  INFO      explainability.lime_explainer  LIME tabular explainer initialised | features=20
00:22:20  INFO      explainability.lime_explainer  LIME tabular explainer initialised | features=20
00:22:20  INFO      explainability.lime_explainer  LIME tabular explainer initialised | features=20
00:22:20  INFO      explainability.lime_explainer  LIME tabular explainer initialised | features=20
00:22:20  INFO      explainability.lime_explainer  LIME tabular explainer initialised | features=20
00:22:20  INFO      explainability.lime_explainer  LIME tabular explainer initialised | features=20
00:22:20  INFO      explainability.lime_explainer  LIME tabular explainer initialised | features=20
00:22:20  INFO      explainability.lime_explainer  LIME tabular explainer initialised | features=20
00:22:20  INFO      explainability.lime_explainer  LIME tabular explainer initialised | features=20
00:22:20  INFO      explainability.lime_explainer  LIME tabular explainer initialised | features=20
00:22:20  INFO      explainability.lime_explainer  LIME tabular explainer initialised | features=20
00:22:20  INFO      explainability.lime_explainer  LIME tabular explainer initialised | features=20
00:22:20  INFO      explainability.lime_explainer  LIME tabular explainer initialised | features=20
00:22:20  INFO      explainability.lime_explainer  LIME tabular explainer initialised | features=20
00:22:20  INFO      explainability.lime_explainer  LIME tabular explainer initialised | features=20
00:22:20  INFO      explainability.lime_explainer  LIME tabular explainer initialised | features=20
00:22:20  INFO      explainability.lime_explainer  LIME tabular explainer initialised | features=20
00:22:20  INFO      explainability.lime_explainer  LIME tabular explainer initialised | features=20
00:22:20  INFO      explainability.lime_explainer  LIME tabular explainer initialised | features=20
00:22:20  INFO      explainability.lime_explainer  LIME tabular explainer initialised | features=20
00:22:20  INFO      explainability.lime_explainer  LIME tabular explainer initialised | features=20
00:22:20  INFO      explainability.lime_explainer  LIME tabular explainer initialised | features=20
00:22:20  INFO      explainability.lime_explainer  LIME tabular explainer initialised | features=20
00:22:20  INFO      explainability.lime_explainer  LIME tabular explainer initialised | features=20
00:22:20  INFO      explainability.lime_explainer  LIME tabular explainer initialised | features=20
00:22:20  INFO      explainability.lime_explainer  LIME tabular explainer initialised | features=20
00:22:20  INFO      explainability.lime_explainer  LIME tabular explainer initialised | features=20
00:22:20  INFO      explainability.lime_explainer  LIME tabular explainer initialised | features=20
00:22:20  INFO      explainability.lime_explainer  LIME tabular explainer initialised | features=20
00:22:20  INFO      explainability.lime_explainer  LIME tabular explainer initialised | features=20
00:22:20  INFO      explainability.lime_explainer  LIME tabular explainer initialised | features=20
00:22:20  INFO      explainability.lime_explainer  LIME tabular explainer initialised | features=20
00:22:20  INFO      explainability.lime_explainer  LIME tabular explainer initialised | features=20
00:22:20  INFO      explainability.lime_explainer  LIME tabular explainer initialised | features=20
00:22:20  INFO      explainability.lime_explainer  LIME tabular explainer initialised | features=20
00:22:21  INFO      explainability.lime_explainer  LIME tabular explainer initialised | features=20
00:22:21  INFO      explainability.lime_explainer  LIME tabular explainer initialised | features=20
00:22:21  INFO      explainability.lime_explainer  LIME tabular explainer initialised | features=20
00:22:21  INFO      explainability.lime_explainer  LIME tabular explainer initialised | features=20
00:22:21  INFO      explainability.lime_explainer  LIME tabular explainer initialised | features=20
00:22:21  INFO      explainability.lime_explainer  LIME tabular explainer initialised | features=20
00:22:21  INFO      explainability.lime_explainer  LIME tabular explainer initialised | features=20
00:22:21  INFO      explainability.lime_explainer  LIME tabular explainer initialised | features=20
00:22:21  INFO      explainability.lime_explainer  LIME tabular explainer initialised | features=20
00:22:21  INFO      explainability.lime_explainer  LIME tabular explainer initialised | features=20
00:22:21  INFO      explainability.lime_explainer  LIME tabular explainer initialised | features=20
00:22:21  INFO      explainability.lime_explainer  LIME tabular explainer initialised | features=20
00:22:21  INFO      pipeline  LaTeX table → /Users/harekrishna/Downloads/discover_ai_credit_experiment_v2/results/outputs/south_german/runs/seed_999/results/table5_explanation_quality.tex
00:22:21  INFO      pipeline  SHAP–LIME agreement | mean ρ=0.354 ± 0.225
00:22:21  INFO      pipeline  LaTeX table → /Users/harekrishna/Downloads/discover_ai_credit_experiment_v2/results/outputs/south_german/runs/seed_999/results/table4_shap_lime_agreement.tex
00:22:25  INFO      models.gradient_boosting  LightGBM trained | best_iteration=117
00:22:25  INFO      models.gradient_boosting  LightGBM trained | best_iteration=54
00:22:25  INFO      models.gradient_boosting  LightGBM trained | best_iteration=90
00:22:26  INFO      models.gradient_boosting  LightGBM trained | best_iteration=88
00:22:26  INFO      models.gradient_boosting  LightGBM trained | best_iteration=73
00:22:52  INFO      pipeline  ============================================================
00:22:52  INFO      pipeline  SEED 999 COMPLETE
00:22:52  INFO      pipeline  Figures    -> /Users/harekrishna/Downloads/discover_ai_credit_experiment_v2/results/outputs/south_german/runs/seed_999/figures
00:22:52  INFO      pipeline  Results    -> /Users/harekrishna/Downloads/discover_ai_credit_experiment_v2/results/outputs/south_german/runs/seed_999/results
00:22:52  INFO      pipeline  Best model -> LightGBM (AUROC=0.7713)
00:22:52  INFO      pipeline  ============================================================
00:22:52  INFO      pipeline  YAML saved → /Users/harekrishna/Downloads/discover_ai_credit_experiment_v2/results/outputs/south_german/runs/summary/all_seed_best_params.yaml
00:22:52  INFO      pipeline  Multi-seed summary -> /Users/harekrishna/Downloads/discover_ai_credit_experiment_v2/results/outputs/south_german/runs/summary
00:22:52  INFO      pipeline  ALL RUNS COMPLETE | seeds=[42, 99, 123, 326, 456, 515, 689, 777, 872, 999]

epoch 8  | loss: 0.6863  | val_auc: 0.60667 |  0:00:01s
epoch 9  | loss: 0.68887 | val_auc: 0.64476 |  0:00:01s
epoch 10 | loss: 0.60858 | val_auc: 0.68143 |  0:00:01s
epoch 11 | loss: 0.57444 | val_auc: 0.67571 |  0:00:01s
epoch 12 | loss: 0.55573 | val_auc: 0.64333 |  0:00:01s
epoch 13 | loss: 0.5473  | val_auc: 0.65286 |  0:00:01s
epoch 14 | loss: 0.49245 | val_auc: 0.67714 |  0:00:01s
epoch 15 | loss: 0.48677 | val_auc: 0.69714 |  0:00:01s
epoch 16 | loss: 0.47515 | val_auc: 0.68143 |  0:00:01s
epoch 17 | loss: 0.47866 | val_auc: 0.68619 |  0:00:01s
epoch 18 | loss: 0.46401 | val_auc: 0.65619 |  0:00:01s
epoch 19 | loss: 0.42904 | val_auc: 0.6581  |  0:00:02s
epoch 20 | loss: 0.42696 | val_auc: 0.68857 |  0:00:02s
epoch 21 | loss: 0.43568 | val_auc: 0.70286 |  0:00:02s
epoch 22 | loss: 0.40599 | val_auc: 0.72619 |  0:00:02s
epoch 23 | loss: 0.41021 | val_auc: 0.7319  |  0:00:02s
epoch 24 | loss: 0.36808 | val_auc: 0.71429 |  0:00:02s
epoch 25 | loss: 0.39028 | val_auc: 0.73    |  0:00:02s
epoch 26 | loss: 0.38978 | val_auc: 0.72524 |  0:00:02s
epoch 27 | loss: 0.37276 | val_auc: 0.72952 |  0:00:03s
epoch 28 | loss: 0.37861 | val_auc: 0.72476 |  0:00:03s
epoch 29 | loss: 0.36521 | val_auc: 0.73667 |  0:00:03s
epoch 30 | loss: 0.35154 | val_auc: 0.75381 |  0:00:03s
epoch 31 | loss: 0.36124 | val_auc: 0.74619 |  0:00:03s
epoch 32 | loss: 0.31941 | val_auc: 0.73333 |  0:00:03s
epoch 33 | loss: 0.32444 | val_auc: 0.72952 |  0:00:03s
epoch 34 | loss: 0.31398 | val_auc: 0.73095 |  0:00:03s
epoch 35 | loss: 0.3139  | val_auc: 0.72381 |  0:00:03s
epoch 36 | loss: 0.31852 | val_auc: 0.72143 |  0:00:03s
epoch 37 | loss: 0.28549 | val_auc: 0.71857 |  0:00:04s
epoch 38 | loss: 0.30959 | val_auc: 0.72095 |  0:00:04s
epoch 39 | loss: 0.29354 | val_auc: 0.73048 |  0:00:04s
epoch 40 | loss: 0.28713 | val_auc: 0.73286 |  0:00:04s
epoch 41 | loss: 0.28579 | val_auc: 0.7219  |  0:00:04s
epoch 42 | loss: 0.27899 | val_auc: 0.72095 |  0:00:04s
epoch 43 | loss: 0.2801  | val_auc: 0.72143 |  0:00:04s
epoch 44 | loss: 0.26213 | val_auc: 0.72857 |  0:00:04s
epoch 45 | loss: 0.25018 | val_auc: 0.72857 |  0:00:04s

Early stopping occurred at epoch 45 with best_epoch = 30 and best_val_auc = 0.75381
