22:21:37  INFO      pipeline  ╔══════════════════════════════════════════════╗
22:21:37  INFO      pipeline  ║  Credit Default Prediction with XAI (v3)     ║
22:21:37  INFO      pipeline  ║  Dataset: uci                                ║
22:21:37  INFO      pipeline  ║  Run: seed_42                                ║
22:21:37  INFO      pipeline  ╚══════════════════════════════════════════════╝
22:21:37  INFO      pipeline  ============================================================
22:21:37  INFO      pipeline  STAGE 1: Data Loading, Labelling & Partitioning
22:21:37  INFO      pipeline  ============================================================
22:21:37  INFO      data.data_loader  Loading cached UCI dataset from /Users/harekrishna/Downloads/credit-default-xai-benchmark 2/data/uci_credit.csv
22:21:37  INFO      data.data_loader  Dataset loaded | uci | train=24000  test=6000 | default rate train=22.12% test=22.12% | 3 nominal, 28 continuous
22:21:37  INFO      pipeline  Imbalance stats (train): {"n_total": 24000, "n_majority": 18691, "n_minority": 5309, "imbalance_ratio": 3.5206, "minority_pct": 22.12}
22:21:37  INFO      visualization.plots  Fig 1 saved → /Users/harekrishna/Downloads/credit-default-xai-benchmark 2/results/outputs/uci/runs/seed_42/figures/fig01_class_distribution.pdf
22:21:37  INFO      pipeline  ============================================================
22:21:37  INFO      pipeline  STAGE 2: Imbalance Strategy Ablation (selected on OOF AUROC)
22:21:37  INFO      pipeline  ============================================================
22:22:00  INFO      pipeline  Ablation | SMOTE            | OOF AUROC=0.7684  test AUROC=0.7585
22:22:23  INFO      pipeline  Ablation | BorderlineSMOTE  | OOF AUROC=0.7692  test AUROC=0.7614
22:23:51  INFO      pipeline  Ablation | SVMSMOTE         | OOF AUROC=0.7739  test AUROC=0.7676
22:24:18  INFO      pipeline  Ablation | ADASYN           | OOF AUROC=0.7659  test AUROC=0.7602
22:24:27  INFO      pipeline  Ablation | None             | OOF AUROC=0.7853  test AUROC=0.7817
22:24:33  INFO      pipeline  Ablation | ClassWeight      | OOF AUROC=0.7809  test AUROC=0.7776
22:24:33  INFO      pipeline  Best imbalance strategy (OOF AUROC): None → 0.7853 [probe: LightGBM]
22:24:33  INFO      pipeline  ============================================================
22:24:33  INFO      pipeline  STAGE 3: Model Training (nested tuning, OOF predictions, refit)
22:24:33  INFO      pipeline  ============================================================
22:24:33  INFO      pipeline  Training XGBoost …
22:26:17  INFO      pipeline  XGBoost | per-model strategy=ClassWeight | OOF AUROC by strategy={'SMOTE': 0.768, 'BorderlineSMOTE': 0.7675, 'SVMSMOTE': 0.7728, 'ADASYN': 0.7655, 'None': 0.772, 'ClassWeight': 0.7795}
22:26:17  INFO      pipeline  RandomizedSearchCV | model=XGBoost strategy=ClassWeight n_iter=12
22:26:49  INFO      pipeline  Training LightGBM …
22:28:37  INFO      pipeline  LightGBM | per-model strategy=None | OOF AUROC by strategy={'SMOTE': 0.7684, 'BorderlineSMOTE': 0.7692, 'SVMSMOTE': 0.7739, 'ADASYN': 0.7659, 'None': 0.7853, 'ClassWeight': 0.7809}
22:28:37  INFO      pipeline  RandomizedSearchCV | model=LightGBM strategy=None n_iter=12
22:29:49  INFO      pipeline  Training CatBoost …
22:32:04  INFO      pipeline  CatBoost | per-model strategy=ClassWeight | OOF AUROC by strategy={'SMOTE': 0.7753, 'BorderlineSMOTE': 0.7758, 'SVMSMOTE': 0.7791, 'ADASYN': 0.7737, 'None': 0.7692, 'ClassWeight': 0.7865}
22:32:04  INFO      pipeline  RandomizedSearchCV | model=CatBoost strategy=ClassWeight n_iter=12
22:33:19  INFO      pipeline  Training Random Forest …
22:36:23  INFO      pipeline  Random Forest | per-model strategy=ClassWeight | OOF AUROC by strategy={'SMOTE': 0.7632, 'BorderlineSMOTE': 0.7624, 'SVMSMOTE': 0.7668, 'ADASYN': 0.761, 'None': 0.768, 'ClassWeight': 0.771}
22:36:23  INFO      pipeline  RandomizedSearchCV | model=Random Forest strategy=ClassWeight n_iter=12
22:45:55  INFO      pipeline  Training Logistic Reg. …
22:46:44  INFO      pipeline  Logistic Reg. | per-model strategy=ClassWeight | OOF AUROC by strategy={'SMOTE': 0.7626, 'BorderlineSMOTE': 0.7584, 'SVMSMOTE': 0.7655, 'ADASYN': 0.7595, 'None': 0.7685, 'ClassWeight': 0.7693}
22:46:44  INFO      pipeline  RandomizedSearchCV | model=Logistic Reg. strategy=ClassWeight n_iter=12
22:46:50  INFO      pipeline  Training TabNet …
22:46:56  INFO      models.tabnet_model  Apple MPS backend passed smoke test — using GPU acceleration.
22:46:56  INFO      models.tabnet_model  TabNet starting | device=mps  max_epochs=200  patience=15  batch_size=1024  n_train=19200
22:48:00  INFO      models.tabnet_model  TabNet trained | device=mps  best_epoch=26  elapsed=64.4s
22:48:00  INFO      models.tabnet_model  Apple MPS backend passed smoke test — using GPU acceleration.
22:48:00  INFO      models.tabnet_model  TabNet starting | device=mps  max_epochs=200  patience=15  batch_size=1024  n_train=19200
22:48:47  INFO      models.tabnet_model  TabNet trained | device=mps  best_epoch=14  elapsed=46.4s
22:48:47  INFO      models.tabnet_model  Apple MPS backend passed smoke test — using GPU acceleration.
22:48:47  INFO      models.tabnet_model  TabNet starting | device=mps  max_epochs=200  patience=15  batch_size=1024  n_train=19200
22:49:53  INFO      models.tabnet_model  TabNet trained | device=mps  best_epoch=28  elapsed=65.3s
22:49:53  INFO      models.tabnet_model  Apple MPS backend passed smoke test — using GPU acceleration.
22:49:53  INFO      models.tabnet_model  TabNet starting | device=mps  max_epochs=200  patience=15  batch_size=1024  n_train=19200
epoch 0  | loss: 0.6987  | val_auc: 0.68333 |  0:00:02s
epoch 1  | loss: 0.49844 | val_auc: 0.73916 |  0:00:03s
epoch 2  | loss: 0.45873 | val_auc: 0.74229 |  0:00:05s
epoch 3  | loss: 0.45064 | val_auc: 0.75427 |  0:00:06s
epoch 4  | loss: 0.44952 | val_auc: 0.76561 |  0:00:08s
epoch 5  | loss: 0.44543 | val_auc: 0.77362 |  0:00:09s
epoch 6  | loss: 0.44522 | val_auc: 0.76788 |  0:00:11s
epoch 7  | loss: 0.44332 | val_auc: 0.77553 |  0:00:12s
epoch 8  | loss: 0.43889 | val_auc: 0.77767 |  0:00:14s
epoch 9  | loss: 0.44015 | val_auc: 0.77885 |  0:00:15s
epoch 10 | loss: 0.43742 | val_auc: 0.77258 |  0:00:17s
epoch 11 | loss: 0.43496 | val_auc: 0.77261 |  0:00:18s
epoch 12 | loss: 0.43749 | val_auc: 0.77245 |  0:00:20s
epoch 13 | loss: 0.43437 | val_auc: 0.77847 |  0:00:21s
epoch 14 | loss: 0.4357  | val_auc: 0.77781 |  0:00:23s
epoch 15 | loss: 0.43271 | val_auc: 0.78034 |  0:00:24s
epoch 16 | loss: 0.43502 | val_auc: 0.77777 |  0:00:26s
epoch 17 | loss: 0.43576 | val_auc: 0.77464 |  0:00:27s
epoch 18 | loss: 0.43699 | val_auc: 0.77045 |  0:00:29s
epoch 19 | loss: 0.43329 | val_auc: 0.77214 |  0:00:30s
epoch 20 | loss: 0.43347 | val_auc: 0.77704 |  0:00:31s
epoch 21 | loss: 0.43061 | val_auc: 0.77837 |  0:00:33s
epoch 22 | loss: 0.42869 | val_auc: 0.77265 |  0:00:34s
epoch 23 | loss: 0.42924 | val_auc: 0.77635 |  0:00:36s
epoch 24 | loss: 0.43014 | val_auc: 0.77601 |  0:00:37s
epoch 25 | loss: 0.42857 | val_auc: 0.77292 |  0:00:39s
epoch 26 | loss: 0.42805 | val_auc: 0.78064 |  0:00:40s
epoch 27 | loss: 0.42803 | val_auc: 0.77499 |  0:00:42s
epoch 28 | loss: 0.43069 | val_auc: 0.77974 |  0:00:43s
epoch 29 | loss: 0.42999 | val_auc: 0.77064 |  0:00:45s
epoch 30 | loss: 0.43586 | val_auc: 0.7629  |  0:00:46s
epoch 31 | loss: 0.43327 | val_auc: 0.77143 |  0:00:47s
epoch 32 | loss: 0.43125 | val_auc: 0.76698 |  0:00:49s
epoch 33 | loss: 0.42964 | val_auc: 0.77093 |  0:00:50s
epoch 34 | loss: 0.42878 | val_auc: 0.77358 |  0:00:52s
epoch 35 | loss: 0.4278  | val_auc: 0.77034 |  0:00:53s
epoch 36 | loss: 0.43076 | val_auc: 0.77101 |  0:00:55s
epoch 37 | loss: 0.42996 | val_auc: 0.77462 |  0:00:56s
epoch 38 | loss: 0.43113 | val_auc: 0.77501 |  0:00:58s
epoch 39 | loss: 0.4297  | val_auc: 0.77294 |  0:00:59s
epoch 40 | loss: 0.4294  | val_auc: 0.77342 |  0:01:00s
epoch 41 | loss: 0.429   | val_auc: 0.77203 |  0:01:02s

Early stopping occurred at epoch 41 with best_epoch = 26 and best_val_auc = 0.78064
epoch 0  | loss: 0.67925 | val_auc: 0.7072  |  0:00:01s
epoch 1  | loss: 0.52136 | val_auc: 0.74554 |  0:00:03s
epoch 2  | loss: 0.46962 | val_auc: 0.75104 |  0:00:04s
epoch 3  | loss: 0.45314 | val_auc: 0.75958 |  0:00:06s
epoch 4  | loss: 0.45403 | val_auc: 0.77237 |  0:00:07s
epoch 5  | loss: 0.44556 | val_auc: 0.77036 |  0:00:09s
epoch 6  | loss: 0.4413  | val_auc: 0.77592 |  0:00:10s
epoch 7  | loss: 0.4441  | val_auc: 0.77007 |  0:00:12s
epoch 8  | loss: 0.43901 | val_auc: 0.77605 |  0:00:13s
epoch 9  | loss: 0.43877 | val_auc: 0.77957 |  0:00:14s
epoch 10 | loss: 0.43974 | val_auc: 0.77725 |  0:00:16s
epoch 11 | loss: 0.43855 | val_auc: 0.77353 |  0:00:17s
epoch 12 | loss: 0.44289 | val_auc: 0.77063 |  0:00:19s
epoch 13 | loss: 0.43828 | val_auc: 0.7734  |  0:00:20s
epoch 14 | loss: 0.43709 | val_auc: 0.78266 |  0:00:22s
epoch 15 | loss: 0.43663 | val_auc: 0.77798 |  0:00:23s
epoch 16 | loss: 0.43785 | val_auc: 0.7796  |  0:00:25s
epoch 17 | loss: 0.43639 | val_auc: 0.77367 |  0:00:27s
epoch 18 | loss: 0.43658 | val_auc: 0.77697 |  0:00:29s
epoch 19 | loss: 0.43786 | val_auc: 0.77705 |  0:00:30s
epoch 20 | loss: 0.43729 | val_auc: 0.77446 |  0:00:32s
epoch 21 | loss: 0.4374  | val_auc: 0.77819 |  0:00:33s
epoch 22 | loss: 0.4384  | val_auc: 0.77751 |  0:00:35s
epoch 23 | loss: 0.43558 | val_auc: 0.77808 |  0:00:36s
epoch 24 | loss: 0.43513 | val_auc: 0.77927 |  0:00:38s
epoch 25 | loss: 0.43508 | val_auc: 0.77942 |  0:00:39s
epoch 26 | loss: 0.43531 | val_auc: 0.77705 |  0:00:41s
epoch 27 | loss: 0.4352  | val_auc: 0.78162 |  0:00:42s
epoch 28 | loss: 0.43035 | val_auc: 0.78255 |  0:00:44s
epoch 29 | loss: 0.43173 | val_auc: 0.78054 |  0:00:45s

Early stopping occurred at epoch 29 with best_epoch = 14 and best_val_auc = 0.78266
epoch 0  | loss: 0.69639 | val_auc: 0.63063 |  0:00:01s
epoch 1  | loss: 0.51107 | val_auc: 0.73446 |  0:00:03s
epoch 2  | loss: 0.46165 | val_auc: 0.75614 |  0:00:04s
epoch 3  | loss: 0.44727 | val_auc: 0.76211 |  0:00:05s
epoch 4  | loss: 0.44763 | val_auc: 0.77561 |  0:00:07s
epoch 5  | loss: 0.4435  | val_auc: 0.77278 |  0:00:08s
epoch 6  | loss: 0.43693 | val_auc: 0.7695  |  0:00:10s
epoch 7  | loss: 0.43893 | val_auc: 0.77594 |  0:00:11s
epoch 8  | loss: 0.438   | val_auc: 0.77321 |  0:00:13s
epoch 9  | loss: 0.43425 | val_auc: 0.77229 |  0:00:14s
epoch 10 | loss: 0.43436 | val_auc: 0.76729 |  0:00:16s
epoch 11 | loss: 0.4326  | val_auc: 0.77415 |  0:00:17s
epoch 12 | loss: 0.43227 | val_auc: 0.7692  |  0:00:19s
epoch 13 | loss: 0.43131 | val_auc: 0.77197 |  0:00:20s
epoch 14 | loss: 0.42935 | val_auc: 0.77106 |  0:00:22s
epoch 15 | loss: 0.42968 | val_auc: 0.77114 |  0:00:23s
epoch 16 | loss: 0.43087 | val_auc: 0.77893 |  0:00:25s
epoch 17 | loss: 0.42898 | val_auc: 0.77865 |  0:00:26s
epoch 18 | loss: 0.42818 | val_auc: 0.77329 |  0:00:27s
epoch 19 | loss: 0.42599 | val_auc: 0.77426 |  0:00:29s
epoch 20 | loss: 0.42619 | val_auc: 0.77424 |  0:00:30s
epoch 21 | loss: 0.42759 | val_auc: 0.77664 |  0:00:32s
epoch 22 | loss: 0.42713 | val_auc: 0.77816 |  0:00:33s
epoch 23 | loss: 0.42645 | val_auc: 0.78008 |  0:00:35s
epoch 24 | loss: 0.4248  | val_auc: 0.78256 |  0:00:36s
epoch 25 | loss: 0.42391 | val_auc: 0.78042 |  0:00:38s
epoch 26 | loss: 0.42366 | val_auc: 0.7788  |  0:00:39s
epoch 27 | loss: 0.42237 | val_auc: 0.78208 |  0:00:40s
epoch 28 | loss: 0.42201 | val_auc: 0.78809 |  0:00:42s
epoch 29 | loss: 0.42091 | val_auc: 0.78001 |  0:00:43s
epoch 30 | loss: 0.41951 | val_auc: 0.77942 |  0:00:45s
epoch 31 | loss: 0.41872 | val_auc: 0.77445 |  0:00:46s
epoch 32 | loss: 0.41753 | val_auc: 0.7779  |  0:00:48s
epoch 33 | loss: 0.41826 | val_auc: 0.77928 |  0:00:49s
epoch 34 | loss: 0.41895 | val_auc: 0.78144 |  0:00:51s
epoch 35 | loss: 0.4191  | val_auc: 0.77824 |  0:00:52s
epoch 36 | loss: 0.41718 | val_auc: 0.77966 |  0:00:54s
epoch 37 | loss: 0.41538 | val_auc: 0.77797 |  0:00:55s
epoch 38 | loss: 0.41437 | val_auc: 0.77599 |  0:00:57s
epoch 39 | loss: 0.41574 | val_auc: 0.77842 |  0:00:58s
epoch 40 | loss: 0.41567 | val_auc: 0.77875 |  0:00:59s
epoch 41 | loss: 0.41494 | val_auc: 0.77896 |  0:01:01s
epoch 42 | loss: 0.41485 | val_auc: 0.77374 |  0:01:02s
epoch 43 | loss: 0.41829 | val_auc: 0.77665 |  0:01:04s

Early stopping occurred at epoch 43 with best_epoch = 28 and best_val_auc = 0.78809
epoch 0  | loss: 0.67753 | val_auc: 0.66456 |  0:00:01s
epoch 1  | loss: 0.52864 | val_auc: 0.71906 |  0:00:03s
epoch 2  | loss: 0.47963 | val_auc: 0.74081 |  0:00:04s
epoch 3  | loss: 0.45179 | val_auc: 0.75099 |  0:00:05s
epoch 4  | loss: 0.45046 | val_auc: 0.7514  |  0:00:07s
epoch 5  | loss: 0.44328 | val_auc: 0.75954 |  0:00:08s
epoch 6  | loss: 0.44057 | val_auc: 0.75818 |  0:00:10s
epoch 7  | loss: 0.43857 | val_auc: 0.7555  |  0:00:11s
epoch 8  | loss: 0.4379  | val_auc: 0.76499 |  0:00:13s
epoch 9  | loss: 0.43532 | val_auc: 0.75194 |  0:00:14s
epoch 10 | loss: 0.43555 | val_auc: 0.76055 |  0:00:15s
epoch 11 | loss: 0.43851 | val_auc: 0.76995 |  0:00:17s
epoch 12 | loss: 0.43664 | val_auc: 0.76877 |  0:00:18s
epoch 13 | loss: 0.43329 | val_auc: 0.7659  |  0:00:20s
epoch 14 | loss: 0.4326  | val_auc: 0.77183 |  0:00:21s
epoch 15 | loss: 0.43425 | val_auc: 0.77018 |  0:00:23s
epoch 16 | loss: 0.4339  | val_auc: 0.76522 |  0:00:24s
epoch 17 | loss: 0.43433 | val_auc: 0.75791 |  0:00:26s
epoch 18 | loss: 0.43559 | val_auc: 0.76079 |  0:00:27s
epoch 19 | loss: 0.43562 | val_auc: 0.7626  |  0:00:29s
epoch 20 | loss: 0.43309 | val_auc: 0.76606 |  0:00:30s
epoch 21 | loss: 0.43228 | val_auc: 0.76283 |  0:00:32s
epoch 22 | loss: 0.43217 | val_auc: 0.76238 |  0:00:33s
epoch 23 | loss: 0.43083 | val_auc: 0.76564 |  0:00:35s
epoch 24 | loss: 0.43069 | val_auc: 0.76606 |  0:00:36s
epoch 25 | loss: 0.43014 | val_auc: 0.7653  |  0:00:37s22:50:38  INFO      models.tabnet_model  TabNet trained | device=mps  best_epoch=14  elapsed=44.7s
22:50:38  INFO      models.tabnet_model  Apple MPS backend passed smoke test — using GPU acceleration.
22:50:38  INFO      models.tabnet_model  TabNet starting | device=mps  max_epochs=200  patience=15  batch_size=1024  n_train=19200
22:51:25  INFO      models.tabnet_model  TabNet trained | device=mps  best_epoch=14  elapsed=47.6s
22:51:26  INFO      models.tabnet_model  Apple MPS backend passed smoke test — using GPU acceleration.
22:51:26  INFO      models.tabnet_model  TabNet starting | device=mps  max_epochs=200  patience=15  batch_size=1024  n_train=24000
22:53:39  INFO      models.tabnet_model  TabNet trained | device=mps  best_epoch=54  elapsed=133.5s
22:53:39  INFO      models.tabnet_model  TabNet model saved to /Users/harekrishna/Downloads/credit-default-xai-benchmark 2/results/outputs/uci/runs/seed_42/models/tabnet.pkl
22:53:39  INFO      pipeline  ============================================================
22:53:39  INFO      pipeline  STAGE 4: Evaluation (selection on OOF; test scored once)
22:53:39  INFO      pipeline  ============================================================
22:53:40  INFO      pipeline  XGBoost | OOF AUROC=0.7859  f1*=0.5484 @ t=0.56 | test AUROC=0.7826  F1=0.5442  MCC=0.4078
22:53:40  INFO      pipeline  LightGBM | OOF AUROC=0.7873  f1*=0.5474 @ t=0.27 | test AUROC=0.7817  F1=0.5425  MCC=0.4012
22:53:40  INFO      pipeline  CatBoost | OOF AUROC=0.7875  f1*=0.5491 @ t=0.57 | test AUROC=0.7829  F1=0.5439  MCC=0.4069
22:53:40  INFO      pipeline  Random Forest | OOF AUROC=0.7837  f1*=0.5453 @ t=0.55 | test AUROC=0.7773  F1=0.5458  MCC=0.4094
22:53:41  INFO      pipeline  Logistic Reg. | OOF AUROC=0.7693  f1*=0.5381 @ t=0.59 | test AUROC=0.7580  F1=0.5244  MCC=0.3838
22:53:41  INFO      pipeline  TabNet | OOF AUROC=0.7731  f1*=0.5386 @ t=0.26 | test AUROC=0.7732  F1=0.5343  MCC=0.3935
22:53:41  INFO      pipeline  LaTeX table → /Users/harekrishna/Downloads/credit-default-xai-benchmark 2/results/outputs/uci/runs/seed_42/results/table2_test_metrics.tex
22:53:41  INFO      pipeline  
                AUROC   AUPRC      F1  Precision  Recall  Specificity  G-Mean     MCC   Brier
Model                                                                                        
XGBoost        0.7826  0.5586  0.5442     0.5203  0.5705       0.8506  0.6966  0.4078  0.1778
LightGBM       0.7817  0.5562  0.5425     0.5026  0.5893       0.8344  0.7012  0.4012  0.1345
CatBoost       0.7829  0.5629  0.5439     0.5184  0.5720       0.8491  0.6969  0.4069  0.1795
Random Forest  0.7773  0.5556  0.5458     0.5201  0.5742       0.8496  0.6985  0.4094  0.1803
Logistic Reg.  0.7580  0.5049  0.5244     0.5074  0.5426       0.8504  0.6793  0.3838  0.1902
TabNet         0.7732  0.5356  0.5343     0.5061  0.5659       0.8431  0.6908  0.3935  0.1366
22:53:41  INFO      visualization.plots  Fig 2 saved → /Users/harekrishna/Downloads/credit-default-xai-benchmark 2/results/outputs/uci/runs/seed_42/figures/fig02_roc_curves.pdf
22:53:41  INFO      visualization.plots  Fig 3 saved → /Users/harekrishna/Downloads/credit-default-xai-benchmark 2/results/outputs/uci/runs/seed_42/figures/fig03_pr_curves.pdf
22:53:42  INFO      visualization.plots  Fig 4 saved → /Users/harekrishna/Downloads/credit-default-xai-benchmark 2/results/outputs/uci/runs/seed_42/figures/fig04_confusion_catboost.pdf
23:07:08  INFO      pipeline  Skipping TabNet in Fig 10 ablation (pass --full-ablation to include).
23:07:09  INFO      visualization.plots  Fig 10 saved → /Users/harekrishna/Downloads/credit-default-xai-benchmark 2/results/outputs/uci/runs/seed_42/figures/fig10_smote_ablation.pdf
23:07:09  INFO      pipeline  ============================================================
23:07:09  INFO      pipeline  STAGE 5: SHAP Explanations
23:07:09  INFO      pipeline  ============================================================
23:07:11  INFO      explainability.shap_explainer  SHAP TreeExplainer initialised | output_space=log_odds
23:07:11  INFO      explainability.shap_explainer  SHAP values computed | shape=(2000, 31)
23:07:11  INFO      explainability.shap_explainer  SHAP additivity check | MAE=0.00000 | PASS ✓
23:07:12  INFO      explainability.shap_explainer  Saved SHAP summary → /Users/harekrishna/Downloads/credit-default-xai-benchmark 2/results/outputs/uci/runs/seed_42/figures/fig05a_shap_summary_CatBoost.pdf
23:07:12  INFO      explainability.shap_explainer  Saved SHAP bar → /Users/harekrishna/Downloads/credit-default-xai-benchmark 2/results/outputs/uci/runs/seed_42/figures/fig05b_shap_bar_CatBoost.pdf
23:07:12  INFO      explainability.shap_explainer  Saved SHAP dependence → /Users/harekrishna/Downloads/credit-default-xai-benchmark 2/results/outputs/uci/runs/seed_42/figures/fig06_shap_dep_PAY_0.pdf
23:07:12  INFO      pipeline  LaTeX table → /Users/harekrishna/Downloads/credit-default-xai-benchmark 2/results/outputs/uci/runs/seed_42/results/table3_shap_ranking.tex
23:07:12  INFO      visualization.plots  Fig 8 saved → /Users/harekrishna/Downloads/credit-default-xai-benchmark 2/results/outputs/uci/runs/seed_42/figures/fig08_importance_comparison.pdf
23:07:13  INFO      visualization.plots  Fig 9 saved → /Users/harekrishna/Downloads/credit-default-xai-benchmark 2/results/outputs/uci/runs/seed_42/figures/fig09_threshold_sweep.pdf
23:07:13  INFO      pipeline  ============================================================
23:07:13  INFO      pipeline  STAGE 6: LIME Explanations
23:07:13  INFO      pipeline  ============================================================
23:07:13  INFO      explainability.lime_explainer  LIME tabular explainer initialised | features=31
23:07:13  INFO      pipeline  Local instances selected: {'TP': 211, 'FP': 1502, 'FN': 4485, 'TN': 2449}
23:07:13  INFO      explainability.lime_explainer  Saved LIME explanation → /Users/harekrishna/Downloads/credit-default-xai-benchmark 2/results/outputs/uci/runs/seed_42/figures/fig07_tp_lime.pdf
23:07:13  INFO      explainability.lime_explainer  Saved LIME explanation → /Users/harekrishna/Downloads/credit-default-xai-benchmark 2/results/outputs/uci/runs/seed_42/figures/fig07_fp_lime.pdf
23:07:14  INFO      explainability.lime_explainer  Saved LIME explanation → /Users/harekrishna/Downloads/credit-default-xai-benchmark 2/results/outputs/uci/runs/seed_42/figures/fig07_fn_lime.pdf
23:07:14  INFO      explainability.lime_explainer  Saved LIME explanation → /Users/harekrishna/Downloads/credit-default-xai-benchmark 2/results/outputs/uci/runs/seed_42/figures/fig07_tn_lime.pdf
23:07:14  INFO      explainability.lime_explainer  Saved LIME multi-instance grid → /Users/harekrishna/Downloads/credit-default-xai-benchmark 2/results/outputs/uci/runs/seed_42/figures/fig07_lime_multi_instance.pdf
23:07:17  INFO      explainability.lime_explainer  LIME batch complete | n=200
23:07:17  INFO      explainability.lime_explainer  SHAP–LIME agreement | mean ρ=0.598 ± 0.191
23:07:17  INFO      explainability.lime_explainer  LIME tabular explainer initialised | features=31
23:07:17  INFO      explainability.lime_explainer  LIME tabular explainer initialised | features=31
23:07:17  INFO      explainability.lime_explainer  LIME tabular explainer initialised | features=31
23:07:17  INFO      explainability.lime_explainer  LIME tabular explainer initialised | features=31
23:07:17  INFO      explainability.lime_explainer  LIME tabular explainer initialised | features=31
23:07:18  INFO      explainability.lime_explainer  LIME tabular explainer initialised | features=31
23:07:18  INFO      explainability.lime_explainer  LIME tabular explainer initialised | features=31
23:07:18  INFO      explainability.lime_explainer  LIME tabular explainer initialised | features=31
23:07:18  INFO      explainability.lime_explainer  LIME tabular explainer initialised | features=31
23:07:18  INFO      explainability.lime_explainer  LIME tabular explainer initialised | features=31
23:07:18  INFO      explainability.lime_explainer  LIME tabular explainer initialised | features=31
23:07:18  INFO      explainability.lime_explainer  LIME tabular explainer initialised | features=31
23:07:19  INFO      explainability.lime_explainer  LIME tabular explainer initialised | features=31
23:07:19  INFO      explainability.lime_explainer  LIME tabular explainer initialised | features=31
23:07:19  INFO      explainability.lime_explainer  LIME tabular explainer initialised | features=31
23:07:19  INFO      explainability.lime_explainer  LIME tabular explainer initialised | features=31
23:07:19  INFO      explainability.lime_explainer  LIME tabular explainer initialised | features=31
23:07:19  INFO      explainability.lime_explainer  LIME tabular explainer initialised | features=31
23:07:19  INFO      explainability.lime_explainer  LIME tabular explainer initialised | features=31
23:07:19  INFO      explainability.lime_explainer  LIME tabular explainer initialised | features=31
23:07:20  INFO      explainability.lime_explainer  LIME tabular explainer initialised | features=31
23:07:20  INFO      explainability.lime_explainer  LIME tabular explainer initialised | features=31
23:07:20  INFO      explainability.lime_explainer  LIME tabular explainer initialised | features=31
23:07:20  INFO      explainability.lime_explainer  LIME tabular explainer initialised | features=31
23:07:20  INFO      explainability.lime_explainer  LIME tabular explainer initialised | features=31
23:07:20  INFO      explainability.lime_explainer  LIME tabular explainer initialised | features=31
23:07:20  INFO      explainability.lime_explainer  LIME tabular explainer initialised | features=31
23:07:21  INFO      explainability.lime_explainer  LIME tabular explainer initialised | features=31
23:07:21  INFO      explainability.lime_explainer  LIME tabular explainer initialised | features=31
23:07:21  INFO      explainability.lime_explainer  LIME tabular explainer initialised | features=31
23:07:21  INFO      explainability.lime_explainer  LIME tabular explainer initialised | features=31
23:07:21  INFO      explainability.lime_explainer  LIME tabular explainer initialised | features=31
23:07:21  INFO      explainability.lime_explainer  LIME tabular explainer initialised | features=31
23:07:21  INFO      explainability.lime_explainer  LIME tabular explainer initialised | features=31
23:07:22  INFO      explainability.lime_explainer  LIME tabular explainer initialised | features=31
23:07:22  INFO      explainability.lime_explainer  LIME tabular explainer initialised | features=31
23:07:22  INFO      explainability.lime_explainer  LIME tabular explainer initialised | features=31
23:07:22  INFO      explainability.lime_explainer  LIME tabular explainer initialised | features=31
23:07:22  INFO      explainability.lime_explainer  LIME tabular explainer initialised | features=31
23:07:22  INFO      explainability.lime_explainer  LIME tabular explainer initialised | features=31
23:07:22  INFO      explainability.lime_explainer  LIME tabular explainer initialised | features=31
23:07:22  INFO      explainability.lime_explainer  LIME tabular explainer initialised | features=31
23:07:23  INFO      explainability.lime_explainer  LIME tabular explainer initialised | features=31
23:07:23  INFO      explainability.lime_explainer  LIME tabular explainer initialised | features=31
23:07:23  INFO      explainability.lime_explainer  LIME tabular explainer initialised | features=31
23:07:23  INFO      explainability.lime_explainer  LIME tabular explainer initialised | features=31
23:07:23  INFO      explainability.lime_explainer  LIME tabular explainer initialised | features=31
23:07:23  INFO      explainability.lime_explainer  LIME tabular explainer initialised | features=31
23:07:23  INFO      explainability.lime_explainer  LIME tabular explainer initialised | features=31
23:07:24  INFO      explainability.lime_explainer  LIME tabular explainer initialised | features=31
23:07:24  INFO      explainability.lime_explainer  LIME tabular explainer initialised | features=31
23:07:24  INFO      explainability.lime_explainer  LIME tabular explainer initialised | features=31
23:07:24  INFO      explainability.lime_explainer  LIME tabular explainer initialised | features=31
23:07:24  INFO      explainability.lime_explainer  LIME tabular explainer initialised | features=31
23:07:24  INFO      explainability.lime_explainer  LIME tabular explainer initialised | features=31
23:07:24  INFO      explainability.lime_explainer  LIME tabular explainer initialised | features=31
23:07:24  INFO      explainability.lime_explainer  LIME tabular explainer initialised | features=31
23:07:25  INFO      explainability.lime_explainer  LIME tabular explainer initialised | features=31
23:07:25  INFO      explainability.lime_explainer  LIME tabular explainer initialised | features=31
23:07:25  INFO      explainability.lime_explainer  LIME tabular explainer initialised | features=31
23:07:25  INFO      explainability.lime_explainer  LIME tabular explainer initialised | features=31
23:07:25  INFO      explainability.lime_explainer  LIME tabular explainer initialised | features=31
23:07:25  INFO      explainability.lime_explainer  LIME tabular explainer initialised | features=31
23:07:25  INFO      explainability.lime_explainer  LIME tabular explainer initialised | features=31
23:07:26  INFO      explainability.lime_explainer  LIME tabular explainer initialised | features=31
23:07:26  INFO      explainability.lime_explainer  LIME tabular explainer initialised | features=31
23:07:26  INFO      explainability.lime_explainer  LIME tabular explainer initialised | features=31
23:07:26  INFO      explainability.lime_explainer  LIME tabular explainer initialised | features=31
23:07:26  INFO      explainability.lime_explainer  LIME tabular explainer initialised | features=31
23:07:26  INFO      explainability.lime_explainer  LIME tabular explainer initialised | features=31
23:07:26  INFO      explainability.lime_explainer  LIME tabular explainer initialised | features=31
23:07:27  INFO      explainability.lime_explainer  LIME tabular explainer initialised | features=31
23:07:27  INFO      explainability.lime_explainer  LIME tabular explainer initialised | features=31
23:07:27  INFO      explainability.lime_explainer  LIME tabular explainer initialised | features=31
23:07:27  INFO      explainability.lime_explainer  LIME tabular explainer initialised | features=31
23:07:27  INFO      explainability.lime_explainer  LIME tabular explainer initialised | features=31
23:07:27  INFO      explainability.lime_explainer  LIME tabular explainer initialised | features=31
23:07:27  INFO      explainability.lime_explainer  LIME tabular explainer initialised | features=31
23:07:28  INFO      explainability.lime_explainer  LIME tabular explainer initialised | features=31
23:07:28  INFO      explainability.lime_explainer  LIME tabular explainer initialised | features=31
23:07:28  INFO      explainability.lime_explainer  LIME tabular explainer initialised | features=31
23:07:28  INFO      explainability.lime_explainer  LIME tabular explainer initialised | features=31
23:07:28  INFO      explainability.lime_explainer  LIME tabular explainer initialised | features=31
23:07:28  INFO      explainability.lime_explainer  LIME tabular explainer initialised | features=31
23:07:28  INFO      explainability.lime_explainer  LIME tabular explainer initialised | features=31
23:07:29  INFO      explainability.lime_explainer  LIME tabular explainer initialised | features=31
23:07:29  INFO      explainability.lime_explainer  LIME tabular explainer initialised | features=31
23:07:29  INFO      explainability.lime_explainer  LIME tabular explainer initialised | features=31
23:07:29  INFO      explainability.lime_explainer  LIME tabular explainer initialised | features=31
23:07:29  INFO      explainability.lime_explainer  LIME tabular explainer initialised | features=31
23:07:29  INFO      explainability.lime_explainer  LIME tabular explainer initialised | features=31
23:07:29  INFO      explainability.lime_explainer  LIME tabular explainer initialised | features=31
23:07:30  INFO      explainability.lime_explainer  LIME tabular explainer initialised | features=31
23:07:30  INFO      explainability.lime_explainer  LIME tabular explainer initialised | features=31
23:07:30  INFO      explainability.lime_explainer  LIME tabular explainer initialised | features=31
23:07:30  INFO      explainability.lime_explainer  LIME tabular explainer initialised | features=31
23:07:30  INFO      explainability.lime_explainer  LIME tabular explainer initialised | features=31
23:07:30  INFO      explainability.lime_explainer  LIME tabular explainer initialised | features=31
23:07:30  INFO      explainability.lime_explainer  LIME tabular explainer initialised | features=31
23:07:30  INFO      explainability.lime_explainer  LIME tabular explainer initialised | features=31
23:07:31  INFO      explainability.lime_explainer  LIME tabular explainer initialised | features=31
23:07:31  INFO      explainability.lime_explainer  LIME tabular explainer initialised | features=31
23:07:31  INFO      explainability.lime_explainer  LIME tabular explainer initialised | features=31
23:07:31  INFO      explainability.lime_explainer  LIME tabular explainer initialised | features=31
23:07:31  INFO      explainability.lime_explainer  LIME tabular explainer initialised | features=31
23:07:31  INFO      explainability.lime_explainer  LIME tabular explainer initialised | features=31
23:07:31  INFO      explainability.lime_explainer  LIME tabular explainer initialised | features=31
23:07:32  INFO      explainability.lime_explainer  LIME tabular explainer initialised | features=31
23:07:32  INFO      explainability.lime_explainer  LIME tabular explainer initialised | features=31
23:07:32  INFO      explainability.lime_explainer  LIME tabular explainer initialised | features=31
23:07:32  INFO      explainability.lime_explainer  LIME tabular explainer initialised | features=31
23:07:32  INFO      explainability.lime_explainer  LIME tabular explainer initialised | features=31
23:07:32  INFO      explainability.lime_explainer  LIME tabular explainer initialised | features=31
23:07:32  INFO      explainability.lime_explainer  LIME tabular explainer initialised | features=31
23:07:32  INFO      explainability.lime_explainer  LIME tabular explainer initialised | features=31
23:07:33  INFO      explainability.lime_explainer  LIME tabular explainer initialised | features=31
23:07:33  INFO      explainability.lime_explainer  LIME tabular explainer initialised | features=31
23:07:33  INFO      explainability.lime_explainer  LIME tabular explainer initialised | features=31
23:07:33  INFO      explainability.lime_explainer  LIME tabular explainer initialised | features=31
23:07:33  INFO      explainability.lime_explainer  LIME tabular explainer initialised | features=31
23:07:33  INFO      explainability.lime_explainer  LIME tabular explainer initialised | features=31
23:07:33  INFO      explainability.lime_explainer  LIME tabular explainer initialised | features=31
23:07:34  INFO      explainability.lime_explainer  LIME tabular explainer initialised | features=31
23:07:34  INFO      explainability.lime_explainer  LIME tabular explainer initialised | features=31
23:07:34  INFO      explainability.lime_explainer  LIME tabular explainer initialised | features=31
23:07:34  INFO      explainability.lime_explainer  LIME tabular explainer initialised | features=31
23:07:34  INFO      explainability.lime_explainer  LIME tabular explainer initialised | features=31
23:07:34  INFO      explainability.lime_explainer  LIME tabular explainer initialised | features=31
23:07:34  INFO      explainability.lime_explainer  LIME tabular explainer initialised | features=31
23:07:35  INFO      explainability.lime_explainer  LIME tabular explainer initialised | features=31
23:07:35  INFO      explainability.lime_explainer  LIME tabular explainer initialised | features=31
23:07:35  INFO      explainability.lime_explainer  LIME tabular explainer initialised | features=31
23:07:35  INFO      explainability.lime_explainer  LIME tabular explainer initialised | features=31
23:07:35  INFO      explainability.lime_explainer  LIME tabular explainer initialised | features=31
23:07:35  INFO      explainability.lime_explainer  LIME tabular explainer initialised | features=31
23:07:35  INFO      explainability.lime_explainer  LIME tabular explainer initialised | features=31
23:07:35  INFO      explainability.lime_explainer  LIME tabular explainer initialised | features=31
23:07:36  INFO      explainability.lime_explainer  LIME tabular explainer initialised | features=31
23:07:36  INFO      explainability.lime_explainer  LIME tabular explainer initialised | features=31
23:07:36  INFO      explainability.lime_explainer  LIME tabular explainer initialised | features=31
23:07:36  INFO      explainability.lime_explainer  LIME tabular explainer initialised | features=31
23:07:36  INFO      explainability.lime_explainer  LIME tabular explainer initialised | features=31
23:07:36  INFO      explainability.lime_explainer  LIME tabular explainer initialised | features=31
23:07:37  INFO      explainability.lime_explainer  LIME tabular explainer initialised | features=31
23:07:37  INFO      explainability.lime_explainer  LIME tabular explainer initialised | features=31
23:07:37  INFO      explainability.lime_explainer  LIME tabular explainer initialised | features=31
23:07:37  INFO      explainability.lime_explainer  LIME tabular explainer initialised | features=31
23:07:37  INFO      explainability.lime_explainer  LIME tabular explainer initialised | features=31
23:07:37  INFO      explainability.lime_explainer  LIME tabular explainer initialised | features=31
23:07:37  INFO      explainability.lime_explainer  LIME tabular explainer initialised | features=31
23:07:37  INFO      explainability.lime_explainer  LIME tabular explainer initialised | features=31
23:07:38  INFO      explainability.lime_explainer  LIME tabular explainer initialised | features=31
23:07:38  INFO      explainability.lime_explainer  LIME tabular explainer initialised | features=31
23:07:38  INFO      explainability.lime_explainer  LIME tabular explainer initialised | features=31
23:07:38  INFO      explainability.lime_explainer  LIME tabular explainer initialised | features=31
23:07:38  INFO      explainability.lime_explainer  LIME tabular explainer initialised | features=31
23:07:38  INFO      explainability.lime_explainer  LIME tabular explainer initialised | features=31
23:07:38  INFO      explainability.lime_explainer  LIME tabular explainer initialised | features=31
23:07:39  INFO      explainability.lime_explainer  LIME tabular explainer initialised | features=31
23:07:39  INFO      explainability.lime_explainer  LIME tabular explainer initialised | features=31
23:07:39  INFO      explainability.lime_explainer  LIME tabular explainer initialised | features=31
23:07:39  INFO      explainability.lime_explainer  LIME tabular explainer initialised | features=31
23:07:39  INFO      explainability.lime_explainer  LIME tabular explainer initialised | features=31
23:07:39  INFO      explainability.lime_explainer  LIME tabular explainer initialised | features=31
23:07:39  INFO      explainability.lime_explainer  LIME tabular explainer initialised | features=31
23:07:39  INFO      explainability.lime_explainer  LIME tabular explainer initialised | features=31
23:07:40  INFO      explainability.lime_explainer  LIME tabular explainer initialised | features=31
23:07:40  INFO      explainability.lime_explainer  LIME tabular explainer initialised | features=31
23:07:40  INFO      explainability.lime_explainer  LIME tabular explainer initialised | features=31
23:07:40  INFO      explainability.lime_explainer  LIME tabular explainer initialised | features=31
23:07:40  INFO      explainability.lime_explainer  LIME tabular explainer initialised | features=31
23:07:40  INFO      explainability.lime_explainer  LIME tabular explainer initialised | features=31
23:07:40  INFO      explainability.lime_explainer  LIME tabular explainer initialised | features=31
23:07:41  INFO      explainability.lime_explainer  LIME tabular explainer initialised | features=31
23:07:41  INFO      explainability.lime_explainer  LIME tabular explainer initialised | features=31
23:07:41  INFO      explainability.lime_explainer  LIME tabular explainer initialised | features=31
23:07:41  INFO      explainability.lime_explainer  LIME tabular explainer initialised | features=31
23:07:41  INFO      explainability.lime_explainer  LIME tabular explainer initialised | features=31
23:07:41  INFO      explainability.lime_explainer  LIME tabular explainer initialised | features=31
23:07:41  INFO      explainability.lime_explainer  LIME tabular explainer initialised | features=31
23:07:42  INFO      explainability.lime_explainer  LIME tabular explainer initialised | features=31
23:07:42  INFO      explainability.lime_explainer  LIME tabular explainer initialised | features=31
23:07:42  INFO      explainability.lime_explainer  LIME tabular explainer initialised | features=31
23:07:42  INFO      explainability.lime_explainer  LIME tabular explainer initialised | features=31
23:07:42  INFO      explainability.lime_explainer  LIME tabular explainer initialised | features=31
23:07:42  INFO      explainability.lime_explainer  LIME tabular explainer initialised | features=31
23:07:42  INFO      explainability.lime_explainer  LIME tabular explainer initialised | features=31
23:07:42  INFO      explainability.lime_explainer  LIME tabular explainer initialised | features=31
23:07:43  INFO      explainability.lime_explainer  LIME tabular explainer initialised | features=31
23:07:43  INFO      explainability.lime_explainer  LIME tabular explainer initialised | features=31
23:07:43  INFO      explainability.lime_explainer  LIME tabular explainer initialised | features=31
23:07:43  INFO      explainability.lime_explainer  LIME tabular explainer initialised | features=31
23:07:43  INFO      explainability.lime_explainer  LIME tabular explainer initialised | features=31
23:07:43  INFO      explainability.lime_explainer  LIME tabular explainer initialised | features=31
23:07:43  INFO      explainability.lime_explainer  LIME tabular explainer initialised | features=31
23:07:44  INFO      explainability.lime_explainer  LIME tabular explainer initialised | features=31
23:07:44  INFO      explainability.lime_explainer  LIME tabular explainer initialised | features=31
23:07:44  INFO      explainability.lime_explainer  LIME tabular explainer initialised | features=31
23:07:44  INFO      explainability.lime_explainer  LIME tabular explainer initialised | features=31
23:07:44  INFO      explainability.lime_explainer  LIME tabular explainer initialised | features=31
23:07:44  INFO      explainability.lime_explainer  LIME tabular explainer initialised | features=31
23:07:44  INFO      explainability.lime_explainer  LIME tabular explainer initialised | features=31
23:07:44  INFO      explainability.lime_explainer  LIME tabular explainer initialised | features=31
23:07:45  INFO      explainability.lime_explainer  LIME tabular explainer initialised | features=31
23:07:45  INFO      explainability.lime_explainer  LIME tabular explainer initialised | features=31
23:07:45  INFO      explainability.lime_explainer  LIME tabular explainer initialised | features=31
23:07:45  INFO      explainability.lime_explainer  LIME tabular explainer initialised | features=31
23:07:45  INFO      explainability.lime_explainer  LIME tabular explainer initialised | features=31
23:07:45  INFO      explainability.lime_explainer  LIME tabular explainer initialised | features=31
23:07:45  INFO      explainability.lime_explainer  LIME tabular explainer initialised | features=31
23:07:46  INFO      explainability.lime_explainer  LIME tabular explainer initialised | features=31
23:07:46  INFO      explainability.lime_explainer  LIME tabular explainer initialised | features=31
23:07:46  INFO      explainability.lime_explainer  LIME tabular explainer initialised | features=31
23:07:46  INFO      explainability.lime_explainer  LIME tabular explainer initialised | features=31
23:07:46  INFO      explainability.lime_explainer  LIME tabular explainer initialised | features=31
23:07:46  INFO      explainability.lime_explainer  LIME tabular explainer initialised | features=31
23:07:46  INFO      explainability.lime_explainer  LIME tabular explainer initialised | features=31
23:07:47  INFO      explainability.lime_explainer  LIME tabular explainer initialised | features=31
23:07:47  INFO      explainability.lime_explainer  LIME tabular explainer initialised | features=31
23:07:47  INFO      explainability.lime_explainer  LIME tabular explainer initialised | features=31
23:07:47  INFO      explainability.lime_explainer  LIME tabular explainer initialised | features=31
23:07:47  INFO      explainability.lime_explainer  LIME tabular explainer initialised | features=31
23:07:47  INFO      explainability.lime_explainer  LIME tabular explainer initialised | features=31
23:07:47  INFO      explainability.lime_explainer  LIME tabular explainer initialised | features=31
23:07:48  INFO      explainability.lime_explainer  LIME tabular explainer initialised | features=31
23:07:48  INFO      explainability.lime_explainer  LIME tabular explainer initialised | features=31
23:07:48  INFO      explainability.lime_explainer  LIME tabular explainer initialised | features=31
23:07:48  INFO      explainability.lime_explainer  LIME tabular explainer initialised | features=31
23:07:48  INFO      explainability.lime_explainer  LIME tabular explainer initialised | features=31
23:07:48  INFO      explainability.lime_explainer  LIME tabular explainer initialised | features=31
23:07:48  INFO      explainability.lime_explainer  LIME tabular explainer initialised | features=31
23:07:48  INFO      explainability.lime_explainer  LIME tabular explainer initialised | features=31
23:07:49  INFO      explainability.lime_explainer  LIME tabular explainer initialised | features=31
23:07:49  INFO      explainability.lime_explainer  LIME tabular explainer initialised | features=31
23:07:49  INFO      explainability.lime_explainer  LIME tabular explainer initialised | features=31
23:07:49  INFO      explainability.lime_explainer  LIME tabular explainer initialised | features=31
23:07:49  INFO      explainability.lime_explainer  LIME tabular explainer initialised | features=31
23:07:49  INFO      explainability.lime_explainer  LIME tabular explainer initialised | features=31
23:07:49  INFO      explainability.lime_explainer  LIME tabular explainer initialised | features=31
23:07:50  INFO      explainability.lime_explainer  LIME tabular explainer initialised | features=31
23:07:50  INFO      explainability.lime_explainer  LIME tabular explainer initialised | features=31
23:07:50  INFO      explainability.lime_explainer  LIME tabular explainer initialised | features=31
23:07:50  INFO      explainability.lime_explainer  LIME tabular explainer initialised | features=31
23:07:50  INFO      explainability.lime_explainer  LIME tabular explainer initialised | features=31
23:07:50  INFO      explainability.lime_explainer  LIME tabular explainer initialised | features=31
23:07:50  INFO      explainability.lime_explainer  LIME tabular explainer initialised | features=31
23:07:50  INFO      explainability.lime_explainer  LIME tabular explainer initialised | features=31
23:07:51  INFO      explainability.lime_explainer  LIME tabular explainer initialised | features=31
23:07:51  INFO      explainability.lime_explainer  LIME tabular explainer initialised | features=31
23:07:51  INFO      explainability.lime_explainer  LIME tabular explainer initialised | features=31
23:07:51  INFO      explainability.lime_explainer  LIME tabular explainer initialised | features=31
23:07:51  INFO      explainability.lime_explainer  LIME tabular explainer initialised | features=31
23:07:51  INFO      explainability.lime_explainer  LIME tabular explainer initialised | features=31
23:07:51  INFO      explainability.lime_explainer  LIME tabular explainer initialised | features=31
23:07:52  INFO      explainability.lime_explainer  LIME tabular explainer initialised | features=31
23:07:52  INFO      explainability.lime_explainer  LIME tabular explainer initialised | features=31
23:07:52  INFO      explainability.lime_explainer  LIME tabular explainer initialised | features=31
23:07:52  INFO      explainability.lime_explainer  LIME tabular explainer initialised | features=31
23:07:52  INFO      explainability.lime_explainer  LIME tabular explainer initialised | features=31
23:07:52  INFO      explainability.lime_explainer  LIME tabular explainer initialised | features=31
23:07:52  INFO      explainability.lime_explainer  LIME tabular explainer initialised | features=31
23:07:52  INFO      explainability.lime_explainer  LIME tabular explainer initialised | features=31
23:07:53  INFO      explainability.lime_explainer  LIME tabular explainer initialised | features=31
23:07:53  INFO      explainability.lime_explainer  LIME tabular explainer initialised | features=31
23:07:53  INFO      explainability.lime_explainer  LIME tabular explainer initialised | features=31
23:07:53  INFO      explainability.lime_explainer  LIME tabular explainer initialised | features=31
23:07:53  INFO      explainability.lime_explainer  LIME tabular explainer initialised | features=31
23:07:53  INFO      explainability.lime_explainer  LIME tabular explainer initialised | features=31
23:07:53  INFO      explainability.lime_explainer  LIME tabular explainer initialised | features=31
23:07:54  INFO      explainability.lime_explainer  LIME tabular explainer initialised | features=31
23:07:54  INFO      explainability.lime_explainer  LIME tabular explainer initialised | features=31
23:07:54  INFO      explainability.lime_explainer  LIME tabular explainer initialised | features=31
23:07:54  INFO      explainability.lime_explainer  LIME tabular explainer initialised | features=31
23:07:54  INFO      explainability.lime_explainer  LIME tabular explainer initialised | features=31
23:07:54  INFO      explainability.lime_explainer  LIME tabular explainer initialised | features=31
23:07:54  INFO      explainability.lime_explainer  LIME tabular explainer initialised | features=31
23:07:55  INFO      explainability.lime_explainer  LIME tabular explainer initialised | features=31
23:07:55  INFO      explainability.lime_explainer  LIME tabular explainer initialised | features=31
23:07:55  INFO      explainability.lime_explainer  LIME tabular explainer initialised | features=31
23:07:55  INFO      explainability.lime_explainer  LIME tabular explainer initialised | features=31
23:07:55  INFO      explainability.lime_explainer  LIME tabular explainer initialised | features=31
23:07:55  INFO      explainability.lime_explainer  LIME tabular explainer initialised | features=31
23:07:55  INFO      explainability.lime_explainer  LIME tabular explainer initialised | features=31
23:07:55  INFO      explainability.lime_explainer  LIME tabular explainer initialised | features=31
23:07:56  INFO      explainability.lime_explainer  LIME tabular explainer initialised | features=31
23:07:56  INFO      explainability.lime_explainer  LIME tabular explainer initialised | features=31
23:07:56  INFO      explainability.lime_explainer  LIME tabular explainer initialised | features=31
23:07:56  INFO      explainability.lime_explainer  LIME tabular explainer initialised | features=31
23:07:56  INFO      explainability.lime_explainer  LIME tabular explainer initialised | features=31
23:07:56  INFO      explainability.lime_explainer  LIME tabular explainer initialised | features=31
23:07:56  INFO      explainability.lime_explainer  LIME tabular explainer initialised | features=31
23:07:57  INFO      explainability.lime_explainer  LIME tabular explainer initialised | features=31
23:07:57  INFO      explainability.lime_explainer  LIME tabular explainer initialised | features=31
23:07:57  INFO      explainability.lime_explainer  LIME tabular explainer initialised | features=31
23:07:57  INFO      explainability.lime_explainer  LIME tabular explainer initialised | features=31
23:07:57  INFO      explainability.lime_explainer  LIME tabular explainer initialised | features=31
23:07:57  INFO      explainability.lime_explainer  LIME tabular explainer initialised | features=31
23:07:57  INFO      explainability.lime_explainer  LIME tabular explainer initialised | features=31
23:07:57  INFO      explainability.lime_explainer  LIME tabular explainer initialised | features=31
23:07:58  INFO      explainability.lime_explainer  LIME tabular explainer initialised | features=31
23:07:58  INFO      pipeline  LaTeX table → /Users/harekrishna/Downloads/credit-default-xai-benchmark 2/results/outputs/uci/runs/seed_42/results/table5_explanation_quality.tex
23:07:58  INFO      pipeline  LaTeX table → /Users/harekrishna/Downloads/credit-default-xai-benchmark 2/results/outputs/uci/runs/seed_42/results/table4_shap_lime_agreement.tex
23:07:58  INFO      pipeline  ============================================================
23:07:58  INFO      pipeline  STAGE 7: Revision Analyses
23:07:58  INFO      pipeline  ============================================================
23:11:05  INFO      data.data_loader  Loading cached UCI dataset from /Users/harekrishna/Downloads/credit-default-xai-benchmark 2/data/uci_credit.csv
23:11:05  INFO      data.data_loader  Dataset loaded | uci | train=24000  test=6000 | default rate train=22.12% test=22.12% | 3 nominal, 20 continuous
23:12:01  INFO      pipeline  RUN seed_42 COMPLETE | champion CatBoost | OOF AUROC 0.7875 | test AUROC 0.7829
23:12:01  INFO      pipeline  ╔══════════════════════════════════════════════╗
23:12:01  INFO      pipeline  ║  Credit Default Prediction with XAI (v3)     ║
23:12:01  INFO      pipeline  ║  Dataset: uci                                ║
23:12:01  INFO      pipeline  ║  Run: seed_99                                ║
23:12:01  INFO      pipeline  ╚══════════════════════════════════════════════╝
23:12:01  INFO      pipeline  ============================================================
23:12:01  INFO      pipeline  STAGE 1: Data Loading, Labelling & Partitioning
23:12:01  INFO      pipeline  ============================================================
23:12:01  INFO      data.data_loader  Loading cached UCI dataset from /Users/harekrishna/Downloads/credit-default-xai-benchmark 2/data/uci_credit.csv
23:12:02  INFO      data.data_loader  Dataset loaded | uci | train=24000  test=6000 | default rate train=22.12% test=22.12% | 3 nominal, 28 continuous
23:12:02  INFO      pipeline  Imbalance stats (train): {"n_total": 24000, "n_majority": 18691, "n_minority": 5309, "imbalance_ratio": 3.5206, "minority_pct": 22.12}
23:12:02  INFO      visualization.plots  Fig 1 saved → /Users/harekrishna/Downloads/credit-default-xai-benchmark 2/results/outputs/uci/runs/seed_99/figures/fig01_class_distribution.pdf
23:12:02  INFO      pipeline  ============================================================
23:12:02  INFO      pipeline  STAGE 2: Imbalance Strategy Ablation (selected on OOF AUROC)
23:12:02  INFO      pipeline  ============================================================
23:12:22  INFO      pipeline  Ablation | SMOTE            | OOF AUROC=0.7623  test AUROC=0.7753
23:12:44  INFO      pipeline  Ablation | BorderlineSMOTE  | OOF AUROC=0.7625  test AUROC=0.7752
23:13:50  INFO      pipeline  Ablation | SVMSMOTE         | OOF AUROC=0.7710  test AUROC=0.7813
23:14:10  INFO      pipeline  Ablation | ADASYN           | OOF AUROC=0.7615  test AUROC=0.7698
23:14:15  INFO      pipeline  Ablation | None             | OOF AUROC=0.7811  test AUROC=0.7895
23:14:18  INFO      pipeline  Ablation | ClassWeight      | OOF AUROC=0.7761  test AUROC=0.7878
23:14:18  INFO      pipeline  Best imbalance strategy (OOF AUROC): None → 0.7811 [probe: LightGBM]
23:14:18  INFO      pipeline  ============================================================
23:14:18  INFO      pipeline  STAGE 3: Model Training (nested tuning, OOF predictions, refit)
23:14:18  INFO      pipeline  ============================================================
23:14:18  INFO      pipeline  Training XGBoost …
23:15:46  INFO      pipeline  XGBoost | per-model strategy=None | OOF AUROC by strategy={'SMOTE': 0.7622, 'BorderlineSMOTE': 0.7603, 'SVMSMOTE': 0.7706, 'ADASYN': 0.7604, 'None': 0.7772, 'ClassWeight': 0.7715}
23:15:46  INFO      pipeline  RandomizedSearchCV | model=XGBoost strategy=None n_iter=12
23:16:14  INFO      pipeline  Training LightGBM …
23:18:01  INFO      pipeline  LightGBM | per-model strategy=None | OOF AUROC by strategy={'SMOTE': 0.7623, 'BorderlineSMOTE': 0.7625, 'SVMSMOTE': 0.771, 'ADASYN': 0.7615, 'None': 0.7811, 'ClassWeight': 0.7761}
23:18:01  INFO      pipeline  RandomizedSearchCV | model=LightGBM strategy=None n_iter=12
23:19:01  INFO      pipeline  Training CatBoost …
23:21:08  INFO      pipeline  CatBoost | per-model strategy=None | OOF AUROC by strategy={'SMOTE': 0.7715, 'BorderlineSMOTE': 0.7696, 'SVMSMOTE': 0.7771, 'ADASYN': 0.7698, 'None': 0.784, 'ClassWeight': 0.7832}
23:21:08  INFO      pipeline  RandomizedSearchCV | model=CatBoost strategy=None n_iter=12
23:22:05  INFO      pipeline  Training Random Forest …
23:25:06  INFO      pipeline  Random Forest | per-model strategy=ClassWeight | OOF AUROC by strategy={'SMOTE': 0.7558, 'BorderlineSMOTE': 0.7545, 'SVMSMOTE': 0.7619, 'ADASYN': 0.7509, 'None': 0.7623, 'ClassWeight': 0.7651}
23:25:06  INFO      pipeline  RandomizedSearchCV | model=Random Forest strategy=ClassWeight n_iter=12
23:30:36  INFO      pipeline  Training Logistic Reg. …
23:31:27  INFO      pipeline  Logistic Reg. | per-model strategy=ClassWeight | OOF AUROC by strategy={'SMOTE': 0.7572, 'BorderlineSMOTE': 0.7529, 'SVMSMOTE': 0.7605, 'ADASYN': 0.7534, 'None': 0.7643, 'ClassWeight': 0.7654}
23:31:27  INFO      pipeline  RandomizedSearchCV | model=Logistic Reg. strategy=ClassWeight n_iter=12
23:31:32  INFO      pipeline  Training TabNet …
23:31:32  INFO      models.tabnet_model  Apple MPS backend passed smoke test — using GPU acceleration.
23:31:32  INFO      models.tabnet_model  TabNet starting | device=mps  max_epochs=200  patience=15  batch_size=1024  n_train=19200

epoch 26 | loss: 0.43034 | val_auc: 0.76518 |  0:00:39s
epoch 27 | loss: 0.4301  | val_auc: 0.765   |  0:00:40s
epoch 28 | loss: 0.43008 | val_auc: 0.76524 |  0:00:42s
epoch 29 | loss: 0.43003 | val_auc: 0.76562 |  0:00:43s

Early stopping occurred at epoch 29 with best_epoch = 14 and best_val_auc = 0.77183
epoch 0  | loss: 0.69015 | val_auc: 0.69635 |  0:00:01s
epoch 1  | loss: 0.51617 | val_auc: 0.69999 |  0:00:03s
epoch 2  | loss: 0.47045 | val_auc: 0.73358 |  0:00:04s
epoch 3  | loss: 0.45762 | val_auc: 0.74014 |  0:00:06s
epoch 4  | loss: 0.4584  | val_auc: 0.74076 |  0:00:08s
epoch 5  | loss: 0.44322 | val_auc: 0.75393 |  0:00:10s
epoch 6  | loss: 0.44241 | val_auc: 0.75301 |  0:00:12s
epoch 7  | loss: 0.44233 | val_auc: 0.7666  |  0:00:14s
epoch 8  | loss: 0.44044 | val_auc: 0.76118 |  0:00:15s
epoch 9  | loss: 0.43478 | val_auc: 0.76552 |  0:00:17s
epoch 10 | loss: 0.43595 | val_auc: 0.75645 |  0:00:18s
epoch 11 | loss: 0.43664 | val_auc: 0.76363 |  0:00:20s
epoch 12 | loss: 0.43719 | val_auc: 0.75811 |  0:00:21s
epoch 13 | loss: 0.43533 | val_auc: 0.75223 |  0:00:23s
epoch 14 | loss: 0.43663 | val_auc: 0.76863 |  0:00:24s
epoch 15 | loss: 0.4342  | val_auc: 0.76371 |  0:00:26s
epoch 16 | loss: 0.43424 | val_auc: 0.76097 |  0:00:27s
epoch 17 | loss: 0.43066 | val_auc: 0.76397 |  0:00:29s
epoch 18 | loss: 0.43066 | val_auc: 0.76328 |  0:00:30s
epoch 19 | loss: 0.43129 | val_auc: 0.75511 |  0:00:32s
epoch 20 | loss: 0.43122 | val_auc: 0.76362 |  0:00:33s
epoch 21 | loss: 0.43075 | val_auc: 0.7616  |  0:00:35s
epoch 22 | loss: 0.43226 | val_auc: 0.75819 |  0:00:36s
epoch 23 | loss: 0.42913 | val_auc: 0.76162 |  0:00:37s
epoch 24 | loss: 0.42796 | val_auc: 0.76532 |  0:00:39s
epoch 25 | loss: 0.42736 | val_auc: 0.75549 |  0:00:40s
epoch 26 | loss: 0.4294  | val_auc: 0.76011 |  0:00:42s
epoch 27 | loss: 0.43099 | val_auc: 0.75796 |  0:00:43s
epoch 28 | loss: 0.42887 | val_auc: 0.75671 |  0:00:45s
epoch 29 | loss: 0.42735 | val_auc: 0.75995 |  0:00:46s

Early stopping occurred at epoch 29 with best_epoch = 14 and best_val_auc = 0.76863
epoch 0  | loss: 0.65702 | val_auc: 0.66994 |  0:00:03s
epoch 1  | loss: 0.50643 | val_auc: 0.7231  |  0:00:04s
epoch 2  | loss: 0.4656  | val_auc: 0.736   |  0:00:06s
epoch 3  | loss: 0.45116 | val_auc: 0.74193 |  0:00:08s
epoch 4  | loss: 0.45074 | val_auc: 0.73885 |  0:00:10s
epoch 5  | loss: 0.4439  | val_auc: 0.74566 |  0:00:12s
epoch 6  | loss: 0.44258 | val_auc: 0.74849 |  0:00:14s
epoch 7  | loss: 0.44172 | val_auc: 0.74631 |  0:00:15s
epoch 8  | loss: 0.44776 | val_auc: 0.74669 |  0:00:17s
epoch 9  | loss: 0.44489 | val_auc: 0.74057 |  0:00:19s
epoch 10 | loss: 0.44387 | val_auc: 0.75762 |  0:00:21s
epoch 11 | loss: 0.44053 | val_auc: 0.74794 |  0:00:23s
epoch 12 | loss: 0.43837 | val_auc: 0.75355 |  0:00:25s
epoch 13 | loss: 0.43738 | val_auc: 0.75821 |  0:00:27s
epoch 14 | loss: 0.4382  | val_auc: 0.75217 |  0:00:28s
epoch 15 | loss: 0.43613 | val_auc: 0.75776 |  0:00:30s
epoch 16 | loss: 0.43694 | val_auc: 0.7462  |  0:00:32s
epoch 17 | loss: 0.43604 | val_auc: 0.75973 |  0:00:34s
epoch 18 | loss: 0.43306 | val_auc: 0.75812 |  0:00:36s
epoch 19 | loss: 0.43418 | val_auc: 0.75559 |  0:00:38s
epoch 20 | loss: 0.4345  | val_auc: 0.762   |  0:00:39s
epoch 21 | loss: 0.43312 | val_auc: 0.76501 |  0:00:41s
epoch 22 | loss: 0.43226 | val_auc: 0.76163 |  0:00:43s
epoch 23 | loss: 0.43327 | val_auc: 0.76223 |  0:00:45s
epoch 24 | loss: 0.43416 | val_auc: 0.76448 |  0:00:47s
epoch 25 | loss: 0.43173 | val_auc: 0.76639 |  0:00:49s
epoch 26 | loss: 0.43078 | val_auc: 0.76704 |  0:00:50s
epoch 27 | loss: 0.4309  | val_auc: 0.766   |  0:00:52s
epoch 28 | loss: 0.43022 | val_auc: 0.76363 |  0:00:54s
epoch 29 | loss: 0.43028 | val_auc: 0.76586 |  0:00:56s
epoch 30 | loss: 0.43107 | val_auc: 0.76144 |  0:00:58s
epoch 31 | loss: 0.43132 | val_auc: 0.75987 |  0:01:00s
epoch 32 | loss: 0.43408 | val_auc: 0.76407 |  0:01:01s
epoch 33 | loss: 0.43649 | val_auc: 0.77257 |  0:01:03s
epoch 34 | loss: 0.43252 | val_auc: 0.77464 |  0:01:05s
epoch 35 | loss: 0.43181 | val_auc: 0.76626 |  0:01:07s
epoch 36 | loss: 0.43319 | val_auc: 0.77277 |  0:01:09s
epoch 37 | loss: 0.43072 | val_auc: 0.76947 |  0:01:11s
epoch 38 | loss: 0.43405 | val_auc: 0.76633 |  0:01:13s
epoch 39 | loss: 0.43119 | val_auc: 0.76914 |  0:01:14s
epoch 40 | loss: 0.43138 | val_auc: 0.75768 |  0:01:16s
epoch 41 | loss: 0.43458 | val_auc: 0.76379 |  0:01:18s
epoch 42 | loss: 0.43251 | val_auc: 0.76825 |  0:01:20s
epoch 43 | loss: 0.43118 | val_auc: 0.76321 |  0:01:22s
epoch 44 | loss: 0.43043 | val_auc: 0.77055 |  0:01:24s
epoch 45 | loss: 0.43021 | val_auc: 0.77152 |  0:01:25s
epoch 46 | loss: 0.4295  | val_auc: 0.77041 |  0:01:27s
epoch 47 | loss: 0.429   | val_auc: 0.76454 |  0:01:29s
epoch 48 | loss: 0.4298  | val_auc: 0.77052 |  0:01:31s
epoch 49 | loss: 0.42964 | val_auc: 0.7762  |  0:01:33s
epoch 50 | loss: 0.42748 | val_auc: 0.77536 |  0:01:35s
epoch 51 | loss: 0.42774 | val_auc: 0.77567 |  0:01:36s
epoch 52 | loss: 0.42793 | val_auc: 0.7781  |  0:01:39s
epoch 53 | loss: 0.42791 | val_auc: 0.77991 |  0:01:41s
epoch 54 | loss: 0.42706 | val_auc: 0.77991 |  0:01:43s
epoch 55 | loss: 0.42609 | val_auc: 0.7777  |  0:01:45s
epoch 56 | loss: 0.4268  | val_auc: 0.77791 |  0:01:47s
epoch 57 | loss: 0.42601 | val_auc: 0.77522 |  0:01:49s
epoch 58 | loss: 0.42517 | val_auc: 0.77837 |  0:01:51s
epoch 59 | loss: 0.42472 | val_auc: 0.77461 |  0:01:53s
epoch 60 | loss: 0.42484 | val_auc: 0.77419 |  0:01:54s
epoch 61 | loss: 0.42569 | val_auc: 0.77233 |  0:01:56s
epoch 62 | loss: 0.42453 | val_auc: 0.77517 |  0:01:58s
epoch 63 | loss: 0.42293 | val_auc: 0.77206 |  0:02:00s
epoch 64 | loss: 0.42593 | val_auc: 0.77249 |  0:02:02s
epoch 65 | loss: 0.42435 | val_auc: 0.77292 |  0:02:04s
epoch 66 | loss: 0.424   | val_auc: 0.77716 |  0:02:06s
epoch 67 | loss: 0.42254 | val_auc: 0.77673 |  0:02:08s
epoch 68 | loss: 0.42302 | val_auc: 0.77559 |  0:02:10s
epoch 69 | loss: 0.42334 | val_auc: 0.77323 |  0:02:12s

Early stopping occurred at epoch 69 with best_epoch = 54 and best_val_auc = 0.77991
Successfully saved model at /Users/harekrishna/Downloads/credit-default-xai-benchmark 2/results/outputs/uci/runs/seed_42/models/tabnet.pkl.zip
epoch 0  | loss: 0.85148 | val_auc: 0.67156 |  0:00:01s
epoch 1  | loss: 0.60755 | val_auc: 0.69928 |  0:00:03s
epoch 2  | loss: 0.47652 | val_auc: 0.73531 |  0:00:04s
epoch 3  | loss: 0.46188 | val_auc: 0.739   |  0:00:06s
epoch 4  | loss: 0.45093 | val_auc: 0.73436 |  0:00:07s
epoch 5  | loss: 0.44833 | val_auc: 0.74056 |  0:00:09s
epoch 6  | loss: 0.44645 | val_auc: 0.73859 |  0:00:10s
epoch 7  | loss: 0.44455 | val_auc: 0.74667 |  0:00:11s
epoch 8  | loss: 0.44634 | val_auc: 0.75435 |  0:00:13s
epoch 9  | loss: 0.44521 | val_auc: 0.7558  |  0:00:14s
epoch 10 | loss: 0.44688 | val_auc: 0.75505 |  0:00:16s
epoch 11 | loss: 0.44453 | val_auc: 0.75409 |  0:00:17s
epoch 12 | loss: 0.44143 | val_auc: 0.75574 |  0:00:19s
epoch 13 | loss: 0.44346 | val_auc: 0.752   |  0:00:20s
epoch 14 | loss: 0.44306 | val_auc: 0.74958 |  0:00:22s
epoch 15 | loss: 0.44035 | val_auc: 0.74798 |  0:00:23s
epoch 16 | loss: 0.4389  | val_auc: 0.74762 |  0:00:24s
epoch 17 | loss: 0.43918 | val_auc: 0.75462 |  0:00:26s
epoch 18 | loss: 0.43559 | val_auc: 0.75623 |  0:00:27s
epoch 19 | loss: 0.43444 | val_auc: 0.75805 |  0:00:29s
epoch 20 | loss: 0.43458 | val_auc: 0.75028 |  0:00:30s
epoch 21 | loss: 0.43179 | val_auc: 0.75285 |  0:00:32s
epoch 22 | loss: 0.43254 | val_auc: 0.7596  |  0:00:33s
epoch 23 | loss: 0.43345 | val_auc: 0.7536  |  0:00:35s
epoch 24 | loss: 0.43409 | val_auc: 0.75771 |  0:00:36s
epoch 25 | loss: 0.43295 | val_auc: 0.75841 |  0:00:38s
epoch 26 | loss: 0.43139 | val_auc: 0.76356 |  0:00:39s
epoch 27 | loss: 0.43153 | val_auc: 0.75689 |  0:00:40s
epoch 28 | loss: 0.43042 | val_auc: 0.75536 |  0:00:42s
epoch 29 | loss: 0.43085 | val_auc: 0.75741 |  0:00:43s
epoch 30 | loss: 0.4312  | val_auc: 0.76124 |  0:00:45s
epoch 31 | loss: 0.42881 | val_auc: 0.76024 |  0:00:46s
epoch 32 | loss: 0.43043 | val_auc: 0.76145 |  0:00:48s
epoch 33 | loss: 0.43092 | val_auc: 0.75964 |  0:00:49s
epoch 34 | loss: 0.4318  | val_auc: 0.76127 |  0:00:51s
epoch 35 | loss: 0.43067 | val_auc: 0.76436 |  0:00:52s23:33:27  INFO      models.tabnet_model  TabNet trained | device=mps  best_epoch=62  elapsed=114.4s
23:33:27  INFO      models.tabnet_model  Apple MPS backend passed smoke test — using GPU acceleration.
23:33:27  INFO      models.tabnet_model  TabNet starting | device=mps  max_epochs=200  patience=15  batch_size=1024  n_train=19200
23:34:38  INFO      models.tabnet_model  TabNet trained | device=mps  best_epoch=32  elapsed=71.3s
23:34:39  INFO      models.tabnet_model  Apple MPS backend passed smoke test — using GPU acceleration.
23:34:39  INFO      models.tabnet_model  TabNet starting | device=mps  max_epochs=200  patience=15  batch_size=1024  n_train=19200
23:35:39  INFO      models.tabnet_model  TabNet trained | device=mps  best_epoch=25  elapsed=60.9s
23:35:40  INFO      models.tabnet_model  Apple MPS backend passed smoke test — using GPU acceleration.
23:35:40  INFO      models.tabnet_model  TabNet starting | device=mps  max_epochs=200  patience=15  batch_size=1024  n_train=19200

epoch 36 | loss: 0.4298  | val_auc: 0.75925 |  0:00:53s
epoch 37 | loss: 0.43185 | val_auc: 0.75759 |  0:00:55s
epoch 38 | loss: 0.43327 | val_auc: 0.75227 |  0:00:56s
epoch 39 | loss: 0.43396 | val_auc: 0.75563 |  0:00:58s
epoch 40 | loss: 0.43153 | val_auc: 0.76199 |  0:00:59s
epoch 41 | loss: 0.43112 | val_auc: 0.7579  |  0:01:01s
epoch 42 | loss: 0.43064 | val_auc: 0.76264 |  0:01:02s
epoch 43 | loss: 0.43036 | val_auc: 0.76237 |  0:01:03s
epoch 44 | loss: 0.4305  | val_auc: 0.76242 |  0:01:05s
epoch 45 | loss: 0.43097 | val_auc: 0.7581  |  0:01:06s
epoch 46 | loss: 0.42912 | val_auc: 0.76546 |  0:01:08s
epoch 47 | loss: 0.43166 | val_auc: 0.76532 |  0:01:09s
epoch 48 | loss: 0.42936 | val_auc: 0.75923 |  0:01:11s
epoch 49 | loss: 0.42879 | val_auc: 0.76162 |  0:01:12s
epoch 50 | loss: 0.429   | val_auc: 0.76044 |  0:01:14s
epoch 51 | loss: 0.42708 | val_auc: 0.75923 |  0:01:15s
epoch 52 | loss: 0.42707 | val_auc: 0.76256 |  0:01:16s
epoch 53 | loss: 0.42637 | val_auc: 0.76105 |  0:01:18s
epoch 54 | loss: 0.42786 | val_auc: 0.76581 |  0:01:19s
epoch 55 | loss: 0.42675 | val_auc: 0.75857 |  0:01:21s
epoch 56 | loss: 0.42789 | val_auc: 0.76469 |  0:01:22s
epoch 57 | loss: 0.42611 | val_auc: 0.76729 |  0:01:24s
epoch 58 | loss: 0.42461 | val_auc: 0.76681 |  0:01:25s
epoch 59 | loss: 0.42637 | val_auc: 0.76203 |  0:01:27s
epoch 60 | loss: 0.42675 | val_auc: 0.75767 |  0:01:28s
epoch 61 | loss: 0.42558 | val_auc: 0.7661  |  0:01:29s
epoch 62 | loss: 0.42545 | val_auc: 0.76767 |  0:01:31s
epoch 63 | loss: 0.42501 | val_auc: 0.76413 |  0:01:32s
epoch 64 | loss: 0.42577 | val_auc: 0.76245 |  0:01:34s
epoch 65 | loss: 0.42419 | val_auc: 0.76047 |  0:01:35s
epoch 66 | loss: 0.42563 | val_auc: 0.76253 |  0:01:37s
epoch 67 | loss: 0.42355 | val_auc: 0.76144 |  0:01:38s
epoch 68 | loss: 0.42328 | val_auc: 0.76655 |  0:01:40s
epoch 69 | loss: 0.42391 | val_auc: 0.75927 |  0:01:41s
epoch 70 | loss: 0.42509 | val_auc: 0.75893 |  0:01:43s
epoch 71 | loss: 0.42513 | val_auc: 0.76086 |  0:01:44s
epoch 72 | loss: 0.42492 | val_auc: 0.7648  |  0:01:45s
epoch 73 | loss: 0.42446 | val_auc: 0.76309 |  0:01:47s
epoch 74 | loss: 0.42538 | val_auc: 0.75707 |  0:01:48s
epoch 75 | loss: 0.42603 | val_auc: 0.76583 |  0:01:50s
epoch 76 | loss: 0.42582 | val_auc: 0.76077 |  0:01:51s
epoch 77 | loss: 0.4254  | val_auc: 0.76489 |  0:01:53s

Early stopping occurred at epoch 77 with best_epoch = 62 and best_val_auc = 0.76767
epoch 0  | loss: 0.78426 | val_auc: 0.68511 |  0:00:01s
epoch 1  | loss: 0.54284 | val_auc: 0.70488 |  0:00:03s
epoch 2  | loss: 0.48258 | val_auc: 0.74711 |  0:00:04s
epoch 3  | loss: 0.45908 | val_auc: 0.74154 |  0:00:05s
epoch 4  | loss: 0.45054 | val_auc: 0.75972 |  0:00:07s
epoch 5  | loss: 0.44838 | val_auc: 0.76695 |  0:00:08s
epoch 6  | loss: 0.44748 | val_auc: 0.76957 |  0:00:10s
epoch 7  | loss: 0.44526 | val_auc: 0.76376 |  0:00:11s
epoch 8  | loss: 0.44306 | val_auc: 0.76618 |  0:00:13s
epoch 9  | loss: 0.43883 | val_auc: 0.76603 |  0:00:14s
epoch 10 | loss: 0.43811 | val_auc: 0.768   |  0:00:15s
epoch 11 | loss: 0.43507 | val_auc: 0.77318 |  0:00:17s
epoch 12 | loss: 0.43827 | val_auc: 0.76791 |  0:00:19s
epoch 13 | loss: 0.43782 | val_auc: 0.77006 |  0:00:20s
epoch 14 | loss: 0.43865 | val_auc: 0.76863 |  0:00:21s
epoch 15 | loss: 0.43821 | val_auc: 0.77508 |  0:00:23s
epoch 16 | loss: 0.43454 | val_auc: 0.77607 |  0:00:24s
epoch 17 | loss: 0.43394 | val_auc: 0.77636 |  0:00:26s
epoch 18 | loss: 0.43354 | val_auc: 0.77737 |  0:00:27s
epoch 19 | loss: 0.43208 | val_auc: 0.77772 |  0:00:29s
epoch 20 | loss: 0.43383 | val_auc: 0.77637 |  0:00:30s
epoch 21 | loss: 0.43232 | val_auc: 0.77434 |  0:00:31s
epoch 22 | loss: 0.43251 | val_auc: 0.77487 |  0:00:33s
epoch 23 | loss: 0.43185 | val_auc: 0.78204 |  0:00:34s
epoch 24 | loss: 0.43105 | val_auc: 0.7687  |  0:00:36s
epoch 25 | loss: 0.43279 | val_auc: 0.77546 |  0:00:37s
epoch 26 | loss: 0.43178 | val_auc: 0.77402 |  0:00:39s
epoch 27 | loss: 0.43031 | val_auc: 0.77416 |  0:00:40s
epoch 28 | loss: 0.42796 | val_auc: 0.77764 |  0:00:42s
epoch 29 | loss: 0.42842 | val_auc: 0.78199 |  0:00:43s
epoch 30 | loss: 0.42942 | val_auc: 0.77685 |  0:00:44s
epoch 31 | loss: 0.42925 | val_auc: 0.78017 |  0:00:46s
epoch 32 | loss: 0.43041 | val_auc: 0.78388 |  0:00:47s
epoch 33 | loss: 0.42905 | val_auc: 0.77481 |  0:00:49s
epoch 34 | loss: 0.4308  | val_auc: 0.77948 |  0:00:50s
epoch 35 | loss: 0.42874 | val_auc: 0.76969 |  0:00:52s
epoch 36 | loss: 0.42738 | val_auc: 0.77348 |  0:00:53s
epoch 37 | loss: 0.42817 | val_auc: 0.77933 |  0:00:55s
epoch 38 | loss: 0.42668 | val_auc: 0.78057 |  0:00:56s
epoch 39 | loss: 0.4267  | val_auc: 0.77825 |  0:00:57s
epoch 40 | loss: 0.42708 | val_auc: 0.78177 |  0:00:59s
epoch 41 | loss: 0.42537 | val_auc: 0.78247 |  0:01:01s
epoch 42 | loss: 0.42458 | val_auc: 0.77824 |  0:01:02s
epoch 43 | loss: 0.42405 | val_auc: 0.7762  |  0:01:04s
epoch 44 | loss: 0.42488 | val_auc: 0.77526 |  0:01:05s
epoch 45 | loss: 0.42354 | val_auc: 0.77895 |  0:01:07s
epoch 46 | loss: 0.42229 | val_auc: 0.77194 |  0:01:08s
epoch 47 | loss: 0.42413 | val_auc: 0.777   |  0:01:10s

Early stopping occurred at epoch 47 with best_epoch = 32 and best_val_auc = 0.78388
epoch 0  | loss: 0.77636 | val_auc: 0.7175  |  0:00:01s
epoch 1  | loss: 0.53287 | val_auc: 0.73951 |  0:00:03s
epoch 2  | loss: 0.47441 | val_auc: 0.758   |  0:00:04s
epoch 3  | loss: 0.46108 | val_auc: 0.75961 |  0:00:05s
epoch 4  | loss: 0.45039 | val_auc: 0.76063 |  0:00:07s
epoch 5  | loss: 0.4517  | val_auc: 0.75716 |  0:00:08s
epoch 6  | loss: 0.44761 | val_auc: 0.758   |  0:00:10s
epoch 7  | loss: 0.44952 | val_auc: 0.75733 |  0:00:11s
epoch 8  | loss: 0.44842 | val_auc: 0.76262 |  0:00:13s
epoch 9  | loss: 0.44954 | val_auc: 0.77203 |  0:00:14s
epoch 10 | loss: 0.44802 | val_auc: 0.77064 |  0:00:16s
epoch 11 | loss: 0.44735 | val_auc: 0.74282 |  0:00:17s
epoch 12 | loss: 0.44701 | val_auc: 0.76803 |  0:00:18s
epoch 13 | loss: 0.44519 | val_auc: 0.76546 |  0:00:20s
epoch 14 | loss: 0.44111 | val_auc: 0.75973 |  0:00:22s
epoch 15 | loss: 0.44036 | val_auc: 0.7573  |  0:00:23s
epoch 16 | loss: 0.43933 | val_auc: 0.76007 |  0:00:24s
epoch 17 | loss: 0.43828 | val_auc: 0.76627 |  0:00:26s
epoch 18 | loss: 0.43862 | val_auc: 0.76168 |  0:00:27s
epoch 19 | loss: 0.43825 | val_auc: 0.76318 |  0:00:29s
epoch 20 | loss: 0.43645 | val_auc: 0.76177 |  0:00:30s
epoch 21 | loss: 0.43648 | val_auc: 0.76043 |  0:00:32s
epoch 22 | loss: 0.43444 | val_auc: 0.7597  |  0:00:33s
epoch 23 | loss: 0.43306 | val_auc: 0.76251 |  0:00:35s
epoch 24 | loss: 0.43161 | val_auc: 0.77359 |  0:00:36s
epoch 25 | loss: 0.43537 | val_auc: 0.77408 |  0:00:37s
epoch 26 | loss: 0.4299  | val_auc: 0.76794 |  0:00:39s
epoch 27 | loss: 0.43051 | val_auc: 0.76497 |  0:00:40s
epoch 28 | loss: 0.43006 | val_auc: 0.76859 |  0:00:42s
epoch 29 | loss: 0.42966 | val_auc: 0.76447 |  0:00:43s
epoch 30 | loss: 0.4307  | val_auc: 0.76389 |  0:00:45s
epoch 31 | loss: 0.42907 | val_auc: 0.76344 |  0:00:46s
epoch 32 | loss: 0.42972 | val_auc: 0.76359 |  0:00:48s
epoch 33 | loss: 0.42946 | val_auc: 0.75874 |  0:00:49s
epoch 34 | loss: 0.42917 | val_auc: 0.76438 |  0:00:51s
epoch 35 | loss: 0.42963 | val_auc: 0.76665 |  0:00:52s
epoch 36 | loss: 0.42815 | val_auc: 0.76577 |  0:00:54s
epoch 37 | loss: 0.42602 | val_auc: 0.76458 |  0:00:55s
epoch 38 | loss: 0.42427 | val_auc: 0.76375 |  0:00:56s
epoch 39 | loss: 0.42475 | val_auc: 0.76135 |  0:00:58s
epoch 40 | loss: 0.42537 | val_auc: 0.76384 |  0:00:59s

Early stopping occurred at epoch 40 with best_epoch = 25 and best_val_auc = 0.77408
epoch 0  | loss: 0.81493 | val_auc: 0.69956 |  0:00:01s
epoch 1  | loss: 0.55508 | val_auc: 0.70865 |  0:00:03s
epoch 2  | loss: 0.48407 | val_auc: 0.74916 |  0:00:04s
epoch 3  | loss: 0.46683 | val_auc: 0.7645  |  0:00:06s
epoch 4  | loss: 0.45786 | val_auc: 0.76149 |  0:00:07s
epoch 5  | loss: 0.45746 | val_auc: 0.76613 |  0:00:08s
epoch 6  | loss: 0.45308 | val_auc: 0.7698  |  0:00:10s
epoch 7  | loss: 0.44522 | val_auc: 0.76879 |  0:00:11s
epoch 8  | loss: 0.44281 | val_auc: 0.77129 |  0:00:13s
epoch 9  | loss: 0.44141 | val_auc: 0.77241 |  0:00:14s
epoch 10 | loss: 0.44007 | val_auc: 0.7718  |  0:00:16s23:36:29  INFO      models.tabnet_model  TabNet trained | device=mps  best_epoch=17  elapsed=49.3s
23:36:29  INFO      models.tabnet_model  Apple MPS backend passed smoke test — using GPU acceleration.
23:36:29  INFO      models.tabnet_model  TabNet starting | device=mps  max_epochs=200  patience=15  batch_size=1024  n_train=19200
23:37:59  INFO      models.tabnet_model  TabNet trained | device=mps  best_epoch=43  elapsed=89.7s
23:37:59  INFO      models.tabnet_model  Apple MPS backend passed smoke test — using GPU acceleration.
23:37:59  INFO      models.tabnet_model  TabNet starting | device=mps  max_epochs=200  patience=15  batch_size=1024  n_train=24000
23:39:53  INFO      models.tabnet_model  TabNet trained | device=mps  best_epoch=44  elapsed=113.2s

epoch 11 | loss: 0.43983 | val_auc: 0.77733 |  0:00:17s
epoch 12 | loss: 0.44243 | val_auc: 0.77286 |  0:00:19s
epoch 13 | loss: 0.4417  | val_auc: 0.77762 |  0:00:20s
epoch 14 | loss: 0.43968 | val_auc: 0.77923 |  0:00:21s
epoch 15 | loss: 0.43858 | val_auc: 0.77871 |  0:00:23s
epoch 16 | loss: 0.43779 | val_auc: 0.77926 |  0:00:24s
epoch 17 | loss: 0.43517 | val_auc: 0.78169 |  0:00:26s
epoch 18 | loss: 0.43457 | val_auc: 0.7742  |  0:00:27s
epoch 19 | loss: 0.43658 | val_auc: 0.77134 |  0:00:29s
epoch 20 | loss: 0.43969 | val_auc: 0.76896 |  0:00:30s
epoch 21 | loss: 0.43796 | val_auc: 0.77051 |  0:00:32s
epoch 22 | loss: 0.43499 | val_auc: 0.77911 |  0:00:33s
epoch 23 | loss: 0.43598 | val_auc: 0.77227 |  0:00:35s
epoch 24 | loss: 0.43486 | val_auc: 0.77746 |  0:00:36s
epoch 25 | loss: 0.43571 | val_auc: 0.76963 |  0:00:37s
epoch 26 | loss: 0.43462 | val_auc: 0.77672 |  0:00:39s
epoch 27 | loss: 0.43516 | val_auc: 0.7757  |  0:00:40s
epoch 28 | loss: 0.43502 | val_auc: 0.77804 |  0:00:42s
epoch 29 | loss: 0.43488 | val_auc: 0.76905 |  0:00:43s
epoch 30 | loss: 0.43923 | val_auc: 0.77094 |  0:00:45s
epoch 31 | loss: 0.43805 | val_auc: 0.77086 |  0:00:46s
epoch 32 | loss: 0.43974 | val_auc: 0.77267 |  0:00:48s

Early stopping occurred at epoch 32 with best_epoch = 17 and best_val_auc = 0.78169
epoch 0  | loss: 0.75188 | val_auc: 0.68924 |  0:00:01s
epoch 1  | loss: 0.51551 | val_auc: 0.72306 |  0:00:02s
epoch 2  | loss: 0.46969 | val_auc: 0.72753 |  0:00:04s
epoch 3  | loss: 0.45659 | val_auc: 0.74117 |  0:00:06s
epoch 4  | loss: 0.45197 | val_auc: 0.74331 |  0:00:07s
epoch 5  | loss: 0.45101 | val_auc: 0.74332 |  0:00:09s
epoch 6  | loss: 0.44585 | val_auc: 0.7424  |  0:00:10s
epoch 7  | loss: 0.44035 | val_auc: 0.74369 |  0:00:12s
epoch 8  | loss: 0.44263 | val_auc: 0.74446 |  0:00:13s
epoch 9  | loss: 0.44181 | val_auc: 0.74487 |  0:00:15s
epoch 10 | loss: 0.4388  | val_auc: 0.75254 |  0:00:16s
epoch 11 | loss: 0.43802 | val_auc: 0.75206 |  0:00:17s
epoch 12 | loss: 0.43917 | val_auc: 0.74637 |  0:00:19s
epoch 13 | loss: 0.4402  | val_auc: 0.74653 |  0:00:20s
epoch 14 | loss: 0.43383 | val_auc: 0.7444  |  0:00:22s
epoch 15 | loss: 0.43185 | val_auc: 0.75012 |  0:00:23s
epoch 16 | loss: 0.43038 | val_auc: 0.75231 |  0:00:25s
epoch 17 | loss: 0.42971 | val_auc: 0.75375 |  0:00:26s
epoch 18 | loss: 0.42736 | val_auc: 0.75424 |  0:00:28s
epoch 19 | loss: 0.42919 | val_auc: 0.75476 |  0:00:29s
epoch 20 | loss: 0.42881 | val_auc: 0.75414 |  0:00:31s
epoch 21 | loss: 0.42761 | val_auc: 0.75405 |  0:00:32s
epoch 22 | loss: 0.42727 | val_auc: 0.75573 |  0:00:33s
epoch 23 | loss: 0.42631 | val_auc: 0.75813 |  0:00:35s
epoch 24 | loss: 0.42674 | val_auc: 0.75903 |  0:00:36s
epoch 25 | loss: 0.4245  | val_auc: 0.75625 |  0:00:38s
epoch 26 | loss: 0.4235  | val_auc: 0.761   |  0:00:39s
epoch 27 | loss: 0.42202 | val_auc: 0.76003 |  0:00:41s
epoch 28 | loss: 0.42255 | val_auc: 0.7573  |  0:00:42s
epoch 29 | loss: 0.42138 | val_auc: 0.76279 |  0:00:43s
epoch 30 | loss: 0.42194 | val_auc: 0.75852 |  0:00:45s
epoch 31 | loss: 0.42283 | val_auc: 0.75702 |  0:00:46s
epoch 32 | loss: 0.42429 | val_auc: 0.76254 |  0:00:48s
epoch 33 | loss: 0.42371 | val_auc: 0.75759 |  0:00:49s
epoch 34 | loss: 0.42427 | val_auc: 0.76199 |  0:00:51s
epoch 35 | loss: 0.42395 | val_auc: 0.76153 |  0:00:52s
epoch 36 | loss: 0.42423 | val_auc: 0.75919 |  0:00:54s
epoch 37 | loss: 0.42121 | val_auc: 0.75881 |  0:00:55s
epoch 38 | loss: 0.41985 | val_auc: 0.75797 |  0:00:57s
epoch 39 | loss: 0.43051 | val_auc: 0.75225 |  0:00:59s
epoch 40 | loss: 0.42859 | val_auc: 0.75992 |  0:01:00s
epoch 41 | loss: 0.42325 | val_auc: 0.76051 |  0:01:01s
epoch 42 | loss: 0.4236  | val_auc: 0.76395 |  0:01:03s
epoch 43 | loss: 0.42122 | val_auc: 0.76797 |  0:01:04s
epoch 44 | loss: 0.42057 | val_auc: 0.76715 |  0:01:06s
epoch 45 | loss: 0.41926 | val_auc: 0.76227 |  0:01:07s
epoch 46 | loss: 0.41786 | val_auc: 0.75884 |  0:01:09s
epoch 47 | loss: 0.4196  | val_auc: 0.76226 |  0:01:10s
epoch 48 | loss: 0.41881 | val_auc: 0.75902 |  0:01:12s
epoch 49 | loss: 0.41829 | val_auc: 0.75351 |  0:01:13s
epoch 50 | loss: 0.41768 | val_auc: 0.75854 |  0:01:15s
epoch 51 | loss: 0.41793 | val_auc: 0.75539 |  0:01:16s
epoch 52 | loss: 0.41675 | val_auc: 0.76171 |  0:01:18s
epoch 53 | loss: 0.41564 | val_auc: 0.76262 |  0:01:20s
epoch 54 | loss: 0.41846 | val_auc: 0.76491 |  0:01:22s
epoch 55 | loss: 0.41575 | val_auc: 0.76449 |  0:01:24s
epoch 56 | loss: 0.41433 | val_auc: 0.76543 |  0:01:25s
epoch 57 | loss: 0.41293 | val_auc: 0.75847 |  0:01:27s
epoch 58 | loss: 0.41467 | val_auc: 0.7572  |  0:01:28s

Early stopping occurred at epoch 58 with best_epoch = 43 and best_val_auc = 0.76797
epoch 0  | loss: 0.73178 | val_auc: 0.66293 |  0:00:02s
epoch 1  | loss: 0.51491 | val_auc: 0.74901 |  0:00:04s
epoch 2  | loss: 0.47341 | val_auc: 0.7496  |  0:00:05s
epoch 3  | loss: 0.45917 | val_auc: 0.77334 |  0:00:07s
epoch 4  | loss: 0.44595 | val_auc: 0.76708 |  0:00:09s
epoch 5  | loss: 0.45073 | val_auc: 0.77202 |  0:00:11s
epoch 6  | loss: 0.44551 | val_auc: 0.77633 |  0:00:13s
epoch 7  | loss: 0.44313 | val_auc: 0.77842 |  0:00:15s
epoch 8  | loss: 0.442   | val_auc: 0.78059 |  0:00:17s
epoch 9  | loss: 0.44096 | val_auc: 0.78067 |  0:00:18s
epoch 10 | loss: 0.44092 | val_auc: 0.78205 |  0:00:20s
epoch 11 | loss: 0.44178 | val_auc: 0.78363 |  0:00:22s
epoch 12 | loss: 0.43916 | val_auc: 0.77164 |  0:00:24s
epoch 13 | loss: 0.43715 | val_auc: 0.78028 |  0:00:26s
epoch 14 | loss: 0.43459 | val_auc: 0.78004 |  0:00:28s
epoch 15 | loss: 0.44213 | val_auc: 0.77246 |  0:00:29s
epoch 16 | loss: 0.44195 | val_auc: 0.77625 |  0:00:31s
epoch 17 | loss: 0.43839 | val_auc: 0.77706 |  0:00:33s
epoch 18 | loss: 0.43594 | val_auc: 0.77918 |  0:00:35s
epoch 19 | loss: 0.43401 | val_auc: 0.78526 |  0:00:37s
epoch 20 | loss: 0.43594 | val_auc: 0.77613 |  0:00:39s
epoch 21 | loss: 0.44151 | val_auc: 0.77461 |  0:00:41s
epoch 22 | loss: 0.43662 | val_auc: 0.77862 |  0:00:43s
epoch 23 | loss: 0.43625 | val_auc: 0.77694 |  0:00:45s
epoch 24 | loss: 0.43685 | val_auc: 0.7741  |  0:00:46s
epoch 25 | loss: 0.43692 | val_auc: 0.77849 |  0:00:48s
epoch 26 | loss: 0.43759 | val_auc: 0.78304 |  0:00:50s
epoch 27 | loss: 0.43735 | val_auc: 0.78349 |  0:00:52s
epoch 28 | loss: 0.43485 | val_auc: 0.78513 |  0:00:54s
epoch 29 | loss: 0.4372  | val_auc: 0.78384 |  0:00:56s
epoch 30 | loss: 0.43688 | val_auc: 0.77981 |  0:00:58s
epoch 31 | loss: 0.43401 | val_auc: 0.78217 |  0:00:59s
epoch 32 | loss: 0.43429 | val_auc: 0.78597 |  0:01:01s
epoch 33 | loss: 0.43584 | val_auc: 0.77961 |  0:01:03s
epoch 34 | loss: 0.43685 | val_auc: 0.77976 |  0:01:05s
epoch 35 | loss: 0.43664 | val_auc: 0.77938 |  0:01:07s
epoch 36 | loss: 0.43686 | val_auc: 0.78332 |  0:01:09s
epoch 37 | loss: 0.43757 | val_auc: 0.78048 |  0:01:10s
epoch 38 | loss: 0.4381  | val_auc: 0.77977 |  0:01:12s
epoch 39 | loss: 0.43437 | val_auc: 0.7843  |  0:01:14s
epoch 40 | loss: 0.43344 | val_auc: 0.79005 |  0:01:16s
epoch 41 | loss: 0.43277 | val_auc: 0.788   |  0:01:18s
epoch 42 | loss: 0.43393 | val_auc: 0.78558 |  0:01:20s
epoch 43 | loss: 0.43305 | val_auc: 0.78882 |  0:01:22s
epoch 44 | loss: 0.43071 | val_auc: 0.79116 |  0:01:23s
epoch 45 | loss: 0.43106 | val_auc: 0.78862 |  0:01:25s
epoch 46 | loss: 0.43288 | val_auc: 0.7866  |  0:01:27s
epoch 47 | loss: 0.43234 | val_auc: 0.78853 |  0:01:29s
epoch 48 | loss: 0.43337 | val_auc: 0.785   |  0:01:31s
epoch 49 | loss: 0.43321 | val_auc: 0.78841 |  0:01:33s
epoch 50 | loss: 0.43101 | val_auc: 0.78947 |  0:01:35s
epoch 51 | loss: 0.43199 | val_auc: 0.78502 |  0:01:37s
epoch 52 | loss: 0.43234 | val_auc: 0.78343 |  0:01:39s
epoch 53 | loss: 0.43126 | val_auc: 0.78368 |  0:01:40s
epoch 54 | loss: 0.43017 | val_auc: 0.7866  |  0:01:42s
epoch 55 | loss: 0.43046 | val_auc: 0.78488 |  0:01:44s
epoch 56 | loss: 0.43293 | val_auc: 0.78838 |  0:01:46s
epoch 57 | loss: 0.4313  | val_auc: 0.78806 |  0:01:48s
epoch 58 | loss: 0.43065 | val_auc: 0.78531 |  0:01:50s
epoch 59 | loss: 0.42953 | val_auc: 0.78546 |  0:01:51s

Early stopping occurred at epoch 59 with best_epoch = 44 and best_val_auc = 0.79116
Successfully saved model at /Users/harekrishna/Downloads/credit-default-xai-benchmark 2/results/outputs/uci/runs/seed_99/models/tabnet.pkl.zip23:39:53  INFO      models.tabnet_model  TabNet model saved to /Users/harekrishna/Downloads/credit-default-xai-benchmark 2/results/outputs/uci/runs/seed_99/models/tabnet.pkl
23:39:53  INFO      pipeline  ============================================================
23:39:53  INFO      pipeline  STAGE 4: Evaluation (selection on OOF; test scored once)
23:39:53  INFO      pipeline  ============================================================
23:39:53  INFO      pipeline  XGBoost | OOF AUROC=0.7841  f1*=0.5485 @ t=0.29 | test AUROC=0.7950  F1=0.5562  MCC=0.4257
23:39:53  INFO      pipeline  LightGBM | OOF AUROC=0.7828  f1*=0.5462 @ t=0.27 | test AUROC=0.7921  F1=0.5464  MCC=0.4070
23:39:53  INFO      pipeline  CatBoost | OOF AUROC=0.7843  f1*=0.5487 @ t=0.26 | test AUROC=0.7953  F1=0.5466  MCC=0.4073
23:39:54  INFO      pipeline  Random Forest | OOF AUROC=0.7807  f1*=0.5438 @ t=0.55 | test AUROC=0.7924  F1=0.5436  MCC=0.4079
23:39:54  INFO      pipeline  Logistic Reg. | OOF AUROC=0.7654  f1*=0.5341 @ t=0.59 | test AUROC=0.7738  F1=0.5413  MCC=0.4051
23:39:54  INFO      pipeline  TabNet | OOF AUROC=0.7709  f1*=0.5395 @ t=0.28 | test AUROC=0.7885  F1=0.5360  MCC=0.4070
23:39:54  INFO      pipeline  LaTeX table → /Users/harekrishna/Downloads/credit-default-xai-benchmark 2/results/outputs/uci/runs/seed_99/results/table2_test_metrics.tex
23:39:54  INFO      pipeline  
                AUROC   AUPRC      F1  Precision  Recall  Specificity  G-Mean     MCC   Brier
Model                                                                                        
XGBoost        0.7950  0.5677  0.5562     0.5405  0.5727       0.8618  0.7025  0.4257  0.1327
LightGBM       0.7921  0.5660  0.5464     0.5088  0.5901       0.8382  0.7033  0.4070  0.1330
CatBoost       0.7953  0.5668  0.5466     0.5091  0.5901       0.8384  0.7034  0.4073  0.1328
Random Forest  0.7924  0.5692  0.5436     0.5230  0.5659       0.8534  0.6950  0.4079  0.1735
Logistic Reg.  0.7738  0.5266  0.5413     0.5213  0.5629       0.8532  0.6930  0.4051  0.1870
TabNet         0.7885  0.5387  0.5360     0.5447  0.5275       0.8748  0.6793  0.4070  0.1359
23:39:55  INFO      visualization.plots  Fig 2 saved → /Users/harekrishna/Downloads/credit-default-xai-benchmark 2/results/outputs/uci/runs/seed_99/figures/fig02_roc_curves.pdf
23:39:55  INFO      visualization.plots  Fig 3 saved → /Users/harekrishna/Downloads/credit-default-xai-benchmark 2/results/outputs/uci/runs/seed_99/figures/fig03_pr_curves.pdf
23:39:55  INFO      visualization.plots  Fig 4 saved → /Users/harekrishna/Downloads/credit-default-xai-benchmark 2/results/outputs/uci/runs/seed_99/figures/fig04_confusion_catboost.pdf
23:53:22  INFO      pipeline  Skipping TabNet in Fig 10 ablation (pass --full-ablation to include).
23:53:22  INFO      visualization.plots  Fig 10 saved → /Users/harekrishna/Downloads/credit-default-xai-benchmark 2/results/outputs/uci/runs/seed_99/figures/fig10_smote_ablation.pdf
23:53:22  INFO      pipeline  ============================================================
23:53:22  INFO      pipeline  STAGE 5: SHAP Explanations
23:53:22  INFO      pipeline  ============================================================
23:53:23  INFO      explainability.shap_explainer  SHAP TreeExplainer initialised | output_space=log_odds
23:53:23  INFO      explainability.shap_explainer  SHAP values computed | shape=(2000, 31)
23:53:23  INFO      explainability.shap_explainer  SHAP additivity check | MAE=0.00000 | PASS ✓
23:53:23  INFO      explainability.shap_explainer  Saved SHAP summary → /Users/harekrishna/Downloads/credit-default-xai-benchmark 2/results/outputs/uci/runs/seed_99/figures/fig05a_shap_summary_CatBoost.pdf
23:53:23  INFO      explainability.shap_explainer  Saved SHAP bar → /Users/harekrishna/Downloads/credit-default-xai-benchmark 2/results/outputs/uci/runs/seed_99/figures/fig05b_shap_bar_CatBoost.pdf
23:53:24  INFO      explainability.shap_explainer  Saved SHAP dependence → /Users/harekrishna/Downloads/credit-default-xai-benchmark 2/results/outputs/uci/runs/seed_99/figures/fig06_shap_dep_PAY_0.pdf
23:53:24  INFO      pipeline  LaTeX table → /Users/harekrishna/Downloads/credit-default-xai-benchmark 2/results/outputs/uci/runs/seed_99/results/table3_shap_ranking.tex
23:53:24  INFO      visualization.plots  Fig 8 saved → /Users/harekrishna/Downloads/credit-default-xai-benchmark 2/results/outputs/uci/runs/seed_99/figures/fig08_importance_comparison.pdf
23:53:25  INFO      visualization.plots  Fig 9 saved → /Users/harekrishna/Downloads/credit-default-xai-benchmark 2/results/outputs/uci/runs/seed_99/figures/fig09_threshold_sweep.pdf
23:53:25  INFO      pipeline  ============================================================
23:53:25  INFO      pipeline  STAGE 6: LIME Explanations
23:53:25  INFO      pipeline  ============================================================
23:53:25  INFO      explainability.lime_explainer  LIME tabular explainer initialised | features=31
23:53:25  INFO      pipeline  Local instances selected: {'TP': 5618, 'FP': 3053, 'FN': 2750, 'TN': 3884}
23:53:25  INFO      explainability.lime_explainer  Saved LIME explanation → /Users/harekrishna/Downloads/credit-default-xai-benchmark 2/results/outputs/uci/runs/seed_99/figures/fig07_tp_lime.pdf
23:53:25  INFO      explainability.lime_explainer  Saved LIME explanation → /Users/harekrishna/Downloads/credit-default-xai-benchmark 2/results/outputs/uci/runs/seed_99/figures/fig07_fp_lime.pdf
23:53:25  INFO      explainability.lime_explainer  Saved LIME explanation → /Users/harekrishna/Downloads/credit-default-xai-benchmark 2/results/outputs/uci/runs/seed_99/figures/fig07_fn_lime.pdf
23:53:25  INFO      explainability.lime_explainer  Saved LIME explanation → /Users/harekrishna/Downloads/credit-default-xai-benchmark 2/results/outputs/uci/runs/seed_99/figures/fig07_tn_lime.pdf
23:53:26  INFO      explainability.lime_explainer  Saved LIME multi-instance grid → /Users/harekrishna/Downloads/credit-default-xai-benchmark 2/results/outputs/uci/runs/seed_99/figures/fig07_lime_multi_instance.pdf
23:53:29  INFO      explainability.lime_explainer  LIME batch complete | n=200
23:53:29  INFO      explainability.lime_explainer  SHAP–LIME agreement | mean ρ=0.559 ± 0.225
23:53:29  INFO      explainability.lime_explainer  LIME tabular explainer initialised | features=31
23:53:29  INFO      explainability.lime_explainer  LIME tabular explainer initialised | features=31
23:53:29  INFO      explainability.lime_explainer  LIME tabular explainer initialised | features=31
23:53:29  INFO      explainability.lime_explainer  LIME tabular explainer initialised | features=31
23:53:30  INFO      explainability.lime_explainer  LIME tabular explainer initialised | features=31
23:53:30  INFO      explainability.lime_explainer  LIME tabular explainer initialised | features=31
23:53:30  INFO      explainability.lime_explainer  LIME tabular explainer initialised | features=31
23:53:30  INFO      explainability.lime_explainer  LIME tabular explainer initialised | features=31
23:53:30  INFO      explainability.lime_explainer  LIME tabular explainer initialised | features=31
23:53:30  INFO      explainability.lime_explainer  LIME tabular explainer initialised | features=31
23:53:30  INFO      explainability.lime_explainer  LIME tabular explainer initialised | features=31
23:53:30  INFO      explainability.lime_explainer  LIME tabular explainer initialised | features=31
23:53:31  INFO      explainability.lime_explainer  LIME tabular explainer initialised | features=31
23:53:31  INFO      explainability.lime_explainer  LIME tabular explainer initialised | features=31
23:53:31  INFO      explainability.lime_explainer  LIME tabular explainer initialised | features=31
23:53:31  INFO      explainability.lime_explainer  LIME tabular explainer initialised | features=31
23:53:31  INFO      explainability.lime_explainer  LIME tabular explainer initialised | features=31
23:53:31  INFO      explainability.lime_explainer  LIME tabular explainer initialised | features=31
23:53:31  INFO      explainability.lime_explainer  LIME tabular explainer initialised | features=31
23:53:32  INFO      explainability.lime_explainer  LIME tabular explainer initialised | features=31
23:53:32  INFO      explainability.lime_explainer  LIME tabular explainer initialised | features=31
23:53:32  INFO      explainability.lime_explainer  LIME tabular explainer initialised | features=31
23:53:32  INFO      explainability.lime_explainer  LIME tabular explainer initialised | features=31
23:53:32  INFO      explainability.lime_explainer  LIME tabular explainer initialised | features=31
23:53:32  INFO      explainability.lime_explainer  LIME tabular explainer initialised | features=31
23:53:32  INFO      explainability.lime_explainer  LIME tabular explainer initialised | features=31
23:53:33  INFO      explainability.lime_explainer  LIME tabular explainer initialised | features=31
23:53:33  INFO      explainability.lime_explainer  LIME tabular explainer initialised | features=31
23:53:33  INFO      explainability.lime_explainer  LIME tabular explainer initialised | features=31
23:53:33  INFO      explainability.lime_explainer  LIME tabular explainer initialised | features=31
23:53:33  INFO      explainability.lime_explainer  LIME tabular explainer initialised | features=31
23:53:33  INFO      explainability.lime_explainer  LIME tabular explainer initialised | features=31
23:53:33  INFO      explainability.lime_explainer  LIME tabular explainer initialised | features=31
23:53:33  INFO      explainability.lime_explainer  LIME tabular explainer initialised | features=31
23:53:34  INFO      explainability.lime_explainer  LIME tabular explainer initialised | features=31
23:53:34  INFO      explainability.lime_explainer  LIME tabular explainer initialised | features=31
23:53:34  INFO      explainability.lime_explainer  LIME tabular explainer initialised | features=31
23:53:34  INFO      explainability.lime_explainer  LIME tabular explainer initialised | features=31
23:53:34  INFO      explainability.lime_explainer  LIME tabular explainer initialised | features=31
23:53:34  INFO      explainability.lime_explainer  LIME tabular explainer initialised | features=31
23:53:34  INFO      explainability.lime_explainer  LIME tabular explainer initialised | features=31
23:53:35  INFO      explainability.lime_explainer  LIME tabular explainer initialised | features=31
23:53:35  INFO      explainability.lime_explainer  LIME tabular explainer initialised | features=31
23:53:35  INFO      explainability.lime_explainer  LIME tabular explainer initialised | features=31
23:53:35  INFO      explainability.lime_explainer  LIME tabular explainer initialised | features=31
23:53:35  INFO      explainability.lime_explainer  LIME tabular explainer initialised | features=31
23:53:35  INFO      explainability.lime_explainer  LIME tabular explainer initialised | features=31
23:53:35  INFO      explainability.lime_explainer  LIME tabular explainer initialised | features=31
23:53:35  INFO      explainability.lime_explainer  LIME tabular explainer initialised | features=31
23:53:36  INFO      explainability.lime_explainer  LIME tabular explainer initialised | features=31
23:53:36  INFO      explainability.lime_explainer  LIME tabular explainer initialised | features=31
23:53:36  INFO      explainability.lime_explainer  LIME tabular explainer initialised | features=31
23:53:36  INFO      explainability.lime_explainer  LIME tabular explainer initialised | features=31
23:53:36  INFO      explainability.lime_explainer  LIME tabular explainer initialised | features=31
23:53:36  INFO      explainability.lime_explainer  LIME tabular explainer initialised | features=31
23:53:36  INFO      explainability.lime_explainer  LIME tabular explainer initialised | features=31
23:53:37  INFO      explainability.lime_explainer  LIME tabular explainer initialised | features=31
23:53:37  INFO      explainability.lime_explainer  LIME tabular explainer initialised | features=31
23:53:37  INFO      explainability.lime_explainer  LIME tabular explainer initialised | features=31
23:53:37  INFO      explainability.lime_explainer  LIME tabular explainer initialised | features=31
23:53:37  INFO      explainability.lime_explainer  LIME tabular explainer initialised | features=31
23:53:37  INFO      explainability.lime_explainer  LIME tabular explainer initialised | features=31
23:53:37  INFO      explainability.lime_explainer  LIME tabular explainer initialised | features=31
23:53:37  INFO      explainability.lime_explainer  LIME tabular explainer initialised | features=31
23:53:38  INFO      explainability.lime_explainer  LIME tabular explainer initialised | features=31
23:53:38  INFO      explainability.lime_explainer  LIME tabular explainer initialised | features=31
23:53:38  INFO      explainability.lime_explainer  LIME tabular explainer initialised | features=31
23:53:38  INFO      explainability.lime_explainer  LIME tabular explainer initialised | features=31
23:53:38  INFO      explainability.lime_explainer  LIME tabular explainer initialised | features=31
23:53:38  INFO      explainability.lime_explainer  LIME tabular explainer initialised | features=31
23:53:38  INFO      explainability.lime_explainer  LIME tabular explainer initialised | features=31
23:53:39  INFO      explainability.lime_explainer  LIME tabular explainer initialised | features=31
23:53:39  INFO      explainability.lime_explainer  LIME tabular explainer initialised | features=31
23:53:39  INFO      explainability.lime_explainer  LIME tabular explainer initialised | features=31
23:53:39  INFO      explainability.lime_explainer  LIME tabular explainer initialised | features=31
23:53:39  INFO      explainability.lime_explainer  LIME tabular explainer initialised | features=31
23:53:39  INFO      explainability.lime_explainer  LIME tabular explainer initialised | features=31
23:53:39  INFO      explainability.lime_explainer  LIME tabular explainer initialised | features=31
23:53:40  INFO      explainability.lime_explainer  LIME tabular explainer initialised | features=31
23:53:40  INFO      explainability.lime_explainer  LIME tabular explainer initialised | features=31
23:53:40  INFO      explainability.lime_explainer  LIME tabular explainer initialised | features=31
23:53:40  INFO      explainability.lime_explainer  LIME tabular explainer initialised | features=31
23:53:40  INFO      explainability.lime_explainer  LIME tabular explainer initialised | features=31
23:53:40  INFO      explainability.lime_explainer  LIME tabular explainer initialised | features=31
23:53:40  INFO      explainability.lime_explainer  LIME tabular explainer initialised | features=31
23:53:40  INFO      explainability.lime_explainer  LIME tabular explainer initialised | features=31
23:53:41  INFO      explainability.lime_explainer  LIME tabular explainer initialised | features=31
23:53:41  INFO      explainability.lime_explainer  LIME tabular explainer initialised | features=31
23:53:41  INFO      explainability.lime_explainer  LIME tabular explainer initialised | features=31
23:53:41  INFO      explainability.lime_explainer  LIME tabular explainer initialised | features=31
23:53:41  INFO      explainability.lime_explainer  LIME tabular explainer initialised | features=31
23:53:41  INFO      explainability.lime_explainer  LIME tabular explainer initialised | features=31
23:53:41  INFO      explainability.lime_explainer  LIME tabular explainer initialised | features=31
23:53:42  INFO      explainability.lime_explainer  LIME tabular explainer initialised | features=31
23:53:42  INFO      explainability.lime_explainer  LIME tabular explainer initialised | features=31
23:53:42  INFO      explainability.lime_explainer  LIME tabular explainer initialised | features=31
23:53:42  INFO      explainability.lime_explainer  LIME tabular explainer initialised | features=31
23:53:42  INFO      explainability.lime_explainer  LIME tabular explainer initialised | features=31
23:53:42  INFO      explainability.lime_explainer  LIME tabular explainer initialised | features=31
23:53:42  INFO      explainability.lime_explainer  LIME tabular explainer initialised | features=31
23:53:43  INFO      explainability.lime_explainer  LIME tabular explainer initialised | features=31
23:53:43  INFO      explainability.lime_explainer  LIME tabular explainer initialised | features=31
23:53:43  INFO      explainability.lime_explainer  LIME tabular explainer initialised | features=31
23:53:43  INFO      explainability.lime_explainer  LIME tabular explainer initialised | features=31
23:53:43  INFO      explainability.lime_explainer  LIME tabular explainer initialised | features=31
23:53:43  INFO      explainability.lime_explainer  LIME tabular explainer initialised | features=31
23:53:43  INFO      explainability.lime_explainer  LIME tabular explainer initialised | features=31
23:53:43  INFO      explainability.lime_explainer  LIME tabular explainer initialised | features=31
23:53:44  INFO      explainability.lime_explainer  LIME tabular explainer initialised | features=31
23:53:44  INFO      explainability.lime_explainer  LIME tabular explainer initialised | features=31
23:53:44  INFO      explainability.lime_explainer  LIME tabular explainer initialised | features=31
23:53:44  INFO      explainability.lime_explainer  LIME tabular explainer initialised | features=31
23:53:44  INFO      explainability.lime_explainer  LIME tabular explainer initialised | features=31
23:53:44  INFO      explainability.lime_explainer  LIME tabular explainer initialised | features=31
23:53:44  INFO      explainability.lime_explainer  LIME tabular explainer initialised | features=31
23:53:45  INFO      explainability.lime_explainer  LIME tabular explainer initialised | features=31
23:53:45  INFO      explainability.lime_explainer  LIME tabular explainer initialised | features=31
23:53:45  INFO      explainability.lime_explainer  LIME tabular explainer initialised | features=31
23:53:45  INFO      explainability.lime_explainer  LIME tabular explainer initialised | features=31
23:53:45  INFO      explainability.lime_explainer  LIME tabular explainer initialised | features=31
23:53:45  INFO      explainability.lime_explainer  LIME tabular explainer initialised | features=31
23:53:45  INFO      explainability.lime_explainer  LIME tabular explainer initialised | features=31
23:53:46  INFO      explainability.lime_explainer  LIME tabular explainer initialised | features=31
23:53:46  INFO      explainability.lime_explainer  LIME tabular explainer initialised | features=31
23:53:46  INFO      explainability.lime_explainer  LIME tabular explainer initialised | features=31
23:53:46  INFO      explainability.lime_explainer  LIME tabular explainer initialised | features=31
23:53:46  INFO      explainability.lime_explainer  LIME tabular explainer initialised | features=31
23:53:46  INFO      explainability.lime_explainer  LIME tabular explainer initialised | features=31
23:53:46  INFO      explainability.lime_explainer  LIME tabular explainer initialised | features=31
23:53:46  INFO      explainability.lime_explainer  LIME tabular explainer initialised | features=31
23:53:47  INFO      explainability.lime_explainer  LIME tabular explainer initialised | features=31
23:53:47  INFO      explainability.lime_explainer  LIME tabular explainer initialised | features=31
23:53:47  INFO      explainability.lime_explainer  LIME tabular explainer initialised | features=31
23:53:47  INFO      explainability.lime_explainer  LIME tabular explainer initialised | features=31
23:53:47  INFO      explainability.lime_explainer  LIME tabular explainer initialised | features=31
23:53:47  INFO      explainability.lime_explainer  LIME tabular explainer initialised | features=31
23:53:47  INFO      explainability.lime_explainer  LIME tabular explainer initialised | features=31
23:53:48  INFO      explainability.lime_explainer  LIME tabular explainer initialised | features=31
23:53:48  INFO      explainability.lime_explainer  LIME tabular explainer initialised | features=31
23:53:48  INFO      explainability.lime_explainer  LIME tabular explainer initialised | features=31
23:53:48  INFO      explainability.lime_explainer  LIME tabular explainer initialised | features=31
23:53:48  INFO      explainability.lime_explainer  LIME tabular explainer initialised | features=31
23:53:48  INFO      explainability.lime_explainer  LIME tabular explainer initialised | features=31
23:53:48  INFO      explainability.lime_explainer  LIME tabular explainer initialised | features=31
23:53:48  INFO      explainability.lime_explainer  LIME tabular explainer initialised | features=31
23:53:49  INFO      explainability.lime_explainer  LIME tabular explainer initialised | features=31
23:53:49  INFO      explainability.lime_explainer  LIME tabular explainer initialised | features=31
23:53:49  INFO      explainability.lime_explainer  LIME tabular explainer initialised | features=31
23:53:49  INFO      explainability.lime_explainer  LIME tabular explainer initialised | features=31
23:53:49  INFO      explainability.lime_explainer  LIME tabular explainer initialised | features=31
23:53:49  INFO      explainability.lime_explainer  LIME tabular explainer initialised | features=31
23:53:49  INFO      explainability.lime_explainer  LIME tabular explainer initialised | features=31
23:53:50  INFO      explainability.lime_explainer  LIME tabular explainer initialised | features=31
23:53:50  INFO      explainability.lime_explainer  LIME tabular explainer initialised | features=31
23:53:50  INFO      explainability.lime_explainer  LIME tabular explainer initialised | features=31
23:53:50  INFO      explainability.lime_explainer  LIME tabular explainer initialised | features=31
23:53:50  INFO      explainability.lime_explainer  LIME tabular explainer initialised | features=31
23:53:50  INFO      explainability.lime_explainer  LIME tabular explainer initialised | features=31
23:53:50  INFO      explainability.lime_explainer  LIME tabular explainer initialised | features=31
23:53:50  INFO      explainability.lime_explainer  LIME tabular explainer initialised | features=31
23:53:51  INFO      explainability.lime_explainer  LIME tabular explainer initialised | features=31
23:53:51  INFO      explainability.lime_explainer  LIME tabular explainer initialised | features=31
23:53:51  INFO      explainability.lime_explainer  LIME tabular explainer initialised | features=31
23:53:51  INFO      explainability.lime_explainer  LIME tabular explainer initialised | features=31
23:53:51  INFO      explainability.lime_explainer  LIME tabular explainer initialised | features=31
23:53:51  INFO      explainability.lime_explainer  LIME tabular explainer initialised | features=31
23:53:51  INFO      explainability.lime_explainer  LIME tabular explainer initialised | features=31
23:53:52  INFO      explainability.lime_explainer  LIME tabular explainer initialised | features=31
23:53:52  INFO      explainability.lime_explainer  LIME tabular explainer initialised | features=31
23:53:52  INFO      explainability.lime_explainer  LIME tabular explainer initialised | features=31
23:53:52  INFO      explainability.lime_explainer  LIME tabular explainer initialised | features=31
23:53:52  INFO      explainability.lime_explainer  LIME tabular explainer initialised | features=31
23:53:52  INFO      explainability.lime_explainer  LIME tabular explainer initialised | features=31
23:53:52  INFO      explainability.lime_explainer  LIME tabular explainer initialised | features=31
23:53:53  INFO      explainability.lime_explainer  LIME tabular explainer initialised | features=31
23:53:53  INFO      explainability.lime_explainer  LIME tabular explainer initialised | features=31
23:53:53  INFO      explainability.lime_explainer  LIME tabular explainer initialised | features=31
23:53:53  INFO      explainability.lime_explainer  LIME tabular explainer initialised | features=31
23:53:53  INFO      explainability.lime_explainer  LIME tabular explainer initialised | features=31
23:53:53  INFO      explainability.lime_explainer  LIME tabular explainer initialised | features=31
23:53:53  INFO      explainability.lime_explainer  LIME tabular explainer initialised | features=31
23:53:54  INFO      explainability.lime_explainer  LIME tabular explainer initialised | features=31
23:53:54  INFO      explainability.lime_explainer  LIME tabular explainer initialised | features=31
23:53:54  INFO      explainability.lime_explainer  LIME tabular explainer initialised | features=31
23:53:54  INFO      explainability.lime_explainer  LIME tabular explainer initialised | features=31
23:53:54  INFO      explainability.lime_explainer  LIME tabular explainer initialised | features=31
23:53:54  INFO      explainability.lime_explainer  LIME tabular explainer initialised | features=31
23:53:54  INFO      explainability.lime_explainer  LIME tabular explainer initialised | features=31
23:53:54  INFO      explainability.lime_explainer  LIME tabular explainer initialised | features=31
23:53:55  INFO      explainability.lime_explainer  LIME tabular explainer initialised | features=31
23:53:55  INFO      explainability.lime_explainer  LIME tabular explainer initialised | features=31
23:53:55  INFO      explainability.lime_explainer  LIME tabular explainer initialised | features=31
23:53:55  INFO      explainability.lime_explainer  LIME tabular explainer initialised | features=31
23:53:55  INFO      explainability.lime_explainer  LIME tabular explainer initialised | features=31
23:53:55  INFO      explainability.lime_explainer  LIME tabular explainer initialised | features=31
23:53:55  INFO      explainability.lime_explainer  LIME tabular explainer initialised | features=31
23:53:56  INFO      explainability.lime_explainer  LIME tabular explainer initialised | features=31
23:53:56  INFO      explainability.lime_explainer  LIME tabular explainer initialised | features=31
23:53:56  INFO      explainability.lime_explainer  LIME tabular explainer initialised | features=31
23:53:56  INFO      explainability.lime_explainer  LIME tabular explainer initialised | features=31
23:53:56  INFO      explainability.lime_explainer  LIME tabular explainer initialised | features=31
23:53:56  INFO      explainability.lime_explainer  LIME tabular explainer initialised | features=31
23:53:56  INFO      explainability.lime_explainer  LIME tabular explainer initialised | features=31
23:53:56  INFO      explainability.lime_explainer  LIME tabular explainer initialised | features=31
23:53:57  INFO      explainability.lime_explainer  LIME tabular explainer initialised | features=31
23:53:57  INFO      explainability.lime_explainer  LIME tabular explainer initialised | features=31
23:53:57  INFO      explainability.lime_explainer  LIME tabular explainer initialised | features=31
23:53:57  INFO      explainability.lime_explainer  LIME tabular explainer initialised | features=31
23:53:57  INFO      explainability.lime_explainer  LIME tabular explainer initialised | features=31
23:53:57  INFO      explainability.lime_explainer  LIME tabular explainer initialised | features=31
23:53:57  INFO      explainability.lime_explainer  LIME tabular explainer initialised | features=31
23:53:58  INFO      explainability.lime_explainer  LIME tabular explainer initialised | features=31
23:53:58  INFO      explainability.lime_explainer  LIME tabular explainer initialised | features=31
23:53:58  INFO      explainability.lime_explainer  LIME tabular explainer initialised | features=31
23:53:58  INFO      explainability.lime_explainer  LIME tabular explainer initialised | features=31
23:53:58  INFO      explainability.lime_explainer  LIME tabular explainer initialised | features=31
23:53:58  INFO      explainability.lime_explainer  LIME tabular explainer initialised | features=31
23:53:58  INFO      explainability.lime_explainer  LIME tabular explainer initialised | features=31
23:53:59  INFO      explainability.lime_explainer  LIME tabular explainer initialised | features=31
23:53:59  INFO      explainability.lime_explainer  LIME tabular explainer initialised | features=31
23:53:59  INFO      explainability.lime_explainer  LIME tabular explainer initialised | features=31
23:53:59  INFO      explainability.lime_explainer  LIME tabular explainer initialised | features=31
23:53:59  INFO      explainability.lime_explainer  LIME tabular explainer initialised | features=31
23:53:59  INFO      explainability.lime_explainer  LIME tabular explainer initialised | features=31
23:53:59  INFO      explainability.lime_explainer  LIME tabular explainer initialised | features=31
23:53:59  INFO      explainability.lime_explainer  LIME tabular explainer initialised | features=31
23:54:00  INFO      explainability.lime_explainer  LIME tabular explainer initialised | features=31
23:54:00  INFO      explainability.lime_explainer  LIME tabular explainer initialised | features=31
23:54:00  INFO      explainability.lime_explainer  LIME tabular explainer initialised | features=31
23:54:00  INFO      explainability.lime_explainer  LIME tabular explainer initialised | features=31
23:54:00  INFO      explainability.lime_explainer  LIME tabular explainer initialised | features=31
23:54:00  INFO      explainability.lime_explainer  LIME tabular explainer initialised | features=31
23:54:00  INFO      explainability.lime_explainer  LIME tabular explainer initialised | features=31
23:54:01  INFO      explainability.lime_explainer  LIME tabular explainer initialised | features=31
23:54:01  INFO      explainability.lime_explainer  LIME tabular explainer initialised | features=31
23:54:01  INFO      explainability.lime_explainer  LIME tabular explainer initialised | features=31
23:54:01  INFO      explainability.lime_explainer  LIME tabular explainer initialised | features=31
23:54:01  INFO      explainability.lime_explainer  LIME tabular explainer initialised | features=31
23:54:01  INFO      explainability.lime_explainer  LIME tabular explainer initialised | features=31
23:54:01  INFO      explainability.lime_explainer  LIME tabular explainer initialised | features=31
23:54:01  INFO      explainability.lime_explainer  LIME tabular explainer initialised | features=31
23:54:02  INFO      explainability.lime_explainer  LIME tabular explainer initialised | features=31
23:54:02  INFO      explainability.lime_explainer  LIME tabular explainer initialised | features=31
23:54:02  INFO      explainability.lime_explainer  LIME tabular explainer initialised | features=31
23:54:02  INFO      explainability.lime_explainer  LIME tabular explainer initialised | features=31
23:54:02  INFO      explainability.lime_explainer  LIME tabular explainer initialised | features=31
23:54:02  INFO      explainability.lime_explainer  LIME tabular explainer initialised | features=31
23:54:02  INFO      explainability.lime_explainer  LIME tabular explainer initialised | features=31
23:54:03  INFO      explainability.lime_explainer  LIME tabular explainer initialised | features=31
23:54:03  INFO      explainability.lime_explainer  LIME tabular explainer initialised | features=31
23:54:03  INFO      explainability.lime_explainer  LIME tabular explainer initialised | features=31
23:54:03  INFO      explainability.lime_explainer  LIME tabular explainer initialised | features=31
23:54:03  INFO      explainability.lime_explainer  LIME tabular explainer initialised | features=31
23:54:03  INFO      explainability.lime_explainer  LIME tabular explainer initialised | features=31
23:54:03  INFO      explainability.lime_explainer  LIME tabular explainer initialised | features=31
23:54:04  INFO      explainability.lime_explainer  LIME tabular explainer initialised | features=31
23:54:04  INFO      explainability.lime_explainer  LIME tabular explainer initialised | features=31
23:54:04  INFO      explainability.lime_explainer  LIME tabular explainer initialised | features=31
23:54:04  INFO      explainability.lime_explainer  LIME tabular explainer initialised | features=31
23:54:04  INFO      explainability.lime_explainer  LIME tabular explainer initialised | features=31
23:54:04  INFO      explainability.lime_explainer  LIME tabular explainer initialised | features=31
23:54:04  INFO      explainability.lime_explainer  LIME tabular explainer initialised | features=31
23:54:05  INFO      explainability.lime_explainer  LIME tabular explainer initialised | features=31
23:54:05  INFO      explainability.lime_explainer  LIME tabular explainer initialised | features=31
23:54:05  INFO      explainability.lime_explainer  LIME tabular explainer initialised | features=31
23:54:05  INFO      explainability.lime_explainer  LIME tabular explainer initialised | features=31
23:54:05  INFO      explainability.lime_explainer  LIME tabular explainer initialised | features=31
23:54:05  INFO      explainability.lime_explainer  LIME tabular explainer initialised | features=31
23:54:05  INFO      explainability.lime_explainer  LIME tabular explainer initialised | features=31
23:54:06  INFO      explainability.lime_explainer  LIME tabular explainer initialised | features=31
23:54:06  INFO      explainability.lime_explainer  LIME tabular explainer initialised | features=31
23:54:06  INFO      explainability.lime_explainer  LIME tabular explainer initialised | features=31
23:54:06  INFO      explainability.lime_explainer  LIME tabular explainer initialised | features=31
23:54:06  INFO      explainability.lime_explainer  LIME tabular explainer initialised | features=31
23:54:06  INFO      explainability.lime_explainer  LIME tabular explainer initialised | features=31
23:54:06  INFO      explainability.lime_explainer  LIME tabular explainer initialised | features=31
23:54:06  INFO      explainability.lime_explainer  LIME tabular explainer initialised | features=31
23:54:07  INFO      explainability.lime_explainer  LIME tabular explainer initialised | features=31
23:54:07  INFO      explainability.lime_explainer  LIME tabular explainer initialised | features=31
23:54:07  INFO      explainability.lime_explainer  LIME tabular explainer initialised | features=31
23:54:07  INFO      explainability.lime_explainer  LIME tabular explainer initialised | features=31
23:54:07  INFO      explainability.lime_explainer  LIME tabular explainer initialised | features=31
23:54:07  INFO      explainability.lime_explainer  LIME tabular explainer initialised | features=31
23:54:07  INFO      explainability.lime_explainer  LIME tabular explainer initialised | features=31
23:54:08  INFO      explainability.lime_explainer  LIME tabular explainer initialised | features=31
23:54:08  INFO      explainability.lime_explainer  LIME tabular explainer initialised | features=31
23:54:08  INFO      explainability.lime_explainer  LIME tabular explainer initialised | features=31
23:54:08  INFO      explainability.lime_explainer  LIME tabular explainer initialised | features=31
23:54:08  INFO      explainability.lime_explainer  LIME tabular explainer initialised | features=31
23:54:08  INFO      explainability.lime_explainer  LIME tabular explainer initialised | features=31
23:54:08  INFO      explainability.lime_explainer  LIME tabular explainer initialised | features=31
23:54:09  INFO      explainability.lime_explainer  LIME tabular explainer initialised | features=31
23:54:09  INFO      explainability.lime_explainer  LIME tabular explainer initialised | features=31
23:54:09  INFO      explainability.lime_explainer  LIME tabular explainer initialised | features=31
23:54:09  INFO      explainability.lime_explainer  LIME tabular explainer initialised | features=31
23:54:09  INFO      explainability.lime_explainer  LIME tabular explainer initialised | features=31
23:54:09  INFO      explainability.lime_explainer  LIME tabular explainer initialised | features=31
23:54:09  INFO      explainability.lime_explainer  LIME tabular explainer initialised | features=31
23:54:09  INFO      explainability.lime_explainer  LIME tabular explainer initialised | features=31
23:54:10  INFO      explainability.lime_explainer  LIME tabular explainer initialised | features=31
23:54:10  INFO      pipeline  LaTeX table → /Users/harekrishna/Downloads/credit-default-xai-benchmark 2/results/outputs/uci/runs/seed_99/results/table5_explanation_quality.tex
23:54:10  INFO      pipeline  LaTeX table → /Users/harekrishna/Downloads/credit-default-xai-benchmark 2/results/outputs/uci/runs/seed_99/results/table4_shap_lime_agreement.tex
23:54:10  INFO      pipeline  ============================================================
23:54:10  INFO      pipeline  STAGE 7: Revision Analyses
23:54:10  INFO      pipeline  ============================================================
23:56:42  INFO      data.data_loader  Loading cached UCI dataset from /Users/harekrishna/Downloads/credit-default-xai-benchmark 2/data/uci_credit.csv
23:56:42  INFO      data.data_loader  Dataset loaded | uci | train=24000  test=6000 | default rate train=22.12% test=22.12% | 3 nominal, 20 continuous
23:57:33  INFO      pipeline  RUN seed_99 COMPLETE | champion CatBoost | OOF AUROC 0.7843 | test AUROC 0.7953
23:57:33  INFO      pipeline  ╔══════════════════════════════════════════════╗
23:57:33  INFO      pipeline  ║  Credit Default Prediction with XAI (v3)     ║
23:57:33  INFO      pipeline  ║  Dataset: uci                                ║
23:57:33  INFO      pipeline  ║  Run: seed_123                               ║
23:57:33  INFO      pipeline  ╚══════════════════════════════════════════════╝
23:57:33  INFO      pipeline  ============================================================
23:57:33  INFO      pipeline  STAGE 1: Data Loading, Labelling & Partitioning
23:57:33  INFO      pipeline  ============================================================
23:57:33  INFO      data.data_loader  Loading cached UCI dataset from /Users/harekrishna/Downloads/credit-default-xai-benchmark 2/data/uci_credit.csv
23:57:33  INFO      data.data_loader  Dataset loaded | uci | train=24000  test=6000 | default rate train=22.12% test=22.12% | 3 nominal, 28 continuous
23:57:33  INFO      pipeline  Imbalance stats (train): {"n_total": 24000, "n_majority": 18691, "n_minority": 5309, "imbalance_ratio": 3.5206, "minority_pct": 22.12}
23:57:33  INFO      visualization.plots  Fig 1 saved → /Users/harekrishna/Downloads/credit-default-xai-benchmark 2/results/outputs/uci/runs/seed_123/figures/fig01_class_distribution.pdf
23:57:33  INFO      pipeline  ============================================================
23:57:33  INFO      pipeline  STAGE 2: Imbalance Strategy Ablation (selected on OOF AUROC)
23:57:33  INFO      pipeline  ============================================================
23:57:53  INFO      pipeline  Ablation | SMOTE            | OOF AUROC=0.7652  test AUROC=0.7708
23:58:15  INFO      pipeline  Ablation | BorderlineSMOTE  | OOF AUROC=0.7647  test AUROC=0.7668
23:59:21  INFO      pipeline  Ablation | SVMSMOTE         | OOF AUROC=0.7736  test AUROC=0.7787
23:59:42  INFO      pipeline  Ablation | ADASYN           | OOF AUROC=0.7627  test AUROC=0.7642
23:59:48  INFO      pipeline  Ablation | None             | OOF AUROC=0.7838  test AUROC=0.7869
23:59:50  INFO      pipeline  Ablation | ClassWeight      | OOF AUROC=0.7803  test AUROC=0.7841
23:59:50  INFO      pipeline  Best imbalance strategy (OOF AUROC): None → 0.7838 [probe: LightGBM]
23:59:50  INFO      pipeline  ============================================================
23:59:50  INFO      pipeline  STAGE 3: Model Training (nested tuning, OOF predictions, refit)
23:59:50  INFO      pipeline  ============================================================
23:59:50  INFO      pipeline  Training XGBoost …
00:01:18  INFO      pipeline  XGBoost | per-model strategy=None | OOF AUROC by strategy={'SMOTE': 0.7642, 'BorderlineSMOTE': 0.7635, 'SVMSMOTE': 0.7702, 'ADASYN': 0.7614, 'None': 0.7833, 'ClassWeight': 0.7827}
00:01:18  INFO      pipeline  RandomizedSearchCV | model=XGBoost strategy=None n_iter=12
00:01:50  INFO      pipeline  Training LightGBM …
00:03:39  INFO      pipeline  LightGBM | per-model strategy=None | OOF AUROC by strategy={'SMOTE': 0.7652, 'BorderlineSMOTE': 0.7647, 'SVMSMOTE': 0.7736, 'ADASYN': 0.7627, 'None': 0.7838, 'ClassWeight': 0.7803}
00:03:39  INFO      pipeline  RandomizedSearchCV | model=LightGBM strategy=None n_iter=12
00:05:05  INFO      pipeline  Training CatBoost …
00:07:15  INFO      pipeline  CatBoost | per-model strategy=ClassWeight | OOF AUROC by strategy={'SMOTE': 0.7716, 'BorderlineSMOTE': 0.7715, 'SVMSMOTE': 0.7787, 'ADASYN': 0.7699, 'None': 0.7668, 'ClassWeight': 0.7833}
00:07:15  INFO      pipeline  RandomizedSearchCV | model=CatBoost strategy=ClassWeight n_iter=12
00:08:30  INFO      pipeline  Training Random Forest …
00:11:31  INFO      pipeline  Random Forest | per-model strategy=ClassWeight | OOF AUROC by strategy={'SMOTE': 0.7603, 'BorderlineSMOTE': 0.7611, 'SVMSMOTE': 0.7667, 'ADASYN': 0.7556, 'None': 0.7686, 'ClassWeight': 0.7701}
00:11:31  INFO      pipeline  RandomizedSearchCV | model=Random Forest strategy=ClassWeight n_iter=12
00:18:32  INFO      pipeline  Training Logistic Reg. …
00:19:22  INFO      pipeline  Logistic Reg. | per-model strategy=ClassWeight | OOF AUROC by strategy={'SMOTE': 0.7605, 'BorderlineSMOTE': 0.7566, 'SVMSMOTE': 0.7637, 'ADASYN': 0.7575, 'None': 0.7671, 'ClassWeight': 0.7683}
00:19:22  INFO      pipeline  RandomizedSearchCV | model=Logistic Reg. strategy=ClassWeight n_iter=12
00:19:28  INFO      pipeline  Training TabNet …
00:19:28  INFO      models.tabnet_model  Apple MPS backend passed smoke test — using GPU acceleration.
00:19:28  INFO      models.tabnet_model  TabNet starting | device=mps  max_epochs=200  patience=15  batch_size=1024  n_train=19200
00:20:38  INFO      models.tabnet_model  TabNet trained | device=mps  best_epoch=31  elapsed=69.8s
00:20:38  INFO      models.tabnet_model  Apple MPS backend passed smoke test — using GPU acceleration.
00:20:38  INFO      models.tabnet_model  TabNet starting | device=mps  max_epochs=200  patience=15  batch_size=1024  n_train=19200
00:21:29  INFO      models.tabnet_model  TabNet trained | device=mps  best_epoch=18  elapsed=50.6s
00:21:29  INFO      models.tabnet_model  Apple MPS backend passed smoke test — using GPU acceleration.
00:21:29  INFO      models.tabnet_model  TabNet starting | device=mps  max_epochs=200  patience=15  batch_size=1024  n_train=19200
00:22:48  INFO      models.tabnet_model  TabNet trained | device=mps  best_epoch=37  elapsed=78.6s
00:22:48  INFO      models.tabnet_model  Apple MPS backend passed smoke test — using GPU acceleration.
00:22:48  INFO      models.tabnet_model  TabNet starting | device=mps  max_epochs=200  patience=15  batch_size=1024  n_train=19200

epoch 0  | loss: 0.74399 | val_auc: 0.67213 |  0:00:01s
epoch 1  | loss: 0.53303 | val_auc: 0.75024 |  0:00:03s
epoch 2  | loss: 0.46631 | val_auc: 0.76738 |  0:00:04s
epoch 3  | loss: 0.46007 | val_auc: 0.76192 |  0:00:06s
epoch 4  | loss: 0.44895 | val_auc: 0.7791  |  0:00:07s
epoch 5  | loss: 0.45051 | val_auc: 0.77832 |  0:00:08s
epoch 6  | loss: 0.44577 | val_auc: 0.78352 |  0:00:10s
epoch 7  | loss: 0.44103 | val_auc: 0.7808  |  0:00:11s
epoch 8  | loss: 0.44309 | val_auc: 0.78595 |  0:00:13s
epoch 9  | loss: 0.44238 | val_auc: 0.78297 |  0:00:14s
epoch 10 | loss: 0.43772 | val_auc: 0.78065 |  0:00:16s
epoch 11 | loss: 0.4393  | val_auc: 0.78606 |  0:00:17s
epoch 12 | loss: 0.44048 | val_auc: 0.78266 |  0:00:19s
epoch 13 | loss: 0.44021 | val_auc: 0.77733 |  0:00:20s
epoch 14 | loss: 0.43983 | val_auc: 0.77904 |  0:00:22s
epoch 15 | loss: 0.44237 | val_auc: 0.78102 |  0:00:23s
epoch 16 | loss: 0.43852 | val_auc: 0.78166 |  0:00:25s
epoch 17 | loss: 0.43658 | val_auc: 0.78255 |  0:00:26s
epoch 18 | loss: 0.43707 | val_auc: 0.7839  |  0:00:27s
epoch 19 | loss: 0.43759 | val_auc: 0.78293 |  0:00:29s
epoch 20 | loss: 0.43741 | val_auc: 0.78608 |  0:00:30s
epoch 21 | loss: 0.43604 | val_auc: 0.77981 |  0:00:32s
epoch 22 | loss: 0.43659 | val_auc: 0.78516 |  0:00:33s
epoch 23 | loss: 0.43665 | val_auc: 0.78466 |  0:00:35s
epoch 24 | loss: 0.43418 | val_auc: 0.78464 |  0:00:36s
epoch 25 | loss: 0.43494 | val_auc: 0.78134 |  0:00:38s
epoch 26 | loss: 0.43346 | val_auc: 0.78222 |  0:00:39s
epoch 27 | loss: 0.43439 | val_auc: 0.78173 |  0:00:40s
epoch 28 | loss: 0.43271 | val_auc: 0.78804 |  0:00:42s
epoch 29 | loss: 0.4315  | val_auc: 0.78365 |  0:00:43s
epoch 30 | loss: 0.43189 | val_auc: 0.78041 |  0:00:45s
epoch 31 | loss: 0.43121 | val_auc: 0.79168 |  0:00:46s
epoch 32 | loss: 0.43041 | val_auc: 0.78738 |  0:00:48s
epoch 33 | loss: 0.43074 | val_auc: 0.78877 |  0:00:49s
epoch 34 | loss: 0.43054 | val_auc: 0.78162 |  0:00:51s
epoch 35 | loss: 0.43098 | val_auc: 0.78831 |  0:00:52s
epoch 36 | loss: 0.43009 | val_auc: 0.7818  |  0:00:54s
epoch 37 | loss: 0.42841 | val_auc: 0.7867  |  0:00:55s
epoch 38 | loss: 0.42696 | val_auc: 0.78588 |  0:00:57s
epoch 39 | loss: 0.42862 | val_auc: 0.78691 |  0:00:58s
epoch 40 | loss: 0.42712 | val_auc: 0.78694 |  0:01:00s
epoch 41 | loss: 0.42589 | val_auc: 0.79064 |  0:01:01s
epoch 42 | loss: 0.42797 | val_auc: 0.7879  |  0:01:02s
epoch 43 | loss: 0.42712 | val_auc: 0.78514 |  0:01:04s
epoch 44 | loss: 0.42759 | val_auc: 0.78208 |  0:01:05s
epoch 45 | loss: 0.4266  | val_auc: 0.78513 |  0:01:07s
epoch 46 | loss: 0.42656 | val_auc: 0.78375 |  0:01:08s

Early stopping occurred at epoch 46 with best_epoch = 31 and best_val_auc = 0.79168
epoch 0  | loss: 0.70629 | val_auc: 0.69919 |  0:00:01s
epoch 1  | loss: 0.50584 | val_auc: 0.69667 |  0:00:03s
epoch 2  | loss: 0.47155 | val_auc: 0.74131 |  0:00:04s
epoch 3  | loss: 0.45678 | val_auc: 0.75103 |  0:00:05s
epoch 4  | loss: 0.44834 | val_auc: 0.75924 |  0:00:07s
epoch 5  | loss: 0.44861 | val_auc: 0.74949 |  0:00:08s
epoch 6  | loss: 0.45003 | val_auc: 0.7592  |  0:00:10s
epoch 7  | loss: 0.44521 | val_auc: 0.75037 |  0:00:11s
epoch 8  | loss: 0.44288 | val_auc: 0.75261 |  0:00:13s
epoch 9  | loss: 0.44401 | val_auc: 0.7541  |  0:00:14s
epoch 10 | loss: 0.44326 | val_auc: 0.75415 |  0:00:15s
epoch 11 | loss: 0.44261 | val_auc: 0.75293 |  0:00:17s
epoch 12 | loss: 0.44427 | val_auc: 0.74561 |  0:00:18s
epoch 13 | loss: 0.44035 | val_auc: 0.75594 |  0:00:20s
epoch 14 | loss: 0.4386  | val_auc: 0.75346 |  0:00:21s
epoch 15 | loss: 0.43955 | val_auc: 0.75775 |  0:00:23s
epoch 16 | loss: 0.43767 | val_auc: 0.76103 |  0:00:24s
epoch 17 | loss: 0.43766 | val_auc: 0.76441 |  0:00:26s
epoch 18 | loss: 0.43702 | val_auc: 0.7683  |  0:00:27s
epoch 19 | loss: 0.43366 | val_auc: 0.75766 |  0:00:28s
epoch 20 | loss: 0.43201 | val_auc: 0.76506 |  0:00:30s
epoch 21 | loss: 0.43137 | val_auc: 0.76434 |  0:00:31s
epoch 22 | loss: 0.42954 | val_auc: 0.76128 |  0:00:33s
epoch 23 | loss: 0.43153 | val_auc: 0.76608 |  0:00:34s
epoch 24 | loss: 0.42701 | val_auc: 0.75888 |  0:00:36s
epoch 25 | loss: 0.42808 | val_auc: 0.75942 |  0:00:37s
epoch 26 | loss: 0.42597 | val_auc: 0.75759 |  0:00:39s
epoch 27 | loss: 0.42559 | val_auc: 0.76145 |  0:00:40s
epoch 28 | loss: 0.42624 | val_auc: 0.75835 |  0:00:41s
epoch 29 | loss: 0.42695 | val_auc: 0.76127 |  0:00:43s
epoch 30 | loss: 0.42534 | val_auc: 0.76713 |  0:00:44s
epoch 31 | loss: 0.42456 | val_auc: 0.75948 |  0:00:46s
epoch 32 | loss: 0.42457 | val_auc: 0.76222 |  0:00:47s
epoch 33 | loss: 0.42715 | val_auc: 0.75949 |  0:00:49s

Early stopping occurred at epoch 33 with best_epoch = 18 and best_val_auc = 0.7683
epoch 0  | loss: 0.81795 | val_auc: 0.69599 |  0:00:01s
epoch 1  | loss: 0.53998 | val_auc: 0.74726 |  0:00:03s
epoch 2  | loss: 0.49302 | val_auc: 0.75823 |  0:00:04s
epoch 3  | loss: 0.46809 | val_auc: 0.77044 |  0:00:05s
epoch 4  | loss: 0.46088 | val_auc: 0.77628 |  0:00:07s
epoch 5  | loss: 0.46004 | val_auc: 0.77433 |  0:00:08s
epoch 6  | loss: 0.45688 | val_auc: 0.77784 |  0:00:10s
epoch 7  | loss: 0.45391 | val_auc: 0.7851  |  0:00:11s
epoch 8  | loss: 0.45391 | val_auc: 0.77796 |  0:00:13s
epoch 9  | loss: 0.45164 | val_auc: 0.76656 |  0:00:14s
epoch 10 | loss: 0.44763 | val_auc: 0.79247 |  0:00:15s
epoch 11 | loss: 0.44473 | val_auc: 0.79133 |  0:00:17s
epoch 12 | loss: 0.444   | val_auc: 0.7815  |  0:00:18s
epoch 13 | loss: 0.44371 | val_auc: 0.79138 |  0:00:20s
epoch 14 | loss: 0.4434  | val_auc: 0.79278 |  0:00:21s
epoch 15 | loss: 0.44666 | val_auc: 0.7906  |  0:00:23s
epoch 16 | loss: 0.44437 | val_auc: 0.78247 |  0:00:24s
epoch 17 | loss: 0.4442  | val_auc: 0.77522 |  0:00:26s
epoch 18 | loss: 0.44215 | val_auc: 0.79442 |  0:00:27s
epoch 19 | loss: 0.44019 | val_auc: 0.79399 |  0:00:29s
epoch 20 | loss: 0.43732 | val_auc: 0.79846 |  0:00:30s
epoch 21 | loss: 0.43667 | val_auc: 0.79788 |  0:00:32s
epoch 22 | loss: 0.43734 | val_auc: 0.7995  |  0:00:33s
epoch 23 | loss: 0.43896 | val_auc: 0.79662 |  0:00:34s
epoch 24 | loss: 0.4355  | val_auc: 0.80042 |  0:00:36s
epoch 25 | loss: 0.43385 | val_auc: 0.79687 |  0:00:37s
epoch 26 | loss: 0.43263 | val_auc: 0.80078 |  0:00:39s
epoch 27 | loss: 0.4327  | val_auc: 0.80175 |  0:00:40s
epoch 28 | loss: 0.43376 | val_auc: 0.79798 |  0:00:42s
epoch 29 | loss: 0.43445 | val_auc: 0.79564 |  0:00:43s
epoch 30 | loss: 0.43333 | val_auc: 0.7984  |  0:00:45s
epoch 31 | loss: 0.43317 | val_auc: 0.79644 |  0:00:46s
epoch 32 | loss: 0.43405 | val_auc: 0.80027 |  0:00:48s
epoch 33 | loss: 0.43524 | val_auc: 0.79822 |  0:00:49s
epoch 34 | loss: 0.43609 | val_auc: 0.79991 |  0:00:50s
epoch 35 | loss: 0.43622 | val_auc: 0.79997 |  0:00:52s
epoch 36 | loss: 0.43338 | val_auc: 0.79924 |  0:00:53s
epoch 37 | loss: 0.4321  | val_auc: 0.80654 |  0:00:55s
epoch 38 | loss: 0.43188 | val_auc: 0.80441 |  0:00:56s
epoch 39 | loss: 0.43245 | val_auc: 0.80178 |  0:00:58s
epoch 40 | loss: 0.43171 | val_auc: 0.79849 |  0:01:00s
epoch 41 | loss: 0.43364 | val_auc: 0.79602 |  0:01:01s
epoch 42 | loss: 0.4345  | val_auc: 0.7986  |  0:01:03s
epoch 43 | loss: 0.43435 | val_auc: 0.7977  |  0:01:04s
epoch 44 | loss: 0.43449 | val_auc: 0.79651 |  0:01:05s
epoch 45 | loss: 0.43289 | val_auc: 0.79674 |  0:01:07s
epoch 46 | loss: 0.43377 | val_auc: 0.79409 |  0:01:08s
epoch 47 | loss: 0.43144 | val_auc: 0.79828 |  0:01:10s
epoch 48 | loss: 0.43166 | val_auc: 0.79802 |  0:01:11s
epoch 49 | loss: 0.43342 | val_auc: 0.80108 |  0:01:13s
epoch 50 | loss: 0.43084 | val_auc: 0.80503 |  0:01:14s
epoch 51 | loss: 0.43106 | val_auc: 0.80489 |  0:01:16s
epoch 52 | loss: 0.43255 | val_auc: 0.80616 |  0:01:17s

Early stopping occurred at epoch 52 with best_epoch = 37 and best_val_auc = 0.80654
epoch 0  | loss: 0.71791 | val_auc: 0.67262 |  0:00:01s
epoch 1  | loss: 0.54345 | val_auc: 0.73299 |  0:00:03s
epoch 2  | loss: 0.48567 | val_auc: 0.73216 |  0:00:04s
epoch 3  | loss: 0.45863 | val_auc: 0.75495 |  0:00:06s
epoch 4  | loss: 0.4531  | val_auc: 0.75386 |  0:00:07s
epoch 5  | loss: 0.4486  | val_auc: 0.76153 |  0:00:09s
epoch 6  | loss: 0.44732 | val_auc: 0.76875 |  0:00:10s
epoch 7  | loss: 0.44689 | val_auc: 0.75744 |  0:00:11s00:24:21  INFO      models.tabnet_model  TabNet trained | device=mps  best_epoch=47  elapsed=93.5s
00:24:22  INFO      models.tabnet_model  Apple MPS backend passed smoke test — using GPU acceleration.
00:24:22  INFO      models.tabnet_model  TabNet starting | device=mps  max_epochs=200  patience=15  batch_size=1024  n_train=19200
00:26:09  INFO      models.tabnet_model  TabNet trained | device=mps  best_epoch=55  elapsed=106.9s
00:26:09  INFO      models.tabnet_model  Apple MPS backend passed smoke test — using GPU acceleration.
00:26:09  INFO      models.tabnet_model  TabNet starting | device=mps  max_epochs=200  patience=15  batch_size=1024  n_train=24000

epoch 8  | loss: 0.44833 | val_auc: 0.7605  |  0:00:13s
epoch 9  | loss: 0.44611 | val_auc: 0.75097 |  0:00:14s
epoch 10 | loss: 0.44377 | val_auc: 0.75733 |  0:00:16s
epoch 11 | loss: 0.4441  | val_auc: 0.76316 |  0:00:17s
epoch 12 | loss: 0.44632 | val_auc: 0.75862 |  0:00:19s
epoch 13 | loss: 0.44234 | val_auc: 0.76016 |  0:00:20s
epoch 14 | loss: 0.44077 | val_auc: 0.76172 |  0:00:22s
epoch 15 | loss: 0.44071 | val_auc: 0.76425 |  0:00:23s
epoch 16 | loss: 0.43831 | val_auc: 0.75704 |  0:00:24s
epoch 17 | loss: 0.4373  | val_auc: 0.75217 |  0:00:26s
epoch 18 | loss: 0.43855 | val_auc: 0.76307 |  0:00:27s
epoch 19 | loss: 0.43509 | val_auc: 0.76969 |  0:00:29s
epoch 20 | loss: 0.43355 | val_auc: 0.76603 |  0:00:30s
epoch 21 | loss: 0.43351 | val_auc: 0.76728 |  0:00:32s
epoch 22 | loss: 0.43283 | val_auc: 0.76694 |  0:00:33s
epoch 23 | loss: 0.43541 | val_auc: 0.76996 |  0:00:35s
epoch 24 | loss: 0.43029 | val_auc: 0.76853 |  0:00:36s
epoch 25 | loss: 0.43082 | val_auc: 0.76706 |  0:00:38s
epoch 26 | loss: 0.42938 | val_auc: 0.7682  |  0:00:39s
epoch 27 | loss: 0.4298  | val_auc: 0.7706  |  0:00:41s
epoch 28 | loss: 0.43027 | val_auc: 0.76951 |  0:00:42s
epoch 29 | loss: 0.43042 | val_auc: 0.76925 |  0:00:43s
epoch 30 | loss: 0.42967 | val_auc: 0.77241 |  0:00:45s
epoch 31 | loss: 0.42623 | val_auc: 0.77013 |  0:00:47s
epoch 32 | loss: 0.42665 | val_auc: 0.77101 |  0:00:48s
epoch 33 | loss: 0.42754 | val_auc: 0.77438 |  0:00:50s
epoch 34 | loss: 0.42788 | val_auc: 0.77002 |  0:00:51s
epoch 35 | loss: 0.42786 | val_auc: 0.77117 |  0:00:52s
epoch 36 | loss: 0.42637 | val_auc: 0.76852 |  0:00:54s
epoch 37 | loss: 0.42798 | val_auc: 0.77277 |  0:00:55s
epoch 38 | loss: 0.42662 | val_auc: 0.77156 |  0:00:57s
epoch 39 | loss: 0.42893 | val_auc: 0.76647 |  0:00:58s
epoch 40 | loss: 0.4272  | val_auc: 0.7708  |  0:01:00s
epoch 41 | loss: 0.43125 | val_auc: 0.77014 |  0:01:01s
epoch 42 | loss: 0.42809 | val_auc: 0.76424 |  0:01:03s
epoch 43 | loss: 0.42717 | val_auc: 0.77032 |  0:01:04s
epoch 44 | loss: 0.42675 | val_auc: 0.76571 |  0:01:06s
epoch 45 | loss: 0.4237  | val_auc: 0.77117 |  0:01:07s
epoch 46 | loss: 0.42438 | val_auc: 0.77479 |  0:01:08s
epoch 47 | loss: 0.42481 | val_auc: 0.77851 |  0:01:10s
epoch 48 | loss: 0.42481 | val_auc: 0.77264 |  0:01:11s
epoch 49 | loss: 0.4259  | val_auc: 0.7693  |  0:01:13s
epoch 50 | loss: 0.42776 | val_auc: 0.77059 |  0:01:14s
epoch 51 | loss: 0.42501 | val_auc: 0.77737 |  0:01:16s
epoch 52 | loss: 0.42365 | val_auc: 0.77184 |  0:01:17s
epoch 53 | loss: 0.42618 | val_auc: 0.77346 |  0:01:19s
epoch 54 | loss: 0.42669 | val_auc: 0.772   |  0:01:20s
epoch 55 | loss: 0.42465 | val_auc: 0.77583 |  0:01:22s
epoch 56 | loss: 0.42613 | val_auc: 0.76904 |  0:01:23s
epoch 57 | loss: 0.42656 | val_auc: 0.77086 |  0:01:25s
epoch 58 | loss: 0.42718 | val_auc: 0.76865 |  0:01:26s
epoch 59 | loss: 0.42526 | val_auc: 0.7719  |  0:01:28s
epoch 60 | loss: 0.42488 | val_auc: 0.77324 |  0:01:29s
epoch 61 | loss: 0.42448 | val_auc: 0.77346 |  0:01:31s
epoch 62 | loss: 0.42306 | val_auc: 0.77178 |  0:01:32s

Early stopping occurred at epoch 62 with best_epoch = 47 and best_val_auc = 0.77851
epoch 0  | loss: 0.73252 | val_auc: 0.67819 |  0:00:01s
epoch 1  | loss: 0.54521 | val_auc: 0.68577 |  0:00:03s
epoch 2  | loss: 0.48653 | val_auc: 0.73764 |  0:00:04s
epoch 3  | loss: 0.46813 | val_auc: 0.74103 |  0:00:06s
epoch 4  | loss: 0.46302 | val_auc: 0.74135 |  0:00:08s
epoch 5  | loss: 0.46169 | val_auc: 0.74232 |  0:00:10s
epoch 6  | loss: 0.45604 | val_auc: 0.74735 |  0:00:12s
epoch 7  | loss: 0.4497  | val_auc: 0.74473 |  0:00:13s
epoch 8  | loss: 0.44773 | val_auc: 0.75966 |  0:00:15s
epoch 9  | loss: 0.44494 | val_auc: 0.75166 |  0:00:17s
epoch 10 | loss: 0.44394 | val_auc: 0.75931 |  0:00:18s
epoch 11 | loss: 0.44216 | val_auc: 0.7527  |  0:00:20s
epoch 12 | loss: 0.44221 | val_auc: 0.74773 |  0:00:21s
epoch 13 | loss: 0.44061 | val_auc: 0.75287 |  0:00:22s
epoch 14 | loss: 0.4425  | val_auc: 0.75424 |  0:00:24s
epoch 15 | loss: 0.44191 | val_auc: 0.75277 |  0:00:25s
epoch 16 | loss: 0.44069 | val_auc: 0.76407 |  0:00:27s
epoch 17 | loss: 0.44057 | val_auc: 0.76086 |  0:00:28s
epoch 18 | loss: 0.44181 | val_auc: 0.75834 |  0:00:30s
epoch 19 | loss: 0.4381  | val_auc: 0.75715 |  0:00:31s
epoch 20 | loss: 0.43806 | val_auc: 0.76149 |  0:00:33s
epoch 21 | loss: 0.43745 | val_auc: 0.75676 |  0:00:34s
epoch 22 | loss: 0.44108 | val_auc: 0.7579  |  0:00:36s
epoch 23 | loss: 0.44101 | val_auc: 0.76383 |  0:00:37s
epoch 24 | loss: 0.43516 | val_auc: 0.75985 |  0:00:39s
epoch 25 | loss: 0.43579 | val_auc: 0.76803 |  0:00:40s
epoch 26 | loss: 0.43356 | val_auc: 0.76169 |  0:00:41s
epoch 27 | loss: 0.43314 | val_auc: 0.76037 |  0:00:43s
epoch 28 | loss: 0.43368 | val_auc: 0.76307 |  0:00:44s
epoch 29 | loss: 0.43468 | val_auc: 0.75858 |  0:00:46s
epoch 30 | loss: 0.43202 | val_auc: 0.75529 |  0:00:47s
epoch 31 | loss: 0.43036 | val_auc: 0.76361 |  0:00:49s
epoch 32 | loss: 0.42852 | val_auc: 0.76585 |  0:00:50s
epoch 33 | loss: 0.42835 | val_auc: 0.75644 |  0:00:52s
epoch 34 | loss: 0.42973 | val_auc: 0.76934 |  0:00:53s
epoch 35 | loss: 0.42947 | val_auc: 0.76566 |  0:00:54s
epoch 36 | loss: 0.4278  | val_auc: 0.76902 |  0:00:56s
epoch 37 | loss: 0.4272  | val_auc: 0.76913 |  0:00:57s
epoch 38 | loss: 0.42605 | val_auc: 0.76854 |  0:00:59s
epoch 39 | loss: 0.42833 | val_auc: 0.76419 |  0:01:00s
epoch 40 | loss: 0.42918 | val_auc: 0.76363 |  0:01:02s
epoch 41 | loss: 0.4283  | val_auc: 0.7676  |  0:01:03s
epoch 42 | loss: 0.42733 | val_auc: 0.76791 |  0:01:05s
epoch 43 | loss: 0.42776 | val_auc: 0.76358 |  0:01:06s
epoch 44 | loss: 0.43075 | val_auc: 0.76039 |  0:01:08s
epoch 45 | loss: 0.42976 | val_auc: 0.76385 |  0:01:09s
epoch 46 | loss: 0.42846 | val_auc: 0.76605 |  0:01:11s
epoch 47 | loss: 0.42707 | val_auc: 0.77021 |  0:01:12s
epoch 48 | loss: 0.42702 | val_auc: 0.76904 |  0:01:14s
epoch 49 | loss: 0.42862 | val_auc: 0.76945 |  0:01:15s
epoch 50 | loss: 0.42587 | val_auc: 0.77267 |  0:01:16s
epoch 51 | loss: 0.42528 | val_auc: 0.76835 |  0:01:18s
epoch 52 | loss: 0.42561 | val_auc: 0.76783 |  0:01:19s
epoch 53 | loss: 0.42652 | val_auc: 0.76396 |  0:01:21s
epoch 54 | loss: 0.42559 | val_auc: 0.76906 |  0:01:22s
epoch 55 | loss: 0.4245  | val_auc: 0.77587 |  0:01:24s
epoch 56 | loss: 0.42321 | val_auc: 0.77468 |  0:01:25s
epoch 57 | loss: 0.42302 | val_auc: 0.77341 |  0:01:27s
epoch 58 | loss: 0.42276 | val_auc: 0.77208 |  0:01:28s
epoch 59 | loss: 0.42286 | val_auc: 0.76888 |  0:01:30s
epoch 60 | loss: 0.42275 | val_auc: 0.77068 |  0:01:31s
epoch 61 | loss: 0.42223 | val_auc: 0.76453 |  0:01:32s
epoch 62 | loss: 0.42077 | val_auc: 0.76586 |  0:01:34s
epoch 63 | loss: 0.42122 | val_auc: 0.76508 |  0:01:35s
epoch 64 | loss: 0.42108 | val_auc: 0.77013 |  0:01:37s
epoch 65 | loss: 0.42032 | val_auc: 0.76744 |  0:01:38s
epoch 66 | loss: 0.4183  | val_auc: 0.76794 |  0:01:40s
epoch 67 | loss: 0.41836 | val_auc: 0.76417 |  0:01:41s
epoch 68 | loss: 0.41735 | val_auc: 0.76362 |  0:01:43s
epoch 69 | loss: 0.41722 | val_auc: 0.76565 |  0:01:44s
epoch 70 | loss: 0.41551 | val_auc: 0.77112 |  0:01:45s

Early stopping occurred at epoch 70 with best_epoch = 55 and best_val_auc = 0.77587
epoch 0  | loss: 0.71868 | val_auc: 0.73146 |  0:00:02s
epoch 1  | loss: 0.50403 | val_auc: 0.74087 |  0:00:04s
epoch 2  | loss: 0.46421 | val_auc: 0.76412 |  0:00:05s
epoch 3  | loss: 0.45274 | val_auc: 0.76206 |  0:00:07s
epoch 4  | loss: 0.4554  | val_auc: 0.77236 |  0:00:09s
epoch 5  | loss: 0.44771 | val_auc: 0.77177 |  0:00:11s
epoch 6  | loss: 0.44456 | val_auc: 0.7654  |  0:00:13s
epoch 7  | loss: 0.44757 | val_auc: 0.77041 |  0:00:15s
epoch 8  | loss: 0.44237 | val_auc: 0.78219 |  0:00:16s
epoch 9  | loss: 0.44141 | val_auc: 0.77711 |  0:00:18s
epoch 10 | loss: 0.43941 | val_auc: 0.78362 |  0:00:20s
epoch 11 | loss: 0.43915 | val_auc: 0.78604 |  0:00:22s
epoch 12 | loss: 0.43626 | val_auc: 0.78506 |  0:00:24s
epoch 13 | loss: 0.43607 | val_auc: 0.78848 |  0:00:26s
epoch 14 | loss: 0.43649 | val_auc: 0.7829  |  0:00:28s
epoch 15 | loss: 0.43402 | val_auc: 0.78166 |  0:00:29s
epoch 16 | loss: 0.43413 | val_auc: 0.78168 |  0:00:31s
epoch 17 | loss: 0.4373  | val_auc: 0.77995 |  0:00:33s00:27:04  INFO      models.tabnet_model  TabNet trained | device=mps  best_epoch=13  elapsed=55.3s
00:27:04  INFO      models.tabnet_model  TabNet model saved to /Users/harekrishna/Downloads/credit-default-xai-benchmark 2/results/outputs/uci/runs/seed_123/models/tabnet.pkl
00:27:04  INFO      pipeline  ============================================================
00:27:04  INFO      pipeline  STAGE 4: Evaluation (selection on OOF; test scored once)
00:27:04  INFO      pipeline  ============================================================
00:27:05  INFO      pipeline  XGBoost | OOF AUROC=0.7860  f1*=0.5504 @ t=0.29 | test AUROC=0.7873  F1=0.5523  MCC=0.4239
00:27:05  INFO      pipeline  LightGBM | OOF AUROC=0.7852  f1*=0.5473 @ t=0.28 | test AUROC=0.7888  F1=0.5484  MCC=0.4165
00:27:05  INFO      pipeline  CatBoost | OOF AUROC=0.7847  f1*=0.5514 @ t=0.57 | test AUROC=0.7893  F1=0.5541  MCC=0.4226
00:27:05  INFO      pipeline  Random Forest | OOF AUROC=0.7829  f1*=0.5447 @ t=0.59 | test AUROC=0.7863  F1=0.5462  MCC=0.4204
00:27:06  INFO      pipeline  Logistic Reg. | OOF AUROC=0.7683  f1*=0.5346 @ t=0.60 | test AUROC=0.7664  F1=0.5430  MCC=0.4107
00:27:06  INFO      pipeline  TabNet | OOF AUROC=0.7747  f1*=0.5384 @ t=0.29 | test AUROC=0.7804  F1=0.5455  MCC=0.4121
00:27:06  INFO      pipeline  LaTeX table → /Users/harekrishna/Downloads/credit-default-xai-benchmark 2/results/outputs/uci/runs/seed_123/results/table2_test_metrics.tex
00:27:06  INFO      pipeline  
                AUROC   AUPRC      F1  Precision  Recall  Specificity  G-Mean     MCC   Brier
Model                                                                                        
XGBoost        0.7873  0.5678  0.5523     0.5478  0.5569       0.8695  0.6958  0.4239  0.1319
LightGBM       0.7888  0.5719  0.5484     0.5360  0.5614       0.8620  0.6956  0.4165  0.1318
CatBoost       0.7893  0.5704  0.5541     0.5367  0.5727       0.8596  0.7017  0.4226  0.1757
Random Forest  0.7863  0.5695  0.5462     0.5562  0.5365       0.8785  0.6865  0.4204  0.1765
Logistic Reg.  0.7664  0.5277  0.5430     0.5347  0.5516       0.8637  0.6902  0.4107  0.1868
TabNet         0.7804  0.5291  0.5455     0.5310  0.5607       0.8594  0.6941  0.4121  0.1381
00:27:06  INFO      visualization.plots  Fig 2 saved → /Users/harekrishna/Downloads/credit-default-xai-benchmark 2/results/outputs/uci/runs/seed_123/figures/fig02_roc_curves.pdf
00:27:06  INFO      visualization.plots  Fig 3 saved → /Users/harekrishna/Downloads/credit-default-xai-benchmark 2/results/outputs/uci/runs/seed_123/figures/fig03_pr_curves.pdf
00:27:07  INFO      visualization.plots  Fig 4 saved → /Users/harekrishna/Downloads/credit-default-xai-benchmark 2/results/outputs/uci/runs/seed_123/figures/fig04_confusion_xgboost.pdf
00:40:35  INFO      pipeline  Skipping TabNet in Fig 10 ablation (pass --full-ablation to include).
00:40:35  INFO      visualization.plots  Fig 10 saved → /Users/harekrishna/Downloads/credit-default-xai-benchmark 2/results/outputs/uci/runs/seed_123/figures/fig10_smote_ablation.pdf
00:40:35  INFO      pipeline  ============================================================
00:40:35  INFO      pipeline  STAGE 5: SHAP Explanations
00:40:35  INFO      pipeline  ============================================================
00:40:36  INFO      explainability.shap_explainer  SHAP TreeExplainer initialised | output_space=log_odds
00:40:36  INFO      explainability.shap_explainer  SHAP values computed | shape=(2000, 31)
00:40:36  INFO      explainability.shap_explainer  SHAP additivity check | MAE=0.00000 | PASS ✓
00:40:36  INFO      explainability.shap_explainer  Saved SHAP summary → /Users/harekrishna/Downloads/credit-default-xai-benchmark 2/results/outputs/uci/runs/seed_123/figures/fig05a_shap_summary_XGBoost.pdf
00:40:37  INFO      explainability.shap_explainer  Saved SHAP bar → /Users/harekrishna/Downloads/credit-default-xai-benchmark 2/results/outputs/uci/runs/seed_123/figures/fig05b_shap_bar_XGBoost.pdf
00:40:37  INFO      explainability.shap_explainer  Saved SHAP dependence → /Users/harekrishna/Downloads/credit-default-xai-benchmark 2/results/outputs/uci/runs/seed_123/figures/fig06_shap_dep_PAY_0.pdf
00:40:37  INFO      pipeline  LaTeX table → /Users/harekrishna/Downloads/credit-default-xai-benchmark 2/results/outputs/uci/runs/seed_123/results/table3_shap_ranking.tex
00:40:37  INFO      visualization.plots  Fig 8 saved → /Users/harekrishna/Downloads/credit-default-xai-benchmark 2/results/outputs/uci/runs/seed_123/figures/fig08_importance_comparison.pdf
00:40:38  INFO      visualization.plots  Fig 9 saved → /Users/harekrishna/Downloads/credit-default-xai-benchmark 2/results/outputs/uci/runs/seed_123/figures/fig09_threshold_sweep.pdf
00:40:38  INFO      pipeline  ============================================================
00:40:38  INFO      pipeline  STAGE 6: LIME Explanations
00:40:38  INFO      pipeline  ============================================================
00:40:38  INFO      explainability.lime_explainer  LIME tabular explainer initialised | features=31
00:40:38  INFO      pipeline  Local instances selected: {'TP': 2644, 'FP': 5275, 'FN': 2475, 'TN': 307}
00:40:38  INFO      explainability.lime_explainer  Saved LIME explanation → /Users/harekrishna/Downloads/credit-default-xai-benchmark 2/results/outputs/uci/runs/seed_123/figures/fig07_tp_lime.pdf
00:40:38  INFO      explainability.lime_explainer  Saved LIME explanation → /Users/harekrishna/Downloads/credit-default-xai-benchmark 2/results/outputs/uci/runs/seed_123/figures/fig07_fp_lime.pdf
00:40:38  INFO      explainability.lime_explainer  Saved LIME explanation → /Users/harekrishna/Downloads/credit-default-xai-benchmark 2/results/outputs/uci/runs/seed_123/figures/fig07_fn_lime.pdf
00:40:38  INFO      explainability.lime_explainer  Saved LIME explanation → /Users/harekrishna/Downloads/credit-default-xai-benchmark 2/results/outputs/uci/runs/seed_123/figures/fig07_tn_lime.pdf
00:40:39  INFO      explainability.lime_explainer  Saved LIME multi-instance grid → /Users/harekrishna/Downloads/credit-default-xai-benchmark 2/results/outputs/uci/runs/seed_123/figures/fig07_lime_multi_instance.pdf
00:40:41  INFO      explainability.lime_explainer  LIME batch complete | n=200
00:40:42  INFO      explainability.lime_explainer  SHAP–LIME agreement | mean ρ=0.602 ± 0.190
00:40:42  INFO      explainability.lime_explainer  LIME tabular explainer initialised | features=31
00:40:42  INFO      explainability.lime_explainer  LIME tabular explainer initialised | features=31
00:40:42  INFO      explainability.lime_explainer  LIME tabular explainer initialised | features=31
00:40:42  INFO      explainability.lime_explainer  LIME tabular explainer initialised | features=31
00:40:42  INFO      explainability.lime_explainer  LIME tabular explainer initialised | features=31
00:40:42  INFO      explainability.lime_explainer  LIME tabular explainer initialised | features=31
00:40:42  INFO      explainability.lime_explainer  LIME tabular explainer initialised | features=31
00:40:43  INFO      explainability.lime_explainer  LIME tabular explainer initialised | features=31
00:40:43  INFO      explainability.lime_explainer  LIME tabular explainer initialised | features=31
00:40:43  INFO      explainability.lime_explainer  LIME tabular explainer initialised | features=31
00:40:43  INFO      explainability.lime_explainer  LIME tabular explainer initialised | features=31
00:40:43  INFO      explainability.lime_explainer  LIME tabular explainer initialised | features=31
00:40:43  INFO      explainability.lime_explainer  LIME tabular explainer initialised | features=31
00:40:43  INFO      explainability.lime_explainer  LIME tabular explainer initialised | features=31
00:40:44  INFO      explainability.lime_explainer  LIME tabular explainer initialised | features=31
00:40:44  INFO      explainability.lime_explainer  LIME tabular explainer initialised | features=31
00:40:44  INFO      explainability.lime_explainer  LIME tabular explainer initialised | features=31
00:40:44  INFO      explainability.lime_explainer  LIME tabular explainer initialised | features=31
00:40:44  INFO      explainability.lime_explainer  LIME tabular explainer initialised | features=31
00:40:44  INFO      explainability.lime_explainer  LIME tabular explainer initialised | features=31
00:40:44  INFO      explainability.lime_explainer  LIME tabular explainer initialised | features=31
00:40:45  INFO      explainability.lime_explainer  LIME tabular explainer initialised | features=31
00:40:45  INFO      explainability.lime_explainer  LIME tabular explainer initialised | features=31
00:40:45  INFO      explainability.lime_explainer  LIME tabular explainer initialised | features=31
00:40:45  INFO      explainability.lime_explainer  LIME tabular explainer initialised | features=31
00:40:45  INFO      explainability.lime_explainer  LIME tabular explainer initialised | features=31
00:40:45  INFO      explainability.lime_explainer  LIME tabular explainer initialised | features=31
00:40:45  INFO      explainability.lime_explainer  LIME tabular explainer initialised | features=31
00:40:46  INFO      explainability.lime_explainer  LIME tabular explainer initialised | features=31
00:40:46  INFO      explainability.lime_explainer  LIME tabular explainer initialised | features=31
00:40:46  INFO      explainability.lime_explainer  LIME tabular explainer initialised | features=31
00:40:46  INFO      explainability.lime_explainer  LIME tabular explainer initialised | features=31
00:40:46  INFO      explainability.lime_explainer  LIME tabular explainer initialised | features=31
00:40:46  INFO      explainability.lime_explainer  LIME tabular explainer initialised | features=31
00:40:46  INFO      explainability.lime_explainer  LIME tabular explainer initialised | features=31
00:40:46  INFO      explainability.lime_explainer  LIME tabular explainer initialised | features=31
00:40:47  INFO      explainability.lime_explainer  LIME tabular explainer initialised | features=31
00:40:47  INFO      explainability.lime_explainer  LIME tabular explainer initialised | features=31
00:40:47  INFO      explainability.lime_explainer  LIME tabular explainer initialised | features=31
00:40:47  INFO      explainability.lime_explainer  LIME tabular explainer initialised | features=31
00:40:47  INFO      explainability.lime_explainer  LIME tabular explainer initialised | features=31
00:40:47  INFO      explainability.lime_explainer  LIME tabular explainer initialised | features=31
00:40:47  INFO      explainability.lime_explainer  LIME tabular explainer initialised | features=31
00:40:48  INFO      explainability.lime_explainer  LIME tabular explainer initialised | features=31
00:40:48  INFO      explainability.lime_explainer  LIME tabular explainer initialised | features=31
00:40:48  INFO      explainability.lime_explainer  LIME tabular explainer initialised | features=31
00:40:48  INFO      explainability.lime_explainer  LIME tabular explainer initialised | features=31
00:40:48  INFO      explainability.lime_explainer  LIME tabular explainer initialised | features=31
00:40:48  INFO      explainability.lime_explainer  LIME tabular explainer initialised | features=31
00:40:48  INFO      explainability.lime_explainer  LIME tabular explainer initialised | features=31
00:40:48  INFO      explainability.lime_explainer  LIME tabular explainer initialised | features=31
00:40:49  INFO      explainability.lime_explainer  LIME tabular explainer initialised | features=31
00:40:49  INFO      explainability.lime_explainer  LIME tabular explainer initialised | features=31
00:40:49  INFO      explainability.lime_explainer  LIME tabular explainer initialised | features=31
00:40:49  INFO      explainability.lime_explainer  LIME tabular explainer initialised | features=31
00:40:49  INFO      explainability.lime_explainer  LIME tabular explainer initialised | features=31
00:40:49  INFO      explainability.lime_explainer  LIME tabular explainer initialised | features=31
00:40:49  INFO      explainability.lime_explainer  LIME tabular explainer initialised | features=31
00:40:50  INFO      explainability.lime_explainer  LIME tabular explainer initialised | features=31
00:40:50  INFO      explainability.lime_explainer  LIME tabular explainer initialised | features=31
00:40:50  INFO      explainability.lime_explainer  LIME tabular explainer initialised | features=31
00:40:50  INFO      explainability.lime_explainer  LIME tabular explainer initialised | features=31
00:40:50  INFO      explainability.lime_explainer  LIME tabular explainer initialised | features=31
00:40:50  INFO      explainability.lime_explainer  LIME tabular explainer initialised | features=31
00:40:50  INFO      explainability.lime_explainer  LIME tabular explainer initialised | features=31
00:40:51  INFO      explainability.lime_explainer  LIME tabular explainer initialised | features=31
00:40:51  INFO      explainability.lime_explainer  LIME tabular explainer initialised | features=31
00:40:51  INFO      explainability.lime_explainer  LIME tabular explainer initialised | features=31
00:40:51  INFO      explainability.lime_explainer  LIME tabular explainer initialised | features=31
00:40:51  INFO      explainability.lime_explainer  LIME tabular explainer initialised | features=31
00:40:51  INFO      explainability.lime_explainer  LIME tabular explainer initialised | features=31
00:40:51  INFO      explainability.lime_explainer  LIME tabular explainer initialised | features=31
00:40:51  INFO      explainability.lime_explainer  LIME tabular explainer initialised | features=31
00:40:52  INFO      explainability.lime_explainer  LIME tabular explainer initialised | features=31
00:40:52  INFO      explainability.lime_explainer  LIME tabular explainer initialised | features=31
00:40:52  INFO      explainability.lime_explainer  LIME tabular explainer initialised | features=31
00:40:52  INFO      explainability.lime_explainer  LIME tabular explainer initialised | features=31
00:40:52  INFO      explainability.lime_explainer  LIME tabular explainer initialised | features=31
00:40:52  INFO      explainability.lime_explainer  LIME tabular explainer initialised | features=31
00:40:52  INFO      explainability.lime_explainer  LIME tabular explainer initialised | features=31
00:40:53  INFO      explainability.lime_explainer  LIME tabular explainer initialised | features=31
00:40:53  INFO      explainability.lime_explainer  LIME tabular explainer initialised | features=31
00:40:53  INFO      explainability.lime_explainer  LIME tabular explainer initialised | features=31
00:40:53  INFO      explainability.lime_explainer  LIME tabular explainer initialised | features=31
00:40:53  INFO      explainability.lime_explainer  LIME tabular explainer initialised | features=31
00:40:53  INFO      explainability.lime_explainer  LIME tabular explainer initialised | features=31
00:40:53  INFO      explainability.lime_explainer  LIME tabular explainer initialised | features=31
00:40:53  INFO      explainability.lime_explainer  LIME tabular explainer initialised | features=31
00:40:54  INFO      explainability.lime_explainer  LIME tabular explainer initialised | features=31
00:40:54  INFO      explainability.lime_explainer  LIME tabular explainer initialised | features=31
00:40:54  INFO      explainability.lime_explainer  LIME tabular explainer initialised | features=31
00:40:54  INFO      explainability.lime_explainer  LIME tabular explainer initialised | features=31
00:40:54  INFO      explainability.lime_explainer  LIME tabular explainer initialised | features=31
00:40:54  INFO      explainability.lime_explainer  LIME tabular explainer initialised | features=31
00:40:54  INFO      explainability.lime_explainer  LIME tabular explainer initialised | features=31
00:40:55  INFO      explainability.lime_explainer  LIME tabular explainer initialised | features=31
00:40:55  INFO      explainability.lime_explainer  LIME tabular explainer initialised | features=31
00:40:55  INFO      explainability.lime_explainer  LIME tabular explainer initialised | features=31
00:40:55  INFO      explainability.lime_explainer  LIME tabular explainer initialised | features=31
00:40:55  INFO      explainability.lime_explainer  LIME tabular explainer initialised | features=31
00:40:55  INFO      explainability.lime_explainer  LIME tabular explainer initialised | features=31
00:40:55  INFO      explainability.lime_explainer  LIME tabular explainer initialised | features=31
00:40:56  INFO      explainability.lime_explainer  LIME tabular explainer initialised | features=31
00:40:56  INFO      explainability.lime_explainer  LIME tabular explainer initialised | features=31
00:40:56  INFO      explainability.lime_explainer  LIME tabular explainer initialised | features=31
00:40:56  INFO      explainability.lime_explainer  LIME tabular explainer initialised | features=31
00:40:56  INFO      explainability.lime_explainer  LIME tabular explainer initialised | features=31
00:40:56  INFO      explainability.lime_explainer  LIME tabular explainer initialised | features=31
00:40:56  INFO      explainability.lime_explainer  LIME tabular explainer initialised | features=31
00:40:56  INFO      explainability.lime_explainer  LIME tabular explainer initialised | features=31
00:40:57  INFO      explainability.lime_explainer  LIME tabular explainer initialised | features=31
00:40:57  INFO      explainability.lime_explainer  LIME tabular explainer initialised | features=31
00:40:57  INFO      explainability.lime_explainer  LIME tabular explainer initialised | features=31
00:40:57  INFO      explainability.lime_explainer  LIME tabular explainer initialised | features=31
00:40:57  INFO      explainability.lime_explainer  LIME tabular explainer initialised | features=31
00:40:57  INFO      explainability.lime_explainer  LIME tabular explainer initialised | features=31
00:40:57  INFO      explainability.lime_explainer  LIME tabular explainer initialised | features=31
00:40:58  INFO      explainability.lime_explainer  LIME tabular explainer initialised | features=31
00:40:58  INFO      explainability.lime_explainer  LIME tabular explainer initialised | features=31
00:40:58  INFO      explainability.lime_explainer  LIME tabular explainer initialised | features=31
00:40:58  INFO      explainability.lime_explainer  LIME tabular explainer initialised | features=31
00:40:58  INFO      explainability.lime_explainer  LIME tabular explainer initialised | features=31
00:40:58  INFO      explainability.lime_explainer  LIME tabular explainer initialised | features=31
00:40:58  INFO      explainability.lime_explainer  LIME tabular explainer initialised | features=31
00:40:59  INFO      explainability.lime_explainer  LIME tabular explainer initialised | features=31
00:40:59  INFO      explainability.lime_explainer  LIME tabular explainer initialised | features=31
00:40:59  INFO      explainability.lime_explainer  LIME tabular explainer initialised | features=31
00:40:59  INFO      explainability.lime_explainer  LIME tabular explainer initialised | features=31
00:40:59  INFO      explainability.lime_explainer  LIME tabular explainer initialised | features=31
00:40:59  INFO      explainability.lime_explainer  LIME tabular explainer initialised | features=31
00:40:59  INFO      explainability.lime_explainer  LIME tabular explainer initialised | features=31
00:40:59  INFO      explainability.lime_explainer  LIME tabular explainer initialised | features=31
00:41:00  INFO      explainability.lime_explainer  LIME tabular explainer initialised | features=31
00:41:00  INFO      explainability.lime_explainer  LIME tabular explainer initialised | features=31
00:41:00  INFO      explainability.lime_explainer  LIME tabular explainer initialised | features=31
00:41:00  INFO      explainability.lime_explainer  LIME tabular explainer initialised | features=31
00:41:00  INFO      explainability.lime_explainer  LIME tabular explainer initialised | features=31
00:41:00  INFO      explainability.lime_explainer  LIME tabular explainer initialised | features=31
00:41:00  INFO      explainability.lime_explainer  LIME tabular explainer initialised | features=31
00:41:01  INFO      explainability.lime_explainer  LIME tabular explainer initialised | features=31
00:41:01  INFO      explainability.lime_explainer  LIME tabular explainer initialised | features=31
00:41:01  INFO      explainability.lime_explainer  LIME tabular explainer initialised | features=31
00:41:01  INFO      explainability.lime_explainer  LIME tabular explainer initialised | features=31
00:41:01  INFO      explainability.lime_explainer  LIME tabular explainer initialised | features=31
00:41:01  INFO      explainability.lime_explainer  LIME tabular explainer initialised | features=31
00:41:01  INFO      explainability.lime_explainer  LIME tabular explainer initialised | features=31
00:41:02  INFO      explainability.lime_explainer  LIME tabular explainer initialised | features=31
00:41:02  INFO      explainability.lime_explainer  LIME tabular explainer initialised | features=31
00:41:02  INFO      explainability.lime_explainer  LIME tabular explainer initialised | features=31
00:41:02  INFO      explainability.lime_explainer  LIME tabular explainer initialised | features=31
00:41:02  INFO      explainability.lime_explainer  LIME tabular explainer initialised | features=31
00:41:02  INFO      explainability.lime_explainer  LIME tabular explainer initialised | features=31
00:41:02  INFO      explainability.lime_explainer  LIME tabular explainer initialised | features=31
00:41:02  INFO      explainability.lime_explainer  LIME tabular explainer initialised | features=31
00:41:03  INFO      explainability.lime_explainer  LIME tabular explainer initialised | features=31
00:41:03  INFO      explainability.lime_explainer  LIME tabular explainer initialised | features=31
00:41:03  INFO      explainability.lime_explainer  LIME tabular explainer initialised | features=31
00:41:03  INFO      explainability.lime_explainer  LIME tabular explainer initialised | features=31
00:41:03  INFO      explainability.lime_explainer  LIME tabular explainer initialised | features=31
00:41:03  INFO      explainability.lime_explainer  LIME tabular explainer initialised | features=31
00:41:03  INFO      explainability.lime_explainer  LIME tabular explainer initialised | features=31
00:41:04  INFO      explainability.lime_explainer  LIME tabular explainer initialised | features=31
00:41:04  INFO      explainability.lime_explainer  LIME tabular explainer initialised | features=31
00:41:04  INFO      explainability.lime_explainer  LIME tabular explainer initialised | features=31
00:41:04  INFO      explainability.lime_explainer  LIME tabular explainer initialised | features=31
00:41:04  INFO      explainability.lime_explainer  LIME tabular explainer initialised | features=31
00:41:04  INFO      explainability.lime_explainer  LIME tabular explainer initialised | features=31
00:41:04  INFO      explainability.lime_explainer  LIME tabular explainer initialised | features=31
00:41:05  INFO      explainability.lime_explainer  LIME tabular explainer initialised | features=31
00:41:05  INFO      explainability.lime_explainer  LIME tabular explainer initialised | features=31
00:41:05  INFO      explainability.lime_explainer  LIME tabular explainer initialised | features=31
00:41:05  INFO      explainability.lime_explainer  LIME tabular explainer initialised | features=31
00:41:05  INFO      explainability.lime_explainer  LIME tabular explainer initialised | features=31
00:41:05  INFO      explainability.lime_explainer  LIME tabular explainer initialised | features=31
00:41:05  INFO      explainability.lime_explainer  LIME tabular explainer initialised | features=31
00:41:06  INFO      explainability.lime_explainer  LIME tabular explainer initialised | features=31
00:41:06  INFO      explainability.lime_explainer  LIME tabular explainer initialised | features=31
00:41:06  INFO      explainability.lime_explainer  LIME tabular explainer initialised | features=31
00:41:06  INFO      explainability.lime_explainer  LIME tabular explainer initialised | features=31
00:41:06  INFO      explainability.lime_explainer  LIME tabular explainer initialised | features=31
00:41:06  INFO      explainability.lime_explainer  LIME tabular explainer initialised | features=31
00:41:06  INFO      explainability.lime_explainer  LIME tabular explainer initialised | features=31
00:41:06  INFO      explainability.lime_explainer  LIME tabular explainer initialised | features=31
00:41:07  INFO      explainability.lime_explainer  LIME tabular explainer initialised | features=31
00:41:07  INFO      explainability.lime_explainer  LIME tabular explainer initialised | features=31
00:41:07  INFO      explainability.lime_explainer  LIME tabular explainer initialised | features=31
00:41:07  INFO      explainability.lime_explainer  LIME tabular explainer initialised | features=31
00:41:07  INFO      explainability.lime_explainer  LIME tabular explainer initialised | features=31
00:41:07  INFO      explainability.lime_explainer  LIME tabular explainer initialised | features=31
00:41:07  INFO      explainability.lime_explainer  LIME tabular explainer initialised | features=31
00:41:08  INFO      explainability.lime_explainer  LIME tabular explainer initialised | features=31
00:41:08  INFO      explainability.lime_explainer  LIME tabular explainer initialised | features=31
00:41:08  INFO      explainability.lime_explainer  LIME tabular explainer initialised | features=31
00:41:08  INFO      explainability.lime_explainer  LIME tabular explainer initialised | features=31
00:41:08  INFO      explainability.lime_explainer  LIME tabular explainer initialised | features=31
00:41:08  INFO      explainability.lime_explainer  LIME tabular explainer initialised | features=31
00:41:08  INFO      explainability.lime_explainer  LIME tabular explainer initialised | features=31
00:41:09  INFO      explainability.lime_explainer  LIME tabular explainer initialised | features=31
00:41:09  INFO      explainability.lime_explainer  LIME tabular explainer initialised | features=31
00:41:09  INFO      explainability.lime_explainer  LIME tabular explainer initialised | features=31
00:41:09  INFO      explainability.lime_explainer  LIME tabular explainer initialised | features=31
00:41:09  INFO      explainability.lime_explainer  LIME tabular explainer initialised | features=31
00:41:09  INFO      explainability.lime_explainer  LIME tabular explainer initialised | features=31
00:41:09  INFO      explainability.lime_explainer  LIME tabular explainer initialised | features=31
00:41:09  INFO      explainability.lime_explainer  LIME tabular explainer initialised | features=31
00:41:10  INFO      explainability.lime_explainer  LIME tabular explainer initialised | features=31
00:41:10  INFO      explainability.lime_explainer  LIME tabular explainer initialised | features=31
00:41:10  INFO      explainability.lime_explainer  LIME tabular explainer initialised | features=31
00:41:10  INFO      explainability.lime_explainer  LIME tabular explainer initialised | features=31
00:41:10  INFO      explainability.lime_explainer  LIME tabular explainer initialised | features=31
00:41:10  INFO      explainability.lime_explainer  LIME tabular explainer initialised | features=31
00:41:10  INFO      explainability.lime_explainer  LIME tabular explainer initialised | features=31
00:41:11  INFO      explainability.lime_explainer  LIME tabular explainer initialised | features=31
00:41:11  INFO      explainability.lime_explainer  LIME tabular explainer initialised | features=31
00:41:11  INFO      explainability.lime_explainer  LIME tabular explainer initialised | features=31
00:41:11  INFO      explainability.lime_explainer  LIME tabular explainer initialised | features=31
00:41:11  INFO      explainability.lime_explainer  LIME tabular explainer initialised | features=31
00:41:11  INFO      explainability.lime_explainer  LIME tabular explainer initialised | features=31
00:41:11  INFO      explainability.lime_explainer  LIME tabular explainer initialised | features=31
00:41:12  INFO      explainability.lime_explainer  LIME tabular explainer initialised | features=31
00:41:12  INFO      explainability.lime_explainer  LIME tabular explainer initialised | features=31
00:41:12  INFO      explainability.lime_explainer  LIME tabular explainer initialised | features=31
00:41:12  INFO      explainability.lime_explainer  LIME tabular explainer initialised | features=31
00:41:12  INFO      explainability.lime_explainer  LIME tabular explainer initialised | features=31
00:41:12  INFO      explainability.lime_explainer  LIME tabular explainer initialised | features=31
00:41:12  INFO      explainability.lime_explainer  LIME tabular explainer initialised | features=31
00:41:12  INFO      explainability.lime_explainer  LIME tabular explainer initialised | features=31
00:41:13  INFO      explainability.lime_explainer  LIME tabular explainer initialised | features=31
00:41:13  INFO      explainability.lime_explainer  LIME tabular explainer initialised | features=31
00:41:13  INFO      explainability.lime_explainer  LIME tabular explainer initialised | features=31
00:41:13  INFO      explainability.lime_explainer  LIME tabular explainer initialised | features=31
00:41:13  INFO      explainability.lime_explainer  LIME tabular explainer initialised | features=31
00:41:13  INFO      explainability.lime_explainer  LIME tabular explainer initialised | features=31
00:41:13  INFO      explainability.lime_explainer  LIME tabular explainer initialised | features=31
00:41:14  INFO      explainability.lime_explainer  LIME tabular explainer initialised | features=31
00:41:14  INFO      explainability.lime_explainer  LIME tabular explainer initialised | features=31
00:41:14  INFO      explainability.lime_explainer  LIME tabular explainer initialised | features=31
00:41:14  INFO      explainability.lime_explainer  LIME tabular explainer initialised | features=31
00:41:14  INFO      explainability.lime_explainer  LIME tabular explainer initialised | features=31
00:41:14  INFO      explainability.lime_explainer  LIME tabular explainer initialised | features=31
00:41:14  INFO      explainability.lime_explainer  LIME tabular explainer initialised | features=31
00:41:15  INFO      explainability.lime_explainer  LIME tabular explainer initialised | features=31
00:41:15  INFO      explainability.lime_explainer  LIME tabular explainer initialised | features=31
00:41:15  INFO      explainability.lime_explainer  LIME tabular explainer initialised | features=31
00:41:15  INFO      explainability.lime_explainer  LIME tabular explainer initialised | features=31
00:41:15  INFO      explainability.lime_explainer  LIME tabular explainer initialised | features=31
00:41:15  INFO      explainability.lime_explainer  LIME tabular explainer initialised | features=31
00:41:15  INFO      explainability.lime_explainer  LIME tabular explainer initialised | features=31
00:41:15  INFO      explainability.lime_explainer  LIME tabular explainer initialised | features=31
00:41:16  INFO      explainability.lime_explainer  LIME tabular explainer initialised | features=31
00:41:16  INFO      explainability.lime_explainer  LIME tabular explainer initialised | features=31
00:41:16  INFO      explainability.lime_explainer  LIME tabular explainer initialised | features=31
00:41:16  INFO      explainability.lime_explainer  LIME tabular explainer initialised | features=31
00:41:16  INFO      explainability.lime_explainer  LIME tabular explainer initialised | features=31
00:41:16  INFO      explainability.lime_explainer  LIME tabular explainer initialised | features=31
00:41:16  INFO      explainability.lime_explainer  LIME tabular explainer initialised | features=31
00:41:17  INFO      explainability.lime_explainer  LIME tabular explainer initialised | features=31
00:41:17  INFO      explainability.lime_explainer  LIME tabular explainer initialised | features=31
00:41:17  INFO      explainability.lime_explainer  LIME tabular explainer initialised | features=31
00:41:17  INFO      explainability.lime_explainer  LIME tabular explainer initialised | features=31
00:41:17  INFO      explainability.lime_explainer  LIME tabular explainer initialised | features=31
00:41:17  INFO      explainability.lime_explainer  LIME tabular explainer initialised | features=31
00:41:17  INFO      explainability.lime_explainer  LIME tabular explainer initialised | features=31
00:41:18  INFO      explainability.lime_explainer  LIME tabular explainer initialised | features=31
00:41:18  INFO      explainability.lime_explainer  LIME tabular explainer initialised | features=31
00:41:18  INFO      explainability.lime_explainer  LIME tabular explainer initialised | features=31
00:41:18  INFO      explainability.lime_explainer  LIME tabular explainer initialised | features=31
00:41:18  INFO      explainability.lime_explainer  LIME tabular explainer initialised | features=31
00:41:18  INFO      explainability.lime_explainer  LIME tabular explainer initialised | features=31
00:41:18  INFO      explainability.lime_explainer  LIME tabular explainer initialised | features=31
00:41:18  INFO      explainability.lime_explainer  LIME tabular explainer initialised | features=31
00:41:19  INFO      explainability.lime_explainer  LIME tabular explainer initialised | features=31
00:41:19  INFO      explainability.lime_explainer  LIME tabular explainer initialised | features=31
00:41:19  INFO      explainability.lime_explainer  LIME tabular explainer initialised | features=31
00:41:19  INFO      explainability.lime_explainer  LIME tabular explainer initialised | features=31
00:41:19  INFO      explainability.lime_explainer  LIME tabular explainer initialised | features=31
00:41:19  INFO      explainability.lime_explainer  LIME tabular explainer initialised | features=31
00:41:19  INFO      explainability.lime_explainer  LIME tabular explainer initialised | features=31
00:41:20  INFO      explainability.lime_explainer  LIME tabular explainer initialised | features=31
00:41:20  INFO      explainability.lime_explainer  LIME tabular explainer initialised | features=31
00:41:20  INFO      explainability.lime_explainer  LIME tabular explainer initialised | features=31
00:41:20  INFO      explainability.lime_explainer  LIME tabular explainer initialised | features=31
00:41:20  INFO      explainability.lime_explainer  LIME tabular explainer initialised | features=31
00:41:20  INFO      explainability.lime_explainer  LIME tabular explainer initialised | features=31
00:41:20  INFO      explainability.lime_explainer  LIME tabular explainer initialised | features=31
00:41:20  INFO      explainability.lime_explainer  LIME tabular explainer initialised | features=31
00:41:21  INFO      explainability.lime_explainer  LIME tabular explainer initialised | features=31
00:41:21  INFO      explainability.lime_explainer  LIME tabular explainer initialised | features=31
00:41:21  INFO      explainability.lime_explainer  LIME tabular explainer initialised | features=31
00:41:21  INFO      explainability.lime_explainer  LIME tabular explainer initialised | features=31
00:41:21  INFO      explainability.lime_explainer  LIME tabular explainer initialised | features=31
00:41:21  INFO      explainability.lime_explainer  LIME tabular explainer initialised | features=31
00:41:21  INFO      explainability.lime_explainer  LIME tabular explainer initialised | features=31
00:41:22  INFO      explainability.lime_explainer  LIME tabular explainer initialised | features=31
00:41:22  INFO      explainability.lime_explainer  LIME tabular explainer initialised | features=31
00:41:22  INFO      explainability.lime_explainer  LIME tabular explainer initialised | features=31
00:41:22  INFO      explainability.lime_explainer  LIME tabular explainer initialised | features=31
00:41:22  INFO      explainability.lime_explainer  LIME tabular explainer initialised | features=31
00:41:22  INFO      explainability.lime_explainer  LIME tabular explainer initialised | features=31
00:41:22  INFO      explainability.lime_explainer  LIME tabular explainer initialised | features=31
00:41:23  INFO      pipeline  LaTeX table → /Users/harekrishna/Downloads/credit-default-xai-benchmark 2/results/outputs/uci/runs/seed_123/results/table5_explanation_quality.tex
00:41:23  INFO      pipeline  LaTeX table → /Users/harekrishna/Downloads/credit-default-xai-benchmark 2/results/outputs/uci/runs/seed_123/results/table4_shap_lime_agreement.tex
00:41:23  INFO      pipeline  ============================================================
00:41:23  INFO      pipeline  STAGE 7: Revision Analyses
00:41:23  INFO      pipeline  ============================================================
00:43:03  INFO      data.data_loader  Loading cached UCI dataset from /Users/harekrishna/Downloads/credit-default-xai-benchmark 2/data/uci_credit.csv
00:43:03  INFO      data.data_loader  Dataset loaded | uci | train=24000  test=6000 | default rate train=22.12% test=22.12% | 3 nominal, 20 continuous
00:43:53  INFO      pipeline  RUN seed_123 COMPLETE | champion XGBoost | OOF AUROC 0.7860 | test AUROC 0.7873
00:43:53  INFO      pipeline  ╔══════════════════════════════════════════════╗
00:43:53  INFO      pipeline  ║  Credit Default Prediction with XAI (v3)     ║
00:43:53  INFO      pipeline  ║  Dataset: uci                                ║
00:43:53  INFO      pipeline  ║  Run: seed_326                               ║
00:43:53  INFO      pipeline  ╚══════════════════════════════════════════════╝
00:43:53  INFO      pipeline  ============================================================
00:43:53  INFO      pipeline  STAGE 1: Data Loading, Labelling & Partitioning
00:43:53  INFO      pipeline  ============================================================
00:43:53  INFO      data.data_loader  Loading cached UCI dataset from /Users/harekrishna/Downloads/credit-default-xai-benchmark 2/data/uci_credit.csv
00:43:53  INFO      data.data_loader  Dataset loaded | uci | train=24000  test=6000 | default rate train=22.12% test=22.12% | 3 nominal, 28 continuous
00:43:53  INFO      pipeline  Imbalance stats (train): {"n_total": 24000, "n_majority": 18691, "n_minority": 5309, "imbalance_ratio": 3.5206, "minority_pct": 22.12}
00:43:53  INFO      visualization.plots  Fig 1 saved → /Users/harekrishna/Downloads/credit-default-xai-benchmark 2/results/outputs/uci/runs/seed_326/figures/fig01_class_distribution.pdf
00:43:53  INFO      pipeline  ============================================================
00:43:53  INFO      pipeline  STAGE 2: Imbalance Strategy Ablation (selected on OOF AUROC)
00:43:53  INFO      pipeline  ============================================================
00:44:13  INFO      pipeline  Ablation | SMOTE            | OOF AUROC=0.7681  test AUROC=0.7661
00:44:36  INFO      pipeline  Ablation | BorderlineSMOTE  | OOF AUROC=0.7656  test AUROC=0.7641
00:45:41  INFO      pipeline  Ablation | SVMSMOTE         | OOF AUROC=0.7729  test AUROC=0.7729
00:46:02  INFO      pipeline  Ablation | ADASYN           | OOF AUROC=0.7651  test AUROC=0.7638
00:46:08  INFO      pipeline  Ablation | None             | OOF AUROC=0.7854  test AUROC=0.7832
00:46:10  INFO      pipeline  Ablation | ClassWeight      | OOF AUROC=0.7800  test AUROC=0.7805
00:46:10  INFO      pipeline  Best imbalance strategy (OOF AUROC): None → 0.7854 [probe: LightGBM]
00:46:10  INFO      pipeline  ============================================================
00:46:10  INFO      pipeline  STAGE 3: Model Training (nested tuning, OOF predictions, refit)
00:46:10  INFO      pipeline  ============================================================
00:46:10  INFO      pipeline  Training XGBoost …
00:47:36  INFO      pipeline  XGBoost | per-model strategy=SVMSMOTE | OOF AUROC by strategy={'SMOTE': 0.7657, 'BorderlineSMOTE': 0.7663, 'SVMSMOTE': 0.7721, 'ADASYN': 0.7642, 'None': 0.7714, 'ClassWeight': 0.7695}
00:47:36  INFO      pipeline  RandomizedSearchCV | model=XGBoost strategy=SVMSMOTE n_iter=12
00:57:58  INFO      pipeline  Training LightGBM …
00:59:45  INFO      pipeline  LightGBM | per-model strategy=None | OOF AUROC by strategy={'SMOTE': 0.7681, 'BorderlineSMOTE': 0.7656, 'SVMSMOTE': 0.7729, 'ADASYN': 0.7651, 'None': 0.7854, 'ClassWeight': 0.78}
00:59:45  INFO      pipeline  RandomizedSearchCV | model=LightGBM strategy=None n_iter=12
01:00:54  INFO      pipeline  Training CatBoost …
01:03:04  INFO      pipeline  CatBoost | per-model strategy=None | OOF AUROC by strategy={'SMOTE': 0.7741, 'BorderlineSMOTE': 0.7735, 'SVMSMOTE': 0.7776, 'ADASYN': 0.7709, 'None': 0.7863, 'ClassWeight': 0.775}
01:03:04  INFO      pipeline  RandomizedSearchCV | model=CatBoost strategy=None n_iter=12
01:04:32  INFO      pipeline  Training Random Forest …
01:07:39  INFO      pipeline  Random Forest | per-model strategy=ClassWeight | OOF AUROC by strategy={'SMOTE': 0.761, 'BorderlineSMOTE': 0.76, 'SVMSMOTE': 0.7651, 'ADASYN': 0.7571, 'None': 0.7686, 'ClassWeight': 0.7719}
01:07:39  INFO      pipeline  RandomizedSearchCV | model=Random Forest strategy=ClassWeight n_iter=12
01:15:25  INFO      pipeline  Training Logistic Reg. …
01:16:17  INFO      pipeline  Logistic Reg. | per-model strategy=ClassWeight | OOF AUROC by strategy={'SMOTE': 0.7611, 'BorderlineSMOTE': 0.7574, 'SVMSMOTE': 0.7637, 'ADASYN': 0.7582, 'None': 0.7671, 'ClassWeight': 0.768}
01:16:17  INFO      pipeline  RandomizedSearchCV | model=Logistic Reg. strategy=ClassWeight n_iter=12
01:16:22  INFO      pipeline  Training TabNet …
01:16:22  INFO      models.tabnet_model  Apple MPS backend passed smoke test — using GPU acceleration.
01:16:22  INFO      models.tabnet_model  TabNet starting | device=mps  max_epochs=200  patience=15  batch_size=1024  n_train=19200
01:16:57  INFO      models.tabnet_model  TabNet trained | device=mps  best_epoch=6  elapsed=34.3s
01:16:57  INFO      models.tabnet_model  Apple MPS backend passed smoke test — using GPU acceleration.
01:16:57  INFO      models.tabnet_model  TabNet starting | device=mps  max_epochs=200  patience=15  batch_size=1024  n_train=19200
01:18:06  INFO      models.tabnet_model  TabNet trained | device=mps  best_epoch=30  elapsed=68.6s
01:18:06  INFO      models.tabnet_model  Apple MPS backend passed smoke test — using GPU acceleration.
01:18:06  INFO      models.tabnet_model  TabNet starting | device=mps  max_epochs=200  patience=15  batch_size=1024  n_train=19200
01:19:31  INFO      models.tabnet_model  TabNet trained | device=mps  best_epoch=41  elapsed=84.7s
01:19:31  INFO      models.tabnet_model  Apple MPS backend passed smoke test — using GPU acceleration.
01:19:31  INFO      models.tabnet_model  TabNet starting | device=mps  max_epochs=200  patience=15  batch_size=1024  n_train=19200

epoch 18 | loss: 0.43486 | val_auc: 0.77948 |  0:00:35s
epoch 19 | loss: 0.4353  | val_auc: 0.77843 |  0:00:37s
epoch 20 | loss: 0.43477 | val_auc: 0.78356 |  0:00:39s
epoch 21 | loss: 0.43498 | val_auc: 0.78406 |  0:00:41s
epoch 22 | loss: 0.43471 | val_auc: 0.78487 |  0:00:42s
epoch 23 | loss: 0.43181 | val_auc: 0.78527 |  0:00:44s
epoch 24 | loss: 0.4309  | val_auc: 0.78695 |  0:00:46s
epoch 25 | loss: 0.43105 | val_auc: 0.78173 |  0:00:48s
epoch 26 | loss: 0.43029 | val_auc: 0.78689 |  0:00:50s
epoch 27 | loss: 0.43168 | val_auc: 0.78683 |  0:00:52s
epoch 28 | loss: 0.42944 | val_auc: 0.78785 |  0:00:54s

Early stopping occurred at epoch 28 with best_epoch = 13 and best_val_auc = 0.78848
Successfully saved model at /Users/harekrishna/Downloads/credit-default-xai-benchmark 2/results/outputs/uci/runs/seed_123/models/tabnet.pkl.zip
epoch 0  | loss: 0.81519 | val_auc: 0.67718 |  0:00:01s
epoch 1  | loss: 0.54631 | val_auc: 0.74262 |  0:00:03s
epoch 2  | loss: 0.49506 | val_auc: 0.75242 |  0:00:04s
epoch 3  | loss: 0.4618  | val_auc: 0.78384 |  0:00:06s
epoch 4  | loss: 0.45183 | val_auc: 0.79125 |  0:00:07s
epoch 5  | loss: 0.44871 | val_auc: 0.78605 |  0:00:09s
epoch 6  | loss: 0.44353 | val_auc: 0.79732 |  0:00:10s
epoch 7  | loss: 0.43782 | val_auc: 0.78694 |  0:00:12s
epoch 8  | loss: 0.43875 | val_auc: 0.78441 |  0:00:13s
epoch 9  | loss: 0.44186 | val_auc: 0.78388 |  0:00:15s
epoch 10 | loss: 0.44242 | val_auc: 0.78927 |  0:00:16s
epoch 11 | loss: 0.43863 | val_auc: 0.79354 |  0:00:18s
epoch 12 | loss: 0.43833 | val_auc: 0.79118 |  0:00:19s
epoch 13 | loss: 0.43828 | val_auc: 0.79098 |  0:00:21s
epoch 14 | loss: 0.43755 | val_auc: 0.78941 |  0:00:22s
epoch 15 | loss: 0.43235 | val_auc: 0.78716 |  0:00:24s
epoch 16 | loss: 0.43438 | val_auc: 0.78691 |  0:00:25s
epoch 17 | loss: 0.43183 | val_auc: 0.78874 |  0:00:27s
epoch 18 | loss: 0.4304  | val_auc: 0.78811 |  0:00:28s
epoch 19 | loss: 0.42952 | val_auc: 0.78801 |  0:00:30s
epoch 20 | loss: 0.42762 | val_auc: 0.78471 |  0:00:31s
epoch 21 | loss: 0.42752 | val_auc: 0.79441 |  0:00:33s

Early stopping occurred at epoch 21 with best_epoch = 6 and best_val_auc = 0.79732
epoch 0  | loss: 0.7899  | val_auc: 0.64621 |  0:00:01s
epoch 1  | loss: 0.53632 | val_auc: 0.68626 |  0:00:03s
epoch 2  | loss: 0.48058 | val_auc: 0.73093 |  0:00:04s
epoch 3  | loss: 0.4606  | val_auc: 0.73737 |  0:00:05s
epoch 4  | loss: 0.44827 | val_auc: 0.74232 |  0:00:07s
epoch 5  | loss: 0.44946 | val_auc: 0.74245 |  0:00:08s
epoch 6  | loss: 0.44923 | val_auc: 0.75399 |  0:00:10s
epoch 7  | loss: 0.44475 | val_auc: 0.75325 |  0:00:11s
epoch 8  | loss: 0.44542 | val_auc: 0.75477 |  0:00:13s
epoch 9  | loss: 0.43962 | val_auc: 0.7564  |  0:00:15s
epoch 10 | loss: 0.44008 | val_auc: 0.75531 |  0:00:16s
epoch 11 | loss: 0.4377  | val_auc: 0.76265 |  0:00:17s
epoch 12 | loss: 0.43641 | val_auc: 0.76004 |  0:00:19s
epoch 13 | loss: 0.43433 | val_auc: 0.7558  |  0:00:20s
epoch 14 | loss: 0.43569 | val_auc: 0.76305 |  0:00:22s
epoch 15 | loss: 0.43268 | val_auc: 0.75843 |  0:00:23s
epoch 16 | loss: 0.43315 | val_auc: 0.7634  |  0:00:25s
epoch 17 | loss: 0.43396 | val_auc: 0.76514 |  0:00:26s
epoch 18 | loss: 0.43606 | val_auc: 0.76049 |  0:00:28s
epoch 19 | loss: 0.43446 | val_auc: 0.76185 |  0:00:29s
epoch 20 | loss: 0.43387 | val_auc: 0.76592 |  0:00:31s
epoch 21 | loss: 0.43238 | val_auc: 0.76415 |  0:00:32s
epoch 22 | loss: 0.43022 | val_auc: 0.76516 |  0:00:34s
epoch 23 | loss: 0.42931 | val_auc: 0.76339 |  0:00:35s
epoch 24 | loss: 0.42798 | val_auc: 0.76089 |  0:00:37s
epoch 25 | loss: 0.43001 | val_auc: 0.76428 |  0:00:38s
epoch 26 | loss: 0.42795 | val_auc: 0.76517 |  0:00:39s
epoch 27 | loss: 0.42933 | val_auc: 0.76108 |  0:00:41s
epoch 28 | loss: 0.42979 | val_auc: 0.76588 |  0:00:42s
epoch 29 | loss: 0.42702 | val_auc: 0.7653  |  0:00:44s
epoch 30 | loss: 0.42758 | val_auc: 0.76833 |  0:00:45s
epoch 31 | loss: 0.4272  | val_auc: 0.76602 |  0:00:47s
epoch 32 | loss: 0.42574 | val_auc: 0.76372 |  0:00:48s
epoch 33 | loss: 0.42703 | val_auc: 0.76597 |  0:00:50s
epoch 34 | loss: 0.42461 | val_auc: 0.76568 |  0:00:51s
epoch 35 | loss: 0.42218 | val_auc: 0.76215 |  0:00:53s
epoch 36 | loss: 0.42137 | val_auc: 0.76521 |  0:00:54s
epoch 37 | loss: 0.42381 | val_auc: 0.76258 |  0:00:55s
epoch 38 | loss: 0.42143 | val_auc: 0.76074 |  0:00:57s
epoch 39 | loss: 0.42106 | val_auc: 0.76099 |  0:00:58s
epoch 40 | loss: 0.42116 | val_auc: 0.75655 |  0:01:00s
epoch 41 | loss: 0.41836 | val_auc: 0.76198 |  0:01:01s
epoch 42 | loss: 0.41922 | val_auc: 0.75881 |  0:01:03s
epoch 43 | loss: 0.4195  | val_auc: 0.76333 |  0:01:04s
epoch 44 | loss: 0.41783 | val_auc: 0.75938 |  0:01:06s
epoch 45 | loss: 0.42077 | val_auc: 0.76075 |  0:01:07s

Early stopping occurred at epoch 45 with best_epoch = 30 and best_val_auc = 0.76833
epoch 0  | loss: 0.85585 | val_auc: 0.67703 |  0:00:01s
epoch 1  | loss: 0.54781 | val_auc: 0.72275 |  0:00:03s
epoch 2  | loss: 0.48806 | val_auc: 0.75677 |  0:00:04s
epoch 3  | loss: 0.4603  | val_auc: 0.74749 |  0:00:06s
epoch 4  | loss: 0.45886 | val_auc: 0.75808 |  0:00:07s
epoch 5  | loss: 0.45431 | val_auc: 0.76169 |  0:00:09s
epoch 6  | loss: 0.44869 | val_auc: 0.76324 |  0:00:10s
epoch 7  | loss: 0.44894 | val_auc: 0.76124 |  0:00:11s
epoch 8  | loss: 0.44612 | val_auc: 0.75432 |  0:00:13s
epoch 9  | loss: 0.44648 | val_auc: 0.75711 |  0:00:14s
epoch 10 | loss: 0.45107 | val_auc: 0.75913 |  0:00:16s
epoch 11 | loss: 0.44975 | val_auc: 0.75372 |  0:00:17s
epoch 12 | loss: 0.4456  | val_auc: 0.76079 |  0:00:19s
epoch 13 | loss: 0.44264 | val_auc: 0.76821 |  0:00:20s
epoch 14 | loss: 0.44018 | val_auc: 0.76265 |  0:00:22s
epoch 15 | loss: 0.43883 | val_auc: 0.7666  |  0:00:23s
epoch 16 | loss: 0.44216 | val_auc: 0.76624 |  0:00:24s
epoch 17 | loss: 0.4432  | val_auc: 0.76298 |  0:00:26s
epoch 18 | loss: 0.44175 | val_auc: 0.76641 |  0:00:27s
epoch 19 | loss: 0.44226 | val_auc: 0.76582 |  0:00:29s
epoch 20 | loss: 0.43873 | val_auc: 0.77021 |  0:00:30s
epoch 21 | loss: 0.44015 | val_auc: 0.77587 |  0:00:32s
epoch 22 | loss: 0.43699 | val_auc: 0.77259 |  0:00:33s
epoch 23 | loss: 0.43549 | val_auc: 0.77013 |  0:00:35s
epoch 24 | loss: 0.4364  | val_auc: 0.76823 |  0:00:36s
epoch 25 | loss: 0.43605 | val_auc: 0.77389 |  0:00:38s
epoch 26 | loss: 0.43504 | val_auc: 0.77352 |  0:00:39s
epoch 27 | loss: 0.4346  | val_auc: 0.77538 |  0:00:41s
epoch 28 | loss: 0.43543 | val_auc: 0.77775 |  0:00:42s
epoch 29 | loss: 0.43119 | val_auc: 0.77292 |  0:00:44s
epoch 30 | loss: 0.43278 | val_auc: 0.77336 |  0:00:45s
epoch 31 | loss: 0.4326  | val_auc: 0.7741  |  0:00:46s
epoch 32 | loss: 0.43187 | val_auc: 0.77402 |  0:00:48s
epoch 33 | loss: 0.43392 | val_auc: 0.77568 |  0:00:49s
epoch 34 | loss: 0.43067 | val_auc: 0.77714 |  0:00:51s
epoch 35 | loss: 0.42982 | val_auc: 0.77801 |  0:00:52s
epoch 36 | loss: 0.43086 | val_auc: 0.7805  |  0:00:54s
epoch 37 | loss: 0.43006 | val_auc: 0.77854 |  0:00:55s
epoch 38 | loss: 0.42954 | val_auc: 0.78512 |  0:00:57s
epoch 39 | loss: 0.42766 | val_auc: 0.78287 |  0:00:58s
epoch 40 | loss: 0.42799 | val_auc: 0.78305 |  0:01:00s
epoch 41 | loss: 0.42796 | val_auc: 0.78879 |  0:01:01s
epoch 42 | loss: 0.42739 | val_auc: 0.78566 |  0:01:03s
epoch 43 | loss: 0.42657 | val_auc: 0.78319 |  0:01:04s
epoch 44 | loss: 0.42629 | val_auc: 0.78514 |  0:01:05s
epoch 45 | loss: 0.42617 | val_auc: 0.78394 |  0:01:07s
epoch 46 | loss: 0.42511 | val_auc: 0.78462 |  0:01:08s
epoch 47 | loss: 0.42538 | val_auc: 0.78332 |  0:01:10s
epoch 48 | loss: 0.42464 | val_auc: 0.78341 |  0:01:12s
epoch 49 | loss: 0.42165 | val_auc: 0.78061 |  0:01:13s
epoch 50 | loss: 0.42681 | val_auc: 0.78305 |  0:01:14s
epoch 51 | loss: 0.42699 | val_auc: 0.77829 |  0:01:16s
epoch 52 | loss: 0.42698 | val_auc: 0.77538 |  0:01:17s
epoch 53 | loss: 0.42711 | val_auc: 0.7795  |  0:01:19s
epoch 54 | loss: 0.42856 | val_auc: 0.77828 |  0:01:20s
epoch 55 | loss: 0.42685 | val_auc: 0.77629 |  0:01:22s
epoch 56 | loss: 0.4258  | val_auc: 0.77739 |  0:01:23s

Early stopping occurred at epoch 56 with best_epoch = 41 and best_val_auc = 0.78879
epoch 0  | loss: 0.94469 | val_auc: 0.65162 |  0:00:01s
epoch 1  | loss: 0.51966 | val_auc: 0.71346 |  0:00:03s01:20:40  INFO      models.tabnet_model  TabNet trained | device=mps  best_epoch=31  elapsed=69.6s
01:20:41  INFO      models.tabnet_model  Apple MPS backend passed smoke test — using GPU acceleration.
01:20:41  INFO      models.tabnet_model  TabNet starting | device=mps  max_epochs=200  patience=15  batch_size=1024  n_train=19200
01:21:27  INFO      models.tabnet_model  TabNet trained | device=mps  best_epoch=15  elapsed=46.1s
01:21:27  INFO      models.tabnet_model  Apple MPS backend passed smoke test — using GPU acceleration.
01:21:27  INFO      models.tabnet_model  TabNet starting | device=mps  max_epochs=200  patience=15  batch_size=1024  n_train=24000
01:22:58  INFO      models.tabnet_model  TabNet trained | device=mps  best_epoch=32  elapsed=90.7s
01:22:58  INFO      models.tabnet_model  TabNet model saved to /Users/harekrishna/Downloads/credit-default-xai-benchmark 2/results/outputs/uci/runs/seed_326/models/tabnet.pkl
01:22:58  INFO      pipeline  ============================================================
01:22:58  INFO      pipeline  STAGE 4: Evaluation (selection on OOF; test scored once)
01:22:58  INFO      pipeline  ============================================================
01:22:58  INFO      pipeline  XGBoost | OOF AUROC=0.7814  f1*=0.5441 @ t=0.52 | test AUROC=0.7819  F1=0.5471  MCC=0.4146
01:22:58  INFO      pipeline  LightGBM | OOF AUROC=0.7866  f1*=0.5477 @ t=0.29 | test AUROC=0.7837  F1=0.5550  MCC=0.4274
01:22:59  INFO      pipeline  CatBoost | OOF AUROC=0.7869  f1*=0.5476 @ t=0.29 | test AUROC=0.7850  F1=0.5485  MCC=0.4204
01:22:59  INFO      pipeline  Random Forest | OOF AUROC=0.7848  f1*=0.5434 @ t=0.55 | test AUROC=0.7827  F1=0.5491  MCC=0.4178
01:22:59  INFO      pipeline  Logistic Reg. | OOF AUROC=0.7680  f1*=0.5363 @ t=0.58 | test AUROC=0.7656  F1=0.5324  MCC=0.3924
01:23:00  INFO      pipeline  TabNet | OOF AUROC=0.7757  f1*=0.5321 @ t=0.24 | test AUROC=0.7771  F1=0.5401  MCC=0.3914
01:23:00  INFO      pipeline  LaTeX table → /Users/harekrishna/Downloads/credit-default-xai-benchmark 2/results/outputs/uci/runs/seed_326/results/table2_test_metrics.tex
01:23:00  INFO      pipeline  
                AUROC   AUPRC      F1  Precision  Recall  Specificity  G-Mean     MCC   Brier
Model                                                                                        
XGBoost        0.7819  0.5614  0.5471     0.5341  0.5607       0.8611  0.6948  0.4146  0.1568
LightGBM       0.7837  0.5622  0.5550     0.5509  0.5592       0.8705  0.6977  0.4274  0.1326
CatBoost       0.7850  0.5594  0.5485     0.5491  0.5479       0.8722  0.6913  0.4204  0.1331
Random Forest  0.7827  0.5594  0.5491     0.5380  0.5607       0.8633  0.6957  0.4178  0.1704
Logistic Reg.  0.7656  0.5233  0.5324     0.5093  0.5576       0.8474  0.6874  0.3924  0.1873
TabNet         0.7771  0.5491  0.5401     0.4706  0.6338       0.7976  0.7110  0.3914  0.1344
01:23:00  INFO      visualization.plots  Fig 2 saved → /Users/harekrishna/Downloads/credit-default-xai-benchmark 2/results/outputs/uci/runs/seed_326/figures/fig02_roc_curves.pdf
01:23:00  INFO      visualization.plots  Fig 3 saved → /Users/harekrishna/Downloads/credit-default-xai-benchmark 2/results/outputs/uci/runs/seed_326/figures/fig03_pr_curves.pdf
01:23:00  INFO      visualization.plots  Fig 4 saved → /Users/harekrishna/Downloads/credit-default-xai-benchmark 2/results/outputs/uci/runs/seed_326/figures/fig04_confusion_catboost.pdf
01:36:21  INFO      pipeline  Skipping TabNet in Fig 10 ablation (pass --full-ablation to include).
01:36:21  INFO      visualization.plots  Fig 10 saved → /Users/harekrishna/Downloads/credit-default-xai-benchmark 2/results/outputs/uci/runs/seed_326/figures/fig10_smote_ablation.pdf
01:36:21  INFO      pipeline  ============================================================
01:36:21  INFO      pipeline  STAGE 5: SHAP Explanations
01:36:21  INFO      pipeline  ============================================================
01:36:21  INFO      explainability.shap_explainer  SHAP TreeExplainer initialised | output_space=log_odds
01:36:21  INFO      explainability.shap_explainer  SHAP values computed | shape=(2000, 31)
01:36:21  INFO      explainability.shap_explainer  SHAP additivity check | MAE=0.00000 | PASS ✓
01:36:22  INFO      explainability.shap_explainer  Saved SHAP summary → /Users/harekrishna/Downloads/credit-default-xai-benchmark 2/results/outputs/uci/runs/seed_326/figures/fig05a_shap_summary_CatBoost.pdf
01:36:22  INFO      explainability.shap_explainer  Saved SHAP bar → /Users/harekrishna/Downloads/credit-default-xai-benchmark 2/results/outputs/uci/runs/seed_326/figures/fig05b_shap_bar_CatBoost.pdf
01:36:22  INFO      explainability.shap_explainer  Saved SHAP dependence → /Users/harekrishna/Downloads/credit-default-xai-benchmark 2/results/outputs/uci/runs/seed_326/figures/fig06_shap_dep_PAY_0.pdf
01:36:22  INFO      pipeline  LaTeX table → /Users/harekrishna/Downloads/credit-default-xai-benchmark 2/results/outputs/uci/runs/seed_326/results/table3_shap_ranking.tex
01:36:22  INFO      visualization.plots  Fig 8 saved → /Users/harekrishna/Downloads/credit-default-xai-benchmark 2/results/outputs/uci/runs/seed_326/figures/fig08_importance_comparison.pdf
01:36:23  INFO      visualization.plots  Fig 9 saved → /Users/harekrishna/Downloads/credit-default-xai-benchmark 2/results/outputs/uci/runs/seed_326/figures/fig09_threshold_sweep.pdf
01:36:23  INFO      pipeline  ============================================================
01:36:23  INFO      pipeline  STAGE 6: LIME Explanations
01:36:23  INFO      pipeline  ============================================================
01:36:23  INFO      explainability.lime_explainer  LIME tabular explainer initialised | features=31
01:36:23  INFO      pipeline  Local instances selected: {'TP': 4641, 'FP': 3610, 'FN': 275, 'TN': 5847}
01:36:24  INFO      explainability.lime_explainer  Saved LIME explanation → /Users/harekrishna/Downloads/credit-default-xai-benchmark 2/results/outputs/uci/runs/seed_326/figures/fig07_tp_lime.pdf
01:36:24  INFO      explainability.lime_explainer  Saved LIME explanation → /Users/harekrishna/Downloads/credit-default-xai-benchmark 2/results/outputs/uci/runs/seed_326/figures/fig07_fp_lime.pdf
01:36:24  INFO      explainability.lime_explainer  Saved LIME explanation → /Users/harekrishna/Downloads/credit-default-xai-benchmark 2/results/outputs/uci/runs/seed_326/figures/fig07_fn_lime.pdf
01:36:24  INFO      explainability.lime_explainer  Saved LIME explanation → /Users/harekrishna/Downloads/credit-default-xai-benchmark 2/results/outputs/uci/runs/seed_326/figures/fig07_tn_lime.pdf
01:36:24  INFO      explainability.lime_explainer  Saved LIME multi-instance grid → /Users/harekrishna/Downloads/credit-default-xai-benchmark 2/results/outputs/uci/runs/seed_326/figures/fig07_lime_multi_instance.pdf
01:36:27  INFO      explainability.lime_explainer  LIME batch complete | n=200
01:36:27  INFO      explainability.lime_explainer  SHAP–LIME agreement | mean ρ=0.518 ± 0.219
01:36:27  INFO      explainability.lime_explainer  LIME tabular explainer initialised | features=31
01:36:27  INFO      explainability.lime_explainer  LIME tabular explainer initialised | features=31
01:36:27  INFO      explainability.lime_explainer  LIME tabular explainer initialised | features=31
01:36:28  INFO      explainability.lime_explainer  LIME tabular explainer initialised | features=31
01:36:28  INFO      explainability.lime_explainer  LIME tabular explainer initialised | features=31
01:36:28  INFO      explainability.lime_explainer  LIME tabular explainer initialised | features=31
01:36:28  INFO      explainability.lime_explainer  LIME tabular explainer initialised | features=31
01:36:28  INFO      explainability.lime_explainer  LIME tabular explainer initialised | features=31
01:36:28  INFO      explainability.lime_explainer  LIME tabular explainer initialised | features=31
01:36:28  INFO      explainability.lime_explainer  LIME tabular explainer initialised | features=31
01:36:28  INFO      explainability.lime_explainer  LIME tabular explainer initialised | features=31
01:36:29  INFO      explainability.lime_explainer  LIME tabular explainer initialised | features=31
01:36:29  INFO      explainability.lime_explainer  LIME tabular explainer initialised | features=31
01:36:29  INFO      explainability.lime_explainer  LIME tabular explainer initialised | features=31
01:36:29  INFO      explainability.lime_explainer  LIME tabular explainer initialised | features=31
01:36:29  INFO      explainability.lime_explainer  LIME tabular explainer initialised | features=31
01:36:29  INFO      explainability.lime_explainer  LIME tabular explainer initialised | features=31
01:36:29  INFO      explainability.lime_explainer  LIME tabular explainer initialised | features=31
01:36:30  INFO      explainability.lime_explainer  LIME tabular explainer initialised | features=31
01:36:30  INFO      explainability.lime_explainer  LIME tabular explainer initialised | features=31
01:36:30  INFO      explainability.lime_explainer  LIME tabular explainer initialised | features=31
01:36:30  INFO      explainability.lime_explainer  LIME tabular explainer initialised | features=31
01:36:30  INFO      explainability.lime_explainer  LIME tabular explainer initialised | features=31
01:36:30  INFO      explainability.lime_explainer  LIME tabular explainer initialised | features=31
01:36:30  INFO      explainability.lime_explainer  LIME tabular explainer initialised | features=31
01:36:31  INFO      explainability.lime_explainer  LIME tabular explainer initialised | features=31
01:36:31  INFO      explainability.lime_explainer  LIME tabular explainer initialised | features=31
01:36:31  INFO      explainability.lime_explainer  LIME tabular explainer initialised | features=31
01:36:31  INFO      explainability.lime_explainer  LIME tabular explainer initialised | features=31
01:36:31  INFO      explainability.lime_explainer  LIME tabular explainer initialised | features=31
01:36:31  INFO      explainability.lime_explainer  LIME tabular explainer initialised | features=31
01:36:31  INFO      explainability.lime_explainer  LIME tabular explainer initialised | features=31
01:36:32  INFO      explainability.lime_explainer  LIME tabular explainer initialised | features=31
01:36:32  INFO      explainability.lime_explainer  LIME tabular explainer initialised | features=31
01:36:32  INFO      explainability.lime_explainer  LIME tabular explainer initialised | features=31
01:36:32  INFO      explainability.lime_explainer  LIME tabular explainer initialised | features=31
01:36:32  INFO      explainability.lime_explainer  LIME tabular explainer initialised | features=31
01:36:32  INFO      explainability.lime_explainer  LIME tabular explainer initialised | features=31
01:36:32  INFO      explainability.lime_explainer  LIME tabular explainer initialised | features=31
01:36:33  INFO      explainability.lime_explainer  LIME tabular explainer initialised | features=31
01:36:33  INFO      explainability.lime_explainer  LIME tabular explainer initialised | features=31
01:36:33  INFO      explainability.lime_explainer  LIME tabular explainer initialised | features=31
01:36:33  INFO      explainability.lime_explainer  LIME tabular explainer initialised | features=31
01:36:33  INFO      explainability.lime_explainer  LIME tabular explainer initialised | features=31
01:36:33  INFO      explainability.lime_explainer  LIME tabular explainer initialised | features=31
01:36:33  INFO      explainability.lime_explainer  LIME tabular explainer initialised | features=31
01:36:33  INFO      explainability.lime_explainer  LIME tabular explainer initialised | features=31
01:36:34  INFO      explainability.lime_explainer  LIME tabular explainer initialised | features=31
01:36:34  INFO      explainability.lime_explainer  LIME tabular explainer initialised | features=31
01:36:34  INFO      explainability.lime_explainer  LIME tabular explainer initialised | features=31
01:36:34  INFO      explainability.lime_explainer  LIME tabular explainer initialised | features=31
01:36:34  INFO      explainability.lime_explainer  LIME tabular explainer initialised | features=31
01:36:34  INFO      explainability.lime_explainer  LIME tabular explainer initialised | features=31
01:36:34  INFO      explainability.lime_explainer  LIME tabular explainer initialised | features=31
01:36:35  INFO      explainability.lime_explainer  LIME tabular explainer initialised | features=31
01:36:35  INFO      explainability.lime_explainer  LIME tabular explainer initialised | features=31
01:36:35  INFO      explainability.lime_explainer  LIME tabular explainer initialised | features=31
01:36:35  INFO      explainability.lime_explainer  LIME tabular explainer initialised | features=31
01:36:35  INFO      explainability.lime_explainer  LIME tabular explainer initialised | features=31
01:36:35  INFO      explainability.lime_explainer  LIME tabular explainer initialised | features=31
01:36:35  INFO      explainability.lime_explainer  LIME tabular explainer initialised | features=31
01:36:35  INFO      explainability.lime_explainer  LIME tabular explainer initialised | features=31
01:36:36  INFO      explainability.lime_explainer  LIME tabular explainer initialised | features=31
01:36:36  INFO      explainability.lime_explainer  LIME tabular explainer initialised | features=31
01:36:36  INFO      explainability.lime_explainer  LIME tabular explainer initialised | features=31
01:36:36  INFO      explainability.lime_explainer  LIME tabular explainer initialised | features=31
01:36:36  INFO      explainability.lime_explainer  LIME tabular explainer initialised | features=31
01:36:36  INFO      explainability.lime_explainer  LIME tabular explainer initialised | features=31
01:36:36  INFO      explainability.lime_explainer  LIME tabular explainer initialised | features=31
01:36:37  INFO      explainability.lime_explainer  LIME tabular explainer initialised | features=31
01:36:37  INFO      explainability.lime_explainer  LIME tabular explainer initialised | features=31
01:36:37  INFO      explainability.lime_explainer  LIME tabular explainer initialised | features=31
01:36:37  INFO      explainability.lime_explainer  LIME tabular explainer initialised | features=31
01:36:37  INFO      explainability.lime_explainer  LIME tabular explainer initialised | features=31
01:36:37  INFO      explainability.lime_explainer  LIME tabular explainer initialised | features=31
01:36:37  INFO      explainability.lime_explainer  LIME tabular explainer initialised | features=31
01:36:38  INFO      explainability.lime_explainer  LIME tabular explainer initialised | features=31
01:36:38  INFO      explainability.lime_explainer  LIME tabular explainer initialised | features=31
01:36:38  INFO      explainability.lime_explainer  LIME tabular explainer initialised | features=31
01:36:38  INFO      explainability.lime_explainer  LIME tabular explainer initialised | features=31
01:36:38  INFO      explainability.lime_explainer  LIME tabular explainer initialised | features=31
01:36:38  INFO      explainability.lime_explainer  LIME tabular explainer initialised | features=31
01:36:38  INFO      explainability.lime_explainer  LIME tabular explainer initialised | features=31
01:36:38  INFO      explainability.lime_explainer  LIME tabular explainer initialised | features=31
01:36:39  INFO      explainability.lime_explainer  LIME tabular explainer initialised | features=31
01:36:39  INFO      explainability.lime_explainer  LIME tabular explainer initialised | features=31
01:36:39  INFO      explainability.lime_explainer  LIME tabular explainer initialised | features=31
01:36:39  INFO      explainability.lime_explainer  LIME tabular explainer initialised | features=31
01:36:39  INFO      explainability.lime_explainer  LIME tabular explainer initialised | features=31
01:36:39  INFO      explainability.lime_explainer  LIME tabular explainer initialised | features=31
01:36:39  INFO      explainability.lime_explainer  LIME tabular explainer initialised | features=31
01:36:40  INFO      explainability.lime_explainer  LIME tabular explainer initialised | features=31
01:36:40  INFO      explainability.lime_explainer  LIME tabular explainer initialised | features=31
01:36:40  INFO      explainability.lime_explainer  LIME tabular explainer initialised | features=31
01:36:40  INFO      explainability.lime_explainer  LIME tabular explainer initialised | features=31
01:36:40  INFO      explainability.lime_explainer  LIME tabular explainer initialised | features=31
01:36:40  INFO      explainability.lime_explainer  LIME tabular explainer initialised | features=31
01:36:40  INFO      explainability.lime_explainer  LIME tabular explainer initialised | features=31
01:36:40  INFO      explainability.lime_explainer  LIME tabular explainer initialised | features=31
01:36:41  INFO      explainability.lime_explainer  LIME tabular explainer initialised | features=31
01:36:41  INFO      explainability.lime_explainer  LIME tabular explainer initialised | features=31
01:36:41  INFO      explainability.lime_explainer  LIME tabular explainer initialised | features=31
01:36:41  INFO      explainability.lime_explainer  LIME tabular explainer initialised | features=31
01:36:41  INFO      explainability.lime_explainer  LIME tabular explainer initialised | features=31
01:36:41  INFO      explainability.lime_explainer  LIME tabular explainer initialised | features=31
01:36:41  INFO      explainability.lime_explainer  LIME tabular explainer initialised | features=31
01:36:42  INFO      explainability.lime_explainer  LIME tabular explainer initialised | features=31
01:36:42  INFO      explainability.lime_explainer  LIME tabular explainer initialised | features=31
01:36:42  INFO      explainability.lime_explainer  LIME tabular explainer initialised | features=31
01:36:42  INFO      explainability.lime_explainer  LIME tabular explainer initialised | features=31
01:36:42  INFO      explainability.lime_explainer  LIME tabular explainer initialised | features=31
01:36:42  INFO      explainability.lime_explainer  LIME tabular explainer initialised | features=31
01:36:42  INFO      explainability.lime_explainer  LIME tabular explainer initialised | features=31
01:36:43  INFO      explainability.lime_explainer  LIME tabular explainer initialised | features=31
01:36:43  INFO      explainability.lime_explainer  LIME tabular explainer initialised | features=31
01:36:43  INFO      explainability.lime_explainer  LIME tabular explainer initialised | features=31
01:36:43  INFO      explainability.lime_explainer  LIME tabular explainer initialised | features=31
01:36:43  INFO      explainability.lime_explainer  LIME tabular explainer initialised | features=31
01:36:43  INFO      explainability.lime_explainer  LIME tabular explainer initialised | features=31
01:36:43  INFO      explainability.lime_explainer  LIME tabular explainer initialised | features=31
01:36:43  INFO      explainability.lime_explainer  LIME tabular explainer initialised | features=31
01:36:44  INFO      explainability.lime_explainer  LIME tabular explainer initialised | features=31
01:36:44  INFO      explainability.lime_explainer  LIME tabular explainer initialised | features=31
01:36:44  INFO      explainability.lime_explainer  LIME tabular explainer initialised | features=31
01:36:44  INFO      explainability.lime_explainer  LIME tabular explainer initialised | features=31
01:36:44  INFO      explainability.lime_explainer  LIME tabular explainer initialised | features=31
01:36:44  INFO      explainability.lime_explainer  LIME tabular explainer initialised | features=31
01:36:44  INFO      explainability.lime_explainer  LIME tabular explainer initialised | features=31
01:36:45  INFO      explainability.lime_explainer  LIME tabular explainer initialised | features=31
01:36:45  INFO      explainability.lime_explainer  LIME tabular explainer initialised | features=31
01:36:45  INFO      explainability.lime_explainer  LIME tabular explainer initialised | features=31
01:36:45  INFO      explainability.lime_explainer  LIME tabular explainer initialised | features=31
01:36:45  INFO      explainability.lime_explainer  LIME tabular explainer initialised | features=31
01:36:45  INFO      explainability.lime_explainer  LIME tabular explainer initialised | features=31
01:36:45  INFO      explainability.lime_explainer  LIME tabular explainer initialised | features=31
01:36:45  INFO      explainability.lime_explainer  LIME tabular explainer initialised | features=31
01:36:46  INFO      explainability.lime_explainer  LIME tabular explainer initialised | features=31
01:36:46  INFO      explainability.lime_explainer  LIME tabular explainer initialised | features=31
01:36:46  INFO      explainability.lime_explainer  LIME tabular explainer initialised | features=31
01:36:46  INFO      explainability.lime_explainer  LIME tabular explainer initialised | features=31
01:36:46  INFO      explainability.lime_explainer  LIME tabular explainer initialised | features=31
01:36:46  INFO      explainability.lime_explainer  LIME tabular explainer initialised | features=31
01:36:46  INFO      explainability.lime_explainer  LIME tabular explainer initialised | features=31
01:36:47  INFO      explainability.lime_explainer  LIME tabular explainer initialised | features=31
01:36:47  INFO      explainability.lime_explainer  LIME tabular explainer initialised | features=31
01:36:47  INFO      explainability.lime_explainer  LIME tabular explainer initialised | features=31
01:36:47  INFO      explainability.lime_explainer  LIME tabular explainer initialised | features=31
01:36:47  INFO      explainability.lime_explainer  LIME tabular explainer initialised | features=31
01:36:47  INFO      explainability.lime_explainer  LIME tabular explainer initialised | features=31
01:36:47  INFO      explainability.lime_explainer  LIME tabular explainer initialised | features=31
01:36:48  INFO      explainability.lime_explainer  LIME tabular explainer initialised | features=31
01:36:48  INFO      explainability.lime_explainer  LIME tabular explainer initialised | features=31
01:36:48  INFO      explainability.lime_explainer  LIME tabular explainer initialised | features=31
01:36:48  INFO      explainability.lime_explainer  LIME tabular explainer initialised | features=31
01:36:48  INFO      explainability.lime_explainer  LIME tabular explainer initialised | features=31
01:36:48  INFO      explainability.lime_explainer  LIME tabular explainer initialised | features=31
01:36:48  INFO      explainability.lime_explainer  LIME tabular explainer initialised | features=31
01:36:48  INFO      explainability.lime_explainer  LIME tabular explainer initialised | features=31
01:36:49  INFO      explainability.lime_explainer  LIME tabular explainer initialised | features=31
01:36:49  INFO      explainability.lime_explainer  LIME tabular explainer initialised | features=31
01:36:49  INFO      explainability.lime_explainer  LIME tabular explainer initialised | features=31
01:36:49  INFO      explainability.lime_explainer  LIME tabular explainer initialised | features=31
01:36:49  INFO      explainability.lime_explainer  LIME tabular explainer initialised | features=31
01:36:49  INFO      explainability.lime_explainer  LIME tabular explainer initialised | features=31
01:36:49  INFO      explainability.lime_explainer  LIME tabular explainer initialised | features=31
01:36:50  INFO      explainability.lime_explainer  LIME tabular explainer initialised | features=31
01:36:50  INFO      explainability.lime_explainer  LIME tabular explainer initialised | features=31
01:36:50  INFO      explainability.lime_explainer  LIME tabular explainer initialised | features=31
01:36:50  INFO      explainability.lime_explainer  LIME tabular explainer initialised | features=31
01:36:50  INFO      explainability.lime_explainer  LIME tabular explainer initialised | features=31
01:36:50  INFO      explainability.lime_explainer  LIME tabular explainer initialised | features=31
01:36:50  INFO      explainability.lime_explainer  LIME tabular explainer initialised | features=31
01:36:50  INFO      explainability.lime_explainer  LIME tabular explainer initialised | features=31
01:36:51  INFO      explainability.lime_explainer  LIME tabular explainer initialised | features=31
01:36:51  INFO      explainability.lime_explainer  LIME tabular explainer initialised | features=31
01:36:51  INFO      explainability.lime_explainer  LIME tabular explainer initialised | features=31
01:36:51  INFO      explainability.lime_explainer  LIME tabular explainer initialised | features=31
01:36:51  INFO      explainability.lime_explainer  LIME tabular explainer initialised | features=31
01:36:51  INFO      explainability.lime_explainer  LIME tabular explainer initialised | features=31
01:36:51  INFO      explainability.lime_explainer  LIME tabular explainer initialised | features=31
01:36:52  INFO      explainability.lime_explainer  LIME tabular explainer initialised | features=31
01:36:52  INFO      explainability.lime_explainer  LIME tabular explainer initialised | features=31
01:36:52  INFO      explainability.lime_explainer  LIME tabular explainer initialised | features=31
01:36:52  INFO      explainability.lime_explainer  LIME tabular explainer initialised | features=31
01:36:52  INFO      explainability.lime_explainer  LIME tabular explainer initialised | features=31
01:36:52  INFO      explainability.lime_explainer  LIME tabular explainer initialised | features=31
01:36:52  INFO      explainability.lime_explainer  LIME tabular explainer initialised | features=31
01:36:52  INFO      explainability.lime_explainer  LIME tabular explainer initialised | features=31
01:36:53  INFO      explainability.lime_explainer  LIME tabular explainer initialised | features=31
01:36:53  INFO      explainability.lime_explainer  LIME tabular explainer initialised | features=31
01:36:53  INFO      explainability.lime_explainer  LIME tabular explainer initialised | features=31
01:36:53  INFO      explainability.lime_explainer  LIME tabular explainer initialised | features=31
01:36:53  INFO      explainability.lime_explainer  LIME tabular explainer initialised | features=31
01:36:53  INFO      explainability.lime_explainer  LIME tabular explainer initialised | features=31
01:36:53  INFO      explainability.lime_explainer  LIME tabular explainer initialised | features=31
01:36:54  INFO      explainability.lime_explainer  LIME tabular explainer initialised | features=31
01:36:54  INFO      explainability.lime_explainer  LIME tabular explainer initialised | features=31
01:36:54  INFO      explainability.lime_explainer  LIME tabular explainer initialised | features=31
01:36:54  INFO      explainability.lime_explainer  LIME tabular explainer initialised | features=31
01:36:54  INFO      explainability.lime_explainer  LIME tabular explainer initialised | features=31
01:36:54  INFO      explainability.lime_explainer  LIME tabular explainer initialised | features=31
01:36:54  INFO      explainability.lime_explainer  LIME tabular explainer initialised | features=31
01:36:54  INFO      explainability.lime_explainer  LIME tabular explainer initialised | features=31
01:36:55  INFO      explainability.lime_explainer  LIME tabular explainer initialised | features=31
01:36:55  INFO      explainability.lime_explainer  LIME tabular explainer initialised | features=31
01:36:55  INFO      explainability.lime_explainer  LIME tabular explainer initialised | features=31
01:36:55  INFO      explainability.lime_explainer  LIME tabular explainer initialised | features=31
01:36:55  INFO      explainability.lime_explainer  LIME tabular explainer initialised | features=31
01:36:55  INFO      explainability.lime_explainer  LIME tabular explainer initialised | features=31
01:36:55  INFO      explainability.lime_explainer  LIME tabular explainer initialised | features=31
01:36:56  INFO      explainability.lime_explainer  LIME tabular explainer initialised | features=31
01:36:56  INFO      explainability.lime_explainer  LIME tabular explainer initialised | features=31
01:36:56  INFO      explainability.lime_explainer  LIME tabular explainer initialised | features=31
01:36:56  INFO      explainability.lime_explainer  LIME tabular explainer initialised | features=31
01:36:56  INFO      explainability.lime_explainer  LIME tabular explainer initialised | features=31
01:36:56  INFO      explainability.lime_explainer  LIME tabular explainer initialised | features=31
01:36:56  INFO      explainability.lime_explainer  LIME tabular explainer initialised | features=31
01:36:57  INFO      explainability.lime_explainer  LIME tabular explainer initialised | features=31
01:36:57  INFO      explainability.lime_explainer  LIME tabular explainer initialised | features=31
01:36:57  INFO      explainability.lime_explainer  LIME tabular explainer initialised | features=31
01:36:57  INFO      explainability.lime_explainer  LIME tabular explainer initialised | features=31
01:36:57  INFO      explainability.lime_explainer  LIME tabular explainer initialised | features=31
01:36:57  INFO      explainability.lime_explainer  LIME tabular explainer initialised | features=31
01:36:57  INFO      explainability.lime_explainer  LIME tabular explainer initialised | features=31
01:36:57  INFO      explainability.lime_explainer  LIME tabular explainer initialised | features=31
01:36:58  INFO      explainability.lime_explainer  LIME tabular explainer initialised | features=31
01:36:58  INFO      explainability.lime_explainer  LIME tabular explainer initialised | features=31
01:36:58  INFO      explainability.lime_explainer  LIME tabular explainer initialised | features=31
01:36:58  INFO      explainability.lime_explainer  LIME tabular explainer initialised | features=31
01:36:58  INFO      explainability.lime_explainer  LIME tabular explainer initialised | features=31
01:36:58  INFO      explainability.lime_explainer  LIME tabular explainer initialised | features=31
01:36:58  INFO      explainability.lime_explainer  LIME tabular explainer initialised | features=31
01:36:59  INFO      explainability.lime_explainer  LIME tabular explainer initialised | features=31
01:36:59  INFO      explainability.lime_explainer  LIME tabular explainer initialised | features=31
01:36:59  INFO      explainability.lime_explainer  LIME tabular explainer initialised | features=31
01:36:59  INFO      explainability.lime_explainer  LIME tabular explainer initialised | features=31
01:36:59  INFO      explainability.lime_explainer  LIME tabular explainer initialised | features=31
01:36:59  INFO      explainability.lime_explainer  LIME tabular explainer initialised | features=31
01:36:59  INFO      explainability.lime_explainer  LIME tabular explainer initialised | features=31
01:37:00  INFO      explainability.lime_explainer  LIME tabular explainer initialised | features=31
01:37:00  INFO      explainability.lime_explainer  LIME tabular explainer initialised | features=31
01:37:00  INFO      explainability.lime_explainer  LIME tabular explainer initialised | features=31
01:37:00  INFO      explainability.lime_explainer  LIME tabular explainer initialised | features=31
01:37:00  INFO      explainability.lime_explainer  LIME tabular explainer initialised | features=31
01:37:00  INFO      explainability.lime_explainer  LIME tabular explainer initialised | features=31
01:37:00  INFO      explainability.lime_explainer  LIME tabular explainer initialised | features=31
01:37:00  INFO      explainability.lime_explainer  LIME tabular explainer initialised | features=31
01:37:01  INFO      explainability.lime_explainer  LIME tabular explainer initialised | features=31
01:37:01  INFO      explainability.lime_explainer  LIME tabular explainer initialised | features=31
01:37:01  INFO      explainability.lime_explainer  LIME tabular explainer initialised | features=31
01:37:01  INFO      explainability.lime_explainer  LIME tabular explainer initialised | features=31
01:37:01  INFO      explainability.lime_explainer  LIME tabular explainer initialised | features=31
01:37:01  INFO      explainability.lime_explainer  LIME tabular explainer initialised | features=31
01:37:01  INFO      explainability.lime_explainer  LIME tabular explainer initialised | features=31
01:37:02  INFO      explainability.lime_explainer  LIME tabular explainer initialised | features=31
01:37:02  INFO      explainability.lime_explainer  LIME tabular explainer initialised | features=31
01:37:02  INFO      explainability.lime_explainer  LIME tabular explainer initialised | features=31
01:37:02  INFO      explainability.lime_explainer  LIME tabular explainer initialised | features=31
01:37:02  INFO      explainability.lime_explainer  LIME tabular explainer initialised | features=31
01:37:02  INFO      explainability.lime_explainer  LIME tabular explainer initialised | features=31
01:37:02  INFO      explainability.lime_explainer  LIME tabular explainer initialised | features=31
01:37:03  INFO      explainability.lime_explainer  LIME tabular explainer initialised | features=31
01:37:03  INFO      explainability.lime_explainer  LIME tabular explainer initialised | features=31
01:37:03  INFO      explainability.lime_explainer  LIME tabular explainer initialised | features=31
01:37:03  INFO      explainability.lime_explainer  LIME tabular explainer initialised | features=31
01:37:03  INFO      explainability.lime_explainer  LIME tabular explainer initialised | features=31
01:37:03  INFO      explainability.lime_explainer  LIME tabular explainer initialised | features=31
01:37:03  INFO      explainability.lime_explainer  LIME tabular explainer initialised | features=31
01:37:04  INFO      explainability.lime_explainer  LIME tabular explainer initialised | features=31
01:37:04  INFO      explainability.lime_explainer  LIME tabular explainer initialised | features=31
01:37:04  INFO      explainability.lime_explainer  LIME tabular explainer initialised | features=31
01:37:04  INFO      explainability.lime_explainer  LIME tabular explainer initialised | features=31
01:37:04  INFO      explainability.lime_explainer  LIME tabular explainer initialised | features=31
01:37:04  INFO      explainability.lime_explainer  LIME tabular explainer initialised | features=31
01:37:04  INFO      explainability.lime_explainer  LIME tabular explainer initialised | features=31
01:37:05  INFO      explainability.lime_explainer  LIME tabular explainer initialised | features=31
01:37:05  INFO      explainability.lime_explainer  LIME tabular explainer initialised | features=31
01:37:05  INFO      explainability.lime_explainer  LIME tabular explainer initialised | features=31
01:37:05  INFO      explainability.lime_explainer  LIME tabular explainer initialised | features=31
01:37:05  INFO      explainability.lime_explainer  LIME tabular explainer initialised | features=31
01:37:05  INFO      explainability.lime_explainer  LIME tabular explainer initialised | features=31
01:37:05  INFO      explainability.lime_explainer  LIME tabular explainer initialised | features=31
01:37:05  INFO      explainability.lime_explainer  LIME tabular explainer initialised | features=31
01:37:06  INFO      explainability.lime_explainer  LIME tabular explainer initialised | features=31
01:37:06  INFO      explainability.lime_explainer  LIME tabular explainer initialised | features=31
01:37:06  INFO      explainability.lime_explainer  LIME tabular explainer initialised | features=31
01:37:06  INFO      explainability.lime_explainer  LIME tabular explainer initialised | features=31
01:37:06  INFO      explainability.lime_explainer  LIME tabular explainer initialised | features=31
01:37:06  INFO      explainability.lime_explainer  LIME tabular explainer initialised | features=31
01:37:06  INFO      explainability.lime_explainer  LIME tabular explainer initialised | features=31
01:37:07  INFO      explainability.lime_explainer  LIME tabular explainer initialised | features=31
01:37:07  INFO      explainability.lime_explainer  LIME tabular explainer initialised | features=31
01:37:07  INFO      explainability.lime_explainer  LIME tabular explainer initialised | features=31
01:37:07  INFO      explainability.lime_explainer  LIME tabular explainer initialised | features=31
01:37:07  INFO      explainability.lime_explainer  LIME tabular explainer initialised | features=31
01:37:07  INFO      explainability.lime_explainer  LIME tabular explainer initialised | features=31
01:37:07  INFO      explainability.lime_explainer  LIME tabular explainer initialised | features=31
01:37:07  INFO      explainability.lime_explainer  LIME tabular explainer initialised | features=31
01:37:08  INFO      explainability.lime_explainer  LIME tabular explainer initialised | features=31
01:37:08  INFO      explainability.lime_explainer  LIME tabular explainer initialised | features=31
01:37:08  INFO      pipeline  LaTeX table → /Users/harekrishna/Downloads/credit-default-xai-benchmark 2/results/outputs/uci/runs/seed_326/results/table5_explanation_quality.tex
01:37:08  INFO      pipeline  LaTeX table → /Users/harekrishna/Downloads/credit-default-xai-benchmark 2/results/outputs/uci/runs/seed_326/results/table4_shap_lime_agreement.tex
01:37:08  INFO      pipeline  ============================================================
01:37:08  INFO      pipeline  STAGE 7: Revision Analyses
01:37:08  INFO      pipeline  ============================================================
01:40:33  INFO      data.data_loader  Loading cached UCI dataset from /Users/harekrishna/Downloads/credit-default-xai-benchmark 2/data/uci_credit.csv
01:40:33  INFO      data.data_loader  Dataset loaded | uci | train=24000  test=6000 | default rate train=22.12% test=22.12% | 3 nominal, 20 continuous
01:41:27  INFO      pipeline  RUN seed_326 COMPLETE | champion CatBoost | OOF AUROC 0.7869 | test AUROC 0.7850
01:41:27  INFO      pipeline  ╔══════════════════════════════════════════════╗
01:41:27  INFO      pipeline  ║  Credit Default Prediction with XAI (v3)     ║
01:41:27  INFO      pipeline  ║  Dataset: uci                                ║
01:41:27  INFO      pipeline  ║  Run: seed_456                               ║
01:41:27  INFO      pipeline  ╚══════════════════════════════════════════════╝
01:41:27  INFO      pipeline  ============================================================
01:41:27  INFO      pipeline  STAGE 1: Data Loading, Labelling & Partitioning
01:41:27  INFO      pipeline  ============================================================
01:41:27  INFO      data.data_loader  Loading cached UCI dataset from /Users/harekrishna/Downloads/credit-default-xai-benchmark 2/data/uci_credit.csv
01:41:27  INFO      data.data_loader  Dataset loaded | uci | train=24000  test=6000 | default rate train=22.12% test=22.12% | 3 nominal, 28 continuous
01:41:27  INFO      pipeline  Imbalance stats (train): {"n_total": 24000, "n_majority": 18691, "n_minority": 5309, "imbalance_ratio": 3.5206, "minority_pct": 22.12}
01:41:27  INFO      visualization.plots  Fig 1 saved → /Users/harekrishna/Downloads/credit-default-xai-benchmark 2/results/outputs/uci/runs/seed_456/figures/fig01_class_distribution.pdf
01:41:27  INFO      pipeline  ============================================================
01:41:27  INFO      pipeline  STAGE 2: Imbalance Strategy Ablation (selected on OOF AUROC)
01:41:27  INFO      pipeline  ============================================================
01:41:48  INFO      pipeline  Ablation | SMOTE            | OOF AUROC=0.7682  test AUROC=0.7711
01:42:09  INFO      pipeline  Ablation | BorderlineSMOTE  | OOF AUROC=0.7647  test AUROC=0.7739
01:43:14  INFO      pipeline  Ablation | SVMSMOTE         | OOF AUROC=0.7736  test AUROC=0.7751
01:43:35  INFO      pipeline  Ablation | ADASYN           | OOF AUROC=0.7628  test AUROC=0.7705
01:43:41  INFO      pipeline  Ablation | None             | OOF AUROC=0.7834  test AUROC=0.7853
01:43:43  INFO      pipeline  Ablation | ClassWeight      | OOF AUROC=0.7789  test AUROC=0.7837
01:43:43  INFO      pipeline  Best imbalance strategy (OOF AUROC): None → 0.7834 [probe: LightGBM]
01:43:43  INFO      pipeline  ============================================================
01:43:43  INFO      pipeline  STAGE 3: Model Training (nested tuning, OOF predictions, refit)
01:43:43  INFO      pipeline  ============================================================
01:43:43  INFO      pipeline  Training XGBoost …
01:45:11  INFO      pipeline  XGBoost | per-model strategy=SVMSMOTE | OOF AUROC by strategy={'SMOTE': 0.7666, 'BorderlineSMOTE': 0.7653, 'SVMSMOTE': 0.7737, 'ADASYN': 0.7623, 'None': 0.7725, 'ClassWeight': 0.7659}
01:45:11  INFO      pipeline  RandomizedSearchCV | model=XGBoost strategy=SVMSMOTE n_iter=12
01:55:34  INFO      pipeline  Training LightGBM …
01:57:22  INFO      pipeline  LightGBM | per-model strategy=None | OOF AUROC by strategy={'SMOTE': 0.7682, 'BorderlineSMOTE': 0.7647, 'SVMSMOTE': 0.7736, 'ADASYN': 0.7628, 'None': 0.7834, 'ClassWeight': 0.7789}
01:57:22  INFO      pipeline  RandomizedSearchCV | model=LightGBM strategy=None n_iter=12
01:58:18  INFO      pipeline  Training CatBoost …
02:00:31  INFO      pipeline  CatBoost | per-model strategy=ClassWeight | OOF AUROC by strategy={'SMOTE': 0.7749, 'BorderlineSMOTE': 0.7725, 'SVMSMOTE': 0.7803, 'ADASYN': 0.7722, 'None': 0.7859, 'ClassWeight': 0.7865}
02:00:31  INFO      pipeline  RandomizedSearchCV | model=CatBoost strategy=ClassWeight n_iter=12
02:01:31  INFO      pipeline  Training Random Forest …
02:04:30  INFO      pipeline  Random Forest | per-model strategy=ClassWeight | OOF AUROC by strategy={'SMOTE': 0.762, 'BorderlineSMOTE': 0.7611, 'SVMSMOTE': 0.7665, 'ADASYN': 0.7575, 'None': 0.7685, 'ClassWeight': 0.7704}
02:04:30  INFO      pipeline  RandomizedSearchCV | model=Random Forest strategy=ClassWeight n_iter=12
02:10:10  INFO      pipeline  Training Logistic Reg. …
02:11:03  INFO      pipeline  Logistic Reg. | per-model strategy=ClassWeight | OOF AUROC by strategy={'SMOTE': 0.7604, 'BorderlineSMOTE': 0.7564, 'SVMSMOTE': 0.7626, 'ADASYN': 0.7575, 'None': 0.7662, 'ClassWeight': 0.767}
02:11:03  INFO      pipeline  RandomizedSearchCV | model=Logistic Reg. strategy=ClassWeight n_iter=12
02:11:08  INFO      pipeline  Training TabNet …
02:11:08  INFO      models.tabnet_model  Apple MPS backend passed smoke test — using GPU acceleration.
02:11:08  INFO      models.tabnet_model  TabNet starting | device=mps  max_epochs=200  patience=15  batch_size=1024  n_train=19200

epoch 2  | loss: 0.47411 | val_auc: 0.76283 |  0:00:04s
epoch 3  | loss: 0.45515 | val_auc: 0.76521 |  0:00:06s
epoch 4  | loss: 0.44377 | val_auc: 0.7774  |  0:00:07s
epoch 5  | loss: 0.44937 | val_auc: 0.77994 |  0:00:08s
epoch 6  | loss: 0.44232 | val_auc: 0.77491 |  0:00:10s
epoch 7  | loss: 0.43636 | val_auc: 0.77015 |  0:00:11s
epoch 8  | loss: 0.43823 | val_auc: 0.77878 |  0:00:13s
epoch 9  | loss: 0.43316 | val_auc: 0.77974 |  0:00:14s
epoch 10 | loss: 0.43604 | val_auc: 0.75986 |  0:00:16s
epoch 11 | loss: 0.44216 | val_auc: 0.78108 |  0:00:17s
epoch 12 | loss: 0.44351 | val_auc: 0.77876 |  0:00:19s
epoch 13 | loss: 0.43686 | val_auc: 0.7894  |  0:00:20s
epoch 14 | loss: 0.43647 | val_auc: 0.7879  |  0:00:21s
epoch 15 | loss: 0.43505 | val_auc: 0.79375 |  0:00:23s
epoch 16 | loss: 0.43296 | val_auc: 0.78914 |  0:00:24s
epoch 17 | loss: 0.43265 | val_auc: 0.79231 |  0:00:26s
epoch 18 | loss: 0.43309 | val_auc: 0.78397 |  0:00:27s
epoch 19 | loss: 0.43351 | val_auc: 0.78018 |  0:00:29s
epoch 20 | loss: 0.43456 | val_auc: 0.78566 |  0:00:30s
epoch 21 | loss: 0.43319 | val_auc: 0.77842 |  0:00:32s
epoch 22 | loss: 0.43215 | val_auc: 0.78481 |  0:00:33s
epoch 23 | loss: 0.43249 | val_auc: 0.78186 |  0:00:35s
epoch 24 | loss: 0.43451 | val_auc: 0.79166 |  0:00:36s
epoch 25 | loss: 0.43333 | val_auc: 0.79589 |  0:00:38s
epoch 26 | loss: 0.43017 | val_auc: 0.79066 |  0:00:39s
epoch 27 | loss: 0.43436 | val_auc: 0.78916 |  0:00:41s
epoch 28 | loss: 0.43255 | val_auc: 0.79143 |  0:00:42s
epoch 29 | loss: 0.43162 | val_auc: 0.79421 |  0:00:44s
epoch 30 | loss: 0.4314  | val_auc: 0.79407 |  0:00:45s
epoch 31 | loss: 0.43062 | val_auc: 0.7974  |  0:00:46s
epoch 32 | loss: 0.4309  | val_auc: 0.7937  |  0:00:48s
epoch 33 | loss: 0.43043 | val_auc: 0.79598 |  0:00:49s
epoch 34 | loss: 0.42715 | val_auc: 0.79106 |  0:00:51s
epoch 35 | loss: 0.42662 | val_auc: 0.79251 |  0:00:52s
epoch 36 | loss: 0.42649 | val_auc: 0.79463 |  0:00:54s
epoch 37 | loss: 0.42659 | val_auc: 0.79196 |  0:00:55s
epoch 38 | loss: 0.4259  | val_auc: 0.79154 |  0:00:57s
epoch 39 | loss: 0.42485 | val_auc: 0.78404 |  0:00:58s
epoch 40 | loss: 0.42651 | val_auc: 0.78613 |  0:00:59s
epoch 41 | loss: 0.42485 | val_auc: 0.78874 |  0:01:01s
epoch 42 | loss: 0.4238  | val_auc: 0.79088 |  0:01:02s
epoch 43 | loss: 0.42476 | val_auc: 0.79275 |  0:01:04s
epoch 44 | loss: 0.42536 | val_auc: 0.78913 |  0:01:05s
epoch 45 | loss: 0.42573 | val_auc: 0.79022 |  0:01:07s
epoch 46 | loss: 0.42231 | val_auc: 0.78766 |  0:01:08s

Early stopping occurred at epoch 46 with best_epoch = 31 and best_val_auc = 0.7974
epoch 0  | loss: 0.85304 | val_auc: 0.64375 |  0:00:01s
epoch 1  | loss: 0.52575 | val_auc: 0.72248 |  0:00:03s
epoch 2  | loss: 0.47291 | val_auc: 0.7281  |  0:00:04s
epoch 3  | loss: 0.45859 | val_auc: 0.71754 |  0:00:05s
epoch 4  | loss: 0.45148 | val_auc: 0.73014 |  0:00:07s
epoch 5  | loss: 0.45059 | val_auc: 0.73422 |  0:00:08s
epoch 6  | loss: 0.44652 | val_auc: 0.74057 |  0:00:10s
epoch 7  | loss: 0.44199 | val_auc: 0.7432  |  0:00:11s
epoch 8  | loss: 0.44188 | val_auc: 0.75373 |  0:00:13s
epoch 9  | loss: 0.43911 | val_auc: 0.74992 |  0:00:14s
epoch 10 | loss: 0.44119 | val_auc: 0.73434 |  0:00:16s
epoch 11 | loss: 0.4454  | val_auc: 0.75257 |  0:00:17s
epoch 12 | loss: 0.43949 | val_auc: 0.75031 |  0:00:18s
epoch 13 | loss: 0.43706 | val_auc: 0.75366 |  0:00:20s
epoch 14 | loss: 0.43617 | val_auc: 0.75285 |  0:00:21s
epoch 15 | loss: 0.43326 | val_auc: 0.75486 |  0:00:23s
epoch 16 | loss: 0.43245 | val_auc: 0.74719 |  0:00:24s
epoch 17 | loss: 0.43273 | val_auc: 0.75045 |  0:00:26s
epoch 18 | loss: 0.43165 | val_auc: 0.74946 |  0:00:27s
epoch 19 | loss: 0.43035 | val_auc: 0.7511  |  0:00:29s
epoch 20 | loss: 0.43024 | val_auc: 0.75133 |  0:00:30s
epoch 21 | loss: 0.42959 | val_auc: 0.74804 |  0:00:32s
epoch 22 | loss: 0.42921 | val_auc: 0.74346 |  0:00:33s
epoch 23 | loss: 0.42816 | val_auc: 0.74494 |  0:00:35s
epoch 24 | loss: 0.4307  | val_auc: 0.74377 |  0:00:36s
epoch 25 | loss: 0.42938 | val_auc: 0.75158 |  0:00:37s
epoch 26 | loss: 0.42987 | val_auc: 0.74811 |  0:00:39s
epoch 27 | loss: 0.43138 | val_auc: 0.7506  |  0:00:40s
epoch 28 | loss: 0.43111 | val_auc: 0.74737 |  0:00:42s
epoch 29 | loss: 0.42699 | val_auc: 0.74652 |  0:00:43s
epoch 30 | loss: 0.42746 | val_auc: 0.75135 |  0:00:45s

Early stopping occurred at epoch 30 with best_epoch = 15 and best_val_auc = 0.75486
epoch 0  | loss: 0.82002 | val_auc: 0.66581 |  0:00:02s
epoch 1  | loss: 0.51993 | val_auc: 0.72911 |  0:00:04s
epoch 2  | loss: 0.47303 | val_auc: 0.75339 |  0:00:05s
epoch 3  | loss: 0.45365 | val_auc: 0.75064 |  0:00:07s
epoch 4  | loss: 0.45074 | val_auc: 0.75178 |  0:00:09s
epoch 5  | loss: 0.44744 | val_auc: 0.75375 |  0:00:11s
epoch 6  | loss: 0.44419 | val_auc: 0.75628 |  0:00:13s
epoch 7  | loss: 0.43829 | val_auc: 0.76312 |  0:00:15s
epoch 8  | loss: 0.439   | val_auc: 0.76249 |  0:00:16s
epoch 9  | loss: 0.4376  | val_auc: 0.76215 |  0:00:18s
epoch 10 | loss: 0.43628 | val_auc: 0.7622  |  0:00:20s
epoch 11 | loss: 0.43645 | val_auc: 0.76062 |  0:00:22s
epoch 12 | loss: 0.43597 | val_auc: 0.75724 |  0:00:24s
epoch 13 | loss: 0.43584 | val_auc: 0.76359 |  0:00:26s
epoch 14 | loss: 0.43767 | val_auc: 0.76072 |  0:00:28s
epoch 15 | loss: 0.43491 | val_auc: 0.76233 |  0:00:29s
epoch 16 | loss: 0.43481 | val_auc: 0.76221 |  0:00:31s
epoch 17 | loss: 0.43494 | val_auc: 0.76508 |  0:00:33s
epoch 18 | loss: 0.43287 | val_auc: 0.75995 |  0:00:35s
epoch 19 | loss: 0.43063 | val_auc: 0.76487 |  0:00:37s
epoch 20 | loss: 0.4281  | val_auc: 0.7597  |  0:00:39s
epoch 21 | loss: 0.42983 | val_auc: 0.76313 |  0:00:41s
epoch 22 | loss: 0.43047 | val_auc: 0.75962 |  0:00:42s
epoch 23 | loss: 0.42841 | val_auc: 0.76021 |  0:00:44s
epoch 24 | loss: 0.4289  | val_auc: 0.76665 |  0:00:46s
epoch 25 | loss: 0.42896 | val_auc: 0.76355 |  0:00:48s
epoch 26 | loss: 0.42757 | val_auc: 0.76062 |  0:00:50s
epoch 27 | loss: 0.42811 | val_auc: 0.76465 |  0:00:52s
epoch 28 | loss: 0.42775 | val_auc: 0.76562 |  0:00:54s
epoch 29 | loss: 0.42833 | val_auc: 0.76651 |  0:00:55s
epoch 30 | loss: 0.42499 | val_auc: 0.76617 |  0:00:57s
epoch 31 | loss: 0.4255  | val_auc: 0.76846 |  0:00:59s
epoch 32 | loss: 0.42793 | val_auc: 0.76985 |  0:01:01s
epoch 33 | loss: 0.42634 | val_auc: 0.76846 |  0:01:03s
epoch 34 | loss: 0.42467 | val_auc: 0.76934 |  0:01:05s
epoch 35 | loss: 0.42591 | val_auc: 0.76765 |  0:01:07s
epoch 36 | loss: 0.42855 | val_auc: 0.76781 |  0:01:08s
epoch 37 | loss: 0.42487 | val_auc: 0.76855 |  0:01:10s
epoch 38 | loss: 0.42457 | val_auc: 0.76648 |  0:01:12s
epoch 39 | loss: 0.42481 | val_auc: 0.76538 |  0:01:14s
epoch 40 | loss: 0.42403 | val_auc: 0.76413 |  0:01:16s
epoch 41 | loss: 0.42392 | val_auc: 0.76611 |  0:01:18s
epoch 42 | loss: 0.42492 | val_auc: 0.76336 |  0:01:20s
epoch 43 | loss: 0.42398 | val_auc: 0.76726 |  0:01:22s
epoch 44 | loss: 0.42359 | val_auc: 0.76672 |  0:01:23s
epoch 45 | loss: 0.42339 | val_auc: 0.76671 |  0:01:25s
epoch 46 | loss: 0.42275 | val_auc: 0.76671 |  0:01:27s
epoch 47 | loss: 0.42294 | val_auc: 0.76716 |  0:01:29s

Early stopping occurred at epoch 47 with best_epoch = 32 and best_val_auc = 0.76985
Successfully saved model at /Users/harekrishna/Downloads/credit-default-xai-benchmark 2/results/outputs/uci/runs/seed_326/models/tabnet.pkl.zip
epoch 0  | loss: 0.78415 | val_auc: 0.64816 |  0:00:01s
epoch 1  | loss: 0.55647 | val_auc: 0.73609 |  0:00:03s
epoch 2  | loss: 0.50234 | val_auc: 0.73597 |  0:00:04s
epoch 3  | loss: 0.46116 | val_auc: 0.74356 |  0:00:06s
epoch 4  | loss: 0.45499 | val_auc: 0.74804 |  0:00:07s
epoch 5  | loss: 0.4544  | val_auc: 0.7465  |  0:00:08s
epoch 6  | loss: 0.44835 | val_auc: 0.75709 |  0:00:10s
epoch 7  | loss: 0.44432 | val_auc: 0.75274 |  0:00:11s
epoch 8  | loss: 0.44267 | val_auc: 0.754   |  0:00:13s
epoch 9  | loss: 0.44274 | val_auc: 0.76894 |  0:00:14s
epoch 10 | loss: 0.44553 | val_auc: 0.77285 |  0:00:16s
epoch 11 | loss: 0.4409  | val_auc: 0.76373 |  0:00:17s
epoch 12 | loss: 0.44032 | val_auc: 0.75728 |  0:00:19s
epoch 13 | loss: 0.43921 | val_auc: 0.76499 |  0:00:20s
epoch 14 | loss: 0.43858 | val_auc: 0.75998 |  0:00:21s
epoch 15 | loss: 0.44286 | val_auc: 0.76578 |  0:00:23s02:12:28  INFO      models.tabnet_model  TabNet trained | device=mps  best_epoch=38  elapsed=79.8s
02:12:28  INFO      models.tabnet_model  Apple MPS backend passed smoke test — using GPU acceleration.
02:12:28  INFO      models.tabnet_model  TabNet starting | device=mps  max_epochs=200  patience=15  batch_size=1024  n_train=19200
02:13:29  INFO      models.tabnet_model  TabNet trained | device=mps  best_epoch=25  elapsed=61.0s
02:13:30  INFO      models.tabnet_model  Apple MPS backend passed smoke test — using GPU acceleration.
02:13:30  INFO      models.tabnet_model  TabNet starting | device=mps  max_epochs=200  patience=15  batch_size=1024  n_train=19200
02:14:24  INFO      models.tabnet_model  TabNet trained | device=mps  best_epoch=21  elapsed=54.8s
02:14:25  INFO      models.tabnet_model  Apple MPS backend passed smoke test — using GPU acceleration.
02:14:25  INFO      models.tabnet_model  TabNet starting | device=mps  max_epochs=200  patience=15  batch_size=1024  n_train=19200

epoch 16 | loss: 0.442   | val_auc: 0.76755 |  0:00:24s
epoch 17 | loss: 0.4418  | val_auc: 0.76625 |  0:00:26s
epoch 18 | loss: 0.43822 | val_auc: 0.76313 |  0:00:27s
epoch 19 | loss: 0.43602 | val_auc: 0.76897 |  0:00:29s
epoch 20 | loss: 0.43605 | val_auc: 0.773   |  0:00:30s
epoch 21 | loss: 0.43787 | val_auc: 0.7631  |  0:00:32s
epoch 22 | loss: 0.43594 | val_auc: 0.76533 |  0:00:33s
epoch 23 | loss: 0.43439 | val_auc: 0.77422 |  0:00:35s
epoch 24 | loss: 0.4341  | val_auc: 0.77441 |  0:00:36s
epoch 25 | loss: 0.4327  | val_auc: 0.76919 |  0:00:37s
epoch 26 | loss: 0.43195 | val_auc: 0.76857 |  0:00:39s
epoch 27 | loss: 0.43185 | val_auc: 0.7732  |  0:00:40s
epoch 28 | loss: 0.43163 | val_auc: 0.77614 |  0:00:42s
epoch 29 | loss: 0.43321 | val_auc: 0.77713 |  0:00:43s
epoch 30 | loss: 0.43119 | val_auc: 0.77536 |  0:00:45s
epoch 31 | loss: 0.42851 | val_auc: 0.77506 |  0:00:46s
epoch 32 | loss: 0.42956 | val_auc: 0.77218 |  0:00:48s
epoch 33 | loss: 0.43055 | val_auc: 0.77452 |  0:00:49s
epoch 34 | loss: 0.4315  | val_auc: 0.77834 |  0:00:51s
epoch 35 | loss: 0.42892 | val_auc: 0.77762 |  0:00:52s
epoch 36 | loss: 0.42989 | val_auc: 0.77152 |  0:00:54s
epoch 37 | loss: 0.42893 | val_auc: 0.77833 |  0:00:55s
epoch 38 | loss: 0.42652 | val_auc: 0.78064 |  0:00:56s
epoch 39 | loss: 0.42763 | val_auc: 0.76948 |  0:00:58s
epoch 40 | loss: 0.42763 | val_auc: 0.7791  |  0:00:59s
epoch 41 | loss: 0.42707 | val_auc: 0.77736 |  0:01:01s
epoch 42 | loss: 0.42604 | val_auc: 0.77766 |  0:01:02s
epoch 43 | loss: 0.42407 | val_auc: 0.77877 |  0:01:04s
epoch 44 | loss: 0.42498 | val_auc: 0.7742  |  0:01:05s
epoch 45 | loss: 0.4258  | val_auc: 0.77585 |  0:01:07s
epoch 46 | loss: 0.42404 | val_auc: 0.78043 |  0:01:08s
epoch 47 | loss: 0.42478 | val_auc: 0.77664 |  0:01:09s
epoch 48 | loss: 0.42358 | val_auc: 0.77709 |  0:01:11s
epoch 49 | loss: 0.42327 | val_auc: 0.77581 |  0:01:12s
epoch 50 | loss: 0.42143 | val_auc: 0.77766 |  0:01:14s
epoch 51 | loss: 0.42569 | val_auc: 0.7751  |  0:01:15s
epoch 52 | loss: 0.42346 | val_auc: 0.77875 |  0:01:17s
epoch 53 | loss: 0.42233 | val_auc: 0.7799  |  0:01:18s

Early stopping occurred at epoch 53 with best_epoch = 38 and best_val_auc = 0.78064
epoch 0  | loss: 0.80274 | val_auc: 0.6872  |  0:00:01s
epoch 1  | loss: 0.57959 | val_auc: 0.70422 |  0:00:02s
epoch 2  | loss: 0.49139 | val_auc: 0.73456 |  0:00:04s
epoch 3  | loss: 0.46034 | val_auc: 0.74461 |  0:00:05s
epoch 4  | loss: 0.45002 | val_auc: 0.74373 |  0:00:07s
epoch 5  | loss: 0.44962 | val_auc: 0.75097 |  0:00:08s
epoch 6  | loss: 0.44159 | val_auc: 0.75969 |  0:00:10s
epoch 7  | loss: 0.43932 | val_auc: 0.75556 |  0:00:11s
epoch 8  | loss: 0.44067 | val_auc: 0.7537  |  0:00:13s
epoch 9  | loss: 0.43824 | val_auc: 0.75565 |  0:00:14s
epoch 10 | loss: 0.43938 | val_auc: 0.75941 |  0:00:16s
epoch 11 | loss: 0.43945 | val_auc: 0.75084 |  0:00:17s
epoch 12 | loss: 0.44086 | val_auc: 0.74845 |  0:00:19s
epoch 13 | loss: 0.4442  | val_auc: 0.75007 |  0:00:20s
epoch 14 | loss: 0.44096 | val_auc: 0.74826 |  0:00:22s
epoch 15 | loss: 0.43847 | val_auc: 0.75579 |  0:00:23s
epoch 16 | loss: 0.43504 | val_auc: 0.75872 |  0:00:24s
epoch 17 | loss: 0.43549 | val_auc: 0.75564 |  0:00:26s
epoch 18 | loss: 0.43364 | val_auc: 0.75861 |  0:00:27s
epoch 19 | loss: 0.43259 | val_auc: 0.76019 |  0:00:29s
epoch 20 | loss: 0.43096 | val_auc: 0.76239 |  0:00:30s
epoch 21 | loss: 0.43174 | val_auc: 0.7627  |  0:00:32s
epoch 22 | loss: 0.43105 | val_auc: 0.7605  |  0:00:33s
epoch 23 | loss: 0.43529 | val_auc: 0.7505  |  0:00:35s
epoch 24 | loss: 0.4389  | val_auc: 0.76301 |  0:00:36s
epoch 25 | loss: 0.43415 | val_auc: 0.76472 |  0:00:38s
epoch 26 | loss: 0.43321 | val_auc: 0.76214 |  0:00:39s
epoch 27 | loss: 0.43266 | val_auc: 0.75426 |  0:00:41s
epoch 28 | loss: 0.43115 | val_auc: 0.75292 |  0:00:42s
epoch 29 | loss: 0.43554 | val_auc: 0.75785 |  0:00:43s
epoch 30 | loss: 0.43198 | val_auc: 0.75719 |  0:00:45s
epoch 31 | loss: 0.43083 | val_auc: 0.7566  |  0:00:46s
epoch 32 | loss: 0.42882 | val_auc: 0.75556 |  0:00:48s
epoch 33 | loss: 0.42978 | val_auc: 0.75311 |  0:00:49s
epoch 34 | loss: 0.43122 | val_auc: 0.75978 |  0:00:51s
epoch 35 | loss: 0.42946 | val_auc: 0.76007 |  0:00:52s
epoch 36 | loss: 0.42952 | val_auc: 0.75593 |  0:00:54s
epoch 37 | loss: 0.42853 | val_auc: 0.76328 |  0:00:55s
epoch 38 | loss: 0.42701 | val_auc: 0.76048 |  0:00:57s
epoch 39 | loss: 0.42813 | val_auc: 0.76091 |  0:00:58s
epoch 40 | loss: 0.42991 | val_auc: 0.76263 |  0:01:00s

Early stopping occurred at epoch 40 with best_epoch = 25 and best_val_auc = 0.76472
epoch 0  | loss: 0.80134 | val_auc: 0.718   |  0:00:01s
epoch 1  | loss: 0.53616 | val_auc: 0.76562 |  0:00:03s
epoch 2  | loss: 0.47373 | val_auc: 0.78043 |  0:00:04s
epoch 3  | loss: 0.45634 | val_auc: 0.78162 |  0:00:05s
epoch 4  | loss: 0.45173 | val_auc: 0.79634 |  0:00:07s
epoch 5  | loss: 0.45327 | val_auc: 0.79083 |  0:00:08s
epoch 6  | loss: 0.4496  | val_auc: 0.77672 |  0:00:10s
epoch 7  | loss: 0.4482  | val_auc: 0.79221 |  0:00:11s
epoch 8  | loss: 0.44614 | val_auc: 0.79371 |  0:00:13s
epoch 9  | loss: 0.44273 | val_auc: 0.78947 |  0:00:14s
epoch 10 | loss: 0.448   | val_auc: 0.78459 |  0:00:16s
epoch 11 | loss: 0.44582 | val_auc: 0.8003  |  0:00:17s
epoch 12 | loss: 0.44274 | val_auc: 0.80068 |  0:00:18s
epoch 13 | loss: 0.43736 | val_auc: 0.78841 |  0:00:20s
epoch 14 | loss: 0.43985 | val_auc: 0.79643 |  0:00:21s
epoch 15 | loss: 0.43789 | val_auc: 0.80201 |  0:00:23s
epoch 16 | loss: 0.4347  | val_auc: 0.80313 |  0:00:24s
epoch 17 | loss: 0.4334  | val_auc: 0.80829 |  0:00:26s
epoch 18 | loss: 0.4331  | val_auc: 0.80143 |  0:00:27s
epoch 19 | loss: 0.43154 | val_auc: 0.79929 |  0:00:29s
epoch 20 | loss: 0.43266 | val_auc: 0.80805 |  0:00:30s
epoch 21 | loss: 0.4347  | val_auc: 0.80831 |  0:00:32s
epoch 22 | loss: 0.43386 | val_auc: 0.80749 |  0:00:33s
epoch 23 | loss: 0.43382 | val_auc: 0.80445 |  0:00:34s
epoch 24 | loss: 0.43217 | val_auc: 0.8055  |  0:00:36s
epoch 25 | loss: 0.43198 | val_auc: 0.7955  |  0:00:37s
epoch 26 | loss: 0.4325  | val_auc: 0.80237 |  0:00:39s
epoch 27 | loss: 0.43043 | val_auc: 0.80717 |  0:00:40s
epoch 28 | loss: 0.42912 | val_auc: 0.80411 |  0:00:42s
epoch 29 | loss: 0.43274 | val_auc: 0.79709 |  0:00:43s
epoch 30 | loss: 0.43199 | val_auc: 0.80627 |  0:00:45s
epoch 31 | loss: 0.43016 | val_auc: 0.80312 |  0:00:46s
epoch 32 | loss: 0.43121 | val_auc: 0.80494 |  0:00:47s
epoch 33 | loss: 0.42887 | val_auc: 0.79939 |  0:00:49s
epoch 34 | loss: 0.42891 | val_auc: 0.80501 |  0:00:50s
epoch 35 | loss: 0.42682 | val_auc: 0.80775 |  0:00:52s
epoch 36 | loss: 0.42781 | val_auc: 0.80547 |  0:00:53s

Early stopping occurred at epoch 36 with best_epoch = 21 and best_val_auc = 0.80831
epoch 0  | loss: 0.78768 | val_auc: 0.70377 |  0:00:01s
epoch 1  | loss: 0.52349 | val_auc: 0.76265 |  0:00:03s
epoch 2  | loss: 0.47167 | val_auc: 0.76919 |  0:00:04s
epoch 3  | loss: 0.45486 | val_auc: 0.77425 |  0:00:06s
epoch 4  | loss: 0.45658 | val_auc: 0.77275 |  0:00:07s
epoch 5  | loss: 0.45065 | val_auc: 0.76187 |  0:00:09s
epoch 6  | loss: 0.44455 | val_auc: 0.77365 |  0:00:10s
epoch 7  | loss: 0.44467 | val_auc: 0.78233 |  0:00:11s
epoch 8  | loss: 0.44504 | val_auc: 0.77579 |  0:00:13s
epoch 9  | loss: 0.44023 | val_auc: 0.7799  |  0:00:14s
epoch 10 | loss: 0.44398 | val_auc: 0.78401 |  0:00:16s
epoch 11 | loss: 0.44204 | val_auc: 0.77846 |  0:00:17s
epoch 12 | loss: 0.4421  | val_auc: 0.77915 |  0:00:19s
epoch 13 | loss: 0.44096 | val_auc: 0.78586 |  0:00:20s
epoch 14 | loss: 0.44085 | val_auc: 0.78441 |  0:00:22s
epoch 15 | loss: 0.44167 | val_auc: 0.7824  |  0:00:23s
epoch 16 | loss: 0.43904 | val_auc: 0.78538 |  0:00:24s
epoch 17 | loss: 0.43776 | val_auc: 0.7815  |  0:00:26s
epoch 18 | loss: 0.43748 | val_auc: 0.78022 |  0:00:27s
epoch 19 | loss: 0.43583 | val_auc: 0.78293 |  0:00:29s
epoch 20 | loss: 0.43548 | val_auc: 0.78289 |  0:00:30s
epoch 21 | loss: 0.43746 | val_auc: 0.78849 |  0:00:32s
epoch 22 | loss: 0.43455 | val_auc: 0.78636 |  0:00:33s
epoch 23 | loss: 0.43494 | val_auc: 0.78962 |  0:00:35s
epoch 24 | loss: 0.43504 | val_auc: 0.78836 |  0:00:36s
epoch 25 | loss: 0.43308 | val_auc: 0.79026 |  0:00:38s02:16:05  INFO      models.tabnet_model  TabNet trained | device=mps  best_epoch=51  elapsed=99.9s
02:16:05  INFO      models.tabnet_model  Apple MPS backend passed smoke test — using GPU acceleration.
02:16:05  INFO      models.tabnet_model  TabNet starting | device=mps  max_epochs=200  patience=15  batch_size=1024  n_train=19200
02:17:59  INFO      models.tabnet_model  TabNet trained | device=mps  best_epoch=61  elapsed=113.8s
02:17:59  INFO      models.tabnet_model  Apple MPS backend passed smoke test — using GPU acceleration.
02:17:59  INFO      models.tabnet_model  TabNet starting | device=mps  max_epochs=200  patience=15  batch_size=1024  n_train=24000

epoch 26 | loss: 0.432   | val_auc: 0.79322 |  0:00:39s
epoch 27 | loss: 0.4323  | val_auc: 0.79104 |  0:00:41s
epoch 28 | loss: 0.43351 | val_auc: 0.79316 |  0:00:42s
epoch 29 | loss: 0.4358  | val_auc: 0.79094 |  0:00:43s
epoch 30 | loss: 0.4347  | val_auc: 0.79169 |  0:00:45s
epoch 31 | loss: 0.43407 | val_auc: 0.79276 |  0:00:46s
epoch 32 | loss: 0.43233 | val_auc: 0.79338 |  0:00:48s
epoch 33 | loss: 0.43142 | val_auc: 0.7887  |  0:00:49s
epoch 34 | loss: 0.43031 | val_auc: 0.79303 |  0:00:51s
epoch 35 | loss: 0.42955 | val_auc: 0.79346 |  0:00:52s
epoch 36 | loss: 0.42953 | val_auc: 0.79621 |  0:00:54s
epoch 37 | loss: 0.42762 | val_auc: 0.7997  |  0:00:55s
epoch 38 | loss: 0.42879 | val_auc: 0.79507 |  0:00:57s
epoch 39 | loss: 0.42826 | val_auc: 0.79272 |  0:00:58s
epoch 40 | loss: 0.42786 | val_auc: 0.79458 |  0:01:00s
epoch 41 | loss: 0.42673 | val_auc: 0.79602 |  0:01:01s
epoch 42 | loss: 0.42853 | val_auc: 0.79345 |  0:01:03s
epoch 43 | loss: 0.42715 | val_auc: 0.79621 |  0:01:04s
epoch 44 | loss: 0.42943 | val_auc: 0.79686 |  0:01:06s
epoch 45 | loss: 0.4286  | val_auc: 0.79322 |  0:01:07s
epoch 46 | loss: 0.43222 | val_auc: 0.79435 |  0:01:09s
epoch 47 | loss: 0.42987 | val_auc: 0.7957  |  0:01:10s
epoch 48 | loss: 0.42828 | val_auc: 0.79572 |  0:01:12s
epoch 49 | loss: 0.42669 | val_auc: 0.79702 |  0:01:13s
epoch 50 | loss: 0.43004 | val_auc: 0.79971 |  0:01:15s
epoch 51 | loss: 0.42905 | val_auc: 0.8     |  0:01:16s
epoch 52 | loss: 0.4279  | val_auc: 0.79475 |  0:01:18s
epoch 53 | loss: 0.42566 | val_auc: 0.79274 |  0:01:19s
epoch 54 | loss: 0.42516 | val_auc: 0.79325 |  0:01:21s
epoch 55 | loss: 0.42526 | val_auc: 0.79127 |  0:01:22s
epoch 56 | loss: 0.42333 | val_auc: 0.79695 |  0:01:24s
epoch 57 | loss: 0.42416 | val_auc: 0.79693 |  0:01:25s
epoch 58 | loss: 0.42365 | val_auc: 0.79556 |  0:01:27s
epoch 59 | loss: 0.42355 | val_auc: 0.79182 |  0:01:28s
epoch 60 | loss: 0.42437 | val_auc: 0.79417 |  0:01:29s
epoch 61 | loss: 0.42328 | val_auc: 0.79355 |  0:01:31s
epoch 62 | loss: 0.42179 | val_auc: 0.7906  |  0:01:33s
epoch 63 | loss: 0.42079 | val_auc: 0.78738 |  0:01:34s
epoch 64 | loss: 0.42092 | val_auc: 0.78912 |  0:01:35s
epoch 65 | loss: 0.42083 | val_auc: 0.79384 |  0:01:37s
epoch 66 | loss: 0.42041 | val_auc: 0.7923  |  0:01:38s

Early stopping occurred at epoch 66 with best_epoch = 51 and best_val_auc = 0.8
epoch 0  | loss: 0.77257 | val_auc: 0.694   |  0:00:01s
epoch 1  | loss: 0.5323  | val_auc: 0.72266 |  0:00:03s
epoch 2  | loss: 0.48049 | val_auc: 0.74424 |  0:00:04s
epoch 3  | loss: 0.46022 | val_auc: 0.73541 |  0:00:06s
epoch 4  | loss: 0.45443 | val_auc: 0.75191 |  0:00:07s
epoch 5  | loss: 0.45887 | val_auc: 0.75799 |  0:00:09s
epoch 6  | loss: 0.44757 | val_auc: 0.75488 |  0:00:10s
epoch 7  | loss: 0.44072 | val_auc: 0.75117 |  0:00:11s
epoch 8  | loss: 0.44039 | val_auc: 0.7619  |  0:00:13s
epoch 9  | loss: 0.43982 | val_auc: 0.75035 |  0:00:14s
epoch 10 | loss: 0.44282 | val_auc: 0.74759 |  0:00:16s
epoch 11 | loss: 0.43956 | val_auc: 0.73381 |  0:00:17s
epoch 12 | loss: 0.44069 | val_auc: 0.76002 |  0:00:19s
epoch 13 | loss: 0.44036 | val_auc: 0.75911 |  0:00:20s
epoch 14 | loss: 0.4386  | val_auc: 0.75654 |  0:00:22s
epoch 15 | loss: 0.44003 | val_auc: 0.76447 |  0:00:23s
epoch 16 | loss: 0.43676 | val_auc: 0.76522 |  0:00:25s
epoch 17 | loss: 0.43845 | val_auc: 0.7583  |  0:00:26s
epoch 18 | loss: 0.43572 | val_auc: 0.7607  |  0:00:27s
epoch 19 | loss: 0.43225 | val_auc: 0.7603  |  0:00:29s
epoch 20 | loss: 0.43502 | val_auc: 0.75915 |  0:00:30s
epoch 21 | loss: 0.4352  | val_auc: 0.75867 |  0:00:32s
epoch 22 | loss: 0.43639 | val_auc: 0.75422 |  0:00:33s
epoch 23 | loss: 0.43676 | val_auc: 0.76154 |  0:00:35s
epoch 24 | loss: 0.43727 | val_auc: 0.76531 |  0:00:36s
epoch 25 | loss: 0.43451 | val_auc: 0.76112 |  0:00:38s
epoch 26 | loss: 0.43277 | val_auc: 0.765   |  0:00:39s
epoch 27 | loss: 0.43229 | val_auc: 0.76958 |  0:00:41s
epoch 28 | loss: 0.4302  | val_auc: 0.76521 |  0:00:42s
epoch 29 | loss: 0.43168 | val_auc: 0.76096 |  0:00:43s
epoch 30 | loss: 0.43267 | val_auc: 0.76165 |  0:00:45s
epoch 31 | loss: 0.43171 | val_auc: 0.76429 |  0:00:46s
epoch 32 | loss: 0.431   | val_auc: 0.76183 |  0:00:48s
epoch 33 | loss: 0.43027 | val_auc: 0.76491 |  0:00:49s
epoch 34 | loss: 0.43261 | val_auc: 0.76326 |  0:00:51s
epoch 35 | loss: 0.42952 | val_auc: 0.76587 |  0:00:52s
epoch 36 | loss: 0.42994 | val_auc: 0.76583 |  0:00:54s
epoch 37 | loss: 0.42984 | val_auc: 0.76428 |  0:00:55s
epoch 38 | loss: 0.42848 | val_auc: 0.77136 |  0:00:57s
epoch 39 | loss: 0.42901 | val_auc: 0.76349 |  0:00:58s
epoch 40 | loss: 0.43131 | val_auc: 0.76462 |  0:01:00s
epoch 41 | loss: 0.42919 | val_auc: 0.76756 |  0:01:01s
epoch 42 | loss: 0.42914 | val_auc: 0.76628 |  0:01:02s
epoch 43 | loss: 0.42944 | val_auc: 0.7678  |  0:01:04s
epoch 44 | loss: 0.42932 | val_auc: 0.7656  |  0:01:06s
epoch 45 | loss: 0.42821 | val_auc: 0.76109 |  0:01:07s
epoch 46 | loss: 0.4297  | val_auc: 0.76488 |  0:01:08s
epoch 47 | loss: 0.43022 | val_auc: 0.76515 |  0:01:10s
epoch 48 | loss: 0.42846 | val_auc: 0.76909 |  0:01:11s
epoch 49 | loss: 0.42849 | val_auc: 0.76745 |  0:01:13s
epoch 50 | loss: 0.42728 | val_auc: 0.76412 |  0:01:14s
epoch 51 | loss: 0.42719 | val_auc: 0.77277 |  0:01:16s
epoch 52 | loss: 0.43035 | val_auc: 0.76871 |  0:01:17s
epoch 53 | loss: 0.42944 | val_auc: 0.76902 |  0:01:19s
epoch 54 | loss: 0.42934 | val_auc: 0.76683 |  0:01:20s
epoch 55 | loss: 0.42798 | val_auc: 0.76417 |  0:01:22s
epoch 56 | loss: 0.43188 | val_auc: 0.75876 |  0:01:23s
epoch 57 | loss: 0.43098 | val_auc: 0.76861 |  0:01:25s
epoch 58 | loss: 0.4301  | val_auc: 0.7707  |  0:01:26s
epoch 59 | loss: 0.42991 | val_auc: 0.77054 |  0:01:28s
epoch 60 | loss: 0.43083 | val_auc: 0.77063 |  0:01:29s
epoch 61 | loss: 0.42876 | val_auc: 0.77576 |  0:01:30s
epoch 62 | loss: 0.42824 | val_auc: 0.76545 |  0:01:32s
epoch 63 | loss: 0.42785 | val_auc: 0.77066 |  0:01:33s
epoch 64 | loss: 0.42739 | val_auc: 0.7724  |  0:01:35s
epoch 65 | loss: 0.42782 | val_auc: 0.76938 |  0:01:36s
epoch 66 | loss: 0.42697 | val_auc: 0.76875 |  0:01:38s
epoch 67 | loss: 0.426   | val_auc: 0.77206 |  0:01:39s
epoch 68 | loss: 0.42491 | val_auc: 0.76685 |  0:01:41s
epoch 69 | loss: 0.42515 | val_auc: 0.77229 |  0:01:42s
epoch 70 | loss: 0.42601 | val_auc: 0.77181 |  0:01:43s
epoch 71 | loss: 0.42485 | val_auc: 0.77242 |  0:01:45s
epoch 72 | loss: 0.42427 | val_auc: 0.76896 |  0:01:46s
epoch 73 | loss: 0.42421 | val_auc: 0.76723 |  0:01:48s
epoch 74 | loss: 0.42388 | val_auc: 0.77237 |  0:01:49s
epoch 75 | loss: 0.42303 | val_auc: 0.77126 |  0:01:51s
epoch 76 | loss: 0.42495 | val_auc: 0.76751 |  0:01:52s

Early stopping occurred at epoch 76 with best_epoch = 61 and best_val_auc = 0.77576
epoch 0  | loss: 0.78784 | val_auc: 0.62711 |  0:00:02s
epoch 1  | loss: 0.52146 | val_auc: 0.71167 |  0:00:03s
epoch 2  | loss: 0.48568 | val_auc: 0.73344 |  0:00:05s
epoch 3  | loss: 0.46301 | val_auc: 0.75725 |  0:00:07s
epoch 4  | loss: 0.4536  | val_auc: 0.76483 |  0:00:09s
epoch 5  | loss: 0.44909 | val_auc: 0.76636 |  0:00:11s
epoch 6  | loss: 0.45167 | val_auc: 0.75541 |  0:00:13s
epoch 7  | loss: 0.45115 | val_auc: 0.7637  |  0:00:14s
epoch 8  | loss: 0.44609 | val_auc: 0.77158 |  0:00:16s
epoch 9  | loss: 0.44878 | val_auc: 0.76127 |  0:00:18s
epoch 10 | loss: 0.44918 | val_auc: 0.76762 |  0:00:20s
epoch 11 | loss: 0.44347 | val_auc: 0.77547 |  0:00:22s
epoch 12 | loss: 0.44264 | val_auc: 0.77413 |  0:00:24s
epoch 13 | loss: 0.43943 | val_auc: 0.77246 |  0:00:25s
epoch 14 | loss: 0.43993 | val_auc: 0.77479 |  0:00:27s
epoch 15 | loss: 0.43718 | val_auc: 0.77544 |  0:00:29s
epoch 16 | loss: 0.43744 | val_auc: 0.78175 |  0:00:31s
epoch 17 | loss: 0.44364 | val_auc: 0.77766 |  0:00:33s
epoch 18 | loss: 0.44062 | val_auc: 0.77584 |  0:00:35s
epoch 19 | loss: 0.43713 | val_auc: 0.77381 |  0:00:37s
epoch 20 | loss: 0.43616 | val_auc: 0.77636 |  0:00:39s
epoch 21 | loss: 0.43592 | val_auc: 0.78317 |  0:00:41s
epoch 22 | loss: 0.43302 | val_auc: 0.77672 |  0:00:43s
epoch 23 | loss: 0.433   | val_auc: 0.77969 |  0:00:44s
epoch 24 | loss: 0.43447 | val_auc: 0.77505 |  0:00:46s
epoch 25 | loss: 0.43195 | val_auc: 0.78163 |  0:00:48s02:20:42  INFO      models.tabnet_model  TabNet trained | device=mps  best_epoch=68  elapsed=162.5s
02:20:42  INFO      models.tabnet_model  TabNet model saved to /Users/harekrishna/Downloads/credit-default-xai-benchmark 2/results/outputs/uci/runs/seed_456/models/tabnet.pkl
02:20:42  INFO      pipeline  ============================================================
02:20:42  INFO      pipeline  STAGE 4: Evaluation (selection on OOF; test scored once)
02:20:42  INFO      pipeline  ============================================================
02:20:42  INFO      pipeline  XGBoost | OOF AUROC=0.7807  f1*=0.5420 @ t=0.49 | test AUROC=0.7815  F1=0.5433  MCC=0.4053
02:20:42  INFO      pipeline  LightGBM | OOF AUROC=0.7853  f1*=0.5462 @ t=0.28 | test AUROC=0.7848  F1=0.5621  MCC=0.4324
02:20:42  INFO      pipeline  CatBoost | OOF AUROC=0.7867  f1*=0.5477 @ t=0.55 | test AUROC=0.7873  F1=0.5596  MCC=0.4238
02:20:43  INFO      pipeline  Random Forest | OOF AUROC=0.7840  f1*=0.5444 @ t=0.58 | test AUROC=0.7837  F1=0.5501  MCC=0.4242
02:20:43  INFO      pipeline  Logistic Reg. | OOF AUROC=0.7670  f1*=0.5356 @ t=0.57 | test AUROC=0.7705  F1=0.5360  MCC=0.3962
02:20:43  INFO      pipeline  TabNet | OOF AUROC=0.7727  f1*=0.5397 @ t=0.28 | test AUROC=0.7822  F1=0.5469  MCC=0.4128
02:20:43  INFO      pipeline  LaTeX table → /Users/harekrishna/Downloads/credit-default-xai-benchmark 2/results/outputs/uci/runs/seed_456/results/table2_test_metrics.tex
02:20:43  INFO      pipeline  
                AUROC   AUPRC      F1  Precision  Recall  Specificity  G-Mean     MCC   Brier
Model                                                                                        
XGBoost        0.7815  0.5587  0.5433     0.5148  0.5750       0.8461  0.6975  0.4053  0.1537
LightGBM       0.7848  0.5844  0.5621     0.5424  0.5833       0.8603  0.7084  0.4324  0.1306
CatBoost       0.7873  0.5806  0.5596     0.5183  0.6081       0.8395  0.7145  0.4238  0.1765
Random Forest  0.7837  0.5805  0.5501     0.5562  0.5441       0.8767  0.6907  0.4242  0.1709
Logistic Reg.  0.7705  0.5355  0.5360     0.5092  0.5659       0.8451  0.6916  0.3962  0.1853
TabNet         0.7822  0.5576  0.5469     0.5285  0.5667       0.8564  0.6966  0.4128  0.1330
02:20:44  INFO      visualization.plots  Fig 2 saved → /Users/harekrishna/Downloads/credit-default-xai-benchmark 2/results/outputs/uci/runs/seed_456/figures/fig02_roc_curves.pdf
02:20:44  INFO      visualization.plots  Fig 3 saved → /Users/harekrishna/Downloads/credit-default-xai-benchmark 2/results/outputs/uci/runs/seed_456/figures/fig03_pr_curves.pdf
02:20:44  INFO      visualization.plots  Fig 4 saved → /Users/harekrishna/Downloads/credit-default-xai-benchmark 2/results/outputs/uci/runs/seed_456/figures/fig04_confusion_catboost.pdf
02:34:11  INFO      pipeline  Skipping TabNet in Fig 10 ablation (pass --full-ablation to include).
02:34:11  INFO      visualization.plots  Fig 10 saved → /Users/harekrishna/Downloads/credit-default-xai-benchmark 2/results/outputs/uci/runs/seed_456/figures/fig10_smote_ablation.pdf
02:34:11  INFO      pipeline  ============================================================
02:34:11  INFO      pipeline  STAGE 5: SHAP Explanations
02:34:11  INFO      pipeline  ============================================================
02:34:11  INFO      explainability.shap_explainer  SHAP TreeExplainer initialised | output_space=log_odds
02:34:11  INFO      explainability.shap_explainer  SHAP values computed | shape=(2000, 31)
02:34:11  INFO      explainability.shap_explainer  SHAP additivity check | MAE=0.00000 | PASS ✓
02:34:12  INFO      explainability.shap_explainer  Saved SHAP summary → /Users/harekrishna/Downloads/credit-default-xai-benchmark 2/results/outputs/uci/runs/seed_456/figures/fig05a_shap_summary_CatBoost.pdf
02:34:12  INFO      explainability.shap_explainer  Saved SHAP bar → /Users/harekrishna/Downloads/credit-default-xai-benchmark 2/results/outputs/uci/runs/seed_456/figures/fig05b_shap_bar_CatBoost.pdf
02:34:12  INFO      explainability.shap_explainer  Saved SHAP dependence → /Users/harekrishna/Downloads/credit-default-xai-benchmark 2/results/outputs/uci/runs/seed_456/figures/fig06_shap_dep_PAY_0.pdf
02:34:12  INFO      pipeline  LaTeX table → /Users/harekrishna/Downloads/credit-default-xai-benchmark 2/results/outputs/uci/runs/seed_456/results/table3_shap_ranking.tex
02:34:12  INFO      visualization.plots  Fig 8 saved → /Users/harekrishna/Downloads/credit-default-xai-benchmark 2/results/outputs/uci/runs/seed_456/figures/fig08_importance_comparison.pdf
02:34:13  INFO      visualization.plots  Fig 9 saved → /Users/harekrishna/Downloads/credit-default-xai-benchmark 2/results/outputs/uci/runs/seed_456/figures/fig09_threshold_sweep.pdf
02:34:13  INFO      pipeline  ============================================================
02:34:13  INFO      pipeline  STAGE 6: LIME Explanations
02:34:13  INFO      pipeline  ============================================================
02:34:13  INFO      explainability.lime_explainer  LIME tabular explainer initialised | features=31
02:34:13  INFO      pipeline  Local instances selected: {'TP': 1748, 'FP': 374, 'FN': 1333, 'TN': 1992}
02:34:14  INFO      explainability.lime_explainer  Saved LIME explanation → /Users/harekrishna/Downloads/credit-default-xai-benchmark 2/results/outputs/uci/runs/seed_456/figures/fig07_tp_lime.pdf
02:34:14  INFO      explainability.lime_explainer  Saved LIME explanation → /Users/harekrishna/Downloads/credit-default-xai-benchmark 2/results/outputs/uci/runs/seed_456/figures/fig07_fp_lime.pdf
02:34:14  INFO      explainability.lime_explainer  Saved LIME explanation → /Users/harekrishna/Downloads/credit-default-xai-benchmark 2/results/outputs/uci/runs/seed_456/figures/fig07_fn_lime.pdf
02:34:14  INFO      explainability.lime_explainer  Saved LIME explanation → /Users/harekrishna/Downloads/credit-default-xai-benchmark 2/results/outputs/uci/runs/seed_456/figures/fig07_tn_lime.pdf
02:34:14  INFO      explainability.lime_explainer  Saved LIME multi-instance grid → /Users/harekrishna/Downloads/credit-default-xai-benchmark 2/results/outputs/uci/runs/seed_456/figures/fig07_lime_multi_instance.pdf
02:34:17  INFO      explainability.lime_explainer  LIME batch complete | n=200
02:34:17  INFO      explainability.lime_explainer  SHAP–LIME agreement | mean ρ=0.584 ± 0.173
02:34:17  INFO      explainability.lime_explainer  LIME tabular explainer initialised | features=31
02:34:17  INFO      explainability.lime_explainer  LIME tabular explainer initialised | features=31
02:34:18  INFO      explainability.lime_explainer  LIME tabular explainer initialised | features=31
02:34:18  INFO      explainability.lime_explainer  LIME tabular explainer initialised | features=31
02:34:18  INFO      explainability.lime_explainer  LIME tabular explainer initialised | features=31
02:34:18  INFO      explainability.lime_explainer  LIME tabular explainer initialised | features=31
02:34:18  INFO      explainability.lime_explainer  LIME tabular explainer initialised | features=31
02:34:18  INFO      explainability.lime_explainer  LIME tabular explainer initialised | features=31
02:34:18  INFO      explainability.lime_explainer  LIME tabular explainer initialised | features=31
02:34:18  INFO      explainability.lime_explainer  LIME tabular explainer initialised | features=31
02:34:19  INFO      explainability.lime_explainer  LIME tabular explainer initialised | features=31
02:34:19  INFO      explainability.lime_explainer  LIME tabular explainer initialised | features=31
02:34:19  INFO      explainability.lime_explainer  LIME tabular explainer initialised | features=31
02:34:19  INFO      explainability.lime_explainer  LIME tabular explainer initialised | features=31
02:34:19  INFO      explainability.lime_explainer  LIME tabular explainer initialised | features=31
02:34:19  INFO      explainability.lime_explainer  LIME tabular explainer initialised | features=31
02:34:19  INFO      explainability.lime_explainer  LIME tabular explainer initialised | features=31
02:34:20  INFO      explainability.lime_explainer  LIME tabular explainer initialised | features=31
02:34:20  INFO      explainability.lime_explainer  LIME tabular explainer initialised | features=31
02:34:20  INFO      explainability.lime_explainer  LIME tabular explainer initialised | features=31
02:34:20  INFO      explainability.lime_explainer  LIME tabular explainer initialised | features=31
02:34:20  INFO      explainability.lime_explainer  LIME tabular explainer initialised | features=31
02:34:20  INFO      explainability.lime_explainer  LIME tabular explainer initialised | features=31
02:34:20  INFO      explainability.lime_explainer  LIME tabular explainer initialised | features=31
02:34:21  INFO      explainability.lime_explainer  LIME tabular explainer initialised | features=31
02:34:21  INFO      explainability.lime_explainer  LIME tabular explainer initialised | features=31
02:34:21  INFO      explainability.lime_explainer  LIME tabular explainer initialised | features=31
02:34:21  INFO      explainability.lime_explainer  LIME tabular explainer initialised | features=31
02:34:21  INFO      explainability.lime_explainer  LIME tabular explainer initialised | features=31
02:34:21  INFO      explainability.lime_explainer  LIME tabular explainer initialised | features=31
02:34:21  INFO      explainability.lime_explainer  LIME tabular explainer initialised | features=31
02:34:21  INFO      explainability.lime_explainer  LIME tabular explainer initialised | features=31
02:34:22  INFO      explainability.lime_explainer  LIME tabular explainer initialised | features=31
02:34:22  INFO      explainability.lime_explainer  LIME tabular explainer initialised | features=31
02:34:22  INFO      explainability.lime_explainer  LIME tabular explainer initialised | features=31
02:34:22  INFO      explainability.lime_explainer  LIME tabular explainer initialised | features=31
02:34:22  INFO      explainability.lime_explainer  LIME tabular explainer initialised | features=31
02:34:22  INFO      explainability.lime_explainer  LIME tabular explainer initialised | features=31
02:34:22  INFO      explainability.lime_explainer  LIME tabular explainer initialised | features=31
02:34:23  INFO      explainability.lime_explainer  LIME tabular explainer initialised | features=31
02:34:23  INFO      explainability.lime_explainer  LIME tabular explainer initialised | features=31
02:34:23  INFO      explainability.lime_explainer  LIME tabular explainer initialised | features=31
02:34:23  INFO      explainability.lime_explainer  LIME tabular explainer initialised | features=31
02:34:23  INFO      explainability.lime_explainer  LIME tabular explainer initialised | features=31
02:34:23  INFO      explainability.lime_explainer  LIME tabular explainer initialised | features=31
02:34:23  INFO      explainability.lime_explainer  LIME tabular explainer initialised | features=31
02:34:23  INFO      explainability.lime_explainer  LIME tabular explainer initialised | features=31
02:34:24  INFO      explainability.lime_explainer  LIME tabular explainer initialised | features=31
02:34:24  INFO      explainability.lime_explainer  LIME tabular explainer initialised | features=31
02:34:24  INFO      explainability.lime_explainer  LIME tabular explainer initialised | features=31
02:34:24  INFO      explainability.lime_explainer  LIME tabular explainer initialised | features=31
02:34:24  INFO      explainability.lime_explainer  LIME tabular explainer initialised | features=31
02:34:24  INFO      explainability.lime_explainer  LIME tabular explainer initialised | features=31
02:34:24  INFO      explainability.lime_explainer  LIME tabular explainer initialised | features=31
02:34:25  INFO      explainability.lime_explainer  LIME tabular explainer initialised | features=31
02:34:25  INFO      explainability.lime_explainer  LIME tabular explainer initialised | features=31
02:34:25  INFO      explainability.lime_explainer  LIME tabular explainer initialised | features=31
02:34:25  INFO      explainability.lime_explainer  LIME tabular explainer initialised | features=31
02:34:25  INFO      explainability.lime_explainer  LIME tabular explainer initialised | features=31
02:34:25  INFO      explainability.lime_explainer  LIME tabular explainer initialised | features=31
02:34:25  INFO      explainability.lime_explainer  LIME tabular explainer initialised | features=31
02:34:26  INFO      explainability.lime_explainer  LIME tabular explainer initialised | features=31
02:34:26  INFO      explainability.lime_explainer  LIME tabular explainer initialised | features=31
02:34:26  INFO      explainability.lime_explainer  LIME tabular explainer initialised | features=31
02:34:26  INFO      explainability.lime_explainer  LIME tabular explainer initialised | features=31
02:34:26  INFO      explainability.lime_explainer  LIME tabular explainer initialised | features=31
02:34:26  INFO      explainability.lime_explainer  LIME tabular explainer initialised | features=31
02:34:26  INFO      explainability.lime_explainer  LIME tabular explainer initialised | features=31
02:34:26  INFO      explainability.lime_explainer  LIME tabular explainer initialised | features=31
02:34:27  INFO      explainability.lime_explainer  LIME tabular explainer initialised | features=31
02:34:27  INFO      explainability.lime_explainer  LIME tabular explainer initialised | features=31
02:34:27  INFO      explainability.lime_explainer  LIME tabular explainer initialised | features=31
02:34:27  INFO      explainability.lime_explainer  LIME tabular explainer initialised | features=31
02:34:27  INFO      explainability.lime_explainer  LIME tabular explainer initialised | features=31
02:34:27  INFO      explainability.lime_explainer  LIME tabular explainer initialised | features=31
02:34:28  INFO      explainability.lime_explainer  LIME tabular explainer initialised | features=31
02:34:28  INFO      explainability.lime_explainer  LIME tabular explainer initialised | features=31
02:34:28  INFO      explainability.lime_explainer  LIME tabular explainer initialised | features=31
02:34:28  INFO      explainability.lime_explainer  LIME tabular explainer initialised | features=31
02:34:28  INFO      explainability.lime_explainer  LIME tabular explainer initialised | features=31
02:34:28  INFO      explainability.lime_explainer  LIME tabular explainer initialised | features=31
02:34:28  INFO      explainability.lime_explainer  LIME tabular explainer initialised | features=31
02:34:29  INFO      explainability.lime_explainer  LIME tabular explainer initialised | features=31
02:34:29  INFO      explainability.lime_explainer  LIME tabular explainer initialised | features=31
02:34:29  INFO      explainability.lime_explainer  LIME tabular explainer initialised | features=31
02:34:29  INFO      explainability.lime_explainer  LIME tabular explainer initialised | features=31
02:34:29  INFO      explainability.lime_explainer  LIME tabular explainer initialised | features=31
02:34:29  INFO      explainability.lime_explainer  LIME tabular explainer initialised | features=31
02:34:29  INFO      explainability.lime_explainer  LIME tabular explainer initialised | features=31
02:34:29  INFO      explainability.lime_explainer  LIME tabular explainer initialised | features=31
02:34:30  INFO      explainability.lime_explainer  LIME tabular explainer initialised | features=31
02:34:30  INFO      explainability.lime_explainer  LIME tabular explainer initialised | features=31
02:34:30  INFO      explainability.lime_explainer  LIME tabular explainer initialised | features=31
02:34:30  INFO      explainability.lime_explainer  LIME tabular explainer initialised | features=31
02:34:30  INFO      explainability.lime_explainer  LIME tabular explainer initialised | features=31
02:34:30  INFO      explainability.lime_explainer  LIME tabular explainer initialised | features=31
02:34:30  INFO      explainability.lime_explainer  LIME tabular explainer initialised | features=31
02:34:31  INFO      explainability.lime_explainer  LIME tabular explainer initialised | features=31
02:34:31  INFO      explainability.lime_explainer  LIME tabular explainer initialised | features=31
02:34:31  INFO      explainability.lime_explainer  LIME tabular explainer initialised | features=31
02:34:31  INFO      explainability.lime_explainer  LIME tabular explainer initialised | features=31
02:34:31  INFO      explainability.lime_explainer  LIME tabular explainer initialised | features=31
02:34:31  INFO      explainability.lime_explainer  LIME tabular explainer initialised | features=31
02:34:31  INFO      explainability.lime_explainer  LIME tabular explainer initialised | features=31
02:34:31  INFO      explainability.lime_explainer  LIME tabular explainer initialised | features=31
02:34:32  INFO      explainability.lime_explainer  LIME tabular explainer initialised | features=31
02:34:32  INFO      explainability.lime_explainer  LIME tabular explainer initialised | features=31
02:34:32  INFO      explainability.lime_explainer  LIME tabular explainer initialised | features=31
02:34:32  INFO      explainability.lime_explainer  LIME tabular explainer initialised | features=31
02:34:32  INFO      explainability.lime_explainer  LIME tabular explainer initialised | features=31
02:34:32  INFO      explainability.lime_explainer  LIME tabular explainer initialised | features=31
02:34:32  INFO      explainability.lime_explainer  LIME tabular explainer initialised | features=31
02:34:33  INFO      explainability.lime_explainer  LIME tabular explainer initialised | features=31
02:34:33  INFO      explainability.lime_explainer  LIME tabular explainer initialised | features=31
02:34:33  INFO      explainability.lime_explainer  LIME tabular explainer initialised | features=31
02:34:33  INFO      explainability.lime_explainer  LIME tabular explainer initialised | features=31
02:34:33  INFO      explainability.lime_explainer  LIME tabular explainer initialised | features=31
02:34:33  INFO      explainability.lime_explainer  LIME tabular explainer initialised | features=31
02:34:33  INFO      explainability.lime_explainer  LIME tabular explainer initialised | features=31
02:34:34  INFO      explainability.lime_explainer  LIME tabular explainer initialised | features=31
02:34:34  INFO      explainability.lime_explainer  LIME tabular explainer initialised | features=31
02:34:34  INFO      explainability.lime_explainer  LIME tabular explainer initialised | features=31
02:34:34  INFO      explainability.lime_explainer  LIME tabular explainer initialised | features=31
02:34:34  INFO      explainability.lime_explainer  LIME tabular explainer initialised | features=31
02:34:34  INFO      explainability.lime_explainer  LIME tabular explainer initialised | features=31
02:34:34  INFO      explainability.lime_explainer  LIME tabular explainer initialised | features=31
02:34:35  INFO      explainability.lime_explainer  LIME tabular explainer initialised | features=31
02:34:35  INFO      explainability.lime_explainer  LIME tabular explainer initialised | features=31
02:34:35  INFO      explainability.lime_explainer  LIME tabular explainer initialised | features=31
02:34:35  INFO      explainability.lime_explainer  LIME tabular explainer initialised | features=31
02:34:35  INFO      explainability.lime_explainer  LIME tabular explainer initialised | features=31
02:34:35  INFO      explainability.lime_explainer  LIME tabular explainer initialised | features=31
02:34:35  INFO      explainability.lime_explainer  LIME tabular explainer initialised | features=31
02:34:35  INFO      explainability.lime_explainer  LIME tabular explainer initialised | features=31
02:34:36  INFO      explainability.lime_explainer  LIME tabular explainer initialised | features=31
02:34:36  INFO      explainability.lime_explainer  LIME tabular explainer initialised | features=31
02:34:36  INFO      explainability.lime_explainer  LIME tabular explainer initialised | features=31
02:34:36  INFO      explainability.lime_explainer  LIME tabular explainer initialised | features=31
02:34:36  INFO      explainability.lime_explainer  LIME tabular explainer initialised | features=31
02:34:36  INFO      explainability.lime_explainer  LIME tabular explainer initialised | features=31
02:34:36  INFO      explainability.lime_explainer  LIME tabular explainer initialised | features=31
02:34:37  INFO      explainability.lime_explainer  LIME tabular explainer initialised | features=31
02:34:37  INFO      explainability.lime_explainer  LIME tabular explainer initialised | features=31
02:34:37  INFO      explainability.lime_explainer  LIME tabular explainer initialised | features=31
02:34:37  INFO      explainability.lime_explainer  LIME tabular explainer initialised | features=31
02:34:37  INFO      explainability.lime_explainer  LIME tabular explainer initialised | features=31
02:34:37  INFO      explainability.lime_explainer  LIME tabular explainer initialised | features=31
02:34:37  INFO      explainability.lime_explainer  LIME tabular explainer initialised | features=31
02:34:38  INFO      explainability.lime_explainer  LIME tabular explainer initialised | features=31
02:34:38  INFO      explainability.lime_explainer  LIME tabular explainer initialised | features=31
02:34:38  INFO      explainability.lime_explainer  LIME tabular explainer initialised | features=31
02:34:38  INFO      explainability.lime_explainer  LIME tabular explainer initialised | features=31
02:34:38  INFO      explainability.lime_explainer  LIME tabular explainer initialised | features=31
02:34:38  INFO      explainability.lime_explainer  LIME tabular explainer initialised | features=31
02:34:38  INFO      explainability.lime_explainer  LIME tabular explainer initialised | features=31
02:34:38  INFO      explainability.lime_explainer  LIME tabular explainer initialised | features=31
02:34:39  INFO      explainability.lime_explainer  LIME tabular explainer initialised | features=31
02:34:39  INFO      explainability.lime_explainer  LIME tabular explainer initialised | features=31
02:34:39  INFO      explainability.lime_explainer  LIME tabular explainer initialised | features=31
02:34:39  INFO      explainability.lime_explainer  LIME tabular explainer initialised | features=31
02:34:39  INFO      explainability.lime_explainer  LIME tabular explainer initialised | features=31
02:34:39  INFO      explainability.lime_explainer  LIME tabular explainer initialised | features=31
02:34:39  INFO      explainability.lime_explainer  LIME tabular explainer initialised | features=31
02:34:40  INFO      explainability.lime_explainer  LIME tabular explainer initialised | features=31
02:34:40  INFO      explainability.lime_explainer  LIME tabular explainer initialised | features=31
02:34:40  INFO      explainability.lime_explainer  LIME tabular explainer initialised | features=31
02:34:40  INFO      explainability.lime_explainer  LIME tabular explainer initialised | features=31
02:34:40  INFO      explainability.lime_explainer  LIME tabular explainer initialised | features=31
02:34:40  INFO      explainability.lime_explainer  LIME tabular explainer initialised | features=31
02:34:40  INFO      explainability.lime_explainer  LIME tabular explainer initialised | features=31
02:34:41  INFO      explainability.lime_explainer  LIME tabular explainer initialised | features=31
02:34:41  INFO      explainability.lime_explainer  LIME tabular explainer initialised | features=31
02:34:41  INFO      explainability.lime_explainer  LIME tabular explainer initialised | features=31
02:34:41  INFO      explainability.lime_explainer  LIME tabular explainer initialised | features=31
02:34:41  INFO      explainability.lime_explainer  LIME tabular explainer initialised | features=31
02:34:41  INFO      explainability.lime_explainer  LIME tabular explainer initialised | features=31
02:34:41  INFO      explainability.lime_explainer  LIME tabular explainer initialised | features=31
02:34:41  INFO      explainability.lime_explainer  LIME tabular explainer initialised | features=31
02:34:42  INFO      explainability.lime_explainer  LIME tabular explainer initialised | features=31
02:34:42  INFO      explainability.lime_explainer  LIME tabular explainer initialised | features=31
02:34:42  INFO      explainability.lime_explainer  LIME tabular explainer initialised | features=31
02:34:42  INFO      explainability.lime_explainer  LIME tabular explainer initialised | features=31
02:34:42  INFO      explainability.lime_explainer  LIME tabular explainer initialised | features=31
02:34:42  INFO      explainability.lime_explainer  LIME tabular explainer initialised | features=31
02:34:42  INFO      explainability.lime_explainer  LIME tabular explainer initialised | features=31
02:34:43  INFO      explainability.lime_explainer  LIME tabular explainer initialised | features=31
02:34:43  INFO      explainability.lime_explainer  LIME tabular explainer initialised | features=31
02:34:43  INFO      explainability.lime_explainer  LIME tabular explainer initialised | features=31
02:34:43  INFO      explainability.lime_explainer  LIME tabular explainer initialised | features=31
02:34:43  INFO      explainability.lime_explainer  LIME tabular explainer initialised | features=31
02:34:43  INFO      explainability.lime_explainer  LIME tabular explainer initialised | features=31
02:34:43  INFO      explainability.lime_explainer  LIME tabular explainer initialised | features=31
02:34:43  INFO      explainability.lime_explainer  LIME tabular explainer initialised | features=31
02:34:44  INFO      explainability.lime_explainer  LIME tabular explainer initialised | features=31
02:34:44  INFO      explainability.lime_explainer  LIME tabular explainer initialised | features=31
02:34:44  INFO      explainability.lime_explainer  LIME tabular explainer initialised | features=31
02:34:44  INFO      explainability.lime_explainer  LIME tabular explainer initialised | features=31
02:34:44  INFO      explainability.lime_explainer  LIME tabular explainer initialised | features=31
02:34:44  INFO      explainability.lime_explainer  LIME tabular explainer initialised | features=31
02:34:44  INFO      explainability.lime_explainer  LIME tabular explainer initialised | features=31
02:34:45  INFO      explainability.lime_explainer  LIME tabular explainer initialised | features=31
02:34:45  INFO      explainability.lime_explainer  LIME tabular explainer initialised | features=31
02:34:45  INFO      explainability.lime_explainer  LIME tabular explainer initialised | features=31
02:34:45  INFO      explainability.lime_explainer  LIME tabular explainer initialised | features=31
02:34:45  INFO      explainability.lime_explainer  LIME tabular explainer initialised | features=31
02:34:45  INFO      explainability.lime_explainer  LIME tabular explainer initialised | features=31
02:34:45  INFO      explainability.lime_explainer  LIME tabular explainer initialised | features=31
02:34:46  INFO      explainability.lime_explainer  LIME tabular explainer initialised | features=31
02:34:46  INFO      explainability.lime_explainer  LIME tabular explainer initialised | features=31
02:34:46  INFO      explainability.lime_explainer  LIME tabular explainer initialised | features=31
02:34:46  INFO      explainability.lime_explainer  LIME tabular explainer initialised | features=31
02:34:46  INFO      explainability.lime_explainer  LIME tabular explainer initialised | features=31
02:34:46  INFO      explainability.lime_explainer  LIME tabular explainer initialised | features=31
02:34:46  INFO      explainability.lime_explainer  LIME tabular explainer initialised | features=31
02:34:46  INFO      explainability.lime_explainer  LIME tabular explainer initialised | features=31
02:34:47  INFO      explainability.lime_explainer  LIME tabular explainer initialised | features=31
02:34:47  INFO      explainability.lime_explainer  LIME tabular explainer initialised | features=31
02:34:47  INFO      explainability.lime_explainer  LIME tabular explainer initialised | features=31
02:34:47  INFO      explainability.lime_explainer  LIME tabular explainer initialised | features=31
02:34:47  INFO      explainability.lime_explainer  LIME tabular explainer initialised | features=31
02:34:47  INFO      explainability.lime_explainer  LIME tabular explainer initialised | features=31
02:34:47  INFO      explainability.lime_explainer  LIME tabular explainer initialised | features=31
02:34:48  INFO      explainability.lime_explainer  LIME tabular explainer initialised | features=31
02:34:48  INFO      explainability.lime_explainer  LIME tabular explainer initialised | features=31
02:34:48  INFO      explainability.lime_explainer  LIME tabular explainer initialised | features=31
02:34:48  INFO      explainability.lime_explainer  LIME tabular explainer initialised | features=31
02:34:48  INFO      explainability.lime_explainer  LIME tabular explainer initialised | features=31
02:34:48  INFO      explainability.lime_explainer  LIME tabular explainer initialised | features=31
02:34:48  INFO      explainability.lime_explainer  LIME tabular explainer initialised | features=31
02:34:49  INFO      explainability.lime_explainer  LIME tabular explainer initialised | features=31
02:34:49  INFO      explainability.lime_explainer  LIME tabular explainer initialised | features=31
02:34:49  INFO      explainability.lime_explainer  LIME tabular explainer initialised | features=31
02:34:49  INFO      explainability.lime_explainer  LIME tabular explainer initialised | features=31
02:34:49  INFO      explainability.lime_explainer  LIME tabular explainer initialised | features=31
02:34:49  INFO      explainability.lime_explainer  LIME tabular explainer initialised | features=31
02:34:49  INFO      explainability.lime_explainer  LIME tabular explainer initialised | features=31
02:34:49  INFO      explainability.lime_explainer  LIME tabular explainer initialised | features=31
02:34:50  INFO      explainability.lime_explainer  LIME tabular explainer initialised | features=31
02:34:50  INFO      explainability.lime_explainer  LIME tabular explainer initialised | features=31
02:34:50  INFO      explainability.lime_explainer  LIME tabular explainer initialised | features=31
02:34:50  INFO      explainability.lime_explainer  LIME tabular explainer initialised | features=31
02:34:50  INFO      explainability.lime_explainer  LIME tabular explainer initialised | features=31
02:34:50  INFO      explainability.lime_explainer  LIME tabular explainer initialised | features=31
02:34:50  INFO      explainability.lime_explainer  LIME tabular explainer initialised | features=31
02:34:51  INFO      explainability.lime_explainer  LIME tabular explainer initialised | features=31
02:34:51  INFO      explainability.lime_explainer  LIME tabular explainer initialised | features=31
02:34:51  INFO      explainability.lime_explainer  LIME tabular explainer initialised | features=31
02:34:51  INFO      explainability.lime_explainer  LIME tabular explainer initialised | features=31
02:34:51  INFO      explainability.lime_explainer  LIME tabular explainer initialised | features=31
02:34:51  INFO      explainability.lime_explainer  LIME tabular explainer initialised | features=31
02:34:51  INFO      explainability.lime_explainer  LIME tabular explainer initialised | features=31
02:34:52  INFO      explainability.lime_explainer  LIME tabular explainer initialised | features=31
02:34:52  INFO      explainability.lime_explainer  LIME tabular explainer initialised | features=31
02:34:52  INFO      explainability.lime_explainer  LIME tabular explainer initialised | features=31
02:34:52  INFO      explainability.lime_explainer  LIME tabular explainer initialised | features=31
02:34:52  INFO      explainability.lime_explainer  LIME tabular explainer initialised | features=31
02:34:52  INFO      explainability.lime_explainer  LIME tabular explainer initialised | features=31
02:34:52  INFO      explainability.lime_explainer  LIME tabular explainer initialised | features=31
02:34:52  INFO      explainability.lime_explainer  LIME tabular explainer initialised | features=31
02:34:53  INFO      explainability.lime_explainer  LIME tabular explainer initialised | features=31
02:34:53  INFO      explainability.lime_explainer  LIME tabular explainer initialised | features=31
02:34:53  INFO      explainability.lime_explainer  LIME tabular explainer initialised | features=31
02:34:53  INFO      explainability.lime_explainer  LIME tabular explainer initialised | features=31
02:34:53  INFO      explainability.lime_explainer  LIME tabular explainer initialised | features=31
02:34:53  INFO      explainability.lime_explainer  LIME tabular explainer initialised | features=31
02:34:53  INFO      explainability.lime_explainer  LIME tabular explainer initialised | features=31
02:34:54  INFO      explainability.lime_explainer  LIME tabular explainer initialised | features=31
02:34:54  INFO      explainability.lime_explainer  LIME tabular explainer initialised | features=31
02:34:54  INFO      explainability.lime_explainer  LIME tabular explainer initialised | features=31
02:34:54  INFO      explainability.lime_explainer  LIME tabular explainer initialised | features=31
02:34:54  INFO      explainability.lime_explainer  LIME tabular explainer initialised | features=31
02:34:54  INFO      explainability.lime_explainer  LIME tabular explainer initialised | features=31
02:34:54  INFO      explainability.lime_explainer  LIME tabular explainer initialised | features=31
02:34:55  INFO      explainability.lime_explainer  LIME tabular explainer initialised | features=31
02:34:55  INFO      explainability.lime_explainer  LIME tabular explainer initialised | features=31
02:34:55  INFO      explainability.lime_explainer  LIME tabular explainer initialised | features=31
02:34:55  INFO      explainability.lime_explainer  LIME tabular explainer initialised | features=31
02:34:55  INFO      explainability.lime_explainer  LIME tabular explainer initialised | features=31
02:34:55  INFO      explainability.lime_explainer  LIME tabular explainer initialised | features=31
02:34:55  INFO      explainability.lime_explainer  LIME tabular explainer initialised | features=31
02:34:55  INFO      explainability.lime_explainer  LIME tabular explainer initialised | features=31
02:34:56  INFO      explainability.lime_explainer  LIME tabular explainer initialised | features=31
02:34:56  INFO      explainability.lime_explainer  LIME tabular explainer initialised | features=31
02:34:56  INFO      explainability.lime_explainer  LIME tabular explainer initialised | features=31
02:34:56  INFO      explainability.lime_explainer  LIME tabular explainer initialised | features=31
02:34:56  INFO      explainability.lime_explainer  LIME tabular explainer initialised | features=31
02:34:56  INFO      explainability.lime_explainer  LIME tabular explainer initialised | features=31
02:34:56  INFO      explainability.lime_explainer  LIME tabular explainer initialised | features=31
02:34:57  INFO      explainability.lime_explainer  LIME tabular explainer initialised | features=31
02:34:57  INFO      explainability.lime_explainer  LIME tabular explainer initialised | features=31
02:34:57  INFO      explainability.lime_explainer  LIME tabular explainer initialised | features=31
02:34:57  INFO      explainability.lime_explainer  LIME tabular explainer initialised | features=31
02:34:57  INFO      explainability.lime_explainer  LIME tabular explainer initialised | features=31
02:34:57  INFO      explainability.lime_explainer  LIME tabular explainer initialised | features=31
02:34:57  INFO      explainability.lime_explainer  LIME tabular explainer initialised | features=31
02:34:58  INFO      explainability.lime_explainer  LIME tabular explainer initialised | features=31
02:34:58  INFO      explainability.lime_explainer  LIME tabular explainer initialised | features=31
02:34:58  INFO      explainability.lime_explainer  LIME tabular explainer initialised | features=31
02:34:58  INFO      explainability.lime_explainer  LIME tabular explainer initialised | features=31
02:34:58  INFO      explainability.lime_explainer  LIME tabular explainer initialised | features=31
02:34:58  INFO      pipeline  LaTeX table → /Users/harekrishna/Downloads/credit-default-xai-benchmark 2/results/outputs/uci/runs/seed_456/results/table5_explanation_quality.tex
02:34:58  INFO      pipeline  LaTeX table → /Users/harekrishna/Downloads/credit-default-xai-benchmark 2/results/outputs/uci/runs/seed_456/results/table4_shap_lime_agreement.tex
02:34:58  INFO      pipeline  ============================================================
02:34:58  INFO      pipeline  STAGE 7: Revision Analyses
02:34:58  INFO      pipeline  ============================================================
02:37:07  INFO      data.data_loader  Loading cached UCI dataset from /Users/harekrishna/Downloads/credit-default-xai-benchmark 2/data/uci_credit.csv
02:37:07  INFO      data.data_loader  Dataset loaded | uci | train=24000  test=6000 | default rate train=22.12% test=22.12% | 3 nominal, 20 continuous
02:37:58  INFO      pipeline  RUN seed_456 COMPLETE | champion CatBoost | OOF AUROC 0.7867 | test AUROC 0.7873
02:37:58  INFO      pipeline  ╔══════════════════════════════════════════════╗
02:37:58  INFO      pipeline  ║  Credit Default Prediction with XAI (v3)     ║
02:37:58  INFO      pipeline  ║  Dataset: uci                                ║
02:37:58  INFO      pipeline  ║  Run: seed_515                               ║
02:37:58  INFO      pipeline  ╚══════════════════════════════════════════════╝
02:37:58  INFO      pipeline  ============================================================
02:37:58  INFO      pipeline  STAGE 1: Data Loading, Labelling & Partitioning
02:37:58  INFO      pipeline  ============================================================
02:37:58  INFO      data.data_loader  Loading cached UCI dataset from /Users/harekrishna/Downloads/credit-default-xai-benchmark 2/data/uci_credit.csv
02:37:58  INFO      data.data_loader  Dataset loaded | uci | train=24000  test=6000 | default rate train=22.12% test=22.12% | 3 nominal, 28 continuous
02:37:58  INFO      pipeline  Imbalance stats (train): {"n_total": 24000, "n_majority": 18691, "n_minority": 5309, "imbalance_ratio": 3.5206, "minority_pct": 22.12}
02:37:58  INFO      visualization.plots  Fig 1 saved → /Users/harekrishna/Downloads/credit-default-xai-benchmark 2/results/outputs/uci/runs/seed_515/figures/fig01_class_distribution.pdf
02:37:58  INFO      pipeline  ============================================================
02:37:58  INFO      pipeline  STAGE 2: Imbalance Strategy Ablation (selected on OOF AUROC)
02:37:58  INFO      pipeline  ============================================================
02:38:18  INFO      pipeline  Ablation | SMOTE            | OOF AUROC=0.7643  test AUROC=0.7751
02:38:41  INFO      pipeline  Ablation | BorderlineSMOTE  | OOF AUROC=0.7634  test AUROC=0.7733
02:39:48  INFO      pipeline  Ablation | SVMSMOTE         | OOF AUROC=0.7673  test AUROC=0.7744
02:40:09  INFO      pipeline  Ablation | ADASYN           | OOF AUROC=0.7609  test AUROC=0.7735
02:40:15  INFO      pipeline  Ablation | None             | OOF AUROC=0.7806  test AUROC=0.7926
02:40:17  INFO      pipeline  Ablation | ClassWeight      | OOF AUROC=0.7771  test AUROC=0.7904
02:40:17  INFO      pipeline  Best imbalance strategy (OOF AUROC): None → 0.7806 [probe: LightGBM]
02:40:17  INFO      pipeline  ============================================================
02:40:17  INFO      pipeline  STAGE 3: Model Training (nested tuning, OOF predictions, refit)
02:40:17  INFO      pipeline  ============================================================
02:40:17  INFO      pipeline  Training XGBoost …
02:41:46  INFO      pipeline  XGBoost | per-model strategy=None | OOF AUROC by strategy={'SMOTE': 0.7643, 'BorderlineSMOTE': 0.7639, 'SVMSMOTE': 0.7679, 'ADASYN': 0.7609, 'None': 0.777, 'ClassWeight': 0.7699}
02:41:46  INFO      pipeline  RandomizedSearchCV | model=XGBoost strategy=None n_iter=12
02:42:16  INFO      pipeline  Training LightGBM …
02:44:05  INFO      pipeline  LightGBM | per-model strategy=None | OOF AUROC by strategy={'SMOTE': 0.7643, 'BorderlineSMOTE': 0.7634, 'SVMSMOTE': 0.7673, 'ADASYN': 0.7609, 'None': 0.7806, 'ClassWeight': 0.7771}
02:44:05  INFO      pipeline  RandomizedSearchCV | model=LightGBM strategy=None n_iter=12
02:45:01  INFO      pipeline  Training CatBoost …
02:47:10  INFO      pipeline  CatBoost | per-model strategy=None | OOF AUROC by strategy={'SMOTE': 0.7715, 'BorderlineSMOTE': 0.7725, 'SVMSMOTE': 0.7735, 'ADASYN': 0.7692, 'None': 0.7838, 'ClassWeight': 0.7821}
02:47:10  INFO      pipeline  RandomizedSearchCV | model=CatBoost strategy=None n_iter=12
02:48:21  INFO      pipeline  Training Random Forest …
02:51:24  INFO      pipeline  Random Forest | per-model strategy=ClassWeight | OOF AUROC by strategy={'SMOTE': 0.7594, 'BorderlineSMOTE': 0.7583, 'SVMSMOTE': 0.763, 'ADASYN': 0.7545, 'None': 0.766, 'ClassWeight': 0.7694}
02:51:24  INFO      pipeline  RandomizedSearchCV | model=Random Forest strategy=ClassWeight n_iter=12
02:59:13  INFO      pipeline  Training Logistic Reg. …
03:00:04  INFO      pipeline  Logistic Reg. | per-model strategy=ClassWeight | OOF AUROC by strategy={'SMOTE': 0.7572, 'BorderlineSMOTE': 0.7539, 'SVMSMOTE': 0.7586, 'ADASYN': 0.7544, 'None': 0.7638, 'ClassWeight': 0.7648}
03:00:04  INFO      pipeline  RandomizedSearchCV | model=Logistic Reg. strategy=ClassWeight n_iter=12
03:00:10  INFO      pipeline  Training TabNet …
03:00:10  INFO      models.tabnet_model  Apple MPS backend passed smoke test — using GPU acceleration.
03:00:10  INFO      models.tabnet_model  TabNet starting | device=mps  max_epochs=200  patience=15  batch_size=1024  n_train=19200
03:01:22  INFO      models.tabnet_model  TabNet trained | device=mps  best_epoch=32  elapsed=72.4s
03:01:22  INFO      models.tabnet_model  Apple MPS backend passed smoke test — using GPU acceleration.
03:01:22  INFO      models.tabnet_model  TabNet starting | device=mps  max_epochs=200  patience=15  batch_size=1024  n_train=19200

epoch 26 | loss: 0.43203 | val_auc: 0.77908 |  0:00:50s
epoch 27 | loss: 0.4316  | val_auc: 0.77816 |  0:00:52s
epoch 28 | loss: 0.43083 | val_auc: 0.77991 |  0:00:54s
epoch 29 | loss: 0.43045 | val_auc: 0.77798 |  0:00:55s
epoch 30 | loss: 0.43394 | val_auc: 0.77672 |  0:00:57s
epoch 31 | loss: 0.43449 | val_auc: 0.77914 |  0:00:59s
epoch 32 | loss: 0.43189 | val_auc: 0.78566 |  0:01:01s
epoch 33 | loss: 0.43141 | val_auc: 0.78251 |  0:01:03s
epoch 34 | loss: 0.43264 | val_auc: 0.78653 |  0:01:05s
epoch 35 | loss: 0.42969 | val_auc: 0.78068 |  0:01:06s
epoch 36 | loss: 0.43191 | val_auc: 0.77874 |  0:01:08s
epoch 37 | loss: 0.42875 | val_auc: 0.77363 |  0:01:10s
epoch 38 | loss: 0.4304  | val_auc: 0.77611 |  0:01:12s
epoch 39 | loss: 0.43248 | val_auc: 0.78386 |  0:01:14s
epoch 40 | loss: 0.43133 | val_auc: 0.78051 |  0:01:16s
epoch 41 | loss: 0.43051 | val_auc: 0.78405 |  0:01:18s
epoch 42 | loss: 0.43003 | val_auc: 0.78561 |  0:01:20s
epoch 43 | loss: 0.429   | val_auc: 0.78651 |  0:01:22s
epoch 44 | loss: 0.42868 | val_auc: 0.78499 |  0:01:23s
epoch 45 | loss: 0.42912 | val_auc: 0.7838  |  0:01:25s
epoch 46 | loss: 0.42858 | val_auc: 0.78586 |  0:01:27s
epoch 47 | loss: 0.42966 | val_auc: 0.78149 |  0:01:29s
epoch 48 | loss: 0.42939 | val_auc: 0.78477 |  0:01:31s
epoch 49 | loss: 0.42952 | val_auc: 0.78746 |  0:01:33s
epoch 50 | loss: 0.42845 | val_auc: 0.78714 |  0:01:35s
epoch 51 | loss: 0.42946 | val_auc: 0.78364 |  0:01:37s
epoch 52 | loss: 0.43042 | val_auc: 0.78418 |  0:01:39s
epoch 53 | loss: 0.42888 | val_auc: 0.78541 |  0:01:40s
epoch 54 | loss: 0.42865 | val_auc: 0.78134 |  0:01:42s
epoch 55 | loss: 0.42862 | val_auc: 0.78185 |  0:01:44s
epoch 56 | loss: 0.42973 | val_auc: 0.78124 |  0:01:46s
epoch 57 | loss: 0.4309  | val_auc: 0.78183 |  0:01:48s
epoch 58 | loss: 0.4321  | val_auc: 0.77904 |  0:01:50s
epoch 59 | loss: 0.43215 | val_auc: 0.7851  |  0:01:52s
epoch 60 | loss: 0.43126 | val_auc: 0.78768 |  0:01:54s
epoch 61 | loss: 0.43137 | val_auc: 0.78505 |  0:01:56s
epoch 62 | loss: 0.42905 | val_auc: 0.7873  |  0:01:58s
epoch 63 | loss: 0.42881 | val_auc: 0.78733 |  0:02:00s
epoch 64 | loss: 0.42719 | val_auc: 0.7858  |  0:02:02s
epoch 65 | loss: 0.42798 | val_auc: 0.78725 |  0:02:05s
epoch 66 | loss: 0.42792 | val_auc: 0.79088 |  0:02:07s
epoch 67 | loss: 0.42639 | val_auc: 0.78797 |  0:02:09s
epoch 68 | loss: 0.42681 | val_auc: 0.79122 |  0:02:11s
epoch 69 | loss: 0.42792 | val_auc: 0.78756 |  0:02:13s
epoch 70 | loss: 0.42766 | val_auc: 0.78985 |  0:02:15s
epoch 71 | loss: 0.42667 | val_auc: 0.78936 |  0:02:17s
epoch 72 | loss: 0.42809 | val_auc: 0.7897  |  0:02:19s
epoch 73 | loss: 0.42757 | val_auc: 0.7902  |  0:02:21s
epoch 74 | loss: 0.42723 | val_auc: 0.7892  |  0:02:23s
epoch 75 | loss: 0.42843 | val_auc: 0.78854 |  0:02:25s
epoch 76 | loss: 0.42697 | val_auc: 0.78064 |  0:02:27s
epoch 77 | loss: 0.42841 | val_auc: 0.78558 |  0:02:29s
epoch 78 | loss: 0.42711 | val_auc: 0.78891 |  0:02:31s
epoch 79 | loss: 0.42633 | val_auc: 0.78872 |  0:02:33s
epoch 80 | loss: 0.4248  | val_auc: 0.7902  |  0:02:35s
epoch 81 | loss: 0.42395 | val_auc: 0.78999 |  0:02:37s
epoch 82 | loss: 0.42487 | val_auc: 0.78762 |  0:02:39s
epoch 83 | loss: 0.42416 | val_auc: 0.78843 |  0:02:41s

Early stopping occurred at epoch 83 with best_epoch = 68 and best_val_auc = 0.79122
Successfully saved model at /Users/harekrishna/Downloads/credit-default-xai-benchmark 2/results/outputs/uci/runs/seed_456/models/tabnet.pkl.zip
epoch 0  | loss: 0.68892 | val_auc: 0.67828 |  0:00:01s
epoch 1  | loss: 0.50297 | val_auc: 0.74314 |  0:00:03s
epoch 2  | loss: 0.46366 | val_auc: 0.75067 |  0:00:04s
epoch 3  | loss: 0.4509  | val_auc: 0.7539  |  0:00:06s
epoch 4  | loss: 0.44543 | val_auc: 0.76593 |  0:00:07s
epoch 5  | loss: 0.44912 | val_auc: 0.75998 |  0:00:09s
epoch 6  | loss: 0.44747 | val_auc: 0.76858 |  0:00:10s
epoch 7  | loss: 0.43926 | val_auc: 0.76572 |  0:00:12s
epoch 8  | loss: 0.44151 | val_auc: 0.75834 |  0:00:14s
epoch 9  | loss: 0.43948 | val_auc: 0.76433 |  0:00:15s
epoch 10 | loss: 0.43853 | val_auc: 0.76932 |  0:00:16s
epoch 11 | loss: 0.43474 | val_auc: 0.76211 |  0:00:18s
epoch 12 | loss: 0.43415 | val_auc: 0.77218 |  0:00:19s
epoch 13 | loss: 0.43308 | val_auc: 0.76542 |  0:00:21s
epoch 14 | loss: 0.43637 | val_auc: 0.7614  |  0:00:22s
epoch 15 | loss: 0.43316 | val_auc: 0.77446 |  0:00:24s
epoch 16 | loss: 0.43315 | val_auc: 0.76966 |  0:00:25s
epoch 17 | loss: 0.43324 | val_auc: 0.77246 |  0:00:27s
epoch 18 | loss: 0.43314 | val_auc: 0.76888 |  0:00:28s
epoch 19 | loss: 0.43146 | val_auc: 0.77116 |  0:00:30s
epoch 20 | loss: 0.43389 | val_auc: 0.75878 |  0:00:31s
epoch 21 | loss: 0.43434 | val_auc: 0.7713  |  0:00:33s
epoch 22 | loss: 0.43354 | val_auc: 0.76718 |  0:00:34s
epoch 23 | loss: 0.43349 | val_auc: 0.77958 |  0:00:36s
epoch 24 | loss: 0.43249 | val_auc: 0.76878 |  0:00:37s
epoch 25 | loss: 0.43178 | val_auc: 0.77841 |  0:00:39s
epoch 26 | loss: 0.43134 | val_auc: 0.77315 |  0:00:40s
epoch 27 | loss: 0.43158 | val_auc: 0.76022 |  0:00:42s
epoch 28 | loss: 0.4332  | val_auc: 0.77501 |  0:00:43s
epoch 29 | loss: 0.43273 | val_auc: 0.77846 |  0:00:45s
epoch 30 | loss: 0.43272 | val_auc: 0.77378 |  0:00:46s
epoch 31 | loss: 0.43261 | val_auc: 0.77391 |  0:00:47s
epoch 32 | loss: 0.43172 | val_auc: 0.78382 |  0:00:49s
epoch 33 | loss: 0.43216 | val_auc: 0.77224 |  0:00:50s
epoch 34 | loss: 0.4315  | val_auc: 0.77215 |  0:00:52s
epoch 35 | loss: 0.43182 | val_auc: 0.77472 |  0:00:53s
epoch 36 | loss: 0.43026 | val_auc: 0.77455 |  0:00:55s
epoch 37 | loss: 0.42913 | val_auc: 0.77231 |  0:00:56s
epoch 38 | loss: 0.42887 | val_auc: 0.77418 |  0:00:58s
epoch 39 | loss: 0.42812 | val_auc: 0.77154 |  0:00:59s
epoch 40 | loss: 0.42749 | val_auc: 0.77099 |  0:01:01s
epoch 41 | loss: 0.42712 | val_auc: 0.77281 |  0:01:02s
epoch 42 | loss: 0.43022 | val_auc: 0.77937 |  0:01:04s
epoch 43 | loss: 0.42949 | val_auc: 0.77635 |  0:01:05s
epoch 44 | loss: 0.42986 | val_auc: 0.77254 |  0:01:07s
epoch 45 | loss: 0.4304  | val_auc: 0.77426 |  0:01:08s
epoch 46 | loss: 0.43085 | val_auc: 0.77244 |  0:01:09s
epoch 47 | loss: 0.42986 | val_auc: 0.77505 |  0:01:11s

Early stopping occurred at epoch 47 with best_epoch = 32 and best_val_auc = 0.78382
epoch 0  | loss: 0.69344 | val_auc: 0.71277 |  0:00:01s
epoch 1  | loss: 0.51818 | val_auc: 0.72504 |  0:00:03s
epoch 2  | loss: 0.46944 | val_auc: 0.72438 |  0:00:04s
epoch 3  | loss: 0.45765 | val_auc: 0.75414 |  0:00:06s
epoch 4  | loss: 0.44906 | val_auc: 0.76123 |  0:00:07s
epoch 5  | loss: 0.4503  | val_auc: 0.75806 |  0:00:09s
epoch 6  | loss: 0.45034 | val_auc: 0.76658 |  0:00:10s
epoch 7  | loss: 0.44365 | val_auc: 0.77198 |  0:00:12s
epoch 8  | loss: 0.44072 | val_auc: 0.77199 |  0:00:13s
epoch 9  | loss: 0.43896 | val_auc: 0.77555 |  0:00:15s
epoch 10 | loss: 0.43747 | val_auc: 0.7685  |  0:00:16s
epoch 11 | loss: 0.4387  | val_auc: 0.77435 |  0:00:18s
epoch 12 | loss: 0.43678 | val_auc: 0.77426 |  0:00:19s
epoch 13 | loss: 0.43632 | val_auc: 0.77782 |  0:00:21s
epoch 14 | loss: 0.4409  | val_auc: 0.77363 |  0:00:22s
epoch 15 | loss: 0.43972 | val_auc: 0.7735  |  0:00:24s
epoch 16 | loss: 0.43797 | val_auc: 0.77263 |  0:00:25s
epoch 17 | loss: 0.4378  | val_auc: 0.78036 |  0:00:27s
epoch 18 | loss: 0.43578 | val_auc: 0.77879 |  0:00:28s
epoch 19 | loss: 0.43343 | val_auc: 0.77958 |  0:00:29s
epoch 20 | loss: 0.43514 | val_auc: 0.77693 |  0:00:31s
epoch 21 | loss: 0.43463 | val_auc: 0.78326 |  0:00:32s
epoch 22 | loss: 0.43279 | val_auc: 0.77879 |  0:00:34s
epoch 23 | loss: 0.43199 | val_auc: 0.77943 |  0:00:35s
epoch 24 | loss: 0.43189 | val_auc: 0.77936 |  0:00:37s
epoch 25 | loss: 0.43243 | val_auc: 0.78261 |  0:00:38s
epoch 26 | loss: 0.4306  | val_auc: 0.78099 |  0:00:40s
epoch 27 | loss: 0.43047 | val_auc: 0.77664 |  0:00:41s
epoch 28 | loss: 0.43042 | val_auc: 0.77767 |  0:00:43s
epoch 29 | loss: 0.43318 | val_auc: 0.77177 |  0:00:44s
epoch 30 | loss: 0.43346 | val_auc: 0.77159 |  0:00:45s
epoch 31 | loss: 0.43165 | val_auc: 0.78012 |  0:00:47s
epoch 32 | loss: 0.4303  | val_auc: 0.78142 |  0:00:48s
epoch 33 | loss: 0.43032 | val_auc: 0.78105 |  0:00:50s
epoch 34 | loss: 0.4288  | val_auc: 0.78451 |  0:00:51s03:02:37  INFO      models.tabnet_model  TabNet trained | device=mps  best_epoch=34  elapsed=74.8s
03:02:38  INFO      models.tabnet_model  Apple MPS backend passed smoke test — using GPU acceleration.
03:02:38  INFO      models.tabnet_model  TabNet starting | device=mps  max_epochs=200  patience=15  batch_size=1024  n_train=19200
03:04:06  INFO      models.tabnet_model  TabNet trained | device=mps  best_epoch=43  elapsed=88.2s
03:04:06  INFO      models.tabnet_model  Apple MPS backend passed smoke test — using GPU acceleration.
03:04:06  INFO      models.tabnet_model  TabNet starting | device=mps  max_epochs=200  patience=15  batch_size=1024  n_train=19200
03:05:46  INFO      models.tabnet_model  TabNet trained | device=mps  best_epoch=51  elapsed=99.6s
03:05:46  INFO      models.tabnet_model  Apple MPS backend passed smoke test — using GPU acceleration.
03:05:46  INFO      models.tabnet_model  TabNet starting | device=mps  max_epochs=200  patience=15  batch_size=1024  n_train=19200

epoch 35 | loss: 0.4283  | val_auc: 0.77624 |  0:00:53s
epoch 36 | loss: 0.42819 | val_auc: 0.77249 |  0:00:54s
epoch 37 | loss: 0.42615 | val_auc: 0.7731  |  0:00:56s
epoch 38 | loss: 0.42891 | val_auc: 0.77537 |  0:00:57s
epoch 39 | loss: 0.4298  | val_auc: 0.76856 |  0:00:59s
epoch 40 | loss: 0.42674 | val_auc: 0.77504 |  0:01:00s
epoch 41 | loss: 0.42701 | val_auc: 0.78032 |  0:01:02s
epoch 42 | loss: 0.42572 | val_auc: 0.78137 |  0:01:03s
epoch 43 | loss: 0.4242  | val_auc: 0.78081 |  0:01:04s
epoch 44 | loss: 0.42627 | val_auc: 0.78051 |  0:01:06s
epoch 45 | loss: 0.42911 | val_auc: 0.78167 |  0:01:07s
epoch 46 | loss: 0.42864 | val_auc: 0.77974 |  0:01:09s
epoch 47 | loss: 0.42789 | val_auc: 0.77706 |  0:01:10s
epoch 48 | loss: 0.42609 | val_auc: 0.77936 |  0:01:12s
epoch 49 | loss: 0.425   | val_auc: 0.77771 |  0:01:13s

Early stopping occurred at epoch 49 with best_epoch = 34 and best_val_auc = 0.78451
epoch 0  | loss: 0.67633 | val_auc: 0.7158  |  0:00:01s
epoch 1  | loss: 0.51178 | val_auc: 0.71843 |  0:00:03s
epoch 2  | loss: 0.46809 | val_auc: 0.72244 |  0:00:04s
epoch 3  | loss: 0.45834 | val_auc: 0.73145 |  0:00:06s
epoch 4  | loss: 0.45188 | val_auc: 0.74602 |  0:00:07s
epoch 5  | loss: 0.45104 | val_auc: 0.7396  |  0:00:08s
epoch 6  | loss: 0.45148 | val_auc: 0.74338 |  0:00:10s
epoch 7  | loss: 0.44495 | val_auc: 0.74585 |  0:00:11s
epoch 8  | loss: 0.44856 | val_auc: 0.75494 |  0:00:13s
epoch 9  | loss: 0.4426  | val_auc: 0.75986 |  0:00:14s
epoch 10 | loss: 0.44299 | val_auc: 0.76181 |  0:00:16s
epoch 11 | loss: 0.44067 | val_auc: 0.75116 |  0:00:17s
epoch 12 | loss: 0.44119 | val_auc: 0.76148 |  0:00:19s
epoch 13 | loss: 0.44154 | val_auc: 0.75726 |  0:00:20s
epoch 14 | loss: 0.44189 | val_auc: 0.76373 |  0:00:22s
epoch 15 | loss: 0.43607 | val_auc: 0.76259 |  0:00:23s
epoch 16 | loss: 0.44073 | val_auc: 0.75968 |  0:00:25s
epoch 17 | loss: 0.44083 | val_auc: 0.76276 |  0:00:26s
epoch 18 | loss: 0.43671 | val_auc: 0.76658 |  0:00:27s
epoch 19 | loss: 0.43795 | val_auc: 0.75286 |  0:00:29s
epoch 20 | loss: 0.4375  | val_auc: 0.76188 |  0:00:30s
epoch 21 | loss: 0.43959 | val_auc: 0.76427 |  0:00:32s
epoch 22 | loss: 0.43679 | val_auc: 0.77242 |  0:00:33s
epoch 23 | loss: 0.43492 | val_auc: 0.77158 |  0:00:35s
epoch 24 | loss: 0.43455 | val_auc: 0.76837 |  0:00:37s
epoch 25 | loss: 0.43415 | val_auc: 0.76875 |  0:00:38s
epoch 26 | loss: 0.43418 | val_auc: 0.76744 |  0:00:39s
epoch 27 | loss: 0.43613 | val_auc: 0.77243 |  0:00:41s
epoch 28 | loss: 0.43306 | val_auc: 0.77012 |  0:00:42s
epoch 29 | loss: 0.43307 | val_auc: 0.76673 |  0:00:44s
epoch 30 | loss: 0.43171 | val_auc: 0.76908 |  0:00:45s
epoch 31 | loss: 0.43081 | val_auc: 0.76904 |  0:00:47s
epoch 32 | loss: 0.43113 | val_auc: 0.76733 |  0:00:48s
epoch 33 | loss: 0.43174 | val_auc: 0.76906 |  0:00:50s
epoch 34 | loss: 0.43161 | val_auc: 0.77226 |  0:00:51s
epoch 35 | loss: 0.43116 | val_auc: 0.76699 |  0:00:53s
epoch 36 | loss: 0.431   | val_auc: 0.7729  |  0:00:54s
epoch 37 | loss: 0.42931 | val_auc: 0.77352 |  0:00:56s
epoch 38 | loss: 0.42861 | val_auc: 0.77051 |  0:00:57s
epoch 39 | loss: 0.42818 | val_auc: 0.77113 |  0:00:59s
epoch 40 | loss: 0.42869 | val_auc: 0.77156 |  0:01:00s
epoch 41 | loss: 0.42721 | val_auc: 0.76882 |  0:01:02s
epoch 42 | loss: 0.42436 | val_auc: 0.76581 |  0:01:03s
epoch 43 | loss: 0.42504 | val_auc: 0.77599 |  0:01:05s
epoch 44 | loss: 0.42579 | val_auc: 0.77034 |  0:01:06s
epoch 45 | loss: 0.42648 | val_auc: 0.76692 |  0:01:07s
epoch 46 | loss: 0.42961 | val_auc: 0.76606 |  0:01:09s
epoch 47 | loss: 0.42689 | val_auc: 0.76744 |  0:01:10s
epoch 48 | loss: 0.4253  | val_auc: 0.76168 |  0:01:12s
epoch 49 | loss: 0.42588 | val_auc: 0.75924 |  0:01:13s
epoch 50 | loss: 0.42558 | val_auc: 0.76461 |  0:01:15s
epoch 51 | loss: 0.42608 | val_auc: 0.76719 |  0:01:16s
epoch 52 | loss: 0.42538 | val_auc: 0.76898 |  0:01:18s
epoch 53 | loss: 0.42327 | val_auc: 0.76479 |  0:01:19s
epoch 54 | loss: 0.42397 | val_auc: 0.77001 |  0:01:21s
epoch 55 | loss: 0.42227 | val_auc: 0.77005 |  0:01:22s
epoch 56 | loss: 0.42534 | val_auc: 0.76486 |  0:01:23s
epoch 57 | loss: 0.42707 | val_auc: 0.76914 |  0:01:25s
epoch 58 | loss: 0.4246  | val_auc: 0.77018 |  0:01:27s

Early stopping occurred at epoch 58 with best_epoch = 43 and best_val_auc = 0.77599
epoch 0  | loss: 0.69044 | val_auc: 0.68764 |  0:00:01s
epoch 1  | loss: 0.48525 | val_auc: 0.72276 |  0:00:03s
epoch 2  | loss: 0.46176 | val_auc: 0.73059 |  0:00:04s
epoch 3  | loss: 0.4526  | val_auc: 0.73505 |  0:00:05s
epoch 4  | loss: 0.44875 | val_auc: 0.7301  |  0:00:07s
epoch 5  | loss: 0.44648 | val_auc: 0.73047 |  0:00:09s
epoch 6  | loss: 0.44599 | val_auc: 0.74454 |  0:00:10s
epoch 7  | loss: 0.44077 | val_auc: 0.72578 |  0:00:12s
epoch 8  | loss: 0.43726 | val_auc: 0.75107 |  0:00:13s
epoch 9  | loss: 0.43899 | val_auc: 0.74126 |  0:00:14s
epoch 10 | loss: 0.43828 | val_auc: 0.74123 |  0:00:16s
epoch 11 | loss: 0.43335 | val_auc: 0.74297 |  0:00:17s
epoch 12 | loss: 0.43371 | val_auc: 0.75513 |  0:00:19s
epoch 13 | loss: 0.4328  | val_auc: 0.75812 |  0:00:20s
epoch 14 | loss: 0.43557 | val_auc: 0.749   |  0:00:22s
epoch 15 | loss: 0.43308 | val_auc: 0.74463 |  0:00:23s
epoch 16 | loss: 0.43445 | val_auc: 0.75517 |  0:00:25s
epoch 17 | loss: 0.43238 | val_auc: 0.75203 |  0:00:26s
epoch 18 | loss: 0.43161 | val_auc: 0.7568  |  0:00:28s
epoch 19 | loss: 0.42966 | val_auc: 0.75096 |  0:00:29s
epoch 20 | loss: 0.43052 | val_auc: 0.75549 |  0:00:31s
epoch 21 | loss: 0.42943 | val_auc: 0.75173 |  0:00:32s
epoch 22 | loss: 0.42803 | val_auc: 0.7586  |  0:00:34s
epoch 23 | loss: 0.42879 | val_auc: 0.75872 |  0:00:35s
epoch 24 | loss: 0.42931 | val_auc: 0.74736 |  0:00:37s
epoch 25 | loss: 0.43039 | val_auc: 0.75785 |  0:00:38s
epoch 26 | loss: 0.42827 | val_auc: 0.75623 |  0:00:39s
epoch 27 | loss: 0.42629 | val_auc: 0.76194 |  0:00:41s
epoch 28 | loss: 0.42767 | val_auc: 0.75739 |  0:00:42s
epoch 29 | loss: 0.42642 | val_auc: 0.76129 |  0:00:44s
epoch 30 | loss: 0.42679 | val_auc: 0.75819 |  0:00:45s
epoch 31 | loss: 0.42694 | val_auc: 0.75986 |  0:00:47s
epoch 32 | loss: 0.42481 | val_auc: 0.76176 |  0:00:48s
epoch 33 | loss: 0.42601 | val_auc: 0.76088 |  0:00:50s
epoch 34 | loss: 0.42621 | val_auc: 0.75718 |  0:00:51s
epoch 35 | loss: 0.42656 | val_auc: 0.75671 |  0:00:53s
epoch 36 | loss: 0.42537 | val_auc: 0.75683 |  0:00:54s
epoch 37 | loss: 0.42514 | val_auc: 0.75506 |  0:00:56s
epoch 38 | loss: 0.42686 | val_auc: 0.7594  |  0:00:57s
epoch 39 | loss: 0.42485 | val_auc: 0.75774 |  0:00:59s
epoch 40 | loss: 0.42486 | val_auc: 0.7585  |  0:01:00s
epoch 41 | loss: 0.42288 | val_auc: 0.76328 |  0:01:01s
epoch 42 | loss: 0.42369 | val_auc: 0.76034 |  0:01:03s
epoch 43 | loss: 0.42433 | val_auc: 0.75747 |  0:01:04s
epoch 44 | loss: 0.42321 | val_auc: 0.75816 |  0:01:06s
epoch 45 | loss: 0.42358 | val_auc: 0.75799 |  0:01:07s
epoch 46 | loss: 0.42579 | val_auc: 0.76041 |  0:01:09s
epoch 47 | loss: 0.42426 | val_auc: 0.75761 |  0:01:10s
epoch 48 | loss: 0.42351 | val_auc: 0.75504 |  0:01:12s
epoch 49 | loss: 0.42115 | val_auc: 0.75713 |  0:01:13s
epoch 50 | loss: 0.42179 | val_auc: 0.75625 |  0:01:15s
epoch 51 | loss: 0.42105 | val_auc: 0.76386 |  0:01:16s
epoch 52 | loss: 0.4205  | val_auc: 0.75749 |  0:01:17s
epoch 53 | loss: 0.42181 | val_auc: 0.75779 |  0:01:19s
epoch 54 | loss: 0.42503 | val_auc: 0.75608 |  0:01:20s
epoch 55 | loss: 0.42424 | val_auc: 0.75752 |  0:01:22s
epoch 56 | loss: 0.42423 | val_auc: 0.75357 |  0:01:24s
epoch 57 | loss: 0.42381 | val_auc: 0.74984 |  0:01:25s
epoch 58 | loss: 0.42448 | val_auc: 0.75606 |  0:01:27s
epoch 59 | loss: 0.42159 | val_auc: 0.76175 |  0:01:28s
epoch 60 | loss: 0.42312 | val_auc: 0.75608 |  0:01:29s
epoch 61 | loss: 0.42181 | val_auc: 0.75529 |  0:01:31s
epoch 62 | loss: 0.42111 | val_auc: 0.75654 |  0:01:32s
epoch 63 | loss: 0.42016 | val_auc: 0.7547  |  0:01:34s
epoch 64 | loss: 0.41992 | val_auc: 0.75527 |  0:01:35s
epoch 65 | loss: 0.42024 | val_auc: 0.7578  |  0:01:37s
epoch 66 | loss: 0.41706 | val_auc: 0.75648 |  0:01:38s

Early stopping occurred at epoch 66 with best_epoch = 51 and best_val_auc = 0.76386
epoch 0  | loss: 0.72563 | val_auc: 0.70386 |  0:00:01s03:06:52  INFO      models.tabnet_model  TabNet trained | device=mps  best_epoch=27  elapsed=65.8s
03:06:52  INFO      models.tabnet_model  Apple MPS backend passed smoke test — using GPU acceleration.
03:06:52  INFO      models.tabnet_model  TabNet starting | device=mps  max_epochs=200  patience=15  batch_size=1024  n_train=24000
03:07:40  INFO      models.tabnet_model  TabNet trained | device=mps  best_epoch=9  elapsed=48.0s
03:07:40  INFO      models.tabnet_model  TabNet model saved to /Users/harekrishna/Downloads/credit-default-xai-benchmark 2/results/outputs/uci/runs/seed_515/models/tabnet.pkl
03:07:40  INFO      pipeline  ============================================================
03:07:40  INFO      pipeline  STAGE 4: Evaluation (selection on OOF; test scored once)
03:07:40  INFO      pipeline  ============================================================
03:07:41  INFO      pipeline  XGBoost | OOF AUROC=0.7834  f1*=0.5470 @ t=0.25 | test AUROC=0.7932  F1=0.5492  MCC=0.4111
03:07:41  INFO      pipeline  LightGBM | OOF AUROC=0.7824  f1*=0.5494 @ t=0.26 | test AUROC=0.7932  F1=0.5473  MCC=0.4111
03:07:41  INFO      pipeline  CatBoost | OOF AUROC=0.7838  f1*=0.5487 @ t=0.27 | test AUROC=0.7922  F1=0.5478  MCC=0.4141
03:07:41  INFO      pipeline  Random Forest | OOF AUROC=0.7814  f1*=0.5450 @ t=0.54 | test AUROC=0.7924  F1=0.5453  MCC=0.4121
03:07:41  INFO      pipeline  Logistic Reg. | OOF AUROC=0.7648  f1*=0.5373 @ t=0.61 | test AUROC=0.7769  F1=0.5408  MCC=0.4101
03:07:42  INFO      pipeline  TabNet | OOF AUROC=0.7699  f1*=0.5353 @ t=0.28 | test AUROC=0.7793  F1=0.5283  MCC=0.4019
03:07:42  INFO      pipeline  LaTeX table → /Users/harekrishna/Downloads/credit-default-xai-benchmark 2/results/outputs/uci/runs/seed_515/results/table2_test_metrics.tex
03:07:42  INFO      pipeline  
                AUROC   AUPRC      F1  Precision  Recall  Specificity  G-Mean     MCC   Brier
Model                                                                                        
XGBoost        0.7932  0.5709  0.5492     0.5131  0.5908       0.8408  0.7048  0.4111  0.1321
LightGBM       0.7932  0.5688  0.5473     0.5204  0.5772       0.8489  0.7000  0.4111  0.1321
CatBoost       0.7922  0.5717  0.5478     0.5295  0.5674       0.8568  0.6973  0.4141  0.1326
Random Forest  0.7924  0.5741  0.5453     0.5315  0.5599       0.8598  0.6939  0.4121  0.1685
Logistic Reg.  0.7769  0.5268  0.5408     0.5398  0.5418       0.8688  0.6861  0.4101  0.1845
TabNet         0.7793  0.5386  0.5283     0.5512  0.5072       0.8827  0.6691  0.4019  0.1364
03:07:42  INFO      visualization.plots  Fig 2 saved → /Users/harekrishna/Downloads/credit-default-xai-benchmark 2/results/outputs/uci/runs/seed_515/figures/fig02_roc_curves.pdf
03:07:42  INFO      visualization.plots  Fig 3 saved → /Users/harekrishna/Downloads/credit-default-xai-benchmark 2/results/outputs/uci/runs/seed_515/figures/fig03_pr_curves.pdf
03:07:42  INFO      visualization.plots  Fig 4 saved → /Users/harekrishna/Downloads/credit-default-xai-benchmark 2/results/outputs/uci/runs/seed_515/figures/fig04_confusion_catboost.pdf
03:21:09  INFO      pipeline  Skipping TabNet in Fig 10 ablation (pass --full-ablation to include).
03:21:09  INFO      visualization.plots  Fig 10 saved → /Users/harekrishna/Downloads/credit-default-xai-benchmark 2/results/outputs/uci/runs/seed_515/figures/fig10_smote_ablation.pdf
03:21:10  INFO      pipeline  ============================================================
03:21:10  INFO      pipeline  STAGE 5: SHAP Explanations
03:21:10  INFO      pipeline  ============================================================
03:21:10  INFO      explainability.shap_explainer  SHAP TreeExplainer initialised | output_space=log_odds
03:21:10  INFO      explainability.shap_explainer  SHAP values computed | shape=(2000, 31)
03:21:10  INFO      explainability.shap_explainer  SHAP additivity check | MAE=0.00000 | PASS ✓
03:21:10  INFO      explainability.shap_explainer  Saved SHAP summary → /Users/harekrishna/Downloads/credit-default-xai-benchmark 2/results/outputs/uci/runs/seed_515/figures/fig05a_shap_summary_CatBoost.pdf
03:21:11  INFO      explainability.shap_explainer  Saved SHAP bar → /Users/harekrishna/Downloads/credit-default-xai-benchmark 2/results/outputs/uci/runs/seed_515/figures/fig05b_shap_bar_CatBoost.pdf
03:21:11  INFO      explainability.shap_explainer  Saved SHAP dependence → /Users/harekrishna/Downloads/credit-default-xai-benchmark 2/results/outputs/uci/runs/seed_515/figures/fig06_shap_dep_PAY_0.pdf
03:21:11  INFO      pipeline  LaTeX table → /Users/harekrishna/Downloads/credit-default-xai-benchmark 2/results/outputs/uci/runs/seed_515/results/table3_shap_ranking.tex
03:21:11  INFO      visualization.plots  Fig 8 saved → /Users/harekrishna/Downloads/credit-default-xai-benchmark 2/results/outputs/uci/runs/seed_515/figures/fig08_importance_comparison.pdf
03:21:12  INFO      visualization.plots  Fig 9 saved → /Users/harekrishna/Downloads/credit-default-xai-benchmark 2/results/outputs/uci/runs/seed_515/figures/fig09_threshold_sweep.pdf
03:21:12  INFO      pipeline  ============================================================
03:21:12  INFO      pipeline  STAGE 6: LIME Explanations
03:21:12  INFO      pipeline  ============================================================
03:21:12  INFO      explainability.lime_explainer  LIME tabular explainer initialised | features=31
03:21:12  INFO      pipeline  Local instances selected: {'TP': 2585, 'FP': 5888, 'FN': 2606, 'TN': 931}
03:21:12  INFO      explainability.lime_explainer  Saved LIME explanation → /Users/harekrishna/Downloads/credit-default-xai-benchmark 2/results/outputs/uci/runs/seed_515/figures/fig07_tp_lime.pdf
03:21:12  INFO      explainability.lime_explainer  Saved LIME explanation → /Users/harekrishna/Downloads/credit-default-xai-benchmark 2/results/outputs/uci/runs/seed_515/figures/fig07_fp_lime.pdf
03:21:12  INFO      explainability.lime_explainer  Saved LIME explanation → /Users/harekrishna/Downloads/credit-default-xai-benchmark 2/results/outputs/uci/runs/seed_515/figures/fig07_fn_lime.pdf
03:21:12  INFO      explainability.lime_explainer  Saved LIME explanation → /Users/harekrishna/Downloads/credit-default-xai-benchmark 2/results/outputs/uci/runs/seed_515/figures/fig07_tn_lime.pdf
03:21:13  INFO      explainability.lime_explainer  Saved LIME multi-instance grid → /Users/harekrishna/Downloads/credit-default-xai-benchmark 2/results/outputs/uci/runs/seed_515/figures/fig07_lime_multi_instance.pdf
03:21:15  INFO      explainability.lime_explainer  LIME batch complete | n=200
03:21:16  INFO      explainability.lime_explainer  SHAP–LIME agreement | mean ρ=0.532 ± 0.249
03:21:16  INFO      explainability.lime_explainer  LIME tabular explainer initialised | features=31
03:21:16  INFO      explainability.lime_explainer  LIME tabular explainer initialised | features=31
03:21:16  INFO      explainability.lime_explainer  LIME tabular explainer initialised | features=31
03:21:16  INFO      explainability.lime_explainer  LIME tabular explainer initialised | features=31
03:21:16  INFO      explainability.lime_explainer  LIME tabular explainer initialised | features=31
03:21:16  INFO      explainability.lime_explainer  LIME tabular explainer initialised | features=31
03:21:17  INFO      explainability.lime_explainer  LIME tabular explainer initialised | features=31
03:21:17  INFO      explainability.lime_explainer  LIME tabular explainer initialised | features=31
03:21:17  INFO      explainability.lime_explainer  LIME tabular explainer initialised | features=31
03:21:17  INFO      explainability.lime_explainer  LIME tabular explainer initialised | features=31
03:21:17  INFO      explainability.lime_explainer  LIME tabular explainer initialised | features=31
03:21:17  INFO      explainability.lime_explainer  LIME tabular explainer initialised | features=31
03:21:17  INFO      explainability.lime_explainer  LIME tabular explainer initialised | features=31
03:21:18  INFO      explainability.lime_explainer  LIME tabular explainer initialised | features=31
03:21:18  INFO      explainability.lime_explainer  LIME tabular explainer initialised | features=31
03:21:18  INFO      explainability.lime_explainer  LIME tabular explainer initialised | features=31
03:21:18  INFO      explainability.lime_explainer  LIME tabular explainer initialised | features=31
03:21:18  INFO      explainability.lime_explainer  LIME tabular explainer initialised | features=31
03:21:18  INFO      explainability.lime_explainer  LIME tabular explainer initialised | features=31
03:21:18  INFO      explainability.lime_explainer  LIME tabular explainer initialised | features=31
03:21:18  INFO      explainability.lime_explainer  LIME tabular explainer initialised | features=31
03:21:19  INFO      explainability.lime_explainer  LIME tabular explainer initialised | features=31
03:21:19  INFO      explainability.lime_explainer  LIME tabular explainer initialised | features=31
03:21:19  INFO      explainability.lime_explainer  LIME tabular explainer initialised | features=31
03:21:19  INFO      explainability.lime_explainer  LIME tabular explainer initialised | features=31
03:21:19  INFO      explainability.lime_explainer  LIME tabular explainer initialised | features=31
03:21:19  INFO      explainability.lime_explainer  LIME tabular explainer initialised | features=31
03:21:19  INFO      explainability.lime_explainer  LIME tabular explainer initialised | features=31
03:21:20  INFO      explainability.lime_explainer  LIME tabular explainer initialised | features=31
03:21:20  INFO      explainability.lime_explainer  LIME tabular explainer initialised | features=31
03:21:20  INFO      explainability.lime_explainer  LIME tabular explainer initialised | features=31
03:21:20  INFO      explainability.lime_explainer  LIME tabular explainer initialised | features=31
03:21:20  INFO      explainability.lime_explainer  LIME tabular explainer initialised | features=31
03:21:20  INFO      explainability.lime_explainer  LIME tabular explainer initialised | features=31
03:21:20  INFO      explainability.lime_explainer  LIME tabular explainer initialised | features=31
03:21:21  INFO      explainability.lime_explainer  LIME tabular explainer initialised | features=31
03:21:21  INFO      explainability.lime_explainer  LIME tabular explainer initialised | features=31
03:21:21  INFO      explainability.lime_explainer  LIME tabular explainer initialised | features=31
03:21:21  INFO      explainability.lime_explainer  LIME tabular explainer initialised | features=31
03:21:21  INFO      explainability.lime_explainer  LIME tabular explainer initialised | features=31
03:21:21  INFO      explainability.lime_explainer  LIME tabular explainer initialised | features=31
03:21:21  INFO      explainability.lime_explainer  LIME tabular explainer initialised | features=31
03:21:21  INFO      explainability.lime_explainer  LIME tabular explainer initialised | features=31
03:21:22  INFO      explainability.lime_explainer  LIME tabular explainer initialised | features=31
03:21:22  INFO      explainability.lime_explainer  LIME tabular explainer initialised | features=31
03:21:22  INFO      explainability.lime_explainer  LIME tabular explainer initialised | features=31
03:21:22  INFO      explainability.lime_explainer  LIME tabular explainer initialised | features=31
03:21:22  INFO      explainability.lime_explainer  LIME tabular explainer initialised | features=31
03:21:22  INFO      explainability.lime_explainer  LIME tabular explainer initialised | features=31
03:21:22  INFO      explainability.lime_explainer  LIME tabular explainer initialised | features=31
03:21:23  INFO      explainability.lime_explainer  LIME tabular explainer initialised | features=31
03:21:23  INFO      explainability.lime_explainer  LIME tabular explainer initialised | features=31
03:21:23  INFO      explainability.lime_explainer  LIME tabular explainer initialised | features=31
03:21:23  INFO      explainability.lime_explainer  LIME tabular explainer initialised | features=31
03:21:23  INFO      explainability.lime_explainer  LIME tabular explainer initialised | features=31
03:21:23  INFO      explainability.lime_explainer  LIME tabular explainer initialised | features=31
03:21:23  INFO      explainability.lime_explainer  LIME tabular explainer initialised | features=31
03:21:23  INFO      explainability.lime_explainer  LIME tabular explainer initialised | features=31
03:21:24  INFO      explainability.lime_explainer  LIME tabular explainer initialised | features=31
03:21:24  INFO      explainability.lime_explainer  LIME tabular explainer initialised | features=31
03:21:24  INFO      explainability.lime_explainer  LIME tabular explainer initialised | features=31
03:21:24  INFO      explainability.lime_explainer  LIME tabular explainer initialised | features=31
03:21:24  INFO      explainability.lime_explainer  LIME tabular explainer initialised | features=31
03:21:24  INFO      explainability.lime_explainer  LIME tabular explainer initialised | features=31
03:21:24  INFO      explainability.lime_explainer  LIME tabular explainer initialised | features=31
03:21:25  INFO      explainability.lime_explainer  LIME tabular explainer initialised | features=31
03:21:25  INFO      explainability.lime_explainer  LIME tabular explainer initialised | features=31
03:21:25  INFO      explainability.lime_explainer  LIME tabular explainer initialised | features=31
03:21:25  INFO      explainability.lime_explainer  LIME tabular explainer initialised | features=31
03:21:25  INFO      explainability.lime_explainer  LIME tabular explainer initialised | features=31
03:21:25  INFO      explainability.lime_explainer  LIME tabular explainer initialised | features=31
03:21:25  INFO      explainability.lime_explainer  LIME tabular explainer initialised | features=31
03:21:26  INFO      explainability.lime_explainer  LIME tabular explainer initialised | features=31
03:21:26  INFO      explainability.lime_explainer  LIME tabular explainer initialised | features=31
03:21:26  INFO      explainability.lime_explainer  LIME tabular explainer initialised | features=31
03:21:26  INFO      explainability.lime_explainer  LIME tabular explainer initialised | features=31
03:21:26  INFO      explainability.lime_explainer  LIME tabular explainer initialised | features=31
03:21:26  INFO      explainability.lime_explainer  LIME tabular explainer initialised | features=31
03:21:26  INFO      explainability.lime_explainer  LIME tabular explainer initialised | features=31
03:21:26  INFO      explainability.lime_explainer  LIME tabular explainer initialised | features=31
03:21:27  INFO      explainability.lime_explainer  LIME tabular explainer initialised | features=31
03:21:27  INFO      explainability.lime_explainer  LIME tabular explainer initialised | features=31
03:21:27  INFO      explainability.lime_explainer  LIME tabular explainer initialised | features=31
03:21:27  INFO      explainability.lime_explainer  LIME tabular explainer initialised | features=31
03:21:27  INFO      explainability.lime_explainer  LIME tabular explainer initialised | features=31
03:21:27  INFO      explainability.lime_explainer  LIME tabular explainer initialised | features=31
03:21:28  INFO      explainability.lime_explainer  LIME tabular explainer initialised | features=31
03:21:28  INFO      explainability.lime_explainer  LIME tabular explainer initialised | features=31
03:21:28  INFO      explainability.lime_explainer  LIME tabular explainer initialised | features=31
03:21:28  INFO      explainability.lime_explainer  LIME tabular explainer initialised | features=31
03:21:28  INFO      explainability.lime_explainer  LIME tabular explainer initialised | features=31
03:21:28  INFO      explainability.lime_explainer  LIME tabular explainer initialised | features=31
03:21:28  INFO      explainability.lime_explainer  LIME tabular explainer initialised | features=31
03:21:28  INFO      explainability.lime_explainer  LIME tabular explainer initialised | features=31
03:21:29  INFO      explainability.lime_explainer  LIME tabular explainer initialised | features=31
03:21:29  INFO      explainability.lime_explainer  LIME tabular explainer initialised | features=31
03:21:29  INFO      explainability.lime_explainer  LIME tabular explainer initialised | features=31
03:21:29  INFO      explainability.lime_explainer  LIME tabular explainer initialised | features=31
03:21:29  INFO      explainability.lime_explainer  LIME tabular explainer initialised | features=31
03:21:29  INFO      explainability.lime_explainer  LIME tabular explainer initialised | features=31
03:21:29  INFO      explainability.lime_explainer  LIME tabular explainer initialised | features=31
03:21:30  INFO      explainability.lime_explainer  LIME tabular explainer initialised | features=31
03:21:30  INFO      explainability.lime_explainer  LIME tabular explainer initialised | features=31
03:21:30  INFO      explainability.lime_explainer  LIME tabular explainer initialised | features=31
03:21:30  INFO      explainability.lime_explainer  LIME tabular explainer initialised | features=31
03:21:30  INFO      explainability.lime_explainer  LIME tabular explainer initialised | features=31
03:21:30  INFO      explainability.lime_explainer  LIME tabular explainer initialised | features=31
03:21:30  INFO      explainability.lime_explainer  LIME tabular explainer initialised | features=31
03:21:31  INFO      explainability.lime_explainer  LIME tabular explainer initialised | features=31
03:21:31  INFO      explainability.lime_explainer  LIME tabular explainer initialised | features=31
03:21:31  INFO      explainability.lime_explainer  LIME tabular explainer initialised | features=31
03:21:31  INFO      explainability.lime_explainer  LIME tabular explainer initialised | features=31
03:21:31  INFO      explainability.lime_explainer  LIME tabular explainer initialised | features=31
03:21:31  INFO      explainability.lime_explainer  LIME tabular explainer initialised | features=31
03:21:31  INFO      explainability.lime_explainer  LIME tabular explainer initialised | features=31
03:21:31  INFO      explainability.lime_explainer  LIME tabular explainer initialised | features=31
03:21:32  INFO      explainability.lime_explainer  LIME tabular explainer initialised | features=31
03:21:32  INFO      explainability.lime_explainer  LIME tabular explainer initialised | features=31
03:21:32  INFO      explainability.lime_explainer  LIME tabular explainer initialised | features=31
03:21:32  INFO      explainability.lime_explainer  LIME tabular explainer initialised | features=31
03:21:32  INFO      explainability.lime_explainer  LIME tabular explainer initialised | features=31
03:21:32  INFO      explainability.lime_explainer  LIME tabular explainer initialised | features=31
03:21:32  INFO      explainability.lime_explainer  LIME tabular explainer initialised | features=31
03:21:33  INFO      explainability.lime_explainer  LIME tabular explainer initialised | features=31
03:21:33  INFO      explainability.lime_explainer  LIME tabular explainer initialised | features=31
03:21:33  INFO      explainability.lime_explainer  LIME tabular explainer initialised | features=31
03:21:33  INFO      explainability.lime_explainer  LIME tabular explainer initialised | features=31
03:21:33  INFO      explainability.lime_explainer  LIME tabular explainer initialised | features=31
03:21:33  INFO      explainability.lime_explainer  LIME tabular explainer initialised | features=31
03:21:33  INFO      explainability.lime_explainer  LIME tabular explainer initialised | features=31
03:21:33  INFO      explainability.lime_explainer  LIME tabular explainer initialised | features=31
03:21:34  INFO      explainability.lime_explainer  LIME tabular explainer initialised | features=31
03:21:34  INFO      explainability.lime_explainer  LIME tabular explainer initialised | features=31
03:21:34  INFO      explainability.lime_explainer  LIME tabular explainer initialised | features=31
03:21:34  INFO      explainability.lime_explainer  LIME tabular explainer initialised | features=31
03:21:34  INFO      explainability.lime_explainer  LIME tabular explainer initialised | features=31
03:21:34  INFO      explainability.lime_explainer  LIME tabular explainer initialised | features=31
03:21:34  INFO      explainability.lime_explainer  LIME tabular explainer initialised | features=31
03:21:35  INFO      explainability.lime_explainer  LIME tabular explainer initialised | features=31
03:21:35  INFO      explainability.lime_explainer  LIME tabular explainer initialised | features=31
03:21:35  INFO      explainability.lime_explainer  LIME tabular explainer initialised | features=31
03:21:35  INFO      explainability.lime_explainer  LIME tabular explainer initialised | features=31
03:21:35  INFO      explainability.lime_explainer  LIME tabular explainer initialised | features=31
03:21:35  INFO      explainability.lime_explainer  LIME tabular explainer initialised | features=31
03:21:35  INFO      explainability.lime_explainer  LIME tabular explainer initialised | features=31
03:21:36  INFO      explainability.lime_explainer  LIME tabular explainer initialised | features=31
03:21:36  INFO      explainability.lime_explainer  LIME tabular explainer initialised | features=31
03:21:36  INFO      explainability.lime_explainer  LIME tabular explainer initialised | features=31
03:21:36  INFO      explainability.lime_explainer  LIME tabular explainer initialised | features=31
03:21:36  INFO      explainability.lime_explainer  LIME tabular explainer initialised | features=31
03:21:36  INFO      explainability.lime_explainer  LIME tabular explainer initialised | features=31
03:21:36  INFO      explainability.lime_explainer  LIME tabular explainer initialised | features=31
03:21:36  INFO      explainability.lime_explainer  LIME tabular explainer initialised | features=31
03:21:37  INFO      explainability.lime_explainer  LIME tabular explainer initialised | features=31
03:21:37  INFO      explainability.lime_explainer  LIME tabular explainer initialised | features=31
03:21:37  INFO      explainability.lime_explainer  LIME tabular explainer initialised | features=31
03:21:37  INFO      explainability.lime_explainer  LIME tabular explainer initialised | features=31
03:21:37  INFO      explainability.lime_explainer  LIME tabular explainer initialised | features=31
03:21:37  INFO      explainability.lime_explainer  LIME tabular explainer initialised | features=31
03:21:37  INFO      explainability.lime_explainer  LIME tabular explainer initialised | features=31
03:21:38  INFO      explainability.lime_explainer  LIME tabular explainer initialised | features=31
03:21:38  INFO      explainability.lime_explainer  LIME tabular explainer initialised | features=31
03:21:38  INFO      explainability.lime_explainer  LIME tabular explainer initialised | features=31
03:21:38  INFO      explainability.lime_explainer  LIME tabular explainer initialised | features=31
03:21:38  INFO      explainability.lime_explainer  LIME tabular explainer initialised | features=31
03:21:38  INFO      explainability.lime_explainer  LIME tabular explainer initialised | features=31
03:21:38  INFO      explainability.lime_explainer  LIME tabular explainer initialised | features=31
03:21:39  INFO      explainability.lime_explainer  LIME tabular explainer initialised | features=31
03:21:39  INFO      explainability.lime_explainer  LIME tabular explainer initialised | features=31
03:21:39  INFO      explainability.lime_explainer  LIME tabular explainer initialised | features=31
03:21:39  INFO      explainability.lime_explainer  LIME tabular explainer initialised | features=31
03:21:39  INFO      explainability.lime_explainer  LIME tabular explainer initialised | features=31
03:21:39  INFO      explainability.lime_explainer  LIME tabular explainer initialised | features=31
03:21:39  INFO      explainability.lime_explainer  LIME tabular explainer initialised | features=31
03:21:39  INFO      explainability.lime_explainer  LIME tabular explainer initialised | features=31
03:21:40  INFO      explainability.lime_explainer  LIME tabular explainer initialised | features=31
03:21:40  INFO      explainability.lime_explainer  LIME tabular explainer initialised | features=31
03:21:40  INFO      explainability.lime_explainer  LIME tabular explainer initialised | features=31
03:21:40  INFO      explainability.lime_explainer  LIME tabular explainer initialised | features=31
03:21:40  INFO      explainability.lime_explainer  LIME tabular explainer initialised | features=31
03:21:40  INFO      explainability.lime_explainer  LIME tabular explainer initialised | features=31
03:21:40  INFO      explainability.lime_explainer  LIME tabular explainer initialised | features=31
03:21:41  INFO      explainability.lime_explainer  LIME tabular explainer initialised | features=31
03:21:41  INFO      explainability.lime_explainer  LIME tabular explainer initialised | features=31
03:21:41  INFO      explainability.lime_explainer  LIME tabular explainer initialised | features=31
03:21:41  INFO      explainability.lime_explainer  LIME tabular explainer initialised | features=31
03:21:41  INFO      explainability.lime_explainer  LIME tabular explainer initialised | features=31
03:21:41  INFO      explainability.lime_explainer  LIME tabular explainer initialised | features=31
03:21:41  INFO      explainability.lime_explainer  LIME tabular explainer initialised | features=31
03:21:41  INFO      explainability.lime_explainer  LIME tabular explainer initialised | features=31
03:21:42  INFO      explainability.lime_explainer  LIME tabular explainer initialised | features=31
03:21:42  INFO      explainability.lime_explainer  LIME tabular explainer initialised | features=31
03:21:42  INFO      explainability.lime_explainer  LIME tabular explainer initialised | features=31
03:21:42  INFO      explainability.lime_explainer  LIME tabular explainer initialised | features=31
03:21:42  INFO      explainability.lime_explainer  LIME tabular explainer initialised | features=31
03:21:42  INFO      explainability.lime_explainer  LIME tabular explainer initialised | features=31
03:21:42  INFO      explainability.lime_explainer  LIME tabular explainer initialised | features=31
03:21:43  INFO      explainability.lime_explainer  LIME tabular explainer initialised | features=31
03:21:43  INFO      explainability.lime_explainer  LIME tabular explainer initialised | features=31
03:21:43  INFO      explainability.lime_explainer  LIME tabular explainer initialised | features=31
03:21:43  INFO      explainability.lime_explainer  LIME tabular explainer initialised | features=31
03:21:43  INFO      explainability.lime_explainer  LIME tabular explainer initialised | features=31
03:21:43  INFO      explainability.lime_explainer  LIME tabular explainer initialised | features=31
03:21:43  INFO      explainability.lime_explainer  LIME tabular explainer initialised | features=31
03:21:44  INFO      explainability.lime_explainer  LIME tabular explainer initialised | features=31
03:21:44  INFO      explainability.lime_explainer  LIME tabular explainer initialised | features=31
03:21:44  INFO      explainability.lime_explainer  LIME tabular explainer initialised | features=31
03:21:44  INFO      explainability.lime_explainer  LIME tabular explainer initialised | features=31
03:21:44  INFO      explainability.lime_explainer  LIME tabular explainer initialised | features=31
03:21:44  INFO      explainability.lime_explainer  LIME tabular explainer initialised | features=31
03:21:44  INFO      explainability.lime_explainer  LIME tabular explainer initialised | features=31
03:21:45  INFO      explainability.lime_explainer  LIME tabular explainer initialised | features=31
03:21:45  INFO      explainability.lime_explainer  LIME tabular explainer initialised | features=31
03:21:45  INFO      explainability.lime_explainer  LIME tabular explainer initialised | features=31
03:21:45  INFO      explainability.lime_explainer  LIME tabular explainer initialised | features=31
03:21:45  INFO      explainability.lime_explainer  LIME tabular explainer initialised | features=31
03:21:45  INFO      explainability.lime_explainer  LIME tabular explainer initialised | features=31
03:21:45  INFO      explainability.lime_explainer  LIME tabular explainer initialised | features=31
03:21:45  INFO      explainability.lime_explainer  LIME tabular explainer initialised | features=31
03:21:46  INFO      explainability.lime_explainer  LIME tabular explainer initialised | features=31
03:21:46  INFO      explainability.lime_explainer  LIME tabular explainer initialised | features=31
03:21:46  INFO      explainability.lime_explainer  LIME tabular explainer initialised | features=31
03:21:46  INFO      explainability.lime_explainer  LIME tabular explainer initialised | features=31
03:21:46  INFO      explainability.lime_explainer  LIME tabular explainer initialised | features=31
03:21:46  INFO      explainability.lime_explainer  LIME tabular explainer initialised | features=31
03:21:46  INFO      explainability.lime_explainer  LIME tabular explainer initialised | features=31
03:21:47  INFO      explainability.lime_explainer  LIME tabular explainer initialised | features=31
03:21:47  INFO      explainability.lime_explainer  LIME tabular explainer initialised | features=31
03:21:47  INFO      explainability.lime_explainer  LIME tabular explainer initialised | features=31
03:21:47  INFO      explainability.lime_explainer  LIME tabular explainer initialised | features=31
03:21:47  INFO      explainability.lime_explainer  LIME tabular explainer initialised | features=31
03:21:47  INFO      explainability.lime_explainer  LIME tabular explainer initialised | features=31
03:21:47  INFO      explainability.lime_explainer  LIME tabular explainer initialised | features=31
03:21:47  INFO      explainability.lime_explainer  LIME tabular explainer initialised | features=31
03:21:48  INFO      explainability.lime_explainer  LIME tabular explainer initialised | features=31
03:21:48  INFO      explainability.lime_explainer  LIME tabular explainer initialised | features=31
03:21:48  INFO      explainability.lime_explainer  LIME tabular explainer initialised | features=31
03:21:48  INFO      explainability.lime_explainer  LIME tabular explainer initialised | features=31
03:21:48  INFO      explainability.lime_explainer  LIME tabular explainer initialised | features=31
03:21:48  INFO      explainability.lime_explainer  LIME tabular explainer initialised | features=31
03:21:48  INFO      explainability.lime_explainer  LIME tabular explainer initialised | features=31
03:21:49  INFO      explainability.lime_explainer  LIME tabular explainer initialised | features=31
03:21:49  INFO      explainability.lime_explainer  LIME tabular explainer initialised | features=31
03:21:49  INFO      explainability.lime_explainer  LIME tabular explainer initialised | features=31
03:21:49  INFO      explainability.lime_explainer  LIME tabular explainer initialised | features=31
03:21:49  INFO      explainability.lime_explainer  LIME tabular explainer initialised | features=31
03:21:49  INFO      explainability.lime_explainer  LIME tabular explainer initialised | features=31
03:21:49  INFO      explainability.lime_explainer  LIME tabular explainer initialised | features=31
03:21:50  INFO      explainability.lime_explainer  LIME tabular explainer initialised | features=31
03:21:50  INFO      explainability.lime_explainer  LIME tabular explainer initialised | features=31
03:21:50  INFO      explainability.lime_explainer  LIME tabular explainer initialised | features=31
03:21:50  INFO      explainability.lime_explainer  LIME tabular explainer initialised | features=31
03:21:50  INFO      explainability.lime_explainer  LIME tabular explainer initialised | features=31
03:21:50  INFO      explainability.lime_explainer  LIME tabular explainer initialised | features=31
03:21:50  INFO      explainability.lime_explainer  LIME tabular explainer initialised | features=31
03:21:50  INFO      explainability.lime_explainer  LIME tabular explainer initialised | features=31
03:21:51  INFO      explainability.lime_explainer  LIME tabular explainer initialised | features=31
03:21:51  INFO      explainability.lime_explainer  LIME tabular explainer initialised | features=31
03:21:51  INFO      explainability.lime_explainer  LIME tabular explainer initialised | features=31
03:21:51  INFO      explainability.lime_explainer  LIME tabular explainer initialised | features=31
03:21:51  INFO      explainability.lime_explainer  LIME tabular explainer initialised | features=31
03:21:51  INFO      explainability.lime_explainer  LIME tabular explainer initialised | features=31
03:21:51  INFO      explainability.lime_explainer  LIME tabular explainer initialised | features=31
03:21:52  INFO      explainability.lime_explainer  LIME tabular explainer initialised | features=31
03:21:52  INFO      explainability.lime_explainer  LIME tabular explainer initialised | features=31
03:21:52  INFO      explainability.lime_explainer  LIME tabular explainer initialised | features=31
03:21:52  INFO      explainability.lime_explainer  LIME tabular explainer initialised | features=31
03:21:52  INFO      explainability.lime_explainer  LIME tabular explainer initialised | features=31
03:21:52  INFO      explainability.lime_explainer  LIME tabular explainer initialised | features=31
03:21:52  INFO      explainability.lime_explainer  LIME tabular explainer initialised | features=31
03:21:52  INFO      explainability.lime_explainer  LIME tabular explainer initialised | features=31
03:21:53  INFO      explainability.lime_explainer  LIME tabular explainer initialised | features=31
03:21:53  INFO      explainability.lime_explainer  LIME tabular explainer initialised | features=31
03:21:53  INFO      explainability.lime_explainer  LIME tabular explainer initialised | features=31
03:21:53  INFO      explainability.lime_explainer  LIME tabular explainer initialised | features=31
03:21:53  INFO      explainability.lime_explainer  LIME tabular explainer initialised | features=31
03:21:53  INFO      explainability.lime_explainer  LIME tabular explainer initialised | features=31
03:21:53  INFO      explainability.lime_explainer  LIME tabular explainer initialised | features=31
03:21:54  INFO      explainability.lime_explainer  LIME tabular explainer initialised | features=31
03:21:54  INFO      explainability.lime_explainer  LIME tabular explainer initialised | features=31
03:21:54  INFO      explainability.lime_explainer  LIME tabular explainer initialised | features=31
03:21:54  INFO      explainability.lime_explainer  LIME tabular explainer initialised | features=31
03:21:54  INFO      explainability.lime_explainer  LIME tabular explainer initialised | features=31
03:21:54  INFO      explainability.lime_explainer  LIME tabular explainer initialised | features=31
03:21:54  INFO      explainability.lime_explainer  LIME tabular explainer initialised | features=31
03:21:55  INFO      explainability.lime_explainer  LIME tabular explainer initialised | features=31
03:21:55  INFO      explainability.lime_explainer  LIME tabular explainer initialised | features=31
03:21:55  INFO      explainability.lime_explainer  LIME tabular explainer initialised | features=31
03:21:55  INFO      explainability.lime_explainer  LIME tabular explainer initialised | features=31
03:21:55  INFO      explainability.lime_explainer  LIME tabular explainer initialised | features=31
03:21:55  INFO      explainability.lime_explainer  LIME tabular explainer initialised | features=31
03:21:55  INFO      explainability.lime_explainer  LIME tabular explainer initialised | features=31
03:21:55  INFO      explainability.lime_explainer  LIME tabular explainer initialised | features=31
03:21:56  INFO      explainability.lime_explainer  LIME tabular explainer initialised | features=31
03:21:56  INFO      explainability.lime_explainer  LIME tabular explainer initialised | features=31
03:21:56  INFO      explainability.lime_explainer  LIME tabular explainer initialised | features=31
03:21:56  INFO      explainability.lime_explainer  LIME tabular explainer initialised | features=31
03:21:56  INFO      explainability.lime_explainer  LIME tabular explainer initialised | features=31
03:21:56  INFO      explainability.lime_explainer  LIME tabular explainer initialised | features=31
03:21:56  INFO      explainability.lime_explainer  LIME tabular explainer initialised | features=31
03:21:57  INFO      pipeline  LaTeX table → /Users/harekrishna/Downloads/credit-default-xai-benchmark 2/results/outputs/uci/runs/seed_515/results/table5_explanation_quality.tex
03:21:57  INFO      pipeline  LaTeX table → /Users/harekrishna/Downloads/credit-default-xai-benchmark 2/results/outputs/uci/runs/seed_515/results/table4_shap_lime_agreement.tex
03:21:57  INFO      pipeline  ============================================================
03:21:57  INFO      pipeline  STAGE 7: Revision Analyses
03:21:57  INFO      pipeline  ============================================================
03:25:01  INFO      data.data_loader  Loading cached UCI dataset from /Users/harekrishna/Downloads/credit-default-xai-benchmark 2/data/uci_credit.csv
03:25:01  INFO      data.data_loader  Dataset loaded | uci | train=24000  test=6000 | default rate train=22.12% test=22.12% | 3 nominal, 20 continuous
03:25:51  INFO      pipeline  RUN seed_515 COMPLETE | champion CatBoost | OOF AUROC 0.7838 | test AUROC 0.7922
03:25:51  INFO      pipeline  ╔══════════════════════════════════════════════╗
03:25:51  INFO      pipeline  ║  Credit Default Prediction with XAI (v3)     ║
03:25:51  INFO      pipeline  ║  Dataset: uci                                ║
03:25:51  INFO      pipeline  ║  Run: seed_689                               ║
03:25:51  INFO      pipeline  ╚══════════════════════════════════════════════╝
03:25:51  INFO      pipeline  ============================================================
03:25:51  INFO      pipeline  STAGE 1: Data Loading, Labelling & Partitioning
03:25:51  INFO      pipeline  ============================================================
03:25:51  INFO      data.data_loader  Loading cached UCI dataset from /Users/harekrishna/Downloads/credit-default-xai-benchmark 2/data/uci_credit.csv
03:25:51  INFO      data.data_loader  Dataset loaded | uci | train=24000  test=6000 | default rate train=22.12% test=22.12% | 3 nominal, 28 continuous
03:25:51  INFO      pipeline  Imbalance stats (train): {"n_total": 24000, "n_majority": 18691, "n_minority": 5309, "imbalance_ratio": 3.5206, "minority_pct": 22.12}
03:25:52  INFO      visualization.plots  Fig 1 saved → /Users/harekrishna/Downloads/credit-default-xai-benchmark 2/results/outputs/uci/runs/seed_689/figures/fig01_class_distribution.pdf
03:25:52  INFO      pipeline  ============================================================
03:25:52  INFO      pipeline  STAGE 2: Imbalance Strategy Ablation (selected on OOF AUROC)
03:25:52  INFO      pipeline  ============================================================
03:26:13  INFO      pipeline  Ablation | SMOTE            | OOF AUROC=0.7653  test AUROC=0.7759
03:26:36  INFO      pipeline  Ablation | BorderlineSMOTE  | OOF AUROC=0.7634  test AUROC=0.7744
03:27:43  INFO      pipeline  Ablation | SVMSMOTE         | OOF AUROC=0.7688  test AUROC=0.7821
03:28:03  INFO      pipeline  Ablation | ADASYN           | OOF AUROC=0.7626  test AUROC=0.7724
03:28:08  INFO      pipeline  Ablation | None             | OOF AUROC=0.7823  test AUROC=0.7945
03:28:10  INFO      pipeline  Ablation | ClassWeight      | OOF AUROC=0.7777  test AUROC=0.7908
03:28:10  INFO      pipeline  Best imbalance strategy (OOF AUROC): None → 0.7823 [probe: LightGBM]
03:28:10  INFO      pipeline  ============================================================
03:28:10  INFO      pipeline  STAGE 3: Model Training (nested tuning, OOF predictions, refit)
03:28:10  INFO      pipeline  ============================================================
03:28:10  INFO      pipeline  Training XGBoost …
03:29:40  INFO      pipeline  XGBoost | per-model strategy=None | OOF AUROC by strategy={'SMOTE': 0.7624, 'BorderlineSMOTE': 0.7612, 'SVMSMOTE': 0.7677, 'ADASYN': 0.7598, 'None': 0.7812, 'ClassWeight': 0.7792}
03:29:40  INFO      pipeline  RandomizedSearchCV | model=XGBoost strategy=None n_iter=12
03:30:13  INFO      pipeline  Training LightGBM …
03:32:15  INFO      pipeline  LightGBM | per-model strategy=None | OOF AUROC by strategy={'SMOTE': 0.7653, 'BorderlineSMOTE': 0.7634, 'SVMSMOTE': 0.7688, 'ADASYN': 0.7626, 'None': 0.7823, 'ClassWeight': 0.7777}
03:32:15  INFO      pipeline  RandomizedSearchCV | model=LightGBM strategy=None n_iter=12
03:33:28  INFO      pipeline  Training CatBoost …
03:35:39  INFO      pipeline  CatBoost | per-model strategy=None | OOF AUROC by strategy={'SMOTE': 0.771, 'BorderlineSMOTE': 0.771, 'SVMSMOTE': 0.7745, 'ADASYN': 0.7682, 'None': 0.7832, 'ClassWeight': 0.7824}
03:35:39  INFO      pipeline  RandomizedSearchCV | model=CatBoost strategy=None n_iter=12
03:36:51  INFO      pipeline  Training Random Forest …
03:39:54  INFO      pipeline  Random Forest | per-model strategy=ClassWeight | OOF AUROC by strategy={'SMOTE': 0.7583, 'BorderlineSMOTE': 0.7587, 'SVMSMOTE': 0.762, 'ADASYN': 0.7538, 'None': 0.7663, 'ClassWeight': 0.7686}
03:39:54  INFO      pipeline  RandomizedSearchCV | model=Random Forest strategy=ClassWeight n_iter=12
03:47:46  INFO      pipeline  Training Logistic Reg. …
03:48:36  INFO      pipeline  Logistic Reg. | per-model strategy=ClassWeight | OOF AUROC by strategy={'SMOTE': 0.7589, 'BorderlineSMOTE': 0.7555, 'SVMSMOTE': 0.7609, 'ADASYN': 0.7558, 'None': 0.766, 'ClassWeight': 0.7673}
03:48:36  INFO      pipeline  RandomizedSearchCV | model=Logistic Reg. strategy=ClassWeight n_iter=12
03:48:42  INFO      pipeline  Training TabNet …
03:48:42  INFO      models.tabnet_model  Apple MPS backend passed smoke test — using GPU acceleration.
03:48:42  INFO      models.tabnet_model  TabNet starting | device=mps  max_epochs=200  patience=15  batch_size=1024  n_train=19200
03:49:56  INFO      models.tabnet_model  TabNet trained | device=mps  best_epoch=33  elapsed=73.6s
03:49:56  INFO      models.tabnet_model  Apple MPS backend passed smoke test — using GPU acceleration.
03:49:56  INFO      models.tabnet_model  TabNet starting | device=mps  max_epochs=200  patience=15  batch_size=1024  n_train=19200

epoch 1  | loss: 0.51387 | val_auc: 0.74737 |  0:00:03s
epoch 2  | loss: 0.47326 | val_auc: 0.74943 |  0:00:04s
epoch 3  | loss: 0.4636  | val_auc: 0.77018 |  0:00:06s
epoch 4  | loss: 0.45496 | val_auc: 0.76315 |  0:00:07s
epoch 5  | loss: 0.4552  | val_auc: 0.77115 |  0:00:09s
epoch 6  | loss: 0.45237 | val_auc: 0.76919 |  0:00:10s
epoch 7  | loss: 0.44896 | val_auc: 0.77962 |  0:00:12s
epoch 8  | loss: 0.44495 | val_auc: 0.77006 |  0:00:13s
epoch 9  | loss: 0.44244 | val_auc: 0.77347 |  0:00:14s
epoch 10 | loss: 0.44142 | val_auc: 0.77966 |  0:00:16s
epoch 11 | loss: 0.44276 | val_auc: 0.78246 |  0:00:17s
epoch 12 | loss: 0.44136 | val_auc: 0.78718 |  0:00:19s
epoch 13 | loss: 0.44191 | val_auc: 0.77841 |  0:00:20s
epoch 14 | loss: 0.44204 | val_auc: 0.7754  |  0:00:22s
epoch 15 | loss: 0.43822 | val_auc: 0.7755  |  0:00:23s
epoch 16 | loss: 0.43596 | val_auc: 0.77786 |  0:00:25s
epoch 17 | loss: 0.43611 | val_auc: 0.77804 |  0:00:26s
epoch 18 | loss: 0.43486 | val_auc: 0.78124 |  0:00:28s
epoch 19 | loss: 0.43333 | val_auc: 0.78368 |  0:00:29s
epoch 20 | loss: 0.43322 | val_auc: 0.78128 |  0:00:31s
epoch 21 | loss: 0.43424 | val_auc: 0.78533 |  0:00:32s
epoch 22 | loss: 0.43309 | val_auc: 0.78521 |  0:00:34s
epoch 23 | loss: 0.43162 | val_auc: 0.78531 |  0:00:35s
epoch 24 | loss: 0.43077 | val_auc: 0.78275 |  0:00:37s
epoch 25 | loss: 0.43378 | val_auc: 0.78293 |  0:00:38s
epoch 26 | loss: 0.42956 | val_auc: 0.78486 |  0:00:40s
epoch 27 | loss: 0.43101 | val_auc: 0.79155 |  0:00:41s
epoch 28 | loss: 0.42887 | val_auc: 0.78868 |  0:00:43s
epoch 29 | loss: 0.42894 | val_auc: 0.79123 |  0:00:44s
epoch 30 | loss: 0.43461 | val_auc: 0.78316 |  0:00:46s
epoch 31 | loss: 0.43223 | val_auc: 0.78355 |  0:00:47s
epoch 32 | loss: 0.43228 | val_auc: 0.78237 |  0:00:49s
epoch 33 | loss: 0.43359 | val_auc: 0.77939 |  0:00:50s
epoch 34 | loss: 0.43217 | val_auc: 0.78559 |  0:00:52s
epoch 35 | loss: 0.43223 | val_auc: 0.78874 |  0:00:53s
epoch 36 | loss: 0.43087 | val_auc: 0.78706 |  0:00:55s
epoch 37 | loss: 0.42974 | val_auc: 0.79059 |  0:00:56s
epoch 38 | loss: 0.42822 | val_auc: 0.7913  |  0:00:58s
epoch 39 | loss: 0.42667 | val_auc: 0.78744 |  0:01:00s
epoch 40 | loss: 0.42542 | val_auc: 0.78927 |  0:01:01s
epoch 41 | loss: 0.42608 | val_auc: 0.78966 |  0:01:03s
epoch 42 | loss: 0.42848 | val_auc: 0.78804 |  0:01:04s

Early stopping occurred at epoch 42 with best_epoch = 27 and best_val_auc = 0.79155
epoch 0  | loss: 0.64138 | val_auc: 0.72319 |  0:00:02s
epoch 1  | loss: 0.48754 | val_auc: 0.74131 |  0:00:03s
epoch 2  | loss: 0.46106 | val_auc: 0.75102 |  0:00:05s
epoch 3  | loss: 0.45034 | val_auc: 0.76076 |  0:00:07s
epoch 4  | loss: 0.45005 | val_auc: 0.75928 |  0:00:09s
epoch 5  | loss: 0.44933 | val_auc: 0.75086 |  0:00:11s
epoch 6  | loss: 0.44529 | val_auc: 0.76371 |  0:00:13s
epoch 7  | loss: 0.44194 | val_auc: 0.76852 |  0:00:15s
epoch 8  | loss: 0.44163 | val_auc: 0.76718 |  0:00:16s
epoch 9  | loss: 0.43816 | val_auc: 0.77126 |  0:00:18s
epoch 10 | loss: 0.43836 | val_auc: 0.76546 |  0:00:20s
epoch 11 | loss: 0.43856 | val_auc: 0.77043 |  0:00:22s
epoch 12 | loss: 0.43601 | val_auc: 0.76808 |  0:00:24s
epoch 13 | loss: 0.43489 | val_auc: 0.76497 |  0:00:26s
epoch 14 | loss: 0.4359  | val_auc: 0.76483 |  0:00:28s
epoch 15 | loss: 0.43601 | val_auc: 0.75893 |  0:00:29s
epoch 16 | loss: 0.43348 | val_auc: 0.75515 |  0:00:31s
epoch 17 | loss: 0.43522 | val_auc: 0.76572 |  0:00:33s
epoch 18 | loss: 0.43584 | val_auc: 0.75817 |  0:00:35s
epoch 19 | loss: 0.43397 | val_auc: 0.76182 |  0:00:37s
epoch 20 | loss: 0.43243 | val_auc: 0.76421 |  0:00:39s
epoch 21 | loss: 0.43386 | val_auc: 0.76437 |  0:00:40s
epoch 22 | loss: 0.43432 | val_auc: 0.76683 |  0:00:42s
epoch 23 | loss: 0.43425 | val_auc: 0.763   |  0:00:44s
epoch 24 | loss: 0.43175 | val_auc: 0.75696 |  0:00:46s

Early stopping occurred at epoch 24 with best_epoch = 9 and best_val_auc = 0.77126
Successfully saved model at /Users/harekrishna/Downloads/credit-default-xai-benchmark 2/results/outputs/uci/runs/seed_515/models/tabnet.pkl.zip
epoch 0  | loss: 0.6627  | val_auc: 0.65516 |  0:00:01s
epoch 1  | loss: 0.48988 | val_auc: 0.72117 |  0:00:03s
epoch 2  | loss: 0.46098 | val_auc: 0.70913 |  0:00:04s
epoch 3  | loss: 0.45421 | val_auc: 0.74492 |  0:00:06s
epoch 4  | loss: 0.45366 | val_auc: 0.7446  |  0:00:07s
epoch 5  | loss: 0.44533 | val_auc: 0.7436  |  0:00:09s
epoch 6  | loss: 0.44224 | val_auc: 0.74318 |  0:00:10s
epoch 7  | loss: 0.43973 | val_auc: 0.74091 |  0:00:11s
epoch 8  | loss: 0.43936 | val_auc: 0.73192 |  0:00:13s
epoch 9  | loss: 0.43617 | val_auc: 0.74118 |  0:00:14s
epoch 10 | loss: 0.43478 | val_auc: 0.73737 |  0:00:16s
epoch 11 | loss: 0.43268 | val_auc: 0.74292 |  0:00:17s
epoch 12 | loss: 0.43513 | val_auc: 0.73912 |  0:00:19s
epoch 13 | loss: 0.4328  | val_auc: 0.73563 |  0:00:21s
epoch 14 | loss: 0.43208 | val_auc: 0.74407 |  0:00:22s
epoch 15 | loss: 0.43133 | val_auc: 0.74732 |  0:00:23s
epoch 16 | loss: 0.43031 | val_auc: 0.74833 |  0:00:25s
epoch 17 | loss: 0.4313  | val_auc: 0.74288 |  0:00:26s
epoch 18 | loss: 0.42882 | val_auc: 0.74968 |  0:00:28s
epoch 19 | loss: 0.42891 | val_auc: 0.74662 |  0:00:29s
epoch 20 | loss: 0.43014 | val_auc: 0.74159 |  0:00:31s
epoch 21 | loss: 0.42912 | val_auc: 0.74387 |  0:00:32s
epoch 22 | loss: 0.42935 | val_auc: 0.74544 |  0:00:34s
epoch 23 | loss: 0.42826 | val_auc: 0.74798 |  0:00:35s
epoch 24 | loss: 0.4258  | val_auc: 0.74811 |  0:00:37s
epoch 25 | loss: 0.42369 | val_auc: 0.74482 |  0:00:38s
epoch 26 | loss: 0.42378 | val_auc: 0.74832 |  0:00:39s
epoch 27 | loss: 0.42525 | val_auc: 0.74944 |  0:00:41s
epoch 28 | loss: 0.42826 | val_auc: 0.74415 |  0:00:42s
epoch 29 | loss: 0.42897 | val_auc: 0.7448  |  0:00:44s
epoch 30 | loss: 0.42395 | val_auc: 0.74658 |  0:00:45s
epoch 31 | loss: 0.42312 | val_auc: 0.74761 |  0:00:47s
epoch 32 | loss: 0.42271 | val_auc: 0.74884 |  0:00:48s
epoch 33 | loss: 0.42336 | val_auc: 0.75132 |  0:00:50s
epoch 34 | loss: 0.42263 | val_auc: 0.74564 |  0:00:51s
epoch 35 | loss: 0.42053 | val_auc: 0.74973 |  0:00:53s
epoch 36 | loss: 0.42113 | val_auc: 0.74465 |  0:00:54s
epoch 37 | loss: 0.42194 | val_auc: 0.74035 |  0:00:56s
epoch 38 | loss: 0.42171 | val_auc: 0.74449 |  0:00:57s
epoch 39 | loss: 0.41995 | val_auc: 0.74282 |  0:00:59s
epoch 40 | loss: 0.41956 | val_auc: 0.74975 |  0:01:00s
epoch 41 | loss: 0.4194  | val_auc: 0.74669 |  0:01:02s
epoch 42 | loss: 0.41702 | val_auc: 0.74537 |  0:01:03s
epoch 43 | loss: 0.41673 | val_auc: 0.74407 |  0:01:05s
epoch 44 | loss: 0.41454 | val_auc: 0.74878 |  0:01:06s
epoch 45 | loss: 0.41689 | val_auc: 0.74957 |  0:01:08s
epoch 46 | loss: 0.41426 | val_auc: 0.74032 |  0:01:09s
epoch 47 | loss: 0.41459 | val_auc: 0.74344 |  0:01:11s
epoch 48 | loss: 0.41703 | val_auc: 0.74224 |  0:01:12s

Early stopping occurred at epoch 48 with best_epoch = 33 and best_val_auc = 0.75132
epoch 0  | loss: 0.64086 | val_auc: 0.66925 |  0:00:01s
epoch 1  | loss: 0.51715 | val_auc: 0.73174 |  0:00:02s
epoch 2  | loss: 0.4597  | val_auc: 0.73265 |  0:00:04s
epoch 3  | loss: 0.45118 | val_auc: 0.75224 |  0:00:05s
epoch 4  | loss: 0.4468  | val_auc: 0.75916 |  0:00:07s
epoch 5  | loss: 0.44456 | val_auc: 0.7665  |  0:00:08s
epoch 6  | loss: 0.44322 | val_auc: 0.76342 |  0:00:10s
epoch 7  | loss: 0.45216 | val_auc: 0.754   |  0:00:11s
epoch 8  | loss: 0.44773 | val_auc: 0.75514 |  0:00:13s
epoch 9  | loss: 0.44645 | val_auc: 0.75831 |  0:00:14s
epoch 10 | loss: 0.44126 | val_auc: 0.76393 |  0:00:16s
epoch 11 | loss: 0.43993 | val_auc: 0.769   |  0:00:17s
epoch 12 | loss: 0.43935 | val_auc: 0.76834 |  0:00:19s
epoch 13 | loss: 0.43995 | val_auc: 0.76944 |  0:00:20s
epoch 14 | loss: 0.43689 | val_auc: 0.77642 |  0:00:22s
epoch 15 | loss: 0.43647 | val_auc: 0.77521 |  0:00:23s
epoch 16 | loss: 0.43611 | val_auc: 0.78187 |  0:00:25s
epoch 17 | loss: 0.43671 | val_auc: 0.76696 |  0:00:26s
epoch 18 | loss: 0.437   | val_auc: 0.77192 |  0:00:28s
epoch 19 | loss: 0.43392 | val_auc: 0.77793 |  0:00:29s
epoch 20 | loss: 0.43327 | val_auc: 0.77272 |  0:00:31s
epoch 21 | loss: 0.43144 | val_auc: 0.77286 |  0:00:32s
epoch 22 | loss: 0.43109 | val_auc: 0.77167 |  0:00:33s
epoch 23 | loss: 0.43098 | val_auc: 0.77067 |  0:00:35s03:50:44  INFO      models.tabnet_model  TabNet trained | device=mps  best_epoch=16  elapsed=48.0s
03:50:44  INFO      models.tabnet_model  Apple MPS backend passed smoke test — using GPU acceleration.
03:50:44  INFO      models.tabnet_model  TabNet starting | device=mps  max_epochs=200  patience=15  batch_size=1024  n_train=19200
03:52:42  INFO      models.tabnet_model  TabNet trained | device=mps  best_epoch=63  elapsed=117.4s
03:52:42  INFO      models.tabnet_model  Apple MPS backend passed smoke test — using GPU acceleration.
03:52:42  INFO      models.tabnet_model  TabNet starting | device=mps  max_epochs=200  patience=15  batch_size=1024  n_train=19200
03:53:40  INFO      models.tabnet_model  TabNet trained | device=mps  best_epoch=23  elapsed=58.3s
03:53:41  INFO      models.tabnet_model  Apple MPS backend passed smoke test — using GPU acceleration.
03:53:41  INFO      models.tabnet_model  TabNet starting | device=mps  max_epochs=200  patience=15  batch_size=1024  n_train=19200

epoch 24 | loss: 0.43102 | val_auc: 0.77047 |  0:00:36s
epoch 25 | loss: 0.43017 | val_auc: 0.77245 |  0:00:38s
epoch 26 | loss: 0.4275  | val_auc: 0.77071 |  0:00:39s
epoch 27 | loss: 0.42949 | val_auc: 0.77124 |  0:00:41s
epoch 28 | loss: 0.42889 | val_auc: 0.77259 |  0:00:42s
epoch 29 | loss: 0.43163 | val_auc: 0.76903 |  0:00:44s
epoch 30 | loss: 0.4282  | val_auc: 0.77233 |  0:00:45s
epoch 31 | loss: 0.42846 | val_auc: 0.769   |  0:00:46s

Early stopping occurred at epoch 31 with best_epoch = 16 and best_val_auc = 0.78187
epoch 0  | loss: 0.64103 | val_auc: 0.67647 |  0:00:01s
epoch 1  | loss: 0.50129 | val_auc: 0.73953 |  0:00:03s
epoch 2  | loss: 0.4629  | val_auc: 0.75296 |  0:00:04s
epoch 3  | loss: 0.44984 | val_auc: 0.74507 |  0:00:05s
epoch 4  | loss: 0.44728 | val_auc: 0.73266 |  0:00:07s
epoch 5  | loss: 0.44799 | val_auc: 0.7449  |  0:00:08s
epoch 6  | loss: 0.44626 | val_auc: 0.75739 |  0:00:10s
epoch 7  | loss: 0.4446  | val_auc: 0.75433 |  0:00:11s
epoch 8  | loss: 0.43895 | val_auc: 0.74559 |  0:00:13s
epoch 9  | loss: 0.43912 | val_auc: 0.7541  |  0:00:14s
epoch 10 | loss: 0.43734 | val_auc: 0.7479  |  0:00:16s
epoch 11 | loss: 0.44082 | val_auc: 0.76031 |  0:00:17s
epoch 12 | loss: 0.43771 | val_auc: 0.76412 |  0:00:19s
epoch 13 | loss: 0.43947 | val_auc: 0.76537 |  0:00:20s
epoch 14 | loss: 0.43793 | val_auc: 0.76381 |  0:00:21s
epoch 15 | loss: 0.43829 | val_auc: 0.76756 |  0:00:23s
epoch 16 | loss: 0.43544 | val_auc: 0.76134 |  0:00:24s
epoch 17 | loss: 0.43426 | val_auc: 0.77211 |  0:00:26s
epoch 18 | loss: 0.43457 | val_auc: 0.76347 |  0:00:27s
epoch 19 | loss: 0.432   | val_auc: 0.7618  |  0:00:29s
epoch 20 | loss: 0.43382 | val_auc: 0.76242 |  0:00:30s
epoch 21 | loss: 0.43196 | val_auc: 0.75743 |  0:00:32s
epoch 22 | loss: 0.43428 | val_auc: 0.7634  |  0:00:33s
epoch 23 | loss: 0.4334  | val_auc: 0.75948 |  0:00:35s
epoch 24 | loss: 0.43114 | val_auc: 0.76347 |  0:00:36s
epoch 25 | loss: 0.42957 | val_auc: 0.76388 |  0:00:37s
epoch 26 | loss: 0.42759 | val_auc: 0.76902 |  0:00:39s
epoch 27 | loss: 0.42855 | val_auc: 0.76783 |  0:00:40s
epoch 28 | loss: 0.42847 | val_auc: 0.7622  |  0:00:42s
epoch 29 | loss: 0.42713 | val_auc: 0.77084 |  0:00:44s
epoch 30 | loss: 0.42735 | val_auc: 0.7655  |  0:00:45s
epoch 31 | loss: 0.42751 | val_auc: 0.76843 |  0:00:47s
epoch 32 | loss: 0.42691 | val_auc: 0.77216 |  0:00:48s
epoch 33 | loss: 0.4279  | val_auc: 0.77045 |  0:00:50s
epoch 34 | loss: 0.4267  | val_auc: 0.76028 |  0:00:51s
epoch 35 | loss: 0.43117 | val_auc: 0.76384 |  0:00:52s
epoch 36 | loss: 0.43042 | val_auc: 0.76807 |  0:00:54s
epoch 37 | loss: 0.42689 | val_auc: 0.77519 |  0:00:56s
epoch 38 | loss: 0.42767 | val_auc: 0.77448 |  0:00:57s
epoch 39 | loss: 0.42681 | val_auc: 0.7685  |  0:00:59s
epoch 40 | loss: 0.4266  | val_auc: 0.76307 |  0:01:00s
epoch 41 | loss: 0.42626 | val_auc: 0.76904 |  0:01:01s
epoch 42 | loss: 0.42461 | val_auc: 0.77005 |  0:01:03s
epoch 43 | loss: 0.42613 | val_auc: 0.77019 |  0:01:04s
epoch 44 | loss: 0.4249  | val_auc: 0.76754 |  0:01:06s
epoch 45 | loss: 0.42576 | val_auc: 0.769   |  0:01:07s
epoch 46 | loss: 0.42703 | val_auc: 0.77021 |  0:01:09s
epoch 47 | loss: 0.42387 | val_auc: 0.77065 |  0:01:10s
epoch 48 | loss: 0.42204 | val_auc: 0.76883 |  0:01:12s
epoch 49 | loss: 0.42231 | val_auc: 0.7708  |  0:01:13s
epoch 50 | loss: 0.42257 | val_auc: 0.76568 |  0:01:15s
epoch 51 | loss: 0.42029 | val_auc: 0.77039 |  0:01:16s
epoch 52 | loss: 0.42079 | val_auc: 0.77695 |  0:01:18s
epoch 53 | loss: 0.42196 | val_auc: 0.76917 |  0:01:19s
epoch 54 | loss: 0.42168 | val_auc: 0.77353 |  0:01:20s
epoch 55 | loss: 0.42015 | val_auc: 0.77397 |  0:01:22s
epoch 56 | loss: 0.41986 | val_auc: 0.77117 |  0:01:23s
epoch 57 | loss: 0.4195  | val_auc: 0.77228 |  0:01:25s
epoch 58 | loss: 0.41948 | val_auc: 0.77493 |  0:01:26s
epoch 59 | loss: 0.41919 | val_auc: 0.7724  |  0:01:28s
epoch 60 | loss: 0.42127 | val_auc: 0.771   |  0:01:29s
epoch 61 | loss: 0.41955 | val_auc: 0.77472 |  0:01:31s
epoch 62 | loss: 0.41819 | val_auc: 0.77399 |  0:01:32s
epoch 63 | loss: 0.41989 | val_auc: 0.7775  |  0:01:33s
epoch 64 | loss: 0.41615 | val_auc: 0.76779 |  0:01:35s
epoch 65 | loss: 0.4167  | val_auc: 0.77451 |  0:01:36s
epoch 66 | loss: 0.41625 | val_auc: 0.77146 |  0:01:38s
epoch 67 | loss: 0.41626 | val_auc: 0.76939 |  0:01:39s
epoch 68 | loss: 0.41639 | val_auc: 0.76281 |  0:01:41s
epoch 69 | loss: 0.42017 | val_auc: 0.76087 |  0:01:42s
epoch 70 | loss: 0.41953 | val_auc: 0.7648  |  0:01:44s
epoch 71 | loss: 0.41685 | val_auc: 0.76318 |  0:01:45s
epoch 72 | loss: 0.4158  | val_auc: 0.76181 |  0:01:47s
epoch 73 | loss: 0.41777 | val_auc: 0.75439 |  0:01:48s
epoch 74 | loss: 0.42183 | val_auc: 0.76064 |  0:01:50s
epoch 75 | loss: 0.4199  | val_auc: 0.76187 |  0:01:51s
epoch 76 | loss: 0.42011 | val_auc: 0.76404 |  0:01:53s
epoch 77 | loss: 0.41903 | val_auc: 0.76366 |  0:01:54s
epoch 78 | loss: 0.4172  | val_auc: 0.76628 |  0:01:56s

Early stopping occurred at epoch 78 with best_epoch = 63 and best_val_auc = 0.7775
epoch 0  | loss: 0.69125 | val_auc: 0.70132 |  0:00:01s
epoch 1  | loss: 0.53503 | val_auc: 0.7488  |  0:00:03s
epoch 2  | loss: 0.4728  | val_auc: 0.7463  |  0:00:04s
epoch 3  | loss: 0.45766 | val_auc: 0.74903 |  0:00:05s
epoch 4  | loss: 0.45213 | val_auc: 0.75228 |  0:00:07s
epoch 5  | loss: 0.44943 | val_auc: 0.75889 |  0:00:08s
epoch 6  | loss: 0.44489 | val_auc: 0.76726 |  0:00:10s
epoch 7  | loss: 0.44718 | val_auc: 0.77065 |  0:00:11s
epoch 8  | loss: 0.44306 | val_auc: 0.77153 |  0:00:13s
epoch 9  | loss: 0.43996 | val_auc: 0.76414 |  0:00:14s
epoch 10 | loss: 0.44011 | val_auc: 0.76731 |  0:00:16s
epoch 11 | loss: 0.43797 | val_auc: 0.76375 |  0:00:17s
epoch 12 | loss: 0.43769 | val_auc: 0.77011 |  0:00:19s
epoch 13 | loss: 0.43564 | val_auc: 0.77155 |  0:00:20s
epoch 14 | loss: 0.43363 | val_auc: 0.77386 |  0:00:22s
epoch 15 | loss: 0.43357 | val_auc: 0.77261 |  0:00:23s
epoch 16 | loss: 0.43601 | val_auc: 0.77285 |  0:00:25s
epoch 17 | loss: 0.44087 | val_auc: 0.77372 |  0:00:26s
epoch 18 | loss: 0.44025 | val_auc: 0.7688  |  0:00:27s
epoch 19 | loss: 0.43987 | val_auc: 0.77295 |  0:00:29s
epoch 20 | loss: 0.4352  | val_auc: 0.77614 |  0:00:30s
epoch 21 | loss: 0.43459 | val_auc: 0.77584 |  0:00:32s
epoch 22 | loss: 0.43545 | val_auc: 0.77555 |  0:00:33s
epoch 23 | loss: 0.43124 | val_auc: 0.7769  |  0:00:35s
epoch 24 | loss: 0.43189 | val_auc: 0.77485 |  0:00:36s
epoch 25 | loss: 0.43019 | val_auc: 0.76929 |  0:00:38s
epoch 26 | loss: 0.4306  | val_auc: 0.77247 |  0:00:39s
epoch 27 | loss: 0.42955 | val_auc: 0.77643 |  0:00:40s
epoch 28 | loss: 0.4294  | val_auc: 0.77445 |  0:00:42s
epoch 29 | loss: 0.43138 | val_auc: 0.77261 |  0:00:43s
epoch 30 | loss: 0.42898 | val_auc: 0.77287 |  0:00:45s
epoch 31 | loss: 0.42699 | val_auc: 0.76971 |  0:00:47s
epoch 32 | loss: 0.42845 | val_auc: 0.76682 |  0:00:48s
epoch 33 | loss: 0.42943 | val_auc: 0.77185 |  0:00:49s
epoch 34 | loss: 0.42815 | val_auc: 0.77094 |  0:00:51s
epoch 35 | loss: 0.42664 | val_auc: 0.77433 |  0:00:52s
epoch 36 | loss: 0.42715 | val_auc: 0.77265 |  0:00:54s
epoch 37 | loss: 0.42486 | val_auc: 0.77272 |  0:00:55s
epoch 38 | loss: 0.42325 | val_auc: 0.77542 |  0:00:57s

Early stopping occurred at epoch 38 with best_epoch = 23 and best_val_auc = 0.7769
epoch 0  | loss: 0.7001  | val_auc: 0.72456 |  0:00:01s
epoch 1  | loss: 0.51343 | val_auc: 0.74218 |  0:00:02s
epoch 2  | loss: 0.47472 | val_auc: 0.74264 |  0:00:04s
epoch 3  | loss: 0.45679 | val_auc: 0.75437 |  0:00:05s
epoch 4  | loss: 0.45144 | val_auc: 0.75999 |  0:00:07s
epoch 5  | loss: 0.4489  | val_auc: 0.76662 |  0:00:08s
epoch 6  | loss: 0.44548 | val_auc: 0.76451 |  0:00:10s
epoch 7  | loss: 0.445   | val_auc: 0.76401 |  0:00:11s
epoch 8  | loss: 0.44401 | val_auc: 0.76897 |  0:00:13s
epoch 9  | loss: 0.44326 | val_auc: 0.76806 |  0:00:14s
epoch 10 | loss: 0.43982 | val_auc: 0.77649 |  0:00:16s
epoch 11 | loss: 0.43937 | val_auc: 0.76487 |  0:00:17s
epoch 12 | loss: 0.43949 | val_auc: 0.76308 |  0:00:19s
epoch 13 | loss: 0.43882 | val_auc: 0.76754 |  0:00:20s
epoch 14 | loss: 0.44046 | val_auc: 0.76596 |  0:00:22s
epoch 15 | loss: 0.44254 | val_auc: 0.76865 |  0:00:23s03:54:20  INFO      models.tabnet_model  TabNet trained | device=mps  best_epoch=10  elapsed=39.3s
03:54:20  INFO      models.tabnet_model  Apple MPS backend passed smoke test — using GPU acceleration.
03:54:20  INFO      models.tabnet_model  TabNet starting | device=mps  max_epochs=200  patience=15  batch_size=1024  n_train=24000
03:55:29  INFO      models.tabnet_model  TabNet trained | device=mps  best_epoch=20  elapsed=68.8s
03:55:29  INFO      models.tabnet_model  TabNet model saved to /Users/harekrishna/Downloads/credit-default-xai-benchmark 2/results/outputs/uci/runs/seed_689/models/tabnet.pkl
03:55:29  INFO      pipeline  ============================================================
03:55:29  INFO      pipeline  STAGE 4: Evaluation (selection on OOF; test scored once)
03:55:29  INFO      pipeline  ============================================================
03:55:29  INFO      pipeline  XGBoost | OOF AUROC=0.7840  f1*=0.5482 @ t=0.26 | test AUROC=0.7933  F1=0.5648  MCC=0.4310
03:55:29  INFO      pipeline  LightGBM | OOF AUROC=0.7842  f1*=0.5456 @ t=0.26 | test AUROC=0.7935  F1=0.5638  MCC=0.4295
03:55:30  INFO      pipeline  CatBoost | OOF AUROC=0.7845  f1*=0.5468 @ t=0.26 | test AUROC=0.7930  F1=0.5618  MCC=0.4284
03:55:30  INFO      pipeline  Random Forest | OOF AUROC=0.7811  f1*=0.5438 @ t=0.56 | test AUROC=0.7918  F1=0.5542  MCC=0.4229
03:55:30  INFO      pipeline  Logistic Reg. | OOF AUROC=0.7673  f1*=0.5359 @ t=0.58 | test AUROC=0.7696  F1=0.5434  MCC=0.4058
03:55:31  INFO      pipeline  TabNet | OOF AUROC=0.7726  f1*=0.5340 @ t=0.26 | test AUROC=0.7757  F1=0.5403  MCC=0.3941
03:55:31  INFO      pipeline  LaTeX table → /Users/harekrishna/Downloads/credit-default-xai-benchmark 2/results/outputs/uci/runs/seed_689/results/table2_test_metrics.tex
03:55:31  INFO      pipeline  
                AUROC   AUPRC      F1  Precision  Recall  Specificity  G-Mean     MCC   Brier
Model                                                                                        
XGBoost        0.7933  0.5735  0.5648     0.5249  0.6112       0.8429  0.7177  0.4310  0.1305
LightGBM       0.7935  0.5787  0.5638     0.5232  0.6112       0.8419  0.7173  0.4295  0.1304
CatBoost       0.7930  0.5765  0.5618     0.5282  0.5998       0.8478  0.7131  0.4284  0.1307
Random Forest  0.7918  0.5766  0.5542     0.5375  0.5720       0.8603  0.7015  0.4229  0.1768
Logistic Reg.  0.7696  0.5261  0.5434     0.5163  0.5735       0.8474  0.6971  0.4058  0.1872
TabNet         0.7757  0.5527  0.5403     0.4828  0.6134       0.8134  0.7064  0.3941  0.1357
03:55:31  INFO      visualization.plots  Fig 2 saved → /Users/harekrishna/Downloads/credit-default-xai-benchmark 2/results/outputs/uci/runs/seed_689/figures/fig02_roc_curves.pdf
03:55:31  INFO      visualization.plots  Fig 3 saved → /Users/harekrishna/Downloads/credit-default-xai-benchmark 2/results/outputs/uci/runs/seed_689/figures/fig03_pr_curves.pdf
03:55:31  INFO      visualization.plots  Fig 4 saved → /Users/harekrishna/Downloads/credit-default-xai-benchmark 2/results/outputs/uci/runs/seed_689/figures/fig04_confusion_catboost.pdf
04:09:02  INFO      pipeline  Skipping TabNet in Fig 10 ablation (pass --full-ablation to include).
04:09:03  INFO      visualization.plots  Fig 10 saved → /Users/harekrishna/Downloads/credit-default-xai-benchmark 2/results/outputs/uci/runs/seed_689/figures/fig10_smote_ablation.pdf
04:09:03  INFO      pipeline  ============================================================
04:09:03  INFO      pipeline  STAGE 5: SHAP Explanations
04:09:03  INFO      pipeline  ============================================================
04:09:03  INFO      explainability.shap_explainer  SHAP TreeExplainer initialised | output_space=log_odds
04:09:03  INFO      explainability.shap_explainer  SHAP values computed | shape=(2000, 31)
04:09:03  INFO      explainability.shap_explainer  SHAP additivity check | MAE=0.00000 | PASS ✓
04:09:04  INFO      explainability.shap_explainer  Saved SHAP summary → /Users/harekrishna/Downloads/credit-default-xai-benchmark 2/results/outputs/uci/runs/seed_689/figures/fig05a_shap_summary_CatBoost.pdf
04:09:04  INFO      explainability.shap_explainer  Saved SHAP bar → /Users/harekrishna/Downloads/credit-default-xai-benchmark 2/results/outputs/uci/runs/seed_689/figures/fig05b_shap_bar_CatBoost.pdf
04:09:04  INFO      explainability.shap_explainer  Saved SHAP dependence → /Users/harekrishna/Downloads/credit-default-xai-benchmark 2/results/outputs/uci/runs/seed_689/figures/fig06_shap_dep_PAY_0.pdf
04:09:04  INFO      pipeline  LaTeX table → /Users/harekrishna/Downloads/credit-default-xai-benchmark 2/results/outputs/uci/runs/seed_689/results/table3_shap_ranking.tex
04:09:04  INFO      visualization.plots  Fig 8 saved → /Users/harekrishna/Downloads/credit-default-xai-benchmark 2/results/outputs/uci/runs/seed_689/figures/fig08_importance_comparison.pdf
04:09:05  INFO      visualization.plots  Fig 9 saved → /Users/harekrishna/Downloads/credit-default-xai-benchmark 2/results/outputs/uci/runs/seed_689/figures/fig09_threshold_sweep.pdf
04:09:05  INFO      pipeline  ============================================================
04:09:05  INFO      pipeline  STAGE 6: LIME Explanations
04:09:05  INFO      pipeline  ============================================================
04:09:05  INFO      explainability.lime_explainer  LIME tabular explainer initialised | features=31
04:09:05  INFO      pipeline  Local instances selected: {'TP': 4783, 'FP': 4397, 'FN': 2830, 'TN': 5635}
04:09:05  INFO      explainability.lime_explainer  Saved LIME explanation → /Users/harekrishna/Downloads/credit-default-xai-benchmark 2/results/outputs/uci/runs/seed_689/figures/fig07_tp_lime.pdf
04:09:05  INFO      explainability.lime_explainer  Saved LIME explanation → /Users/harekrishna/Downloads/credit-default-xai-benchmark 2/results/outputs/uci/runs/seed_689/figures/fig07_fp_lime.pdf
04:09:05  INFO      explainability.lime_explainer  Saved LIME explanation → /Users/harekrishna/Downloads/credit-default-xai-benchmark 2/results/outputs/uci/runs/seed_689/figures/fig07_fn_lime.pdf
04:09:06  INFO      explainability.lime_explainer  Saved LIME explanation → /Users/harekrishna/Downloads/credit-default-xai-benchmark 2/results/outputs/uci/runs/seed_689/figures/fig07_tn_lime.pdf
04:09:06  INFO      explainability.lime_explainer  Saved LIME multi-instance grid → /Users/harekrishna/Downloads/credit-default-xai-benchmark 2/results/outputs/uci/runs/seed_689/figures/fig07_lime_multi_instance.pdf
04:09:09  INFO      explainability.lime_explainer  LIME batch complete | n=200
04:09:09  INFO      explainability.lime_explainer  SHAP–LIME agreement | mean ρ=0.581 ± 0.201
04:09:09  INFO      explainability.lime_explainer  LIME tabular explainer initialised | features=31
04:09:09  INFO      explainability.lime_explainer  LIME tabular explainer initialised | features=31
04:09:09  INFO      explainability.lime_explainer  LIME tabular explainer initialised | features=31
04:09:09  INFO      explainability.lime_explainer  LIME tabular explainer initialised | features=31
04:09:09  INFO      explainability.lime_explainer  LIME tabular explainer initialised | features=31
04:09:09  INFO      explainability.lime_explainer  LIME tabular explainer initialised | features=31
04:09:10  INFO      explainability.lime_explainer  LIME tabular explainer initialised | features=31
04:09:10  INFO      explainability.lime_explainer  LIME tabular explainer initialised | features=31
04:09:10  INFO      explainability.lime_explainer  LIME tabular explainer initialised | features=31
04:09:10  INFO      explainability.lime_explainer  LIME tabular explainer initialised | features=31
04:09:10  INFO      explainability.lime_explainer  LIME tabular explainer initialised | features=31
04:09:10  INFO      explainability.lime_explainer  LIME tabular explainer initialised | features=31
04:09:10  INFO      explainability.lime_explainer  LIME tabular explainer initialised | features=31
04:09:11  INFO      explainability.lime_explainer  LIME tabular explainer initialised | features=31
04:09:11  INFO      explainability.lime_explainer  LIME tabular explainer initialised | features=31
04:09:11  INFO      explainability.lime_explainer  LIME tabular explainer initialised | features=31
04:09:11  INFO      explainability.lime_explainer  LIME tabular explainer initialised | features=31
04:09:11  INFO      explainability.lime_explainer  LIME tabular explainer initialised | features=31
04:09:11  INFO      explainability.lime_explainer  LIME tabular explainer initialised | features=31
04:09:12  INFO      explainability.lime_explainer  LIME tabular explainer initialised | features=31
04:09:12  INFO      explainability.lime_explainer  LIME tabular explainer initialised | features=31
04:09:12  INFO      explainability.lime_explainer  LIME tabular explainer initialised | features=31
04:09:12  INFO      explainability.lime_explainer  LIME tabular explainer initialised | features=31
04:09:12  INFO      explainability.lime_explainer  LIME tabular explainer initialised | features=31
04:09:12  INFO      explainability.lime_explainer  LIME tabular explainer initialised | features=31
04:09:12  INFO      explainability.lime_explainer  LIME tabular explainer initialised | features=31
04:09:12  INFO      explainability.lime_explainer  LIME tabular explainer initialised | features=31
04:09:13  INFO      explainability.lime_explainer  LIME tabular explainer initialised | features=31
04:09:13  INFO      explainability.lime_explainer  LIME tabular explainer initialised | features=31
04:09:13  INFO      explainability.lime_explainer  LIME tabular explainer initialised | features=31
04:09:13  INFO      explainability.lime_explainer  LIME tabular explainer initialised | features=31
04:09:13  INFO      explainability.lime_explainer  LIME tabular explainer initialised | features=31
04:09:13  INFO      explainability.lime_explainer  LIME tabular explainer initialised | features=31
04:09:13  INFO      explainability.lime_explainer  LIME tabular explainer initialised | features=31
04:09:14  INFO      explainability.lime_explainer  LIME tabular explainer initialised | features=31
04:09:14  INFO      explainability.lime_explainer  LIME tabular explainer initialised | features=31
04:09:14  INFO      explainability.lime_explainer  LIME tabular explainer initialised | features=31
04:09:14  INFO      explainability.lime_explainer  LIME tabular explainer initialised | features=31
04:09:14  INFO      explainability.lime_explainer  LIME tabular explainer initialised | features=31
04:09:14  INFO      explainability.lime_explainer  LIME tabular explainer initialised | features=31
04:09:14  INFO      explainability.lime_explainer  LIME tabular explainer initialised | features=31
04:09:15  INFO      explainability.lime_explainer  LIME tabular explainer initialised | features=31
04:09:15  INFO      explainability.lime_explainer  LIME tabular explainer initialised | features=31
04:09:15  INFO      explainability.lime_explainer  LIME tabular explainer initialised | features=31
04:09:15  INFO      explainability.lime_explainer  LIME tabular explainer initialised | features=31
04:09:15  INFO      explainability.lime_explainer  LIME tabular explainer initialised | features=31
04:09:15  INFO      explainability.lime_explainer  LIME tabular explainer initialised | features=31
04:09:15  INFO      explainability.lime_explainer  LIME tabular explainer initialised | features=31
04:09:15  INFO      explainability.lime_explainer  LIME tabular explainer initialised | features=31
04:09:16  INFO      explainability.lime_explainer  LIME tabular explainer initialised | features=31
04:09:16  INFO      explainability.lime_explainer  LIME tabular explainer initialised | features=31
04:09:16  INFO      explainability.lime_explainer  LIME tabular explainer initialised | features=31
04:09:16  INFO      explainability.lime_explainer  LIME tabular explainer initialised | features=31
04:09:16  INFO      explainability.lime_explainer  LIME tabular explainer initialised | features=31
04:09:16  INFO      explainability.lime_explainer  LIME tabular explainer initialised | features=31
04:09:16  INFO      explainability.lime_explainer  LIME tabular explainer initialised | features=31
04:09:17  INFO      explainability.lime_explainer  LIME tabular explainer initialised | features=31
04:09:17  INFO      explainability.lime_explainer  LIME tabular explainer initialised | features=31
04:09:17  INFO      explainability.lime_explainer  LIME tabular explainer initialised | features=31
04:09:17  INFO      explainability.lime_explainer  LIME tabular explainer initialised | features=31
04:09:17  INFO      explainability.lime_explainer  LIME tabular explainer initialised | features=31
04:09:17  INFO      explainability.lime_explainer  LIME tabular explainer initialised | features=31
04:09:17  INFO      explainability.lime_explainer  LIME tabular explainer initialised | features=31
04:09:18  INFO      explainability.lime_explainer  LIME tabular explainer initialised | features=31
04:09:18  INFO      explainability.lime_explainer  LIME tabular explainer initialised | features=31
04:09:18  INFO      explainability.lime_explainer  LIME tabular explainer initialised | features=31
04:09:18  INFO      explainability.lime_explainer  LIME tabular explainer initialised | features=31
04:09:18  INFO      explainability.lime_explainer  LIME tabular explainer initialised | features=31
04:09:18  INFO      explainability.lime_explainer  LIME tabular explainer initialised | features=31
04:09:18  INFO      explainability.lime_explainer  LIME tabular explainer initialised | features=31
04:09:18  INFO      explainability.lime_explainer  LIME tabular explainer initialised | features=31
04:09:19  INFO      explainability.lime_explainer  LIME tabular explainer initialised | features=31
04:09:19  INFO      explainability.lime_explainer  LIME tabular explainer initialised | features=31
04:09:19  INFO      explainability.lime_explainer  LIME tabular explainer initialised | features=31
04:09:19  INFO      explainability.lime_explainer  LIME tabular explainer initialised | features=31
04:09:19  INFO      explainability.lime_explainer  LIME tabular explainer initialised | features=31
04:09:19  INFO      explainability.lime_explainer  LIME tabular explainer initialised | features=31
04:09:19  INFO      explainability.lime_explainer  LIME tabular explainer initialised | features=31
04:09:20  INFO      explainability.lime_explainer  LIME tabular explainer initialised | features=31
04:09:20  INFO      explainability.lime_explainer  LIME tabular explainer initialised | features=31
04:09:20  INFO      explainability.lime_explainer  LIME tabular explainer initialised | features=31
04:09:20  INFO      explainability.lime_explainer  LIME tabular explainer initialised | features=31
04:09:20  INFO      explainability.lime_explainer  LIME tabular explainer initialised | features=31
04:09:20  INFO      explainability.lime_explainer  LIME tabular explainer initialised | features=31
04:09:20  INFO      explainability.lime_explainer  LIME tabular explainer initialised | features=31
04:09:20  INFO      explainability.lime_explainer  LIME tabular explainer initialised | features=31
04:09:21  INFO      explainability.lime_explainer  LIME tabular explainer initialised | features=31
04:09:21  INFO      explainability.lime_explainer  LIME tabular explainer initialised | features=31
04:09:21  INFO      explainability.lime_explainer  LIME tabular explainer initialised | features=31
04:09:21  INFO      explainability.lime_explainer  LIME tabular explainer initialised | features=31
04:09:21  INFO      explainability.lime_explainer  LIME tabular explainer initialised | features=31
04:09:21  INFO      explainability.lime_explainer  LIME tabular explainer initialised | features=31
04:09:21  INFO      explainability.lime_explainer  LIME tabular explainer initialised | features=31
04:09:22  INFO      explainability.lime_explainer  LIME tabular explainer initialised | features=31
04:09:22  INFO      explainability.lime_explainer  LIME tabular explainer initialised | features=31
04:09:22  INFO      explainability.lime_explainer  LIME tabular explainer initialised | features=31
04:09:22  INFO      explainability.lime_explainer  LIME tabular explainer initialised | features=31
04:09:22  INFO      explainability.lime_explainer  LIME tabular explainer initialised | features=31
04:09:22  INFO      explainability.lime_explainer  LIME tabular explainer initialised | features=31
04:09:22  INFO      explainability.lime_explainer  LIME tabular explainer initialised | features=31
04:09:23  INFO      explainability.lime_explainer  LIME tabular explainer initialised | features=31
04:09:23  INFO      explainability.lime_explainer  LIME tabular explainer initialised | features=31
04:09:23  INFO      explainability.lime_explainer  LIME tabular explainer initialised | features=31
04:09:23  INFO      explainability.lime_explainer  LIME tabular explainer initialised | features=31
04:09:23  INFO      explainability.lime_explainer  LIME tabular explainer initialised | features=31
04:09:23  INFO      explainability.lime_explainer  LIME tabular explainer initialised | features=31
04:09:23  INFO      explainability.lime_explainer  LIME tabular explainer initialised | features=31
04:09:23  INFO      explainability.lime_explainer  LIME tabular explainer initialised | features=31
04:09:24  INFO      explainability.lime_explainer  LIME tabular explainer initialised | features=31
04:09:24  INFO      explainability.lime_explainer  LIME tabular explainer initialised | features=31
04:09:24  INFO      explainability.lime_explainer  LIME tabular explainer initialised | features=31
04:09:24  INFO      explainability.lime_explainer  LIME tabular explainer initialised | features=31
04:09:24  INFO      explainability.lime_explainer  LIME tabular explainer initialised | features=31
04:09:24  INFO      explainability.lime_explainer  LIME tabular explainer initialised | features=31
04:09:24  INFO      explainability.lime_explainer  LIME tabular explainer initialised | features=31
04:09:25  INFO      explainability.lime_explainer  LIME tabular explainer initialised | features=31
04:09:25  INFO      explainability.lime_explainer  LIME tabular explainer initialised | features=31
04:09:25  INFO      explainability.lime_explainer  LIME tabular explainer initialised | features=31
04:09:25  INFO      explainability.lime_explainer  LIME tabular explainer initialised | features=31
04:09:25  INFO      explainability.lime_explainer  LIME tabular explainer initialised | features=31
04:09:25  INFO      explainability.lime_explainer  LIME tabular explainer initialised | features=31
04:09:25  INFO      explainability.lime_explainer  LIME tabular explainer initialised | features=31
04:09:26  INFO      explainability.lime_explainer  LIME tabular explainer initialised | features=31
04:09:26  INFO      explainability.lime_explainer  LIME tabular explainer initialised | features=31
04:09:26  INFO      explainability.lime_explainer  LIME tabular explainer initialised | features=31
04:09:26  INFO      explainability.lime_explainer  LIME tabular explainer initialised | features=31
04:09:26  INFO      explainability.lime_explainer  LIME tabular explainer initialised | features=31
04:09:26  INFO      explainability.lime_explainer  LIME tabular explainer initialised | features=31
04:09:26  INFO      explainability.lime_explainer  LIME tabular explainer initialised | features=31
04:09:26  INFO      explainability.lime_explainer  LIME tabular explainer initialised | features=31
04:09:27  INFO      explainability.lime_explainer  LIME tabular explainer initialised | features=31
04:09:27  INFO      explainability.lime_explainer  LIME tabular explainer initialised | features=31
04:09:27  INFO      explainability.lime_explainer  LIME tabular explainer initialised | features=31
04:09:27  INFO      explainability.lime_explainer  LIME tabular explainer initialised | features=31
04:09:27  INFO      explainability.lime_explainer  LIME tabular explainer initialised | features=31
04:09:27  INFO      explainability.lime_explainer  LIME tabular explainer initialised | features=31
04:09:27  INFO      explainability.lime_explainer  LIME tabular explainer initialised | features=31
04:09:28  INFO      explainability.lime_explainer  LIME tabular explainer initialised | features=31
04:09:28  INFO      explainability.lime_explainer  LIME tabular explainer initialised | features=31
04:09:28  INFO      explainability.lime_explainer  LIME tabular explainer initialised | features=31
04:09:28  INFO      explainability.lime_explainer  LIME tabular explainer initialised | features=31
04:09:28  INFO      explainability.lime_explainer  LIME tabular explainer initialised | features=31
04:09:28  INFO      explainability.lime_explainer  LIME tabular explainer initialised | features=31
04:09:28  INFO      explainability.lime_explainer  LIME tabular explainer initialised | features=31
04:09:29  INFO      explainability.lime_explainer  LIME tabular explainer initialised | features=31
04:09:29  INFO      explainability.lime_explainer  LIME tabular explainer initialised | features=31
04:09:29  INFO      explainability.lime_explainer  LIME tabular explainer initialised | features=31
04:09:29  INFO      explainability.lime_explainer  LIME tabular explainer initialised | features=31
04:09:29  INFO      explainability.lime_explainer  LIME tabular explainer initialised | features=31
04:09:29  INFO      explainability.lime_explainer  LIME tabular explainer initialised | features=31
04:09:29  INFO      explainability.lime_explainer  LIME tabular explainer initialised | features=31
04:09:29  INFO      explainability.lime_explainer  LIME tabular explainer initialised | features=31
04:09:30  INFO      explainability.lime_explainer  LIME tabular explainer initialised | features=31
04:09:30  INFO      explainability.lime_explainer  LIME tabular explainer initialised | features=31
04:09:30  INFO      explainability.lime_explainer  LIME tabular explainer initialised | features=31
04:09:30  INFO      explainability.lime_explainer  LIME tabular explainer initialised | features=31
04:09:30  INFO      explainability.lime_explainer  LIME tabular explainer initialised | features=31
04:09:30  INFO      explainability.lime_explainer  LIME tabular explainer initialised | features=31
04:09:30  INFO      explainability.lime_explainer  LIME tabular explainer initialised | features=31
04:09:31  INFO      explainability.lime_explainer  LIME tabular explainer initialised | features=31
04:09:31  INFO      explainability.lime_explainer  LIME tabular explainer initialised | features=31
04:09:31  INFO      explainability.lime_explainer  LIME tabular explainer initialised | features=31
04:09:31  INFO      explainability.lime_explainer  LIME tabular explainer initialised | features=31
04:09:31  INFO      explainability.lime_explainer  LIME tabular explainer initialised | features=31
04:09:31  INFO      explainability.lime_explainer  LIME tabular explainer initialised | features=31
04:09:31  INFO      explainability.lime_explainer  LIME tabular explainer initialised | features=31
04:09:31  INFO      explainability.lime_explainer  LIME tabular explainer initialised | features=31
04:09:32  INFO      explainability.lime_explainer  LIME tabular explainer initialised | features=31
04:09:32  INFO      explainability.lime_explainer  LIME tabular explainer initialised | features=31
04:09:32  INFO      explainability.lime_explainer  LIME tabular explainer initialised | features=31
04:09:32  INFO      explainability.lime_explainer  LIME tabular explainer initialised | features=31
04:09:32  INFO      explainability.lime_explainer  LIME tabular explainer initialised | features=31
04:09:32  INFO      explainability.lime_explainer  LIME tabular explainer initialised | features=31
04:09:32  INFO      explainability.lime_explainer  LIME tabular explainer initialised | features=31
04:09:33  INFO      explainability.lime_explainer  LIME tabular explainer initialised | features=31
04:09:33  INFO      explainability.lime_explainer  LIME tabular explainer initialised | features=31
04:09:33  INFO      explainability.lime_explainer  LIME tabular explainer initialised | features=31
04:09:33  INFO      explainability.lime_explainer  LIME tabular explainer initialised | features=31
04:09:33  INFO      explainability.lime_explainer  LIME tabular explainer initialised | features=31
04:09:33  INFO      explainability.lime_explainer  LIME tabular explainer initialised | features=31
04:09:33  INFO      explainability.lime_explainer  LIME tabular explainer initialised | features=31
04:09:34  INFO      explainability.lime_explainer  LIME tabular explainer initialised | features=31
04:09:34  INFO      explainability.lime_explainer  LIME tabular explainer initialised | features=31
04:09:34  INFO      explainability.lime_explainer  LIME tabular explainer initialised | features=31
04:09:34  INFO      explainability.lime_explainer  LIME tabular explainer initialised | features=31
04:09:34  INFO      explainability.lime_explainer  LIME tabular explainer initialised | features=31
04:09:34  INFO      explainability.lime_explainer  LIME tabular explainer initialised | features=31
04:09:34  INFO      explainability.lime_explainer  LIME tabular explainer initialised | features=31
04:09:34  INFO      explainability.lime_explainer  LIME tabular explainer initialised | features=31
04:09:35  INFO      explainability.lime_explainer  LIME tabular explainer initialised | features=31
04:09:35  INFO      explainability.lime_explainer  LIME tabular explainer initialised | features=31
04:09:35  INFO      explainability.lime_explainer  LIME tabular explainer initialised | features=31
04:09:35  INFO      explainability.lime_explainer  LIME tabular explainer initialised | features=31
04:09:35  INFO      explainability.lime_explainer  LIME tabular explainer initialised | features=31
04:09:35  INFO      explainability.lime_explainer  LIME tabular explainer initialised | features=31
04:09:35  INFO      explainability.lime_explainer  LIME tabular explainer initialised | features=31
04:09:36  INFO      explainability.lime_explainer  LIME tabular explainer initialised | features=31
04:09:36  INFO      explainability.lime_explainer  LIME tabular explainer initialised | features=31
04:09:36  INFO      explainability.lime_explainer  LIME tabular explainer initialised | features=31
04:09:36  INFO      explainability.lime_explainer  LIME tabular explainer initialised | features=31
04:09:36  INFO      explainability.lime_explainer  LIME tabular explainer initialised | features=31
04:09:36  INFO      explainability.lime_explainer  LIME tabular explainer initialised | features=31
04:09:36  INFO      explainability.lime_explainer  LIME tabular explainer initialised | features=31
04:09:37  INFO      explainability.lime_explainer  LIME tabular explainer initialised | features=31
04:09:37  INFO      explainability.lime_explainer  LIME tabular explainer initialised | features=31
04:09:37  INFO      explainability.lime_explainer  LIME tabular explainer initialised | features=31
04:09:37  INFO      explainability.lime_explainer  LIME tabular explainer initialised | features=31
04:09:37  INFO      explainability.lime_explainer  LIME tabular explainer initialised | features=31
04:09:37  INFO      explainability.lime_explainer  LIME tabular explainer initialised | features=31
04:09:37  INFO      explainability.lime_explainer  LIME tabular explainer initialised | features=31
04:09:37  INFO      explainability.lime_explainer  LIME tabular explainer initialised | features=31
04:09:38  INFO      explainability.lime_explainer  LIME tabular explainer initialised | features=31
04:09:38  INFO      explainability.lime_explainer  LIME tabular explainer initialised | features=31
04:09:38  INFO      explainability.lime_explainer  LIME tabular explainer initialised | features=31
04:09:38  INFO      explainability.lime_explainer  LIME tabular explainer initialised | features=31
04:09:38  INFO      explainability.lime_explainer  LIME tabular explainer initialised | features=31
04:09:38  INFO      explainability.lime_explainer  LIME tabular explainer initialised | features=31
04:09:38  INFO      explainability.lime_explainer  LIME tabular explainer initialised | features=31
04:09:39  INFO      explainability.lime_explainer  LIME tabular explainer initialised | features=31
04:09:39  INFO      explainability.lime_explainer  LIME tabular explainer initialised | features=31
04:09:39  INFO      explainability.lime_explainer  LIME tabular explainer initialised | features=31
04:09:39  INFO      explainability.lime_explainer  LIME tabular explainer initialised | features=31
04:09:39  INFO      explainability.lime_explainer  LIME tabular explainer initialised | features=31
04:09:39  INFO      explainability.lime_explainer  LIME tabular explainer initialised | features=31
04:09:39  INFO      explainability.lime_explainer  LIME tabular explainer initialised | features=31
04:09:39  INFO      explainability.lime_explainer  LIME tabular explainer initialised | features=31
04:09:40  INFO      explainability.lime_explainer  LIME tabular explainer initialised | features=31
04:09:40  INFO      explainability.lime_explainer  LIME tabular explainer initialised | features=31
04:09:40  INFO      explainability.lime_explainer  LIME tabular explainer initialised | features=31
04:09:40  INFO      explainability.lime_explainer  LIME tabular explainer initialised | features=31
04:09:40  INFO      explainability.lime_explainer  LIME tabular explainer initialised | features=31
04:09:40  INFO      explainability.lime_explainer  LIME tabular explainer initialised | features=31
04:09:40  INFO      explainability.lime_explainer  LIME tabular explainer initialised | features=31
04:09:41  INFO      explainability.lime_explainer  LIME tabular explainer initialised | features=31
04:09:41  INFO      explainability.lime_explainer  LIME tabular explainer initialised | features=31
04:09:41  INFO      explainability.lime_explainer  LIME tabular explainer initialised | features=31
04:09:41  INFO      explainability.lime_explainer  LIME tabular explainer initialised | features=31
04:09:41  INFO      explainability.lime_explainer  LIME tabular explainer initialised | features=31
04:09:41  INFO      explainability.lime_explainer  LIME tabular explainer initialised | features=31
04:09:41  INFO      explainability.lime_explainer  LIME tabular explainer initialised | features=31
04:09:42  INFO      explainability.lime_explainer  LIME tabular explainer initialised | features=31
04:09:42  INFO      explainability.lime_explainer  LIME tabular explainer initialised | features=31
04:09:42  INFO      explainability.lime_explainer  LIME tabular explainer initialised | features=31
04:09:42  INFO      explainability.lime_explainer  LIME tabular explainer initialised | features=31
04:09:42  INFO      explainability.lime_explainer  LIME tabular explainer initialised | features=31
04:09:42  INFO      explainability.lime_explainer  LIME tabular explainer initialised | features=31
04:09:42  INFO      explainability.lime_explainer  LIME tabular explainer initialised | features=31
04:09:42  INFO      explainability.lime_explainer  LIME tabular explainer initialised | features=31
04:09:43  INFO      explainability.lime_explainer  LIME tabular explainer initialised | features=31
04:09:43  INFO      explainability.lime_explainer  LIME tabular explainer initialised | features=31
04:09:43  INFO      explainability.lime_explainer  LIME tabular explainer initialised | features=31
04:09:43  INFO      explainability.lime_explainer  LIME tabular explainer initialised | features=31
04:09:43  INFO      explainability.lime_explainer  LIME tabular explainer initialised | features=31
04:09:43  INFO      explainability.lime_explainer  LIME tabular explainer initialised | features=31
04:09:43  INFO      explainability.lime_explainer  LIME tabular explainer initialised | features=31
04:09:44  INFO      explainability.lime_explainer  LIME tabular explainer initialised | features=31
04:09:44  INFO      explainability.lime_explainer  LIME tabular explainer initialised | features=31
04:09:44  INFO      explainability.lime_explainer  LIME tabular explainer initialised | features=31
04:09:44  INFO      explainability.lime_explainer  LIME tabular explainer initialised | features=31
04:09:44  INFO      explainability.lime_explainer  LIME tabular explainer initialised | features=31
04:09:44  INFO      explainability.lime_explainer  LIME tabular explainer initialised | features=31
04:09:44  INFO      explainability.lime_explainer  LIME tabular explainer initialised | features=31
04:09:45  INFO      explainability.lime_explainer  LIME tabular explainer initialised | features=31
04:09:45  INFO      explainability.lime_explainer  LIME tabular explainer initialised | features=31
04:09:45  INFO      explainability.lime_explainer  LIME tabular explainer initialised | features=31
04:09:45  INFO      explainability.lime_explainer  LIME tabular explainer initialised | features=31
04:09:45  INFO      explainability.lime_explainer  LIME tabular explainer initialised | features=31
04:09:45  INFO      explainability.lime_explainer  LIME tabular explainer initialised | features=31
04:09:45  INFO      explainability.lime_explainer  LIME tabular explainer initialised | features=31
04:09:45  INFO      explainability.lime_explainer  LIME tabular explainer initialised | features=31
04:09:46  INFO      explainability.lime_explainer  LIME tabular explainer initialised | features=31
04:09:46  INFO      explainability.lime_explainer  LIME tabular explainer initialised | features=31
04:09:46  INFO      explainability.lime_explainer  LIME tabular explainer initialised | features=31
04:09:46  INFO      explainability.lime_explainer  LIME tabular explainer initialised | features=31
04:09:46  INFO      explainability.lime_explainer  LIME tabular explainer initialised | features=31
04:09:46  INFO      explainability.lime_explainer  LIME tabular explainer initialised | features=31
04:09:46  INFO      explainability.lime_explainer  LIME tabular explainer initialised | features=31
04:09:47  INFO      explainability.lime_explainer  LIME tabular explainer initialised | features=31
04:09:47  INFO      explainability.lime_explainer  LIME tabular explainer initialised | features=31
04:09:47  INFO      explainability.lime_explainer  LIME tabular explainer initialised | features=31
04:09:47  INFO      explainability.lime_explainer  LIME tabular explainer initialised | features=31
04:09:47  INFO      explainability.lime_explainer  LIME tabular explainer initialised | features=31
04:09:47  INFO      explainability.lime_explainer  LIME tabular explainer initialised | features=31
04:09:47  INFO      explainability.lime_explainer  LIME tabular explainer initialised | features=31
04:09:48  INFO      explainability.lime_explainer  LIME tabular explainer initialised | features=31
04:09:48  INFO      explainability.lime_explainer  LIME tabular explainer initialised | features=31
04:09:48  INFO      explainability.lime_explainer  LIME tabular explainer initialised | features=31
04:09:48  INFO      explainability.lime_explainer  LIME tabular explainer initialised | features=31
04:09:48  INFO      explainability.lime_explainer  LIME tabular explainer initialised | features=31
04:09:48  INFO      explainability.lime_explainer  LIME tabular explainer initialised | features=31
04:09:48  INFO      explainability.lime_explainer  LIME tabular explainer initialised | features=31
04:09:48  INFO      explainability.lime_explainer  LIME tabular explainer initialised | features=31
04:09:49  INFO      explainability.lime_explainer  LIME tabular explainer initialised | features=31
04:09:49  INFO      explainability.lime_explainer  LIME tabular explainer initialised | features=31
04:09:49  INFO      explainability.lime_explainer  LIME tabular explainer initialised | features=31
04:09:49  INFO      explainability.lime_explainer  LIME tabular explainer initialised | features=31
04:09:49  INFO      explainability.lime_explainer  LIME tabular explainer initialised | features=31
04:09:49  INFO      explainability.lime_explainer  LIME tabular explainer initialised | features=31
04:09:49  INFO      explainability.lime_explainer  LIME tabular explainer initialised | features=31
04:09:50  INFO      explainability.lime_explainer  LIME tabular explainer initialised | features=31
04:09:50  INFO      pipeline  LaTeX table → /Users/harekrishna/Downloads/credit-default-xai-benchmark 2/results/outputs/uci/runs/seed_689/results/table5_explanation_quality.tex
04:09:50  INFO      pipeline  LaTeX table → /Users/harekrishna/Downloads/credit-default-xai-benchmark 2/results/outputs/uci/runs/seed_689/results/table4_shap_lime_agreement.tex
04:09:50  INFO      pipeline  ============================================================
04:09:50  INFO      pipeline  STAGE 7: Revision Analyses
04:09:50  INFO      pipeline  ============================================================
04:12:10  INFO      data.data_loader  Loading cached UCI dataset from /Users/harekrishna/Downloads/credit-default-xai-benchmark 2/data/uci_credit.csv
04:12:11  INFO      data.data_loader  Dataset loaded | uci | train=24000  test=6000 | default rate train=22.12% test=22.12% | 3 nominal, 20 continuous
04:13:04  INFO      pipeline  RUN seed_689 COMPLETE | champion CatBoost | OOF AUROC 0.7845 | test AUROC 0.7930
04:13:04  INFO      pipeline  ╔══════════════════════════════════════════════╗
04:13:04  INFO      pipeline  ║  Credit Default Prediction with XAI (v3)     ║
04:13:04  INFO      pipeline  ║  Dataset: uci                                ║
04:13:04  INFO      pipeline  ║  Run: seed_777                               ║
04:13:04  INFO      pipeline  ╚══════════════════════════════════════════════╝
04:13:04  INFO      pipeline  ============================================================
04:13:04  INFO      pipeline  STAGE 1: Data Loading, Labelling & Partitioning
04:13:04  INFO      pipeline  ============================================================
04:13:04  INFO      data.data_loader  Loading cached UCI dataset from /Users/harekrishna/Downloads/credit-default-xai-benchmark 2/data/uci_credit.csv
04:13:05  INFO      data.data_loader  Dataset loaded | uci | train=24000  test=6000 | default rate train=22.12% test=22.12% | 3 nominal, 28 continuous
04:13:05  INFO      pipeline  Imbalance stats (train): {"n_total": 24000, "n_majority": 18691, "n_minority": 5309, "imbalance_ratio": 3.5206, "minority_pct": 22.12}
04:13:05  INFO      visualization.plots  Fig 1 saved → /Users/harekrishna/Downloads/credit-default-xai-benchmark 2/results/outputs/uci/runs/seed_777/figures/fig01_class_distribution.pdf
04:13:05  INFO      pipeline  ============================================================
04:13:05  INFO      pipeline  STAGE 2: Imbalance Strategy Ablation (selected on OOF AUROC)
04:13:05  INFO      pipeline  ============================================================
04:13:26  INFO      pipeline  Ablation | SMOTE            | OOF AUROC=0.7671  test AUROC=0.7646
04:13:48  INFO      pipeline  Ablation | BorderlineSMOTE  | OOF AUROC=0.7670  test AUROC=0.7636
04:14:52  INFO      pipeline  Ablation | SVMSMOTE         | OOF AUROC=0.7722  test AUROC=0.7744
04:15:14  INFO      pipeline  Ablation | ADASYN           | OOF AUROC=0.7659  test AUROC=0.7676
04:15:20  INFO      pipeline  Ablation | None             | OOF AUROC=0.7839  test AUROC=0.7921
04:15:22  INFO      pipeline  Ablation | ClassWeight      | OOF AUROC=0.7794  test AUROC=0.7869
04:15:22  INFO      pipeline  Best imbalance strategy (OOF AUROC): None → 0.7839 [probe: LightGBM]
04:15:22  INFO      pipeline  ============================================================
04:15:22  INFO      pipeline  STAGE 3: Model Training (nested tuning, OOF predictions, refit)
04:15:22  INFO      pipeline  ============================================================
04:15:22  INFO      pipeline  Training XGBoost …
04:16:50  INFO      pipeline  XGBoost | per-model strategy=ClassWeight | OOF AUROC by strategy={'SMOTE': 0.7676, 'BorderlineSMOTE': 0.7663, 'SVMSMOTE': 0.773, 'ADASYN': 0.7644, 'None': 0.7754, 'ClassWeight': 0.7828}
04:16:50  INFO      pipeline  RandomizedSearchCV | model=XGBoost strategy=ClassWeight n_iter=12
04:17:20  INFO      pipeline  Training LightGBM …
04:19:09  INFO      pipeline  LightGBM | per-model strategy=None | OOF AUROC by strategy={'SMOTE': 0.7671, 'BorderlineSMOTE': 0.767, 'SVMSMOTE': 0.7722, 'ADASYN': 0.7659, 'None': 0.7839, 'ClassWeight': 0.7794}
04:19:09  INFO      pipeline  RandomizedSearchCV | model=LightGBM strategy=None n_iter=12
04:20:46  INFO      pipeline  Training CatBoost …
04:22:53  INFO      pipeline  CatBoost | per-model strategy=None | OOF AUROC by strategy={'SMOTE': 0.7739, 'BorderlineSMOTE': 0.7738, 'SVMSMOTE': 0.7775, 'ADASYN': 0.7719, 'None': 0.7837, 'ClassWeight': 0.7831}
04:22:53  INFO      pipeline  RandomizedSearchCV | model=CatBoost strategy=None n_iter=12
04:24:04  INFO      pipeline  Training Random Forest …
04:27:11  INFO      pipeline  Random Forest | per-model strategy=ClassWeight | OOF AUROC by strategy={'SMOTE': 0.7579, 'BorderlineSMOTE': 0.7589, 'SVMSMOTE': 0.7637, 'ADASYN': 0.7553, 'None': 0.7662, 'ClassWeight': 0.7673}
04:27:11  INFO      pipeline  RandomizedSearchCV | model=Random Forest strategy=ClassWeight n_iter=12
04:32:42  INFO      pipeline  Training Logistic Reg. …
04:33:33  INFO      pipeline  Logistic Reg. | per-model strategy=ClassWeight | OOF AUROC by strategy={'SMOTE': 0.7585, 'BorderlineSMOTE': 0.755, 'SVMSMOTE': 0.7609, 'ADASYN': 0.756, 'None': 0.7645, 'ClassWeight': 0.7657}
04:33:33  INFO      pipeline  RandomizedSearchCV | model=Logistic Reg. strategy=ClassWeight n_iter=12
04:33:38  INFO      pipeline  Training TabNet …
04:33:38  INFO      models.tabnet_model  Apple MPS backend passed smoke test — using GPU acceleration.
04:33:38  INFO      models.tabnet_model  TabNet starting | device=mps  max_epochs=200  patience=15  batch_size=1024  n_train=19200
04:34:28  INFO      models.tabnet_model  TabNet trained | device=mps  best_epoch=16  elapsed=49.4s
04:34:28  INFO      models.tabnet_model  Apple MPS backend passed smoke test — using GPU acceleration.
04:34:28  INFO      models.tabnet_model  TabNet starting | device=mps  max_epochs=200  patience=15  batch_size=1024  n_train=19200

epoch 16 | loss: 0.43871 | val_auc: 0.7756  |  0:00:25s
epoch 17 | loss: 0.43856 | val_auc: 0.76847 |  0:00:26s
epoch 18 | loss: 0.43624 | val_auc: 0.76592 |  0:00:28s
epoch 19 | loss: 0.4348  | val_auc: 0.76871 |  0:00:29s
epoch 20 | loss: 0.43569 | val_auc: 0.7661  |  0:00:31s
epoch 21 | loss: 0.43687 | val_auc: 0.77103 |  0:00:32s
epoch 22 | loss: 0.43508 | val_auc: 0.77293 |  0:00:34s
epoch 23 | loss: 0.4376  | val_auc: 0.76715 |  0:00:35s
epoch 24 | loss: 0.43599 | val_auc: 0.76994 |  0:00:36s
epoch 25 | loss: 0.43564 | val_auc: 0.76311 |  0:00:38s

Early stopping occurred at epoch 25 with best_epoch = 10 and best_val_auc = 0.77649
epoch 0  | loss: 0.70005 | val_auc: 0.70677 |  0:00:02s
epoch 1  | loss: 0.50992 | val_auc: 0.73542 |  0:00:03s
epoch 2  | loss: 0.46381 | val_auc: 0.74512 |  0:00:05s
epoch 3  | loss: 0.45344 | val_auc: 0.76289 |  0:00:07s
epoch 4  | loss: 0.45027 | val_auc: 0.76721 |  0:00:09s
epoch 5  | loss: 0.44548 | val_auc: 0.78009 |  0:00:11s
epoch 6  | loss: 0.44365 | val_auc: 0.76558 |  0:00:13s
epoch 7  | loss: 0.44319 | val_auc: 0.77041 |  0:00:15s
epoch 8  | loss: 0.43862 | val_auc: 0.76788 |  0:00:17s
epoch 9  | loss: 0.43802 | val_auc: 0.76928 |  0:00:19s
epoch 10 | loss: 0.43826 | val_auc: 0.77474 |  0:00:21s
epoch 11 | loss: 0.43714 | val_auc: 0.77007 |  0:00:22s
epoch 12 | loss: 0.43527 | val_auc: 0.76652 |  0:00:24s
epoch 13 | loss: 0.43301 | val_auc: 0.77149 |  0:00:26s
epoch 14 | loss: 0.43418 | val_auc: 0.77421 |  0:00:28s
epoch 15 | loss: 0.43579 | val_auc: 0.77238 |  0:00:30s
epoch 16 | loss: 0.43518 | val_auc: 0.7756  |  0:00:32s
epoch 17 | loss: 0.43297 | val_auc: 0.77542 |  0:00:34s
epoch 18 | loss: 0.43393 | val_auc: 0.7729  |  0:00:36s
epoch 19 | loss: 0.43361 | val_auc: 0.78037 |  0:00:37s
epoch 20 | loss: 0.43306 | val_auc: 0.78065 |  0:00:39s
epoch 21 | loss: 0.43272 | val_auc: 0.77305 |  0:00:41s
epoch 22 | loss: 0.4339  | val_auc: 0.77129 |  0:00:43s
epoch 23 | loss: 0.43396 | val_auc: 0.76705 |  0:00:45s
epoch 24 | loss: 0.43437 | val_auc: 0.77022 |  0:00:47s
epoch 25 | loss: 0.43629 | val_auc: 0.76966 |  0:00:48s
epoch 26 | loss: 0.4356  | val_auc: 0.76925 |  0:00:50s
epoch 27 | loss: 0.43499 | val_auc: 0.76822 |  0:00:52s
epoch 28 | loss: 0.43365 | val_auc: 0.76467 |  0:00:54s
epoch 29 | loss: 0.43282 | val_auc: 0.75955 |  0:00:56s
epoch 30 | loss: 0.43374 | val_auc: 0.76834 |  0:00:58s
epoch 31 | loss: 0.43355 | val_auc: 0.77156 |  0:00:59s
epoch 32 | loss: 0.43495 | val_auc: 0.77185 |  0:01:01s
epoch 33 | loss: 0.43261 | val_auc: 0.77461 |  0:01:03s
epoch 34 | loss: 0.42969 | val_auc: 0.77329 |  0:01:05s
epoch 35 | loss: 0.42979 | val_auc: 0.76971 |  0:01:07s

Early stopping occurred at epoch 35 with best_epoch = 20 and best_val_auc = 0.78065
Successfully saved model at /Users/harekrishna/Downloads/credit-default-xai-benchmark 2/results/outputs/uci/runs/seed_689/models/tabnet.pkl.zip
epoch 0  | loss: 0.86892 | val_auc: 0.65465 |  0:00:01s
epoch 1  | loss: 0.53226 | val_auc: 0.7016  |  0:00:03s
epoch 2  | loss: 0.47306 | val_auc: 0.7233  |  0:00:04s
epoch 3  | loss: 0.46147 | val_auc: 0.76054 |  0:00:06s
epoch 4  | loss: 0.44985 | val_auc: 0.77522 |  0:00:07s
epoch 5  | loss: 0.44783 | val_auc: 0.75864 |  0:00:09s
epoch 6  | loss: 0.44917 | val_auc: 0.76988 |  0:00:10s
epoch 7  | loss: 0.44133 | val_auc: 0.77088 |  0:00:12s
epoch 8  | loss: 0.43777 | val_auc: 0.77187 |  0:00:13s
epoch 9  | loss: 0.44094 | val_auc: 0.78124 |  0:00:15s
epoch 10 | loss: 0.4391  | val_auc: 0.78139 |  0:00:16s
epoch 11 | loss: 0.43806 | val_auc: 0.78134 |  0:00:18s
epoch 12 | loss: 0.43526 | val_auc: 0.7794  |  0:00:19s
epoch 13 | loss: 0.43839 | val_auc: 0.77716 |  0:00:21s
epoch 14 | loss: 0.44047 | val_auc: 0.77898 |  0:00:22s
epoch 15 | loss: 0.43645 | val_auc: 0.77742 |  0:00:24s
epoch 16 | loss: 0.43726 | val_auc: 0.7868  |  0:00:25s
epoch 17 | loss: 0.43561 | val_auc: 0.78032 |  0:00:27s
epoch 18 | loss: 0.437   | val_auc: 0.78322 |  0:00:28s
epoch 19 | loss: 0.43587 | val_auc: 0.77946 |  0:00:30s
epoch 20 | loss: 0.43936 | val_auc: 0.77601 |  0:00:31s
epoch 21 | loss: 0.44147 | val_auc: 0.7758  |  0:00:33s
epoch 22 | loss: 0.4425  | val_auc: 0.77802 |  0:00:34s
epoch 23 | loss: 0.44071 | val_auc: 0.77632 |  0:00:36s
epoch 24 | loss: 0.43877 | val_auc: 0.77506 |  0:00:37s
epoch 25 | loss: 0.43908 | val_auc: 0.76964 |  0:00:39s
epoch 26 | loss: 0.43846 | val_auc: 0.77206 |  0:00:40s
epoch 27 | loss: 0.43682 | val_auc: 0.7752  |  0:00:41s
epoch 28 | loss: 0.43368 | val_auc: 0.77505 |  0:00:43s
epoch 29 | loss: 0.43415 | val_auc: 0.76924 |  0:00:45s
epoch 30 | loss: 0.4326  | val_auc: 0.77411 |  0:00:46s
epoch 31 | loss: 0.43181 | val_auc: 0.77643 |  0:00:48s

Early stopping occurred at epoch 31 with best_epoch = 16 and best_val_auc = 0.7868
epoch 0  | loss: 0.8128  | val_auc: 0.70662 |  0:00:01s
epoch 1  | loss: 0.5347  | val_auc: 0.72718 |  0:00:03s
epoch 2  | loss: 0.49006 | val_auc: 0.75007 |  0:00:04s
epoch 3  | loss: 0.46663 | val_auc: 0.76993 |  0:00:06s
epoch 4  | loss: 0.4455  | val_auc: 0.75317 |  0:00:07s
epoch 5  | loss: 0.44384 | val_auc: 0.77369 |  0:00:09s
epoch 6  | loss: 0.44116 | val_auc: 0.77004 |  0:00:10s
epoch 7  | loss: 0.44084 | val_auc: 0.76628 |  0:00:12s
epoch 8  | loss: 0.44004 | val_auc: 0.76403 |  0:00:13s
epoch 9  | loss: 0.44233 | val_auc: 0.77005 |  0:00:14s
epoch 10 | loss: 0.44209 | val_auc: 0.77417 |  0:00:16s
epoch 11 | loss: 0.43908 | val_auc: 0.77416 |  0:00:17s
epoch 12 | loss: 0.4351  | val_auc: 0.7795  |  0:00:19s
epoch 13 | loss: 0.43563 | val_auc: 0.77506 |  0:00:20s
epoch 14 | loss: 0.43754 | val_auc: 0.78182 |  0:00:22s
epoch 15 | loss: 0.43395 | val_auc: 0.77656 |  0:00:23s
epoch 16 | loss: 0.43619 | val_auc: 0.77707 |  0:00:25s
epoch 17 | loss: 0.43901 | val_auc: 0.7737  |  0:00:26s
epoch 18 | loss: 0.43704 | val_auc: 0.77608 |  0:00:28s
epoch 19 | loss: 0.43615 | val_auc: 0.77871 |  0:00:30s
epoch 20 | loss: 0.43899 | val_auc: 0.77444 |  0:00:31s
epoch 21 | loss: 0.43538 | val_auc: 0.77932 |  0:00:33s
epoch 22 | loss: 0.43575 | val_auc: 0.78126 |  0:00:34s
epoch 23 | loss: 0.43516 | val_auc: 0.78249 |  0:00:36s
epoch 24 | loss: 0.43496 | val_auc: 0.78554 |  0:00:37s
epoch 25 | loss: 0.43315 | val_auc: 0.78626 |  0:00:39s
epoch 26 | loss: 0.43312 | val_auc: 0.77866 |  0:00:40s
epoch 27 | loss: 0.4343  | val_auc: 0.77538 |  0:00:42s
epoch 28 | loss: 0.43473 | val_auc: 0.78423 |  0:00:43s
epoch 29 | loss: 0.43377 | val_auc: 0.7846  |  0:00:44s
epoch 30 | loss: 0.43    | val_auc: 0.78538 |  0:00:46s
epoch 31 | loss: 0.43142 | val_auc: 0.78863 |  0:00:48s
epoch 32 | loss: 0.43007 | val_auc: 0.78668 |  0:00:49s
epoch 33 | loss: 0.43043 | val_auc: 0.78642 |  0:00:51s
epoch 34 | loss: 0.43141 | val_auc: 0.78997 |  0:00:52s
epoch 35 | loss: 0.43077 | val_auc: 0.78646 |  0:00:54s
epoch 36 | loss: 0.43158 | val_auc: 0.78273 |  0:00:55s
epoch 37 | loss: 0.42954 | val_auc: 0.785   |  0:00:57s
epoch 38 | loss: 0.43098 | val_auc: 0.78917 |  0:00:58s
epoch 39 | loss: 0.43059 | val_auc: 0.79095 |  0:01:00s
epoch 40 | loss: 0.42973 | val_auc: 0.79119 |  0:01:01s
epoch 41 | loss: 0.43236 | val_auc: 0.78437 |  0:01:03s
epoch 42 | loss: 0.43323 | val_auc: 0.7909  |  0:01:04s
epoch 43 | loss: 0.42998 | val_auc: 0.78875 |  0:01:05s
epoch 44 | loss: 0.42957 | val_auc: 0.79005 |  0:01:07s
epoch 45 | loss: 0.42996 | val_auc: 0.78648 |  0:01:08s
epoch 46 | loss: 0.4303  | val_auc: 0.78436 |  0:01:10s
epoch 47 | loss: 0.43027 | val_auc: 0.7917  |  0:01:11s
epoch 48 | loss: 0.42732 | val_auc: 0.79529 |  0:01:13s
epoch 49 | loss: 0.42711 | val_auc: 0.79233 |  0:01:14s
epoch 50 | loss: 0.42705 | val_auc: 0.78881 |  0:01:16s
epoch 51 | loss: 0.4259  | val_auc: 0.78927 |  0:01:17s
epoch 52 | loss: 0.42559 | val_auc: 0.79142 |  0:01:19s
epoch 53 | loss: 0.42392 | val_auc: 0.78366 |  0:01:20s
epoch 54 | loss: 0.42289 | val_auc: 0.78531 |  0:01:22s
epoch 55 | loss: 0.42313 | val_auc: 0.78854 |  0:01:23s
epoch 56 | loss: 0.42171 | val_auc: 0.78982 |  0:01:25s
epoch 57 | loss: 0.42423 | val_auc: 0.78846 |  0:01:26s
epoch 58 | loss: 0.42343 | val_auc: 0.78507 |  0:01:27s
epoch 59 | loss: 0.42148 | val_auc: 0.78758 |  0:01:29s
epoch 60 | loss: 0.42318 | val_auc: 0.78607 |  0:01:30s
epoch 61 | loss: 0.42122 | val_auc: 0.79017 |  0:01:32s04:36:05  INFO      models.tabnet_model  TabNet trained | device=mps  best_epoch=48  elapsed=96.5s
04:36:05  INFO      models.tabnet_model  Apple MPS backend passed smoke test — using GPU acceleration.
04:36:05  INFO      models.tabnet_model  TabNet starting | device=mps  max_epochs=200  patience=15  batch_size=1024  n_train=19200
04:36:39  INFO      models.tabnet_model  TabNet trained | device=mps  best_epoch=6  elapsed=34.2s
04:36:39  INFO      models.tabnet_model  Apple MPS backend passed smoke test — using GPU acceleration.
04:36:39  INFO      models.tabnet_model  TabNet starting | device=mps  max_epochs=200  patience=15  batch_size=1024  n_train=19200
04:37:46  INFO      models.tabnet_model  TabNet trained | device=mps  best_epoch=28  elapsed=66.3s
04:37:46  INFO      models.tabnet_model  Apple MPS backend passed smoke test — using GPU acceleration.
04:37:46  INFO      models.tabnet_model  TabNet starting | device=mps  max_epochs=200  patience=15  batch_size=1024  n_train=19200
04:38:57  INFO      models.tabnet_model  TabNet trained | device=mps  best_epoch=31  elapsed=71.1s
04:38:57  INFO      models.tabnet_model  Apple MPS backend passed smoke test — using GPU acceleration.
04:38:57  INFO      models.tabnet_model  TabNet starting | device=mps  max_epochs=200  patience=15  batch_size=1024  n_train=24000

epoch 62 | loss: 0.42095 | val_auc: 0.78413 |  0:01:33s
epoch 63 | loss: 0.42182 | val_auc: 0.78369 |  0:01:35s

Early stopping occurred at epoch 63 with best_epoch = 48 and best_val_auc = 0.79529
epoch 0  | loss: 0.80311 | val_auc: 0.71313 |  0:00:01s
epoch 1  | loss: 0.51092 | val_auc: 0.71183 |  0:00:03s
epoch 2  | loss: 0.47575 | val_auc: 0.7537  |  0:00:04s
epoch 3  | loss: 0.45491 | val_auc: 0.75273 |  0:00:05s
epoch 4  | loss: 0.44441 | val_auc: 0.75787 |  0:00:07s
epoch 5  | loss: 0.44254 | val_auc: 0.75798 |  0:00:08s
epoch 6  | loss: 0.43984 | val_auc: 0.76752 |  0:00:10s
epoch 7  | loss: 0.43774 | val_auc: 0.75813 |  0:00:11s
epoch 8  | loss: 0.43586 | val_auc: 0.75561 |  0:00:13s
epoch 9  | loss: 0.43751 | val_auc: 0.75492 |  0:00:14s
epoch 10 | loss: 0.43962 | val_auc: 0.75793 |  0:00:16s
epoch 11 | loss: 0.43441 | val_auc: 0.75282 |  0:00:17s
epoch 12 | loss: 0.43556 | val_auc: 0.75736 |  0:00:19s
epoch 13 | loss: 0.43393 | val_auc: 0.75905 |  0:00:20s
epoch 14 | loss: 0.43365 | val_auc: 0.7581  |  0:00:21s
epoch 15 | loss: 0.43659 | val_auc: 0.75948 |  0:00:23s
epoch 16 | loss: 0.43429 | val_auc: 0.75963 |  0:00:25s
epoch 17 | loss: 0.43534 | val_auc: 0.76196 |  0:00:26s
epoch 18 | loss: 0.43601 | val_auc: 0.75238 |  0:00:28s
epoch 19 | loss: 0.43485 | val_auc: 0.7583  |  0:00:30s
epoch 20 | loss: 0.43446 | val_auc: 0.75679 |  0:00:31s
epoch 21 | loss: 0.43388 | val_auc: 0.75487 |  0:00:33s

Early stopping occurred at epoch 21 with best_epoch = 6 and best_val_auc = 0.76752
epoch 0  | loss: 0.80802 | val_auc: 0.68598 |  0:00:01s
epoch 1  | loss: 0.52949 | val_auc: 0.73489 |  0:00:03s
epoch 2  | loss: 0.47961 | val_auc: 0.75259 |  0:00:04s
epoch 3  | loss: 0.4561  | val_auc: 0.76392 |  0:00:06s
epoch 4  | loss: 0.45011 | val_auc: 0.76512 |  0:00:07s
epoch 5  | loss: 0.44829 | val_auc: 0.77372 |  0:00:08s
epoch 6  | loss: 0.44598 | val_auc: 0.77632 |  0:00:10s
epoch 7  | loss: 0.44402 | val_auc: 0.77802 |  0:00:11s
epoch 8  | loss: 0.44113 | val_auc: 0.77188 |  0:00:13s
epoch 9  | loss: 0.44317 | val_auc: 0.76417 |  0:00:14s
epoch 10 | loss: 0.44377 | val_auc: 0.76649 |  0:00:16s
epoch 11 | loss: 0.44299 | val_auc: 0.77101 |  0:00:17s
epoch 12 | loss: 0.44376 | val_auc: 0.77507 |  0:00:19s
epoch 13 | loss: 0.43939 | val_auc: 0.77654 |  0:00:20s
epoch 14 | loss: 0.43867 | val_auc: 0.77654 |  0:00:22s
epoch 15 | loss: 0.43979 | val_auc: 0.78055 |  0:00:23s
epoch 16 | loss: 0.43814 | val_auc: 0.78341 |  0:00:25s
epoch 17 | loss: 0.43664 | val_auc: 0.78529 |  0:00:26s
epoch 18 | loss: 0.43956 | val_auc: 0.78143 |  0:00:28s
epoch 19 | loss: 0.43652 | val_auc: 0.77532 |  0:00:29s
epoch 20 | loss: 0.43769 | val_auc: 0.76916 |  0:00:30s
epoch 21 | loss: 0.44079 | val_auc: 0.77529 |  0:00:32s
epoch 22 | loss: 0.43929 | val_auc: 0.77772 |  0:00:33s
epoch 23 | loss: 0.43781 | val_auc: 0.78495 |  0:00:35s
epoch 24 | loss: 0.43502 | val_auc: 0.77783 |  0:00:36s
epoch 25 | loss: 0.43757 | val_auc: 0.78247 |  0:00:38s
epoch 26 | loss: 0.4367  | val_auc: 0.78297 |  0:00:39s
epoch 27 | loss: 0.43544 | val_auc: 0.77799 |  0:00:41s
epoch 28 | loss: 0.43448 | val_auc: 0.7907  |  0:00:42s
epoch 29 | loss: 0.43178 | val_auc: 0.78824 |  0:00:44s
epoch 30 | loss: 0.43245 | val_auc: 0.78924 |  0:00:45s
epoch 31 | loss: 0.43518 | val_auc: 0.77731 |  0:00:47s
epoch 32 | loss: 0.4369  | val_auc: 0.78627 |  0:00:48s
epoch 33 | loss: 0.4337  | val_auc: 0.78478 |  0:00:50s
epoch 34 | loss: 0.433   | val_auc: 0.78857 |  0:00:51s
epoch 35 | loss: 0.43265 | val_auc: 0.78268 |  0:00:53s
epoch 36 | loss: 0.43161 | val_auc: 0.78793 |  0:00:54s
epoch 37 | loss: 0.43321 | val_auc: 0.78278 |  0:00:56s
epoch 38 | loss: 0.43463 | val_auc: 0.78622 |  0:00:57s
epoch 39 | loss: 0.43334 | val_auc: 0.7833  |  0:00:59s
epoch 40 | loss: 0.43156 | val_auc: 0.7883  |  0:01:00s
epoch 41 | loss: 0.43244 | val_auc: 0.7858  |  0:01:02s
epoch 42 | loss: 0.43433 | val_auc: 0.78875 |  0:01:03s
epoch 43 | loss: 0.43143 | val_auc: 0.79043 |  0:01:05s

Early stopping occurred at epoch 43 with best_epoch = 28 and best_val_auc = 0.7907
epoch 0  | loss: 0.75586 | val_auc: 0.68276 |  0:00:01s
epoch 1  | loss: 0.52987 | val_auc: 0.72417 |  0:00:03s
epoch 2  | loss: 0.47779 | val_auc: 0.73429 |  0:00:04s
epoch 3  | loss: 0.46336 | val_auc: 0.7468  |  0:00:05s
epoch 4  | loss: 0.45578 | val_auc: 0.75386 |  0:00:07s
epoch 5  | loss: 0.45258 | val_auc: 0.75916 |  0:00:08s
epoch 6  | loss: 0.45158 | val_auc: 0.76044 |  0:00:10s
epoch 7  | loss: 0.45    | val_auc: 0.74947 |  0:00:11s
epoch 8  | loss: 0.44678 | val_auc: 0.74737 |  0:00:13s
epoch 9  | loss: 0.44354 | val_auc: 0.74223 |  0:00:14s
epoch 10 | loss: 0.44412 | val_auc: 0.73926 |  0:00:16s
epoch 11 | loss: 0.44329 | val_auc: 0.74428 |  0:00:17s
epoch 12 | loss: 0.4438  | val_auc: 0.74827 |  0:00:19s
epoch 13 | loss: 0.44521 | val_auc: 0.75724 |  0:00:20s
epoch 14 | loss: 0.44298 | val_auc: 0.74228 |  0:00:22s
epoch 15 | loss: 0.44109 | val_auc: 0.75578 |  0:00:23s
epoch 16 | loss: 0.43974 | val_auc: 0.76369 |  0:00:25s
epoch 17 | loss: 0.44009 | val_auc: 0.75352 |  0:00:26s
epoch 18 | loss: 0.44122 | val_auc: 0.75006 |  0:00:28s
epoch 19 | loss: 0.43959 | val_auc: 0.76203 |  0:00:29s
epoch 20 | loss: 0.4401  | val_auc: 0.76577 |  0:00:30s
epoch 21 | loss: 0.43968 | val_auc: 0.75805 |  0:00:32s
epoch 22 | loss: 0.44258 | val_auc: 0.75502 |  0:00:33s
epoch 23 | loss: 0.44107 | val_auc: 0.7592  |  0:00:35s
epoch 24 | loss: 0.44294 | val_auc: 0.76421 |  0:00:36s
epoch 25 | loss: 0.44133 | val_auc: 0.7602  |  0:00:38s
epoch 26 | loss: 0.44138 | val_auc: 0.75755 |  0:00:39s
epoch 27 | loss: 0.44299 | val_auc: 0.76094 |  0:00:41s
epoch 28 | loss: 0.44014 | val_auc: 0.76632 |  0:00:43s
epoch 29 | loss: 0.44252 | val_auc: 0.76127 |  0:00:44s
epoch 30 | loss: 0.44259 | val_auc: 0.7635  |  0:00:46s
epoch 31 | loss: 0.44185 | val_auc: 0.76746 |  0:00:47s
epoch 32 | loss: 0.43881 | val_auc: 0.76316 |  0:00:49s
epoch 33 | loss: 0.43918 | val_auc: 0.76007 |  0:00:50s
epoch 34 | loss: 0.4401  | val_auc: 0.75279 |  0:00:52s
epoch 35 | loss: 0.44204 | val_auc: 0.758   |  0:00:53s
epoch 36 | loss: 0.43938 | val_auc: 0.76029 |  0:00:55s
epoch 37 | loss: 0.44138 | val_auc: 0.75822 |  0:00:56s
epoch 38 | loss: 0.44146 | val_auc: 0.76076 |  0:00:58s
epoch 39 | loss: 0.43868 | val_auc: 0.75857 |  0:00:59s
epoch 40 | loss: 0.43848 | val_auc: 0.75778 |  0:01:00s
epoch 41 | loss: 0.43854 | val_auc: 0.76044 |  0:01:02s
epoch 42 | loss: 0.43878 | val_auc: 0.7587  |  0:01:04s
epoch 43 | loss: 0.43716 | val_auc: 0.7564  |  0:01:05s
epoch 44 | loss: 0.43752 | val_auc: 0.75623 |  0:01:07s
epoch 45 | loss: 0.43854 | val_auc: 0.76013 |  0:01:08s
epoch 46 | loss: 0.43985 | val_auc: 0.75343 |  0:01:10s

Early stopping occurred at epoch 46 with best_epoch = 31 and best_val_auc = 0.76746
epoch 0  | loss: 0.74194 | val_auc: 0.69222 |  0:00:02s
epoch 1  | loss: 0.49821 | val_auc: 0.73377 |  0:00:04s
epoch 2  | loss: 0.46213 | val_auc: 0.76026 |  0:00:05s
epoch 3  | loss: 0.45286 | val_auc: 0.7692  |  0:00:07s
epoch 4  | loss: 0.45162 | val_auc: 0.77152 |  0:00:09s
epoch 5  | loss: 0.44771 | val_auc: 0.77249 |  0:00:11s
epoch 6  | loss: 0.45254 | val_auc: 0.77762 |  0:00:13s
epoch 7  | loss: 0.44504 | val_auc: 0.77057 |  0:00:15s
epoch 8  | loss: 0.44089 | val_auc: 0.77631 |  0:00:17s
epoch 9  | loss: 0.44529 | val_auc: 0.78074 |  0:00:18s
epoch 10 | loss: 0.43856 | val_auc: 0.78207 |  0:00:20s
epoch 11 | loss: 0.43997 | val_auc: 0.78065 |  0:00:22s
epoch 12 | loss: 0.44117 | val_auc: 0.77369 |  0:00:24s
epoch 13 | loss: 0.44151 | val_auc: 0.77223 |  0:00:26s
epoch 14 | loss: 0.437   | val_auc: 0.77606 |  0:00:28s
epoch 15 | loss: 0.43695 | val_auc: 0.77196 |  0:00:30s
epoch 16 | loss: 0.43742 | val_auc: 0.77671 |  0:00:32s
epoch 17 | loss: 0.43558 | val_auc: 0.77816 |  0:00:34s
epoch 18 | loss: 0.43757 | val_auc: 0.77782 |  0:00:35s
epoch 19 | loss: 0.43858 | val_auc: 0.77686 |  0:00:37s
epoch 20 | loss: 0.43496 | val_auc: 0.78564 |  0:00:39s
epoch 21 | loss: 0.43359 | val_auc: 0.79271 |  0:00:41s
epoch 22 | loss: 0.43308 | val_auc: 0.78557 |  0:00:43s
epoch 23 | loss: 0.43075 | val_auc: 0.78978 |  0:00:45s
epoch 24 | loss: 0.43087 | val_auc: 0.78696 |  0:00:47s
epoch 25 | loss: 0.43245 | val_auc: 0.78822 |  0:00:49s04:40:29  INFO      models.tabnet_model  TabNet trained | device=mps  best_epoch=32  elapsed=92.0s
04:40:30  INFO      models.tabnet_model  TabNet model saved to /Users/harekrishna/Downloads/credit-default-xai-benchmark 2/results/outputs/uci/runs/seed_777/models/tabnet.pkl
04:40:30  INFO      pipeline  ============================================================
04:40:30  INFO      pipeline  STAGE 4: Evaluation (selection on OOF; test scored once)
04:40:30  INFO      pipeline  ============================================================
04:40:30  INFO      pipeline  XGBoost | OOF AUROC=0.7756  f1*=0.5479 @ t=0.55 | test AUROC=0.7939  F1=0.5534  MCC=0.4179
04:40:30  INFO      pipeline  LightGBM | OOF AUROC=0.7857  f1*=0.5471 @ t=0.26 | test AUROC=0.7929  F1=0.5543  MCC=0.4206
04:40:30  INFO      pipeline  CatBoost | OOF AUROC=0.7847  f1*=0.5499 @ t=0.28 | test AUROC=0.7923  F1=0.5451  MCC=0.4124
04:40:31  INFO      pipeline  Random Forest | OOF AUROC=0.7827  f1*=0.5453 @ t=0.51 | test AUROC=0.7915  F1=0.5444  MCC=0.4045
04:40:31  INFO      pipeline  Logistic Reg. | OOF AUROC=0.7657  f1*=0.5380 @ t=0.59 | test AUROC=0.7704  F1=0.5318  MCC=0.3955
04:40:31  INFO      pipeline  TabNet | OOF AUROC=0.7711  f1*=0.5341 @ t=0.23 | test AUROC=0.7837  F1=0.5464  MCC=0.4043
04:40:31  INFO      pipeline  LaTeX table → /Users/harekrishna/Downloads/credit-default-xai-benchmark 2/results/outputs/uci/runs/seed_777/results/table2_test_metrics.tex
04:40:31  INFO      pipeline  
                AUROC   AUPRC      F1  Precision  Recall  Specificity  G-Mean     MCC   Brier
Model                                                                                        
XGBoost        0.7939  0.5556  0.5534     0.5217  0.5893       0.8466  0.7063  0.4179  0.1753
LightGBM       0.7929  0.5592  0.5543     0.5287  0.5825       0.8526  0.7047  0.4206  0.1339
CatBoost       0.7923  0.5554  0.5451     0.5331  0.5576       0.8613  0.6931  0.4124  0.1340
Random Forest  0.7915  0.5556  0.5444     0.5075  0.5870       0.8382  0.7015  0.4045  0.1721
Logistic Reg.  0.7704  0.5110  0.5318     0.5214  0.5426       0.8585  0.6825  0.3955  0.1882
TabNet         0.7837  0.5346  0.5464     0.4975  0.6059       0.8262  0.7075  0.4043  0.1361
04:40:31  INFO      visualization.plots  Fig 2 saved → /Users/harekrishna/Downloads/credit-default-xai-benchmark 2/results/outputs/uci/runs/seed_777/figures/fig02_roc_curves.pdf
04:40:32  INFO      visualization.plots  Fig 3 saved → /Users/harekrishna/Downloads/credit-default-xai-benchmark 2/results/outputs/uci/runs/seed_777/figures/fig03_pr_curves.pdf
04:40:32  INFO      visualization.plots  Fig 4 saved → /Users/harekrishna/Downloads/credit-default-xai-benchmark 2/results/outputs/uci/runs/seed_777/figures/fig04_confusion_lightgbm.pdf
04:53:56  INFO      pipeline  Skipping TabNet in Fig 10 ablation (pass --full-ablation to include).
04:53:57  INFO      visualization.plots  Fig 10 saved → /Users/harekrishna/Downloads/credit-default-xai-benchmark 2/results/outputs/uci/runs/seed_777/figures/fig10_smote_ablation.pdf
04:53:57  INFO      pipeline  ============================================================
04:53:57  INFO      pipeline  STAGE 5: SHAP Explanations
04:53:57  INFO      pipeline  ============================================================
04:53:57  INFO      explainability.shap_explainer  SHAP TreeExplainer initialised | output_space=log_odds
04:53:57  INFO      explainability.shap_explainer  SHAP values computed | shape=(2000, 31)
04:53:57  INFO      explainability.shap_explainer  SHAP additivity check | MAE=0.00000 | PASS ✓
04:53:58  INFO      explainability.shap_explainer  Saved SHAP summary → /Users/harekrishna/Downloads/credit-default-xai-benchmark 2/results/outputs/uci/runs/seed_777/figures/fig05a_shap_summary_LightGBM.pdf
04:53:58  INFO      explainability.shap_explainer  Saved SHAP bar → /Users/harekrishna/Downloads/credit-default-xai-benchmark 2/results/outputs/uci/runs/seed_777/figures/fig05b_shap_bar_LightGBM.pdf
04:53:59  INFO      explainability.shap_explainer  Saved SHAP dependence → /Users/harekrishna/Downloads/credit-default-xai-benchmark 2/results/outputs/uci/runs/seed_777/figures/fig06_shap_dep_avg_pay_delay.pdf
04:53:59  INFO      pipeline  LaTeX table → /Users/harekrishna/Downloads/credit-default-xai-benchmark 2/results/outputs/uci/runs/seed_777/results/table3_shap_ranking.tex
04:53:59  INFO      visualization.plots  Fig 8 saved → /Users/harekrishna/Downloads/credit-default-xai-benchmark 2/results/outputs/uci/runs/seed_777/figures/fig08_importance_comparison.pdf
04:54:00  INFO      visualization.plots  Fig 9 saved → /Users/harekrishna/Downloads/credit-default-xai-benchmark 2/results/outputs/uci/runs/seed_777/figures/fig09_threshold_sweep.pdf
04:54:00  INFO      pipeline  ============================================================
04:54:00  INFO      pipeline  STAGE 6: LIME Explanations
04:54:00  INFO      pipeline  ============================================================
04:54:00  INFO      explainability.lime_explainer  LIME tabular explainer initialised | features=31
04:54:00  INFO      pipeline  Local instances selected: {'TP': 3881, 'FP': 5700, 'FN': 3308, 'TN': 3019}
04:54:00  INFO      explainability.lime_explainer  Saved LIME explanation → /Users/harekrishna/Downloads/credit-default-xai-benchmark 2/results/outputs/uci/runs/seed_777/figures/fig07_tp_lime.pdf
04:54:00  INFO      explainability.lime_explainer  Saved LIME explanation → /Users/harekrishna/Downloads/credit-default-xai-benchmark 2/results/outputs/uci/runs/seed_777/figures/fig07_fp_lime.pdf
04:54:00  INFO      explainability.lime_explainer  Saved LIME explanation → /Users/harekrishna/Downloads/credit-default-xai-benchmark 2/results/outputs/uci/runs/seed_777/figures/fig07_fn_lime.pdf
04:54:00  INFO      explainability.lime_explainer  Saved LIME explanation → /Users/harekrishna/Downloads/credit-default-xai-benchmark 2/results/outputs/uci/runs/seed_777/figures/fig07_tn_lime.pdf
04:54:01  INFO      explainability.lime_explainer  Saved LIME multi-instance grid → /Users/harekrishna/Downloads/credit-default-xai-benchmark 2/results/outputs/uci/runs/seed_777/figures/fig07_lime_multi_instance.pdf
04:54:04  INFO      explainability.lime_explainer  LIME batch complete | n=200
04:54:04  INFO      explainability.lime_explainer  SHAP–LIME agreement | mean ρ=0.633 ± 0.176
04:54:04  INFO      explainability.lime_explainer  LIME tabular explainer initialised | features=31
04:54:04  INFO      explainability.lime_explainer  LIME tabular explainer initialised | features=31
04:54:04  INFO      explainability.lime_explainer  LIME tabular explainer initialised | features=31
04:54:05  INFO      explainability.lime_explainer  LIME tabular explainer initialised | features=31
04:54:05  INFO      explainability.lime_explainer  LIME tabular explainer initialised | features=31
04:54:05  INFO      explainability.lime_explainer  LIME tabular explainer initialised | features=31
04:54:05  INFO      explainability.lime_explainer  LIME tabular explainer initialised | features=31
04:54:05  INFO      explainability.lime_explainer  LIME tabular explainer initialised | features=31
04:54:05  INFO      explainability.lime_explainer  LIME tabular explainer initialised | features=31
04:54:05  INFO      explainability.lime_explainer  LIME tabular explainer initialised | features=31
04:54:06  INFO      explainability.lime_explainer  LIME tabular explainer initialised | features=31
04:54:06  INFO      explainability.lime_explainer  LIME tabular explainer initialised | features=31
04:54:06  INFO      explainability.lime_explainer  LIME tabular explainer initialised | features=31
04:54:06  INFO      explainability.lime_explainer  LIME tabular explainer initialised | features=31
04:54:06  INFO      explainability.lime_explainer  LIME tabular explainer initialised | features=31
04:54:06  INFO      explainability.lime_explainer  LIME tabular explainer initialised | features=31
04:54:07  INFO      explainability.lime_explainer  LIME tabular explainer initialised | features=31
04:54:07  INFO      explainability.lime_explainer  LIME tabular explainer initialised | features=31
04:54:07  INFO      explainability.lime_explainer  LIME tabular explainer initialised | features=31
04:54:07  INFO      explainability.lime_explainer  LIME tabular explainer initialised | features=31
04:54:07  INFO      explainability.lime_explainer  LIME tabular explainer initialised | features=31
04:54:07  INFO      explainability.lime_explainer  LIME tabular explainer initialised | features=31
04:54:07  INFO      explainability.lime_explainer  LIME tabular explainer initialised | features=31
04:54:08  INFO      explainability.lime_explainer  LIME tabular explainer initialised | features=31
04:54:08  INFO      explainability.lime_explainer  LIME tabular explainer initialised | features=31
04:54:08  INFO      explainability.lime_explainer  LIME tabular explainer initialised | features=31
04:54:08  INFO      explainability.lime_explainer  LIME tabular explainer initialised | features=31
04:54:08  INFO      explainability.lime_explainer  LIME tabular explainer initialised | features=31
04:54:08  INFO      explainability.lime_explainer  LIME tabular explainer initialised | features=31
04:54:08  INFO      explainability.lime_explainer  LIME tabular explainer initialised | features=31
04:54:08  INFO      explainability.lime_explainer  LIME tabular explainer initialised | features=31
04:54:09  INFO      explainability.lime_explainer  LIME tabular explainer initialised | features=31
04:54:09  INFO      explainability.lime_explainer  LIME tabular explainer initialised | features=31
04:54:09  INFO      explainability.lime_explainer  LIME tabular explainer initialised | features=31
04:54:09  INFO      explainability.lime_explainer  LIME tabular explainer initialised | features=31
04:54:09  INFO      explainability.lime_explainer  LIME tabular explainer initialised | features=31
04:54:09  INFO      explainability.lime_explainer  LIME tabular explainer initialised | features=31
04:54:09  INFO      explainability.lime_explainer  LIME tabular explainer initialised | features=31
04:54:10  INFO      explainability.lime_explainer  LIME tabular explainer initialised | features=31
04:54:10  INFO      explainability.lime_explainer  LIME tabular explainer initialised | features=31
04:54:10  INFO      explainability.lime_explainer  LIME tabular explainer initialised | features=31
04:54:10  INFO      explainability.lime_explainer  LIME tabular explainer initialised | features=31
04:54:10  INFO      explainability.lime_explainer  LIME tabular explainer initialised | features=31
04:54:10  INFO      explainability.lime_explainer  LIME tabular explainer initialised | features=31
04:54:10  INFO      explainability.lime_explainer  LIME tabular explainer initialised | features=31
04:54:11  INFO      explainability.lime_explainer  LIME tabular explainer initialised | features=31
04:54:11  INFO      explainability.lime_explainer  LIME tabular explainer initialised | features=31
04:54:11  INFO      explainability.lime_explainer  LIME tabular explainer initialised | features=31
04:54:11  INFO      explainability.lime_explainer  LIME tabular explainer initialised | features=31
04:54:11  INFO      explainability.lime_explainer  LIME tabular explainer initialised | features=31
04:54:11  INFO      explainability.lime_explainer  LIME tabular explainer initialised | features=31
04:54:11  INFO      explainability.lime_explainer  LIME tabular explainer initialised | features=31
04:54:12  INFO      explainability.lime_explainer  LIME tabular explainer initialised | features=31
04:54:12  INFO      explainability.lime_explainer  LIME tabular explainer initialised | features=31
04:54:12  INFO      explainability.lime_explainer  LIME tabular explainer initialised | features=31
04:54:12  INFO      explainability.lime_explainer  LIME tabular explainer initialised | features=31
04:54:12  INFO      explainability.lime_explainer  LIME tabular explainer initialised | features=31
04:54:12  INFO      explainability.lime_explainer  LIME tabular explainer initialised | features=31
04:54:12  INFO      explainability.lime_explainer  LIME tabular explainer initialised | features=31
04:54:13  INFO      explainability.lime_explainer  LIME tabular explainer initialised | features=31
04:54:13  INFO      explainability.lime_explainer  LIME tabular explainer initialised | features=31
04:54:13  INFO      explainability.lime_explainer  LIME tabular explainer initialised | features=31
04:54:13  INFO      explainability.lime_explainer  LIME tabular explainer initialised | features=31
04:54:13  INFO      explainability.lime_explainer  LIME tabular explainer initialised | features=31
04:54:13  INFO      explainability.lime_explainer  LIME tabular explainer initialised | features=31
04:54:13  INFO      explainability.lime_explainer  LIME tabular explainer initialised | features=31
04:54:14  INFO      explainability.lime_explainer  LIME tabular explainer initialised | features=31
04:54:14  INFO      explainability.lime_explainer  LIME tabular explainer initialised | features=31
04:54:14  INFO      explainability.lime_explainer  LIME tabular explainer initialised | features=31
04:54:14  INFO      explainability.lime_explainer  LIME tabular explainer initialised | features=31
04:54:14  INFO      explainability.lime_explainer  LIME tabular explainer initialised | features=31
04:54:14  INFO      explainability.lime_explainer  LIME tabular explainer initialised | features=31
04:54:14  INFO      explainability.lime_explainer  LIME tabular explainer initialised | features=31
04:54:15  INFO      explainability.lime_explainer  LIME tabular explainer initialised | features=31
04:54:15  INFO      explainability.lime_explainer  LIME tabular explainer initialised | features=31
04:54:15  INFO      explainability.lime_explainer  LIME tabular explainer initialised | features=31
04:54:15  INFO      explainability.lime_explainer  LIME tabular explainer initialised | features=31
04:54:15  INFO      explainability.lime_explainer  LIME tabular explainer initialised | features=31
04:54:15  INFO      explainability.lime_explainer  LIME tabular explainer initialised | features=31
04:54:15  INFO      explainability.lime_explainer  LIME tabular explainer initialised | features=31
04:54:15  INFO      explainability.lime_explainer  LIME tabular explainer initialised | features=31
04:54:16  INFO      explainability.lime_explainer  LIME tabular explainer initialised | features=31
04:54:16  INFO      explainability.lime_explainer  LIME tabular explainer initialised | features=31
04:54:16  INFO      explainability.lime_explainer  LIME tabular explainer initialised | features=31
04:54:16  INFO      explainability.lime_explainer  LIME tabular explainer initialised | features=31
04:54:16  INFO      explainability.lime_explainer  LIME tabular explainer initialised | features=31
04:54:16  INFO      explainability.lime_explainer  LIME tabular explainer initialised | features=31
04:54:17  INFO      explainability.lime_explainer  LIME tabular explainer initialised | features=31
04:54:17  INFO      explainability.lime_explainer  LIME tabular explainer initialised | features=31
04:54:17  INFO      explainability.lime_explainer  LIME tabular explainer initialised | features=31
04:54:17  INFO      explainability.lime_explainer  LIME tabular explainer initialised | features=31
04:54:17  INFO      explainability.lime_explainer  LIME tabular explainer initialised | features=31
04:54:17  INFO      explainability.lime_explainer  LIME tabular explainer initialised | features=31
04:54:17  INFO      explainability.lime_explainer  LIME tabular explainer initialised | features=31
04:54:18  INFO      explainability.lime_explainer  LIME tabular explainer initialised | features=31
04:54:18  INFO      explainability.lime_explainer  LIME tabular explainer initialised | features=31
04:54:18  INFO      explainability.lime_explainer  LIME tabular explainer initialised | features=31
04:54:18  INFO      explainability.lime_explainer  LIME tabular explainer initialised | features=31
04:54:18  INFO      explainability.lime_explainer  LIME tabular explainer initialised | features=31
04:54:18  INFO      explainability.lime_explainer  LIME tabular explainer initialised | features=31
04:54:18  INFO      explainability.lime_explainer  LIME tabular explainer initialised | features=31
04:54:19  INFO      explainability.lime_explainer  LIME tabular explainer initialised | features=31
04:54:19  INFO      explainability.lime_explainer  LIME tabular explainer initialised | features=31
04:54:19  INFO      explainability.lime_explainer  LIME tabular explainer initialised | features=31
04:54:19  INFO      explainability.lime_explainer  LIME tabular explainer initialised | features=31
04:54:19  INFO      explainability.lime_explainer  LIME tabular explainer initialised | features=31
04:54:19  INFO      explainability.lime_explainer  LIME tabular explainer initialised | features=31
04:54:19  INFO      explainability.lime_explainer  LIME tabular explainer initialised | features=31
04:54:20  INFO      explainability.lime_explainer  LIME tabular explainer initialised | features=31
04:54:20  INFO      explainability.lime_explainer  LIME tabular explainer initialised | features=31
04:54:20  INFO      explainability.lime_explainer  LIME tabular explainer initialised | features=31
04:54:20  INFO      explainability.lime_explainer  LIME tabular explainer initialised | features=31
04:54:20  INFO      explainability.lime_explainer  LIME tabular explainer initialised | features=31
04:54:20  INFO      explainability.lime_explainer  LIME tabular explainer initialised | features=31
04:54:20  INFO      explainability.lime_explainer  LIME tabular explainer initialised | features=31
04:54:21  INFO      explainability.lime_explainer  LIME tabular explainer initialised | features=31
04:54:21  INFO      explainability.lime_explainer  LIME tabular explainer initialised | features=31
04:54:21  INFO      explainability.lime_explainer  LIME tabular explainer initialised | features=31
04:54:21  INFO      explainability.lime_explainer  LIME tabular explainer initialised | features=31
04:54:21  INFO      explainability.lime_explainer  LIME tabular explainer initialised | features=31
04:54:21  INFO      explainability.lime_explainer  LIME tabular explainer initialised | features=31
04:54:21  INFO      explainability.lime_explainer  LIME tabular explainer initialised | features=31
04:54:22  INFO      explainability.lime_explainer  LIME tabular explainer initialised | features=31
04:54:22  INFO      explainability.lime_explainer  LIME tabular explainer initialised | features=31
04:54:22  INFO      explainability.lime_explainer  LIME tabular explainer initialised | features=31
04:54:22  INFO      explainability.lime_explainer  LIME tabular explainer initialised | features=31
04:54:22  INFO      explainability.lime_explainer  LIME tabular explainer initialised | features=31
04:54:22  INFO      explainability.lime_explainer  LIME tabular explainer initialised | features=31
04:54:22  INFO      explainability.lime_explainer  LIME tabular explainer initialised | features=31
04:54:23  INFO      explainability.lime_explainer  LIME tabular explainer initialised | features=31
04:54:23  INFO      explainability.lime_explainer  LIME tabular explainer initialised | features=31
04:54:23  INFO      explainability.lime_explainer  LIME tabular explainer initialised | features=31
04:54:23  INFO      explainability.lime_explainer  LIME tabular explainer initialised | features=31
04:54:23  INFO      explainability.lime_explainer  LIME tabular explainer initialised | features=31
04:54:23  INFO      explainability.lime_explainer  LIME tabular explainer initialised | features=31
04:54:23  INFO      explainability.lime_explainer  LIME tabular explainer initialised | features=31
04:54:24  INFO      explainability.lime_explainer  LIME tabular explainer initialised | features=31
04:54:24  INFO      explainability.lime_explainer  LIME tabular explainer initialised | features=31
04:54:24  INFO      explainability.lime_explainer  LIME tabular explainer initialised | features=31
04:54:24  INFO      explainability.lime_explainer  LIME tabular explainer initialised | features=31
04:54:24  INFO      explainability.lime_explainer  LIME tabular explainer initialised | features=31
04:54:24  INFO      explainability.lime_explainer  LIME tabular explainer initialised | features=31
04:54:24  INFO      explainability.lime_explainer  LIME tabular explainer initialised | features=31
04:54:25  INFO      explainability.lime_explainer  LIME tabular explainer initialised | features=31
04:54:25  INFO      explainability.lime_explainer  LIME tabular explainer initialised | features=31
04:54:25  INFO      explainability.lime_explainer  LIME tabular explainer initialised | features=31
04:54:25  INFO      explainability.lime_explainer  LIME tabular explainer initialised | features=31
04:54:25  INFO      explainability.lime_explainer  LIME tabular explainer initialised | features=31
04:54:25  INFO      explainability.lime_explainer  LIME tabular explainer initialised | features=31
04:54:25  INFO      explainability.lime_explainer  LIME tabular explainer initialised | features=31
04:54:25  INFO      explainability.lime_explainer  LIME tabular explainer initialised | features=31
04:54:26  INFO      explainability.lime_explainer  LIME tabular explainer initialised | features=31
04:54:26  INFO      explainability.lime_explainer  LIME tabular explainer initialised | features=31
04:54:26  INFO      explainability.lime_explainer  LIME tabular explainer initialised | features=31
04:54:26  INFO      explainability.lime_explainer  LIME tabular explainer initialised | features=31
04:54:26  INFO      explainability.lime_explainer  LIME tabular explainer initialised | features=31
04:54:26  INFO      explainability.lime_explainer  LIME tabular explainer initialised | features=31
04:54:26  INFO      explainability.lime_explainer  LIME tabular explainer initialised | features=31
04:54:27  INFO      explainability.lime_explainer  LIME tabular explainer initialised | features=31
04:54:27  INFO      explainability.lime_explainer  LIME tabular explainer initialised | features=31
04:54:27  INFO      explainability.lime_explainer  LIME tabular explainer initialised | features=31
04:54:27  INFO      explainability.lime_explainer  LIME tabular explainer initialised | features=31
04:54:27  INFO      explainability.lime_explainer  LIME tabular explainer initialised | features=31
04:54:28  INFO      explainability.lime_explainer  LIME tabular explainer initialised | features=31
04:54:28  INFO      explainability.lime_explainer  LIME tabular explainer initialised | features=31
04:54:28  INFO      explainability.lime_explainer  LIME tabular explainer initialised | features=31
04:54:28  INFO      explainability.lime_explainer  LIME tabular explainer initialised | features=31
04:54:28  INFO      explainability.lime_explainer  LIME tabular explainer initialised | features=31
04:54:28  INFO      explainability.lime_explainer  LIME tabular explainer initialised | features=31
04:54:29  INFO      explainability.lime_explainer  LIME tabular explainer initialised | features=31
04:54:29  INFO      explainability.lime_explainer  LIME tabular explainer initialised | features=31
04:54:29  INFO      explainability.lime_explainer  LIME tabular explainer initialised | features=31
04:54:29  INFO      explainability.lime_explainer  LIME tabular explainer initialised | features=31
04:54:29  INFO      explainability.lime_explainer  LIME tabular explainer initialised | features=31
04:54:29  INFO      explainability.lime_explainer  LIME tabular explainer initialised | features=31
04:54:29  INFO      explainability.lime_explainer  LIME tabular explainer initialised | features=31
04:54:30  INFO      explainability.lime_explainer  LIME tabular explainer initialised | features=31
04:54:30  INFO      explainability.lime_explainer  LIME tabular explainer initialised | features=31
04:54:30  INFO      explainability.lime_explainer  LIME tabular explainer initialised | features=31
04:54:30  INFO      explainability.lime_explainer  LIME tabular explainer initialised | features=31
04:54:30  INFO      explainability.lime_explainer  LIME tabular explainer initialised | features=31
04:54:30  INFO      explainability.lime_explainer  LIME tabular explainer initialised | features=31
04:54:30  INFO      explainability.lime_explainer  LIME tabular explainer initialised | features=31
04:54:30  INFO      explainability.lime_explainer  LIME tabular explainer initialised | features=31
04:54:31  INFO      explainability.lime_explainer  LIME tabular explainer initialised | features=31
04:54:31  INFO      explainability.lime_explainer  LIME tabular explainer initialised | features=31
04:54:31  INFO      explainability.lime_explainer  LIME tabular explainer initialised | features=31
04:54:31  INFO      explainability.lime_explainer  LIME tabular explainer initialised | features=31
04:54:31  INFO      explainability.lime_explainer  LIME tabular explainer initialised | features=31
04:54:31  INFO      explainability.lime_explainer  LIME tabular explainer initialised | features=31
04:54:31  INFO      explainability.lime_explainer  LIME tabular explainer initialised | features=31
04:54:32  INFO      explainability.lime_explainer  LIME tabular explainer initialised | features=31
04:54:32  INFO      explainability.lime_explainer  LIME tabular explainer initialised | features=31
04:54:32  INFO      explainability.lime_explainer  LIME tabular explainer initialised | features=31
04:54:32  INFO      explainability.lime_explainer  LIME tabular explainer initialised | features=31
04:54:32  INFO      explainability.lime_explainer  LIME tabular explainer initialised | features=31
04:54:32  INFO      explainability.lime_explainer  LIME tabular explainer initialised | features=31
04:54:32  INFO      explainability.lime_explainer  LIME tabular explainer initialised | features=31
04:54:33  INFO      explainability.lime_explainer  LIME tabular explainer initialised | features=31
04:54:33  INFO      explainability.lime_explainer  LIME tabular explainer initialised | features=31
04:54:33  INFO      explainability.lime_explainer  LIME tabular explainer initialised | features=31
04:54:33  INFO      explainability.lime_explainer  LIME tabular explainer initialised | features=31
04:54:33  INFO      explainability.lime_explainer  LIME tabular explainer initialised | features=31
04:54:33  INFO      explainability.lime_explainer  LIME tabular explainer initialised | features=31
04:54:33  INFO      explainability.lime_explainer  LIME tabular explainer initialised | features=31
04:54:34  INFO      explainability.lime_explainer  LIME tabular explainer initialised | features=31
04:54:34  INFO      explainability.lime_explainer  LIME tabular explainer initialised | features=31
04:54:34  INFO      explainability.lime_explainer  LIME tabular explainer initialised | features=31
04:54:34  INFO      explainability.lime_explainer  LIME tabular explainer initialised | features=31
04:54:34  INFO      explainability.lime_explainer  LIME tabular explainer initialised | features=31
04:54:34  INFO      explainability.lime_explainer  LIME tabular explainer initialised | features=31
04:54:34  INFO      explainability.lime_explainer  LIME tabular explainer initialised | features=31
04:54:35  INFO      explainability.lime_explainer  LIME tabular explainer initialised | features=31
04:54:35  INFO      explainability.lime_explainer  LIME tabular explainer initialised | features=31
04:54:35  INFO      explainability.lime_explainer  LIME tabular explainer initialised | features=31
04:54:35  INFO      explainability.lime_explainer  LIME tabular explainer initialised | features=31
04:54:35  INFO      explainability.lime_explainer  LIME tabular explainer initialised | features=31
04:54:35  INFO      explainability.lime_explainer  LIME tabular explainer initialised | features=31
04:54:35  INFO      explainability.lime_explainer  LIME tabular explainer initialised | features=31
04:54:36  INFO      explainability.lime_explainer  LIME tabular explainer initialised | features=31
04:54:36  INFO      explainability.lime_explainer  LIME tabular explainer initialised | features=31
04:54:36  INFO      explainability.lime_explainer  LIME tabular explainer initialised | features=31
04:54:36  INFO      explainability.lime_explainer  LIME tabular explainer initialised | features=31
04:54:36  INFO      explainability.lime_explainer  LIME tabular explainer initialised | features=31
04:54:36  INFO      explainability.lime_explainer  LIME tabular explainer initialised | features=31
04:54:36  INFO      explainability.lime_explainer  LIME tabular explainer initialised | features=31
04:54:37  INFO      explainability.lime_explainer  LIME tabular explainer initialised | features=31
04:54:37  INFO      explainability.lime_explainer  LIME tabular explainer initialised | features=31
04:54:37  INFO      explainability.lime_explainer  LIME tabular explainer initialised | features=31
04:54:37  INFO      explainability.lime_explainer  LIME tabular explainer initialised | features=31
04:54:37  INFO      explainability.lime_explainer  LIME tabular explainer initialised | features=31
04:54:37  INFO      explainability.lime_explainer  LIME tabular explainer initialised | features=31
04:54:37  INFO      explainability.lime_explainer  LIME tabular explainer initialised | features=31
04:54:37  INFO      explainability.lime_explainer  LIME tabular explainer initialised | features=31
04:54:38  INFO      explainability.lime_explainer  LIME tabular explainer initialised | features=31
04:54:38  INFO      explainability.lime_explainer  LIME tabular explainer initialised | features=31
04:54:38  INFO      explainability.lime_explainer  LIME tabular explainer initialised | features=31
04:54:38  INFO      explainability.lime_explainer  LIME tabular explainer initialised | features=31
04:54:38  INFO      explainability.lime_explainer  LIME tabular explainer initialised | features=31
04:54:38  INFO      explainability.lime_explainer  LIME tabular explainer initialised | features=31
04:54:38  INFO      explainability.lime_explainer  LIME tabular explainer initialised | features=31
04:54:39  INFO      explainability.lime_explainer  LIME tabular explainer initialised | features=31
04:54:39  INFO      explainability.lime_explainer  LIME tabular explainer initialised | features=31
04:54:39  INFO      explainability.lime_explainer  LIME tabular explainer initialised | features=31
04:54:39  INFO      explainability.lime_explainer  LIME tabular explainer initialised | features=31
04:54:39  INFO      explainability.lime_explainer  LIME tabular explainer initialised | features=31
04:54:39  INFO      explainability.lime_explainer  LIME tabular explainer initialised | features=31
04:54:39  INFO      explainability.lime_explainer  LIME tabular explainer initialised | features=31
04:54:40  INFO      explainability.lime_explainer  LIME tabular explainer initialised | features=31
04:54:40  INFO      explainability.lime_explainer  LIME tabular explainer initialised | features=31
04:54:40  INFO      explainability.lime_explainer  LIME tabular explainer initialised | features=31
04:54:40  INFO      explainability.lime_explainer  LIME tabular explainer initialised | features=31
04:54:40  INFO      explainability.lime_explainer  LIME tabular explainer initialised | features=31
04:54:40  INFO      explainability.lime_explainer  LIME tabular explainer initialised | features=31
04:54:40  INFO      explainability.lime_explainer  LIME tabular explainer initialised | features=31
04:54:41  INFO      explainability.lime_explainer  LIME tabular explainer initialised | features=31
04:54:41  INFO      explainability.lime_explainer  LIME tabular explainer initialised | features=31
04:54:41  INFO      explainability.lime_explainer  LIME tabular explainer initialised | features=31
04:54:41  INFO      explainability.lime_explainer  LIME tabular explainer initialised | features=31
04:54:41  INFO      explainability.lime_explainer  LIME tabular explainer initialised | features=31
04:54:41  INFO      explainability.lime_explainer  LIME tabular explainer initialised | features=31
04:54:41  INFO      explainability.lime_explainer  LIME tabular explainer initialised | features=31
04:54:42  INFO      explainability.lime_explainer  LIME tabular explainer initialised | features=31
04:54:42  INFO      explainability.lime_explainer  LIME tabular explainer initialised | features=31
04:54:42  INFO      explainability.lime_explainer  LIME tabular explainer initialised | features=31
04:54:42  INFO      explainability.lime_explainer  LIME tabular explainer initialised | features=31
04:54:42  INFO      explainability.lime_explainer  LIME tabular explainer initialised | features=31
04:54:42  INFO      explainability.lime_explainer  LIME tabular explainer initialised | features=31
04:54:42  INFO      explainability.lime_explainer  LIME tabular explainer initialised | features=31
04:54:43  INFO      explainability.lime_explainer  LIME tabular explainer initialised | features=31
04:54:43  INFO      explainability.lime_explainer  LIME tabular explainer initialised | features=31
04:54:43  INFO      explainability.lime_explainer  LIME tabular explainer initialised | features=31
04:54:43  INFO      explainability.lime_explainer  LIME tabular explainer initialised | features=31
04:54:43  INFO      explainability.lime_explainer  LIME tabular explainer initialised | features=31
04:54:43  INFO      explainability.lime_explainer  LIME tabular explainer initialised | features=31
04:54:43  INFO      explainability.lime_explainer  LIME tabular explainer initialised | features=31
04:54:44  INFO      explainability.lime_explainer  LIME tabular explainer initialised | features=31
04:54:44  INFO      explainability.lime_explainer  LIME tabular explainer initialised | features=31
04:54:44  INFO      explainability.lime_explainer  LIME tabular explainer initialised | features=31
04:54:44  INFO      explainability.lime_explainer  LIME tabular explainer initialised | features=31
04:54:44  INFO      explainability.lime_explainer  LIME tabular explainer initialised | features=31
04:54:44  INFO      explainability.lime_explainer  LIME tabular explainer initialised | features=31
04:54:44  INFO      explainability.lime_explainer  LIME tabular explainer initialised | features=31
04:54:45  INFO      explainability.lime_explainer  LIME tabular explainer initialised | features=31
04:54:45  INFO      explainability.lime_explainer  LIME tabular explainer initialised | features=31
04:54:45  INFO      explainability.lime_explainer  LIME tabular explainer initialised | features=31
04:54:45  INFO      explainability.lime_explainer  LIME tabular explainer initialised | features=31
04:54:45  INFO      explainability.lime_explainer  LIME tabular explainer initialised | features=31
04:54:45  INFO      explainability.lime_explainer  LIME tabular explainer initialised | features=31
04:54:45  INFO      explainability.lime_explainer  LIME tabular explainer initialised | features=31
04:54:46  INFO      explainability.lime_explainer  LIME tabular explainer initialised | features=31
04:54:46  INFO      explainability.lime_explainer  LIME tabular explainer initialised | features=31
04:54:46  INFO      explainability.lime_explainer  LIME tabular explainer initialised | features=31
04:54:46  INFO      explainability.lime_explainer  LIME tabular explainer initialised | features=31
04:54:46  INFO      explainability.lime_explainer  LIME tabular explainer initialised | features=31
04:54:46  INFO      explainability.lime_explainer  LIME tabular explainer initialised | features=31
04:54:46  INFO      explainability.lime_explainer  LIME tabular explainer initialised | features=31
04:54:46  INFO      explainability.lime_explainer  LIME tabular explainer initialised | features=31
04:54:47  INFO      explainability.lime_explainer  LIME tabular explainer initialised | features=31
04:54:47  INFO      explainability.lime_explainer  LIME tabular explainer initialised | features=31
04:54:47  INFO      pipeline  LaTeX table → /Users/harekrishna/Downloads/credit-default-xai-benchmark 2/results/outputs/uci/runs/seed_777/results/table5_explanation_quality.tex
04:54:47  INFO      pipeline  LaTeX table → /Users/harekrishna/Downloads/credit-default-xai-benchmark 2/results/outputs/uci/runs/seed_777/results/table4_shap_lime_agreement.tex
04:54:47  INFO      pipeline  ============================================================
04:54:47  INFO      pipeline  STAGE 7: Revision Analyses
04:54:47  INFO      pipeline  ============================================================
04:57:08  INFO      data.data_loader  Loading cached UCI dataset from /Users/harekrishna/Downloads/credit-default-xai-benchmark 2/data/uci_credit.csv
04:57:08  INFO      data.data_loader  Dataset loaded | uci | train=24000  test=6000 | default rate train=22.12% test=22.12% | 3 nominal, 20 continuous
04:58:04  INFO      pipeline  RUN seed_777 COMPLETE | champion LightGBM | OOF AUROC 0.7857 | test AUROC 0.7929
04:58:04  INFO      pipeline  ╔══════════════════════════════════════════════╗
04:58:04  INFO      pipeline  ║  Credit Default Prediction with XAI (v3)     ║
04:58:04  INFO      pipeline  ║  Dataset: uci                                ║
04:58:04  INFO      pipeline  ║  Run: seed_872                               ║
04:58:04  INFO      pipeline  ╚══════════════════════════════════════════════╝
04:58:04  INFO      pipeline  ============================================================
04:58:04  INFO      pipeline  STAGE 1: Data Loading, Labelling & Partitioning
04:58:04  INFO      pipeline  ============================================================
04:58:04  INFO      data.data_loader  Loading cached UCI dataset from /Users/harekrishna/Downloads/credit-default-xai-benchmark 2/data/uci_credit.csv
04:58:04  INFO      data.data_loader  Dataset loaded | uci | train=24000  test=6000 | default rate train=22.12% test=22.12% | 3 nominal, 28 continuous
04:58:04  INFO      pipeline  Imbalance stats (train): {"n_total": 24000, "n_majority": 18691, "n_minority": 5309, "imbalance_ratio": 3.5206, "minority_pct": 22.12}
04:58:04  INFO      visualization.plots  Fig 1 saved → /Users/harekrishna/Downloads/credit-default-xai-benchmark 2/results/outputs/uci/runs/seed_872/figures/fig01_class_distribution.pdf
04:58:04  INFO      pipeline  ============================================================
04:58:04  INFO      pipeline  STAGE 2: Imbalance Strategy Ablation (selected on OOF AUROC)
04:58:04  INFO      pipeline  ============================================================
04:58:26  INFO      pipeline  Ablation | SMOTE            | OOF AUROC=0.7680  test AUROC=0.7618
04:58:47  INFO      pipeline  Ablation | BorderlineSMOTE  | OOF AUROC=0.7656  test AUROC=0.7589
04:59:54  INFO      pipeline  Ablation | SVMSMOTE         | OOF AUROC=0.7754  test AUROC=0.7684
05:00:16  INFO      pipeline  Ablation | ADASYN           | OOF AUROC=0.7660  test AUROC=0.7648
05:00:22  INFO      pipeline  Ablation | None             | OOF AUROC=0.7853  test AUROC=0.7807
05:00:25  INFO      pipeline  Ablation | ClassWeight      | OOF AUROC=0.7824  test AUROC=0.7748
05:00:25  INFO      pipeline  Best imbalance strategy (OOF AUROC): None → 0.7853 [probe: LightGBM]
05:00:25  INFO      pipeline  ============================================================
05:00:25  INFO      pipeline  STAGE 3: Model Training (nested tuning, OOF predictions, refit)
05:00:25  INFO      pipeline  ============================================================
05:00:25  INFO      pipeline  Training XGBoost …
05:01:55  INFO      pipeline  XGBoost | per-model strategy=None | OOF AUROC by strategy={'SMOTE': 0.7655, 'BorderlineSMOTE': 0.7655, 'SVMSMOTE': 0.7744, 'ADASYN': 0.7644, 'None': 0.7757, 'ClassWeight': 0.7737}
05:01:55  INFO      pipeline  RandomizedSearchCV | model=XGBoost strategy=None n_iter=12
05:02:25  INFO      pipeline  Training LightGBM …
05:04:14  INFO      pipeline  LightGBM | per-model strategy=None | OOF AUROC by strategy={'SMOTE': 0.768, 'BorderlineSMOTE': 0.7656, 'SVMSMOTE': 0.7754, 'ADASYN': 0.766, 'None': 0.7853, 'ClassWeight': 0.7824}
05:04:14  INFO      pipeline  RandomizedSearchCV | model=LightGBM strategy=None n_iter=12
05:05:22  INFO      pipeline  Training CatBoost …
05:07:35  INFO      pipeline  CatBoost | per-model strategy=None | OOF AUROC by strategy={'SMOTE': 0.7768, 'BorderlineSMOTE': 0.7754, 'SVMSMOTE': 0.7813, 'ADASYN': 0.7747, 'None': 0.7887, 'ClassWeight': 0.7879}
05:07:35  INFO      pipeline  RandomizedSearchCV | model=CatBoost strategy=None n_iter=12
05:08:57  INFO      pipeline  Training Random Forest …
05:12:02  INFO      pipeline  Random Forest | per-model strategy=ClassWeight | OOF AUROC by strategy={'SMOTE': 0.7625, 'BorderlineSMOTE': 0.7623, 'SVMSMOTE': 0.7686, 'ADASYN': 0.7586, 'None': 0.7698, 'ClassWeight': 0.7717}
05:12:02  INFO      pipeline  RandomizedSearchCV | model=Random Forest strategy=ClassWeight n_iter=12
05:20:50  INFO      pipeline  Training Logistic Reg. …
05:21:43  INFO      pipeline  Logistic Reg. | per-model strategy=ClassWeight | OOF AUROC by strategy={'SMOTE': 0.7614, 'BorderlineSMOTE': 0.7569, 'SVMSMOTE': 0.7644, 'ADASYN': 0.7587, 'None': 0.769, 'ClassWeight': 0.7701}
05:21:43  INFO      pipeline  RandomizedSearchCV | model=Logistic Reg. strategy=ClassWeight n_iter=12
05:21:48  INFO      pipeline  Training TabNet …
05:21:49  INFO      models.tabnet_model  Apple MPS backend passed smoke test — using GPU acceleration.
05:21:49  INFO      models.tabnet_model  TabNet starting | device=mps  max_epochs=200  patience=15  batch_size=1024  n_train=19200
05:22:57  INFO      models.tabnet_model  TabNet trained | device=mps  best_epoch=28  elapsed=68.1s
05:22:57  INFO      models.tabnet_model  Apple MPS backend passed smoke test — using GPU acceleration.
05:22:57  INFO      models.tabnet_model  TabNet starting | device=mps  max_epochs=200  patience=15  batch_size=1024  n_train=19200

epoch 26 | loss: 0.43082 | val_auc: 0.78342 |  0:00:50s
epoch 27 | loss: 0.43001 | val_auc: 0.79098 |  0:00:52s
epoch 28 | loss: 0.42926 | val_auc: 0.78719 |  0:00:54s
epoch 29 | loss: 0.42997 | val_auc: 0.78656 |  0:00:56s
epoch 30 | loss: 0.42986 | val_auc: 0.78734 |  0:00:58s
epoch 31 | loss: 0.4283  | val_auc: 0.78969 |  0:01:00s
epoch 32 | loss: 0.42727 | val_auc: 0.79309 |  0:01:02s
epoch 33 | loss: 0.4265  | val_auc: 0.79235 |  0:01:04s
epoch 34 | loss: 0.42516 | val_auc: 0.79075 |  0:01:06s
epoch 35 | loss: 0.42766 | val_auc: 0.78875 |  0:01:08s
epoch 36 | loss: 0.42649 | val_auc: 0.7833  |  0:01:10s
epoch 37 | loss: 0.42568 | val_auc: 0.78693 |  0:01:11s
epoch 38 | loss: 0.42809 | val_auc: 0.78473 |  0:01:13s
epoch 39 | loss: 0.42772 | val_auc: 0.78198 |  0:01:15s
epoch 40 | loss: 0.42727 | val_auc: 0.78393 |  0:01:17s
epoch 41 | loss: 0.42779 | val_auc: 0.78434 |  0:01:19s
epoch 42 | loss: 0.42813 | val_auc: 0.78629 |  0:01:21s
epoch 43 | loss: 0.42716 | val_auc: 0.78663 |  0:01:23s
epoch 44 | loss: 0.42586 | val_auc: 0.78882 |  0:01:25s
epoch 45 | loss: 0.42636 | val_auc: 0.79124 |  0:01:26s
epoch 46 | loss: 0.42561 | val_auc: 0.78779 |  0:01:28s
epoch 47 | loss: 0.4287  | val_auc: 0.78966 |  0:01:30s

Early stopping occurred at epoch 47 with best_epoch = 32 and best_val_auc = 0.79309
Successfully saved model at /Users/harekrishna/Downloads/credit-default-xai-benchmark 2/results/outputs/uci/runs/seed_777/models/tabnet.pkl.zip
epoch 0  | loss: 0.73586 | val_auc: 0.68165 |  0:00:02s
epoch 1  | loss: 0.51484 | val_auc: 0.73937 |  0:00:03s
epoch 2  | loss: 0.46622 | val_auc: 0.77649 |  0:00:05s
epoch 3  | loss: 0.45425 | val_auc: 0.78131 |  0:00:06s
epoch 4  | loss: 0.45415 | val_auc: 0.77426 |  0:00:08s
epoch 5  | loss: 0.44922 | val_auc: 0.78067 |  0:00:09s
epoch 6  | loss: 0.44831 | val_auc: 0.78067 |  0:00:11s
epoch 7  | loss: 0.44631 | val_auc: 0.78796 |  0:00:12s
epoch 8  | loss: 0.44318 | val_auc: 0.79258 |  0:00:14s
epoch 9  | loss: 0.44146 | val_auc: 0.79149 |  0:00:16s
epoch 10 | loss: 0.44241 | val_auc: 0.78927 |  0:00:17s
epoch 11 | loss: 0.4377  | val_auc: 0.78121 |  0:00:19s
epoch 12 | loss: 0.44226 | val_auc: 0.78383 |  0:00:20s
epoch 13 | loss: 0.43691 | val_auc: 0.79509 |  0:00:22s
epoch 14 | loss: 0.43739 | val_auc: 0.78993 |  0:00:23s
epoch 15 | loss: 0.43819 | val_auc: 0.79244 |  0:00:25s
epoch 16 | loss: 0.4375  | val_auc: 0.79788 |  0:00:26s
epoch 17 | loss: 0.43535 | val_auc: 0.79812 |  0:00:27s
epoch 18 | loss: 0.4344  | val_auc: 0.80209 |  0:00:29s
epoch 19 | loss: 0.43289 | val_auc: 0.80232 |  0:00:30s
epoch 20 | loss: 0.43578 | val_auc: 0.79809 |  0:00:32s
epoch 21 | loss: 0.43417 | val_auc: 0.80367 |  0:00:33s
epoch 22 | loss: 0.43368 | val_auc: 0.80453 |  0:00:35s
epoch 23 | loss: 0.43435 | val_auc: 0.80729 |  0:00:36s
epoch 24 | loss: 0.43169 | val_auc: 0.80562 |  0:00:38s
epoch 25 | loss: 0.4328  | val_auc: 0.80554 |  0:00:39s
epoch 26 | loss: 0.43045 | val_auc: 0.80775 |  0:00:41s
epoch 27 | loss: 0.43007 | val_auc: 0.80399 |  0:00:42s
epoch 28 | loss: 0.43196 | val_auc: 0.81241 |  0:00:44s
epoch 29 | loss: 0.43478 | val_auc: 0.79573 |  0:00:45s
epoch 30 | loss: 0.43261 | val_auc: 0.79832 |  0:00:47s
epoch 31 | loss: 0.43194 | val_auc: 0.80216 |  0:00:48s
epoch 32 | loss: 0.4305  | val_auc: 0.80241 |  0:00:50s
epoch 33 | loss: 0.43233 | val_auc: 0.80177 |  0:00:51s
epoch 34 | loss: 0.42993 | val_auc: 0.80495 |  0:00:53s
epoch 35 | loss: 0.42985 | val_auc: 0.80032 |  0:00:54s
epoch 36 | loss: 0.4307  | val_auc: 0.80525 |  0:00:56s
epoch 37 | loss: 0.42947 | val_auc: 0.81135 |  0:00:57s
epoch 38 | loss: 0.42905 | val_auc: 0.80812 |  0:00:59s
epoch 39 | loss: 0.42585 | val_auc: 0.80824 |  0:01:00s
epoch 40 | loss: 0.42531 | val_auc: 0.80558 |  0:01:02s
epoch 41 | loss: 0.42576 | val_auc: 0.80787 |  0:01:03s
epoch 42 | loss: 0.42719 | val_auc: 0.80665 |  0:01:05s
epoch 43 | loss: 0.42541 | val_auc: 0.81096 |  0:01:06s

Early stopping occurred at epoch 43 with best_epoch = 28 and best_val_auc = 0.81241
epoch 0  | loss: 0.79357 | val_auc: 0.63872 |  0:00:01s
epoch 1  | loss: 0.57307 | val_auc: 0.67592 |  0:00:03s
epoch 2  | loss: 0.48452 | val_auc: 0.73473 |  0:00:04s
epoch 3  | loss: 0.46179 | val_auc: 0.73835 |  0:00:05s
epoch 4  | loss: 0.46128 | val_auc: 0.73743 |  0:00:07s
epoch 5  | loss: 0.4582  | val_auc: 0.74302 |  0:00:08s
epoch 6  | loss: 0.45056 | val_auc: 0.74122 |  0:00:10s
epoch 7  | loss: 0.4466  | val_auc: 0.73929 |  0:00:11s
epoch 8  | loss: 0.44768 | val_auc: 0.74809 |  0:00:13s
epoch 9  | loss: 0.44214 | val_auc: 0.75312 |  0:00:14s
epoch 10 | loss: 0.43843 | val_auc: 0.75011 |  0:00:16s
epoch 11 | loss: 0.43866 | val_auc: 0.7489  |  0:00:17s
epoch 12 | loss: 0.43638 | val_auc: 0.75173 |  0:00:19s
epoch 13 | loss: 0.43531 | val_auc: 0.75228 |  0:00:20s
epoch 14 | loss: 0.43635 | val_auc: 0.75227 |  0:00:22s
epoch 15 | loss: 0.43764 | val_auc: 0.75804 |  0:00:23s
epoch 16 | loss: 0.43352 | val_auc: 0.75759 |  0:00:24s
epoch 17 | loss: 0.43709 | val_auc: 0.7587  |  0:00:26s
epoch 18 | loss: 0.43348 | val_auc: 0.75844 |  0:00:27s
epoch 19 | loss: 0.43209 | val_auc: 0.76001 |  0:00:29s
epoch 20 | loss: 0.43068 | val_auc: 0.75948 |  0:00:31s
epoch 21 | loss: 0.43211 | val_auc: 0.76692 |  0:00:32s
epoch 22 | loss: 0.42998 | val_auc: 0.76291 |  0:00:34s
epoch 23 | loss: 0.43055 | val_auc: 0.76227 |  0:00:35s
epoch 24 | loss: 0.43144 | val_auc: 0.76611 |  0:00:37s
epoch 25 | loss: 0.43023 | val_auc: 0.7621  |  0:00:38s
epoch 26 | loss: 0.43275 | val_auc: 0.76602 |  0:00:40s
epoch 27 | loss: 0.42992 | val_auc: 0.76264 |  0:00:41s
epoch 28 | loss: 0.42893 | val_auc: 0.76781 |  0:00:43s
epoch 29 | loss: 0.42858 | val_auc: 0.76946 |  0:00:44s
epoch 30 | loss: 0.42689 | val_auc: 0.76584 |  0:00:46s
epoch 31 | loss: 0.42542 | val_auc: 0.76615 |  0:00:47s
epoch 32 | loss: 0.42711 | val_auc: 0.76881 |  0:00:49s
epoch 33 | loss: 0.42838 | val_auc: 0.76769 |  0:00:50s
epoch 34 | loss: 0.43088 | val_auc: 0.76691 |  0:00:52s
epoch 35 | loss: 0.42818 | val_auc: 0.76307 |  0:00:53s
epoch 36 | loss: 0.42796 | val_auc: 0.76164 |  0:00:55s
epoch 37 | loss: 0.42918 | val_auc: 0.7626  |  0:00:56s
epoch 38 | loss: 0.42583 | val_auc: 0.76928 |  0:00:57s
epoch 39 | loss: 0.42373 | val_auc: 0.76982 |  0:00:59s
epoch 40 | loss: 0.42516 | val_auc: 0.76569 |  0:01:00s
epoch 41 | loss: 0.42517 | val_auc: 0.76176 |  0:01:02s
epoch 42 | loss: 0.42445 | val_auc: 0.76343 |  0:01:03s
epoch 43 | loss: 0.4232  | val_auc: 0.7615  |  0:01:05s
epoch 44 | loss: 0.42432 | val_auc: 0.76585 |  0:01:06s
epoch 45 | loss: 0.42297 | val_auc: 0.76699 |  0:01:08s
epoch 46 | loss: 0.42397 | val_auc: 0.76775 |  0:01:09s
epoch 47 | loss: 0.42403 | val_auc: 0.76915 |  0:01:11s
epoch 48 | loss: 0.42347 | val_auc: 0.76546 |  0:01:12s
epoch 49 | loss: 0.42239 | val_auc: 0.76698 |  0:01:14s
epoch 50 | loss: 0.4229  | val_auc: 0.76755 |  0:01:15s
epoch 51 | loss: 0.42198 | val_auc: 0.7724  |  0:01:16s
epoch 52 | loss: 0.42257 | val_auc: 0.76643 |  0:01:18s
epoch 53 | loss: 0.42867 | val_auc: 0.76436 |  0:01:19s
epoch 54 | loss: 0.42983 | val_auc: 0.76459 |  0:01:21s
epoch 55 | loss: 0.4268  | val_auc: 0.76625 |  0:01:22s
epoch 56 | loss: 0.42495 | val_auc: 0.76606 |  0:01:24s
epoch 57 | loss: 0.42522 | val_auc: 0.77202 |  0:01:26s
epoch 58 | loss: 0.42417 | val_auc: 0.76947 |  0:01:27s
epoch 59 | loss: 0.42634 | val_auc: 0.77252 |  0:01:28s
epoch 60 | loss: 0.42655 | val_auc: 0.77176 |  0:01:30s
epoch 61 | loss: 0.42617 | val_auc: 0.76995 |  0:01:32s
epoch 62 | loss: 0.42325 | val_auc: 0.76945 |  0:01:33s
epoch 63 | loss: 0.42026 | val_auc: 0.77066 |  0:01:35s
epoch 64 | loss: 0.41928 | val_auc: 0.77137 |  0:01:36s
epoch 65 | loss: 0.42046 | val_auc: 0.77434 |  0:01:38s
epoch 66 | loss: 0.4192  | val_auc: 0.77039 |  0:01:39s
epoch 67 | loss: 0.41887 | val_auc: 0.77211 |  0:01:41s
epoch 68 | loss: 0.4186  | val_auc: 0.77022 |  0:01:42s
epoch 69 | loss: 0.41888 | val_auc: 0.76842 |  0:01:43s
epoch 70 | loss: 0.41805 | val_auc: 0.77032 |  0:01:45s
epoch 71 | loss: 0.41805 | val_auc: 0.76935 |  0:01:47s
epoch 72 | loss: 0.42021 | val_auc: 0.77302 |  0:01:48s
epoch 73 | loss: 0.42092 | val_auc: 0.77322 |  0:01:49s
epoch 74 | loss: 0.41815 | val_auc: 0.77259 |  0:01:51s05:25:20  INFO      models.tabnet_model  TabNet trained | device=mps  best_epoch=80  elapsed=143.4s
05:25:21  INFO      models.tabnet_model  Apple MPS backend passed smoke test — using GPU acceleration.
05:25:21  INFO      models.tabnet_model  TabNet starting | device=mps  max_epochs=200  patience=15  batch_size=1024  n_train=19200
05:26:00  INFO      models.tabnet_model  TabNet trained | device=mps  best_epoch=10  elapsed=39.8s
05:26:01  INFO      models.tabnet_model  Apple MPS backend passed smoke test — using GPU acceleration.
05:26:01  INFO      models.tabnet_model  TabNet starting | device=mps  max_epochs=200  patience=15  batch_size=1024  n_train=19200
05:26:59  INFO      models.tabnet_model  TabNet trained | device=mps  best_epoch=22  elapsed=57.9s
05:26:59  INFO      models.tabnet_model  Apple MPS backend passed smoke test — using GPU acceleration.
05:26:59  INFO      models.tabnet_model  TabNet starting | device=mps  max_epochs=200  patience=15  batch_size=1024  n_train=19200
05:27:49  INFO      models.tabnet_model  TabNet trained | device=mps  best_epoch=17  elapsed=50.2s
05:27:49  INFO      models.tabnet_model  Apple MPS backend passed smoke test — using GPU acceleration.
05:27:49  INFO      models.tabnet_model  TabNet starting | device=mps  max_epochs=200  patience=15  batch_size=1024  n_train=24000

epoch 75 | loss: 0.41924 | val_auc: 0.77416 |  0:01:52s
epoch 76 | loss: 0.41862 | val_auc: 0.77535 |  0:01:54s
epoch 77 | loss: 0.4182  | val_auc: 0.77276 |  0:01:55s
epoch 78 | loss: 0.41529 | val_auc: 0.77239 |  0:01:57s
epoch 79 | loss: 0.41618 | val_auc: 0.77187 |  0:01:58s
epoch 80 | loss: 0.416   | val_auc: 0.77599 |  0:02:00s
epoch 81 | loss: 0.41323 | val_auc: 0.76879 |  0:02:01s
epoch 82 | loss: 0.41478 | val_auc: 0.76716 |  0:02:03s
epoch 83 | loss: 0.41433 | val_auc: 0.76893 |  0:02:04s
epoch 84 | loss: 0.41364 | val_auc: 0.7711  |  0:02:06s
epoch 85 | loss: 0.41202 | val_auc: 0.77107 |  0:02:07s
epoch 86 | loss: 0.41319 | val_auc: 0.76597 |  0:02:09s
epoch 87 | loss: 0.40941 | val_auc: 0.76728 |  0:02:10s
epoch 88 | loss: 0.41301 | val_auc: 0.76783 |  0:02:12s
epoch 89 | loss: 0.41278 | val_auc: 0.77111 |  0:02:13s
epoch 90 | loss: 0.41146 | val_auc: 0.76913 |  0:02:14s
epoch 91 | loss: 0.40872 | val_auc: 0.77053 |  0:02:16s
epoch 92 | loss: 0.40954 | val_auc: 0.77087 |  0:02:17s
epoch 93 | loss: 0.40931 | val_auc: 0.7697  |  0:02:19s
epoch 94 | loss: 0.40854 | val_auc: 0.76975 |  0:02:20s
epoch 95 | loss: 0.41041 | val_auc: 0.77204 |  0:02:22s

Early stopping occurred at epoch 95 with best_epoch = 80 and best_val_auc = 0.77599
epoch 0  | loss: 0.7155  | val_auc: 0.72    |  0:00:01s
epoch 1  | loss: 0.53201 | val_auc: 0.73653 |  0:00:03s
epoch 2  | loss: 0.47419 | val_auc: 0.75389 |  0:00:04s
epoch 3  | loss: 0.45989 | val_auc: 0.75929 |  0:00:06s
epoch 4  | loss: 0.45418 | val_auc: 0.76393 |  0:00:07s
epoch 5  | loss: 0.44859 | val_auc: 0.76097 |  0:00:09s
epoch 6  | loss: 0.44992 | val_auc: 0.77148 |  0:00:10s
epoch 7  | loss: 0.44502 | val_auc: 0.76894 |  0:00:12s
epoch 8  | loss: 0.4469  | val_auc: 0.75253 |  0:00:13s
epoch 9  | loss: 0.44055 | val_auc: 0.76883 |  0:00:15s
epoch 10 | loss: 0.4406  | val_auc: 0.77803 |  0:00:16s
epoch 11 | loss: 0.44075 | val_auc: 0.76774 |  0:00:18s
epoch 12 | loss: 0.43856 | val_auc: 0.76874 |  0:00:19s
epoch 13 | loss: 0.43564 | val_auc: 0.7687  |  0:00:20s
epoch 14 | loss: 0.43541 | val_auc: 0.77481 |  0:00:22s
epoch 15 | loss: 0.4357  | val_auc: 0.77292 |  0:00:23s
epoch 16 | loss: 0.4369  | val_auc: 0.77129 |  0:00:25s
epoch 17 | loss: 0.43583 | val_auc: 0.76884 |  0:00:27s
epoch 18 | loss: 0.43249 | val_auc: 0.76895 |  0:00:28s
epoch 19 | loss: 0.43243 | val_auc: 0.77004 |  0:00:29s
epoch 20 | loss: 0.43361 | val_auc: 0.77276 |  0:00:31s
epoch 21 | loss: 0.43425 | val_auc: 0.76348 |  0:00:32s
epoch 22 | loss: 0.43455 | val_auc: 0.7692  |  0:00:34s
epoch 23 | loss: 0.43194 | val_auc: 0.76923 |  0:00:35s
epoch 24 | loss: 0.43491 | val_auc: 0.77279 |  0:00:37s
epoch 25 | loss: 0.43422 | val_auc: 0.77221 |  0:00:38s

Early stopping occurred at epoch 25 with best_epoch = 10 and best_val_auc = 0.77803
epoch 0  | loss: 0.75127 | val_auc: 0.68596 |  0:00:01s
epoch 1  | loss: 0.58076 | val_auc: 0.72843 |  0:00:03s
epoch 2  | loss: 0.49518 | val_auc: 0.71786 |  0:00:04s
epoch 3  | loss: 0.47123 | val_auc: 0.74374 |  0:00:06s
epoch 4  | loss: 0.45176 | val_auc: 0.75205 |  0:00:07s
epoch 5  | loss: 0.44679 | val_auc: 0.7728  |  0:00:08s
epoch 6  | loss: 0.44124 | val_auc: 0.7687  |  0:00:10s
epoch 7  | loss: 0.4386  | val_auc: 0.77628 |  0:00:11s
epoch 8  | loss: 0.43885 | val_auc: 0.77621 |  0:00:13s
epoch 9  | loss: 0.43625 | val_auc: 0.77794 |  0:00:14s
epoch 10 | loss: 0.43629 | val_auc: 0.78391 |  0:00:16s
epoch 11 | loss: 0.43623 | val_auc: 0.77722 |  0:00:17s
epoch 12 | loss: 0.4336  | val_auc: 0.78138 |  0:00:19s
epoch 13 | loss: 0.43676 | val_auc: 0.7764  |  0:00:20s
epoch 14 | loss: 0.43621 | val_auc: 0.78488 |  0:00:22s
epoch 15 | loss: 0.43281 | val_auc: 0.78584 |  0:00:23s
epoch 16 | loss: 0.43072 | val_auc: 0.78225 |  0:00:25s
epoch 17 | loss: 0.43174 | val_auc: 0.78145 |  0:00:26s
epoch 18 | loss: 0.4277  | val_auc: 0.78348 |  0:00:28s
epoch 19 | loss: 0.429   | val_auc: 0.78044 |  0:00:30s
epoch 20 | loss: 0.43038 | val_auc: 0.78164 |  0:00:31s
epoch 21 | loss: 0.4262  | val_auc: 0.78433 |  0:00:32s
epoch 22 | loss: 0.42535 | val_auc: 0.78897 |  0:00:34s
epoch 23 | loss: 0.42471 | val_auc: 0.78818 |  0:00:35s
epoch 24 | loss: 0.4264  | val_auc: 0.78696 |  0:00:37s
epoch 25 | loss: 0.42548 | val_auc: 0.78726 |  0:00:39s
epoch 26 | loss: 0.42535 | val_auc: 0.78601 |  0:00:40s
epoch 27 | loss: 0.42575 | val_auc: 0.78461 |  0:00:41s
epoch 28 | loss: 0.42397 | val_auc: 0.78089 |  0:00:43s
epoch 29 | loss: 0.42502 | val_auc: 0.78491 |  0:00:44s
epoch 30 | loss: 0.42565 | val_auc: 0.78314 |  0:00:46s
epoch 31 | loss: 0.42966 | val_auc: 0.77704 |  0:00:47s
epoch 32 | loss: 0.42754 | val_auc: 0.78289 |  0:00:49s
epoch 33 | loss: 0.42584 | val_auc: 0.78213 |  0:00:51s
epoch 34 | loss: 0.42523 | val_auc: 0.78739 |  0:00:52s
epoch 35 | loss: 0.42477 | val_auc: 0.78545 |  0:00:53s
epoch 36 | loss: 0.42489 | val_auc: 0.78235 |  0:00:55s
epoch 37 | loss: 0.42683 | val_auc: 0.78396 |  0:00:56s

Early stopping occurred at epoch 37 with best_epoch = 22 and best_val_auc = 0.78897
epoch 0  | loss: 0.7882  | val_auc: 0.68281 |  0:00:01s
epoch 1  | loss: 0.54028 | val_auc: 0.70276 |  0:00:03s
epoch 2  | loss: 0.48308 | val_auc: 0.7345  |  0:00:04s
epoch 3  | loss: 0.46121 | val_auc: 0.76063 |  0:00:05s
epoch 4  | loss: 0.45797 | val_auc: 0.75975 |  0:00:07s
epoch 5  | loss: 0.45016 | val_auc: 0.751   |  0:00:08s
epoch 6  | loss: 0.44555 | val_auc: 0.75953 |  0:00:10s
epoch 7  | loss: 0.44653 | val_auc: 0.75808 |  0:00:12s
epoch 8  | loss: 0.44592 | val_auc: 0.76342 |  0:00:13s
epoch 9  | loss: 0.44089 | val_auc: 0.76321 |  0:00:15s
epoch 10 | loss: 0.44059 | val_auc: 0.76662 |  0:00:16s
epoch 11 | loss: 0.44025 | val_auc: 0.77043 |  0:00:17s
epoch 12 | loss: 0.44087 | val_auc: 0.76044 |  0:00:19s
epoch 13 | loss: 0.43942 | val_auc: 0.75168 |  0:00:21s
epoch 14 | loss: 0.44185 | val_auc: 0.76382 |  0:00:22s
epoch 15 | loss: 0.44122 | val_auc: 0.76248 |  0:00:24s
epoch 16 | loss: 0.43929 | val_auc: 0.76778 |  0:00:25s
epoch 17 | loss: 0.43765 | val_auc: 0.77642 |  0:00:27s
epoch 18 | loss: 0.43642 | val_auc: 0.77272 |  0:00:28s
epoch 19 | loss: 0.43698 | val_auc: 0.76157 |  0:00:30s
epoch 20 | loss: 0.43652 | val_auc: 0.76306 |  0:00:31s
epoch 21 | loss: 0.43556 | val_auc: 0.77034 |  0:00:33s
epoch 22 | loss: 0.43448 | val_auc: 0.76668 |  0:00:34s
epoch 23 | loss: 0.43716 | val_auc: 0.767   |  0:00:35s
epoch 24 | loss: 0.43724 | val_auc: 0.76394 |  0:00:37s
epoch 25 | loss: 0.43546 | val_auc: 0.76314 |  0:00:38s
epoch 26 | loss: 0.43293 | val_auc: 0.76553 |  0:00:40s
epoch 27 | loss: 0.43119 | val_auc: 0.77151 |  0:00:41s
epoch 28 | loss: 0.43222 | val_auc: 0.76594 |  0:00:43s
epoch 29 | loss: 0.43206 | val_auc: 0.76373 |  0:00:44s
epoch 30 | loss: 0.43213 | val_auc: 0.76458 |  0:00:46s
epoch 31 | loss: 0.43308 | val_auc: 0.76044 |  0:00:47s
epoch 32 | loss: 0.43286 | val_auc: 0.7661  |  0:00:49s

Early stopping occurred at epoch 32 with best_epoch = 17 and best_val_auc = 0.77642
epoch 0  | loss: 0.72513 | val_auc: 0.66173 |  0:00:02s
epoch 1  | loss: 0.55417 | val_auc: 0.75576 |  0:00:04s
epoch 2  | loss: 0.47466 | val_auc: 0.77815 |  0:00:05s
epoch 3  | loss: 0.45661 | val_auc: 0.78555 |  0:00:07s
epoch 4  | loss: 0.4522  | val_auc: 0.77154 |  0:00:09s
epoch 5  | loss: 0.45166 | val_auc: 0.78451 |  0:00:11s
epoch 6  | loss: 0.44714 | val_auc: 0.7882  |  0:00:13s
epoch 7  | loss: 0.44211 | val_auc: 0.79243 |  0:00:15s
epoch 8  | loss: 0.44527 | val_auc: 0.78215 |  0:00:17s
epoch 9  | loss: 0.44581 | val_auc: 0.79247 |  0:00:19s
epoch 10 | loss: 0.44006 | val_auc: 0.79014 |  0:00:20s
epoch 11 | loss: 0.43607 | val_auc: 0.79993 |  0:00:22s
epoch 12 | loss: 0.4359  | val_auc: 0.79514 |  0:00:24s
epoch 13 | loss: 0.43934 | val_auc: 0.7911  |  0:00:26s
epoch 14 | loss: 0.43311 | val_auc: 0.79729 |  0:00:28s
epoch 15 | loss: 0.43382 | val_auc: 0.80136 |  0:00:30s
epoch 16 | loss: 0.43276 | val_auc: 0.79895 |  0:00:32s
epoch 17 | loss: 0.43264 | val_auc: 0.7992  |  0:00:33s
epoch 18 | loss: 0.43311 | val_auc: 0.8002  |  0:00:35s
epoch 19 | loss: 0.43174 | val_auc: 0.79699 |  0:00:37s
epoch 20 | loss: 0.43221 | val_auc: 0.79869 |  0:00:39s
epoch 21 | loss: 0.43233 | val_auc: 0.79862 |  0:00:41s
epoch 22 | loss: 0.4341  | val_auc: 0.79835 |  0:00:43s05:29:12  INFO      models.tabnet_model  TabNet trained | device=mps  best_epoch=27  elapsed=82.9s
05:29:13  INFO      models.tabnet_model  TabNet model saved to /Users/harekrishna/Downloads/credit-default-xai-benchmark 2/results/outputs/uci/runs/seed_872/models/tabnet.pkl
05:29:13  INFO      pipeline  ============================================================
05:29:13  INFO      pipeline  STAGE 4: Evaluation (selection on OOF; test scored once)
05:29:13  INFO      pipeline  ============================================================
05:29:13  INFO      pipeline  XGBoost | OOF AUROC=0.7898  f1*=0.5499 @ t=0.30 | test AUROC=0.7795  F1=0.5434  MCC=0.4114
05:29:13  INFO      pipeline  LightGBM | OOF AUROC=0.7889  f1*=0.5497 @ t=0.30 | test AUROC=0.7800  F1=0.5417  MCC=0.4071
05:29:13  INFO      pipeline  CatBoost | OOF AUROC=0.7899  f1*=0.5510 @ t=0.28 | test AUROC=0.7740  F1=0.5415  MCC=0.4043
05:29:14  INFO      pipeline  Random Forest | OOF AUROC=0.7858  f1*=0.5501 @ t=0.56 | test AUROC=0.7762  F1=0.5396  MCC=0.4026
05:29:14  INFO      pipeline  Logistic Reg. | OOF AUROC=0.7701  f1*=0.5382 @ t=0.59 | test AUROC=0.7609  F1=0.5282  MCC=0.3876
05:29:14  INFO      pipeline  TabNet | OOF AUROC=0.7755  f1*=0.5415 @ t=0.25 | test AUROC=0.7678  F1=0.5353  MCC=0.3907
05:29:14  INFO      pipeline  LaTeX table → /Users/harekrishna/Downloads/credit-default-xai-benchmark 2/results/outputs/uci/runs/seed_872/results/table2_test_metrics.tex
05:29:14  INFO      pipeline  
                AUROC   AUPRC      F1  Precision  Recall  Specificity  G-Mean     MCC   Brier
Model                                                                                        
XGBoost        0.7795  0.5666  0.5434     0.5355  0.5516       0.8641  0.6904  0.4114  0.1336
LightGBM       0.7800  0.5682  0.5417     0.5267  0.5576       0.8577  0.6916  0.4071  0.1336
CatBoost       0.7740  0.5623  0.5415     0.5179  0.5674       0.8500  0.6945  0.4043  0.1343
Random Forest  0.7762  0.5639  0.5396     0.5188  0.5622       0.8519  0.6920  0.4026  0.1800
Logistic Reg.  0.7609  0.5205  0.5282     0.5073  0.5509       0.8481  0.6835  0.3876  0.1889
TabNet         0.7678  0.5395  0.5353     0.4924  0.5863       0.8284  0.6969  0.3907  0.1370
05:29:14  INFO      visualization.plots  Fig 2 saved → /Users/harekrishna/Downloads/credit-default-xai-benchmark 2/results/outputs/uci/runs/seed_872/figures/fig02_roc_curves.pdf
05:29:15  INFO      visualization.plots  Fig 3 saved → /Users/harekrishna/Downloads/credit-default-xai-benchmark 2/results/outputs/uci/runs/seed_872/figures/fig03_pr_curves.pdf
05:29:15  INFO      visualization.plots  Fig 4 saved → /Users/harekrishna/Downloads/credit-default-xai-benchmark 2/results/outputs/uci/runs/seed_872/figures/fig04_confusion_catboost.pdf
05:42:37  INFO      pipeline  Skipping TabNet in Fig 10 ablation (pass --full-ablation to include).
05:42:37  INFO      visualization.plots  Fig 10 saved → /Users/harekrishna/Downloads/credit-default-xai-benchmark 2/results/outputs/uci/runs/seed_872/figures/fig10_smote_ablation.pdf
05:42:37  INFO      pipeline  ============================================================
05:42:37  INFO      pipeline  STAGE 5: SHAP Explanations
05:42:37  INFO      pipeline  ============================================================
05:42:37  INFO      explainability.shap_explainer  SHAP TreeExplainer initialised | output_space=log_odds
05:42:37  INFO      explainability.shap_explainer  SHAP values computed | shape=(2000, 31)
05:42:37  INFO      explainability.shap_explainer  SHAP additivity check | MAE=0.00000 | PASS ✓
05:42:38  INFO      explainability.shap_explainer  Saved SHAP summary → /Users/harekrishna/Downloads/credit-default-xai-benchmark 2/results/outputs/uci/runs/seed_872/figures/fig05a_shap_summary_CatBoost.pdf
05:42:38  INFO      explainability.shap_explainer  Saved SHAP bar → /Users/harekrishna/Downloads/credit-default-xai-benchmark 2/results/outputs/uci/runs/seed_872/figures/fig05b_shap_bar_CatBoost.pdf
05:42:39  INFO      explainability.shap_explainer  Saved SHAP dependence → /Users/harekrishna/Downloads/credit-default-xai-benchmark 2/results/outputs/uci/runs/seed_872/figures/fig06_shap_dep_PAY_0.pdf
05:42:39  INFO      pipeline  LaTeX table → /Users/harekrishna/Downloads/credit-default-xai-benchmark 2/results/outputs/uci/runs/seed_872/results/table3_shap_ranking.tex
05:42:39  INFO      visualization.plots  Fig 8 saved → /Users/harekrishna/Downloads/credit-default-xai-benchmark 2/results/outputs/uci/runs/seed_872/figures/fig08_importance_comparison.pdf
05:42:40  INFO      visualization.plots  Fig 9 saved → /Users/harekrishna/Downloads/credit-default-xai-benchmark 2/results/outputs/uci/runs/seed_872/figures/fig09_threshold_sweep.pdf
05:42:40  INFO      pipeline  ============================================================
05:42:40  INFO      pipeline  STAGE 6: LIME Explanations
05:42:40  INFO      pipeline  ============================================================
05:42:40  INFO      explainability.lime_explainer  LIME tabular explainer initialised | features=31
05:42:40  INFO      pipeline  Local instances selected: {'TP': 3786, 'FP': 5179, 'FN': 5344, 'TN': 4391}
05:42:40  INFO      explainability.lime_explainer  Saved LIME explanation → /Users/harekrishna/Downloads/credit-default-xai-benchmark 2/results/outputs/uci/runs/seed_872/figures/fig07_tp_lime.pdf
05:42:40  INFO      explainability.lime_explainer  Saved LIME explanation → /Users/harekrishna/Downloads/credit-default-xai-benchmark 2/results/outputs/uci/runs/seed_872/figures/fig07_fp_lime.pdf
05:42:40  INFO      explainability.lime_explainer  Saved LIME explanation → /Users/harekrishna/Downloads/credit-default-xai-benchmark 2/results/outputs/uci/runs/seed_872/figures/fig07_fn_lime.pdf
05:42:40  INFO      explainability.lime_explainer  Saved LIME explanation → /Users/harekrishna/Downloads/credit-default-xai-benchmark 2/results/outputs/uci/runs/seed_872/figures/fig07_tn_lime.pdf
05:42:41  INFO      explainability.lime_explainer  Saved LIME multi-instance grid → /Users/harekrishna/Downloads/credit-default-xai-benchmark 2/results/outputs/uci/runs/seed_872/figures/fig07_lime_multi_instance.pdf
05:42:43  INFO      explainability.lime_explainer  LIME batch complete | n=200
05:42:43  INFO      explainability.lime_explainer  SHAP–LIME agreement | mean ρ=0.533 ± 0.199
05:42:43  INFO      explainability.lime_explainer  LIME tabular explainer initialised | features=31
05:42:43  INFO      explainability.lime_explainer  LIME tabular explainer initialised | features=31
05:42:44  INFO      explainability.lime_explainer  LIME tabular explainer initialised | features=31
05:42:44  INFO      explainability.lime_explainer  LIME tabular explainer initialised | features=31
05:42:44  INFO      explainability.lime_explainer  LIME tabular explainer initialised | features=31
05:42:44  INFO      explainability.lime_explainer  LIME tabular explainer initialised | features=31
05:42:44  INFO      explainability.lime_explainer  LIME tabular explainer initialised | features=31
05:42:44  INFO      explainability.lime_explainer  LIME tabular explainer initialised | features=31
05:42:44  INFO      explainability.lime_explainer  LIME tabular explainer initialised | features=31
05:42:45  INFO      explainability.lime_explainer  LIME tabular explainer initialised | features=31
05:42:45  INFO      explainability.lime_explainer  LIME tabular explainer initialised | features=31
05:42:45  INFO      explainability.lime_explainer  LIME tabular explainer initialised | features=31
05:42:45  INFO      explainability.lime_explainer  LIME tabular explainer initialised | features=31
05:42:45  INFO      explainability.lime_explainer  LIME tabular explainer initialised | features=31
05:42:45  INFO      explainability.lime_explainer  LIME tabular explainer initialised | features=31
05:42:45  INFO      explainability.lime_explainer  LIME tabular explainer initialised | features=31
05:42:46  INFO      explainability.lime_explainer  LIME tabular explainer initialised | features=31
05:42:46  INFO      explainability.lime_explainer  LIME tabular explainer initialised | features=31
05:42:46  INFO      explainability.lime_explainer  LIME tabular explainer initialised | features=31
05:42:46  INFO      explainability.lime_explainer  LIME tabular explainer initialised | features=31
05:42:46  INFO      explainability.lime_explainer  LIME tabular explainer initialised | features=31
05:42:46  INFO      explainability.lime_explainer  LIME tabular explainer initialised | features=31
05:42:46  INFO      explainability.lime_explainer  LIME tabular explainer initialised | features=31
05:42:46  INFO      explainability.lime_explainer  LIME tabular explainer initialised | features=31
05:42:47  INFO      explainability.lime_explainer  LIME tabular explainer initialised | features=31
05:42:47  INFO      explainability.lime_explainer  LIME tabular explainer initialised | features=31
05:42:47  INFO      explainability.lime_explainer  LIME tabular explainer initialised | features=31
05:42:47  INFO      explainability.lime_explainer  LIME tabular explainer initialised | features=31
05:42:47  INFO      explainability.lime_explainer  LIME tabular explainer initialised | features=31
05:42:47  INFO      explainability.lime_explainer  LIME tabular explainer initialised | features=31
05:42:47  INFO      explainability.lime_explainer  LIME tabular explainer initialised | features=31
05:42:48  INFO      explainability.lime_explainer  LIME tabular explainer initialised | features=31
05:42:48  INFO      explainability.lime_explainer  LIME tabular explainer initialised | features=31
05:42:48  INFO      explainability.lime_explainer  LIME tabular explainer initialised | features=31
05:42:48  INFO      explainability.lime_explainer  LIME tabular explainer initialised | features=31
05:42:48  INFO      explainability.lime_explainer  LIME tabular explainer initialised | features=31
05:42:48  INFO      explainability.lime_explainer  LIME tabular explainer initialised | features=31
05:42:48  INFO      explainability.lime_explainer  LIME tabular explainer initialised | features=31
05:42:48  INFO      explainability.lime_explainer  LIME tabular explainer initialised | features=31
05:42:49  INFO      explainability.lime_explainer  LIME tabular explainer initialised | features=31
05:42:49  INFO      explainability.lime_explainer  LIME tabular explainer initialised | features=31
05:42:49  INFO      explainability.lime_explainer  LIME tabular explainer initialised | features=31
05:42:49  INFO      explainability.lime_explainer  LIME tabular explainer initialised | features=31
05:42:49  INFO      explainability.lime_explainer  LIME tabular explainer initialised | features=31
05:42:49  INFO      explainability.lime_explainer  LIME tabular explainer initialised | features=31
05:42:49  INFO      explainability.lime_explainer  LIME tabular explainer initialised | features=31
05:42:50  INFO      explainability.lime_explainer  LIME tabular explainer initialised | features=31
05:42:50  INFO      explainability.lime_explainer  LIME tabular explainer initialised | features=31
05:42:50  INFO      explainability.lime_explainer  LIME tabular explainer initialised | features=31
05:42:50  INFO      explainability.lime_explainer  LIME tabular explainer initialised | features=31
05:42:50  INFO      explainability.lime_explainer  LIME tabular explainer initialised | features=31
05:42:50  INFO      explainability.lime_explainer  LIME tabular explainer initialised | features=31
05:42:50  INFO      explainability.lime_explainer  LIME tabular explainer initialised | features=31
05:42:50  INFO      explainability.lime_explainer  LIME tabular explainer initialised | features=31
05:42:51  INFO      explainability.lime_explainer  LIME tabular explainer initialised | features=31
05:42:51  INFO      explainability.lime_explainer  LIME tabular explainer initialised | features=31
05:42:51  INFO      explainability.lime_explainer  LIME tabular explainer initialised | features=31
05:42:51  INFO      explainability.lime_explainer  LIME tabular explainer initialised | features=31
05:42:51  INFO      explainability.lime_explainer  LIME tabular explainer initialised | features=31
05:42:51  INFO      explainability.lime_explainer  LIME tabular explainer initialised | features=31
05:42:51  INFO      explainability.lime_explainer  LIME tabular explainer initialised | features=31
05:42:52  INFO      explainability.lime_explainer  LIME tabular explainer initialised | features=31
05:42:52  INFO      explainability.lime_explainer  LIME tabular explainer initialised | features=31
05:42:52  INFO      explainability.lime_explainer  LIME tabular explainer initialised | features=31
05:42:52  INFO      explainability.lime_explainer  LIME tabular explainer initialised | features=31
05:42:52  INFO      explainability.lime_explainer  LIME tabular explainer initialised | features=31
05:42:52  INFO      explainability.lime_explainer  LIME tabular explainer initialised | features=31
05:42:52  INFO      explainability.lime_explainer  LIME tabular explainer initialised | features=31
05:42:52  INFO      explainability.lime_explainer  LIME tabular explainer initialised | features=31
05:42:53  INFO      explainability.lime_explainer  LIME tabular explainer initialised | features=31
05:42:53  INFO      explainability.lime_explainer  LIME tabular explainer initialised | features=31
05:42:53  INFO      explainability.lime_explainer  LIME tabular explainer initialised | features=31
05:42:53  INFO      explainability.lime_explainer  LIME tabular explainer initialised | features=31
05:42:53  INFO      explainability.lime_explainer  LIME tabular explainer initialised | features=31
05:42:53  INFO      explainability.lime_explainer  LIME tabular explainer initialised | features=31
05:42:53  INFO      explainability.lime_explainer  LIME tabular explainer initialised | features=31
05:42:54  INFO      explainability.lime_explainer  LIME tabular explainer initialised | features=31
05:42:54  INFO      explainability.lime_explainer  LIME tabular explainer initialised | features=31
05:42:54  INFO      explainability.lime_explainer  LIME tabular explainer initialised | features=31
05:42:54  INFO      explainability.lime_explainer  LIME tabular explainer initialised | features=31
05:42:54  INFO      explainability.lime_explainer  LIME tabular explainer initialised | features=31
05:42:54  INFO      explainability.lime_explainer  LIME tabular explainer initialised | features=31
05:42:54  INFO      explainability.lime_explainer  LIME tabular explainer initialised | features=31
05:42:54  INFO      explainability.lime_explainer  LIME tabular explainer initialised | features=31
05:42:55  INFO      explainability.lime_explainer  LIME tabular explainer initialised | features=31
05:42:55  INFO      explainability.lime_explainer  LIME tabular explainer initialised | features=31
05:42:55  INFO      explainability.lime_explainer  LIME tabular explainer initialised | features=31
05:42:55  INFO      explainability.lime_explainer  LIME tabular explainer initialised | features=31
05:42:55  INFO      explainability.lime_explainer  LIME tabular explainer initialised | features=31
05:42:55  INFO      explainability.lime_explainer  LIME tabular explainer initialised | features=31
05:42:55  INFO      explainability.lime_explainer  LIME tabular explainer initialised | features=31
05:42:56  INFO      explainability.lime_explainer  LIME tabular explainer initialised | features=31
05:42:56  INFO      explainability.lime_explainer  LIME tabular explainer initialised | features=31
05:42:56  INFO      explainability.lime_explainer  LIME tabular explainer initialised | features=31
05:42:56  INFO      explainability.lime_explainer  LIME tabular explainer initialised | features=31
05:42:56  INFO      explainability.lime_explainer  LIME tabular explainer initialised | features=31
05:42:56  INFO      explainability.lime_explainer  LIME tabular explainer initialised | features=31
05:42:56  INFO      explainability.lime_explainer  LIME tabular explainer initialised | features=31
05:42:57  INFO      explainability.lime_explainer  LIME tabular explainer initialised | features=31
05:42:57  INFO      explainability.lime_explainer  LIME tabular explainer initialised | features=31
05:42:57  INFO      explainability.lime_explainer  LIME tabular explainer initialised | features=31
05:42:57  INFO      explainability.lime_explainer  LIME tabular explainer initialised | features=31
05:42:57  INFO      explainability.lime_explainer  LIME tabular explainer initialised | features=31
05:42:57  INFO      explainability.lime_explainer  LIME tabular explainer initialised | features=31
05:42:57  INFO      explainability.lime_explainer  LIME tabular explainer initialised | features=31
05:42:57  INFO      explainability.lime_explainer  LIME tabular explainer initialised | features=31
05:42:58  INFO      explainability.lime_explainer  LIME tabular explainer initialised | features=31
05:42:58  INFO      explainability.lime_explainer  LIME tabular explainer initialised | features=31
05:42:58  INFO      explainability.lime_explainer  LIME tabular explainer initialised | features=31
05:42:58  INFO      explainability.lime_explainer  LIME tabular explainer initialised | features=31
05:42:58  INFO      explainability.lime_explainer  LIME tabular explainer initialised | features=31
05:42:58  INFO      explainability.lime_explainer  LIME tabular explainer initialised | features=31
05:42:58  INFO      explainability.lime_explainer  LIME tabular explainer initialised | features=31
05:42:59  INFO      explainability.lime_explainer  LIME tabular explainer initialised | features=31
05:42:59  INFO      explainability.lime_explainer  LIME tabular explainer initialised | features=31
05:42:59  INFO      explainability.lime_explainer  LIME tabular explainer initialised | features=31
05:42:59  INFO      explainability.lime_explainer  LIME tabular explainer initialised | features=31
05:42:59  INFO      explainability.lime_explainer  LIME tabular explainer initialised | features=31
05:42:59  INFO      explainability.lime_explainer  LIME tabular explainer initialised | features=31
05:42:59  INFO      explainability.lime_explainer  LIME tabular explainer initialised | features=31
05:43:00  INFO      explainability.lime_explainer  LIME tabular explainer initialised | features=31
05:43:00  INFO      explainability.lime_explainer  LIME tabular explainer initialised | features=31
05:43:00  INFO      explainability.lime_explainer  LIME tabular explainer initialised | features=31
05:43:00  INFO      explainability.lime_explainer  LIME tabular explainer initialised | features=31
05:43:00  INFO      explainability.lime_explainer  LIME tabular explainer initialised | features=31
05:43:00  INFO      explainability.lime_explainer  LIME tabular explainer initialised | features=31
05:43:00  INFO      explainability.lime_explainer  LIME tabular explainer initialised | features=31
05:43:00  INFO      explainability.lime_explainer  LIME tabular explainer initialised | features=31
05:43:01  INFO      explainability.lime_explainer  LIME tabular explainer initialised | features=31
05:43:01  INFO      explainability.lime_explainer  LIME tabular explainer initialised | features=31
05:43:01  INFO      explainability.lime_explainer  LIME tabular explainer initialised | features=31
05:43:01  INFO      explainability.lime_explainer  LIME tabular explainer initialised | features=31
05:43:01  INFO      explainability.lime_explainer  LIME tabular explainer initialised | features=31
05:43:01  INFO      explainability.lime_explainer  LIME tabular explainer initialised | features=31
05:43:01  INFO      explainability.lime_explainer  LIME tabular explainer initialised | features=31
05:43:02  INFO      explainability.lime_explainer  LIME tabular explainer initialised | features=31
05:43:02  INFO      explainability.lime_explainer  LIME tabular explainer initialised | features=31
05:43:02  INFO      explainability.lime_explainer  LIME tabular explainer initialised | features=31
05:43:02  INFO      explainability.lime_explainer  LIME tabular explainer initialised | features=31
05:43:02  INFO      explainability.lime_explainer  LIME tabular explainer initialised | features=31
05:43:02  INFO      explainability.lime_explainer  LIME tabular explainer initialised | features=31
05:43:02  INFO      explainability.lime_explainer  LIME tabular explainer initialised | features=31
05:43:02  INFO      explainability.lime_explainer  LIME tabular explainer initialised | features=31
05:43:03  INFO      explainability.lime_explainer  LIME tabular explainer initialised | features=31
05:43:03  INFO      explainability.lime_explainer  LIME tabular explainer initialised | features=31
05:43:03  INFO      explainability.lime_explainer  LIME tabular explainer initialised | features=31
05:43:03  INFO      explainability.lime_explainer  LIME tabular explainer initialised | features=31
05:43:03  INFO      explainability.lime_explainer  LIME tabular explainer initialised | features=31
05:43:03  INFO      explainability.lime_explainer  LIME tabular explainer initialised | features=31
05:43:03  INFO      explainability.lime_explainer  LIME tabular explainer initialised | features=31
05:43:04  INFO      explainability.lime_explainer  LIME tabular explainer initialised | features=31
05:43:04  INFO      explainability.lime_explainer  LIME tabular explainer initialised | features=31
05:43:04  INFO      explainability.lime_explainer  LIME tabular explainer initialised | features=31
05:43:04  INFO      explainability.lime_explainer  LIME tabular explainer initialised | features=31
05:43:04  INFO      explainability.lime_explainer  LIME tabular explainer initialised | features=31
05:43:04  INFO      explainability.lime_explainer  LIME tabular explainer initialised | features=31
05:43:04  INFO      explainability.lime_explainer  LIME tabular explainer initialised | features=31
05:43:04  INFO      explainability.lime_explainer  LIME tabular explainer initialised | features=31
05:43:05  INFO      explainability.lime_explainer  LIME tabular explainer initialised | features=31
05:43:05  INFO      explainability.lime_explainer  LIME tabular explainer initialised | features=31
05:43:05  INFO      explainability.lime_explainer  LIME tabular explainer initialised | features=31
05:43:05  INFO      explainability.lime_explainer  LIME tabular explainer initialised | features=31
05:43:05  INFO      explainability.lime_explainer  LIME tabular explainer initialised | features=31
05:43:05  INFO      explainability.lime_explainer  LIME tabular explainer initialised | features=31
05:43:05  INFO      explainability.lime_explainer  LIME tabular explainer initialised | features=31
05:43:06  INFO      explainability.lime_explainer  LIME tabular explainer initialised | features=31
05:43:06  INFO      explainability.lime_explainer  LIME tabular explainer initialised | features=31
05:43:06  INFO      explainability.lime_explainer  LIME tabular explainer initialised | features=31
05:43:06  INFO      explainability.lime_explainer  LIME tabular explainer initialised | features=31
05:43:06  INFO      explainability.lime_explainer  LIME tabular explainer initialised | features=31
05:43:06  INFO      explainability.lime_explainer  LIME tabular explainer initialised | features=31
05:43:06  INFO      explainability.lime_explainer  LIME tabular explainer initialised | features=31
05:43:06  INFO      explainability.lime_explainer  LIME tabular explainer initialised | features=31
05:43:07  INFO      explainability.lime_explainer  LIME tabular explainer initialised | features=31
05:43:07  INFO      explainability.lime_explainer  LIME tabular explainer initialised | features=31
05:43:07  INFO      explainability.lime_explainer  LIME tabular explainer initialised | features=31
05:43:07  INFO      explainability.lime_explainer  LIME tabular explainer initialised | features=31
05:43:07  INFO      explainability.lime_explainer  LIME tabular explainer initialised | features=31
05:43:07  INFO      explainability.lime_explainer  LIME tabular explainer initialised | features=31
05:43:08  INFO      explainability.lime_explainer  LIME tabular explainer initialised | features=31
05:43:08  INFO      explainability.lime_explainer  LIME tabular explainer initialised | features=31
05:43:08  INFO      explainability.lime_explainer  LIME tabular explainer initialised | features=31
05:43:08  INFO      explainability.lime_explainer  LIME tabular explainer initialised | features=31
05:43:08  INFO      explainability.lime_explainer  LIME tabular explainer initialised | features=31
05:43:08  INFO      explainability.lime_explainer  LIME tabular explainer initialised | features=31
05:43:08  INFO      explainability.lime_explainer  LIME tabular explainer initialised | features=31
05:43:08  INFO      explainability.lime_explainer  LIME tabular explainer initialised | features=31
05:43:09  INFO      explainability.lime_explainer  LIME tabular explainer initialised | features=31
05:43:09  INFO      explainability.lime_explainer  LIME tabular explainer initialised | features=31
05:43:09  INFO      explainability.lime_explainer  LIME tabular explainer initialised | features=31
05:43:09  INFO      explainability.lime_explainer  LIME tabular explainer initialised | features=31
05:43:09  INFO      explainability.lime_explainer  LIME tabular explainer initialised | features=31
05:43:09  INFO      explainability.lime_explainer  LIME tabular explainer initialised | features=31
05:43:09  INFO      explainability.lime_explainer  LIME tabular explainer initialised | features=31
05:43:10  INFO      explainability.lime_explainer  LIME tabular explainer initialised | features=31
05:43:10  INFO      explainability.lime_explainer  LIME tabular explainer initialised | features=31
05:43:10  INFO      explainability.lime_explainer  LIME tabular explainer initialised | features=31
05:43:10  INFO      explainability.lime_explainer  LIME tabular explainer initialised | features=31
05:43:10  INFO      explainability.lime_explainer  LIME tabular explainer initialised | features=31
05:43:10  INFO      explainability.lime_explainer  LIME tabular explainer initialised | features=31
05:43:10  INFO      explainability.lime_explainer  LIME tabular explainer initialised | features=31
05:43:10  INFO      explainability.lime_explainer  LIME tabular explainer initialised | features=31
05:43:11  INFO      explainability.lime_explainer  LIME tabular explainer initialised | features=31
05:43:11  INFO      explainability.lime_explainer  LIME tabular explainer initialised | features=31
05:43:11  INFO      explainability.lime_explainer  LIME tabular explainer initialised | features=31
05:43:11  INFO      explainability.lime_explainer  LIME tabular explainer initialised | features=31
05:43:11  INFO      explainability.lime_explainer  LIME tabular explainer initialised | features=31
05:43:11  INFO      explainability.lime_explainer  LIME tabular explainer initialised | features=31
05:43:11  INFO      explainability.lime_explainer  LIME tabular explainer initialised | features=31
05:43:12  INFO      explainability.lime_explainer  LIME tabular explainer initialised | features=31
05:43:12  INFO      explainability.lime_explainer  LIME tabular explainer initialised | features=31
05:43:12  INFO      explainability.lime_explainer  LIME tabular explainer initialised | features=31
05:43:12  INFO      explainability.lime_explainer  LIME tabular explainer initialised | features=31
05:43:12  INFO      explainability.lime_explainer  LIME tabular explainer initialised | features=31
05:43:12  INFO      explainability.lime_explainer  LIME tabular explainer initialised | features=31
05:43:12  INFO      explainability.lime_explainer  LIME tabular explainer initialised | features=31
05:43:12  INFO      explainability.lime_explainer  LIME tabular explainer initialised | features=31
05:43:13  INFO      explainability.lime_explainer  LIME tabular explainer initialised | features=31
05:43:13  INFO      explainability.lime_explainer  LIME tabular explainer initialised | features=31
05:43:13  INFO      explainability.lime_explainer  LIME tabular explainer initialised | features=31
05:43:13  INFO      explainability.lime_explainer  LIME tabular explainer initialised | features=31
05:43:13  INFO      explainability.lime_explainer  LIME tabular explainer initialised | features=31
05:43:13  INFO      explainability.lime_explainer  LIME tabular explainer initialised | features=31
05:43:13  INFO      explainability.lime_explainer  LIME tabular explainer initialised | features=31
05:43:14  INFO      explainability.lime_explainer  LIME tabular explainer initialised | features=31
05:43:14  INFO      explainability.lime_explainer  LIME tabular explainer initialised | features=31
05:43:14  INFO      explainability.lime_explainer  LIME tabular explainer initialised | features=31
05:43:14  INFO      explainability.lime_explainer  LIME tabular explainer initialised | features=31
05:43:14  INFO      explainability.lime_explainer  LIME tabular explainer initialised | features=31
05:43:14  INFO      explainability.lime_explainer  LIME tabular explainer initialised | features=31
05:43:14  INFO      explainability.lime_explainer  LIME tabular explainer initialised | features=31
05:43:14  INFO      explainability.lime_explainer  LIME tabular explainer initialised | features=31
05:43:15  INFO      explainability.lime_explainer  LIME tabular explainer initialised | features=31
05:43:15  INFO      explainability.lime_explainer  LIME tabular explainer initialised | features=31
05:43:15  INFO      explainability.lime_explainer  LIME tabular explainer initialised | features=31
05:43:15  INFO      explainability.lime_explainer  LIME tabular explainer initialised | features=31
05:43:15  INFO      explainability.lime_explainer  LIME tabular explainer initialised | features=31
05:43:15  INFO      explainability.lime_explainer  LIME tabular explainer initialised | features=31
05:43:15  INFO      explainability.lime_explainer  LIME tabular explainer initialised | features=31
05:43:16  INFO      explainability.lime_explainer  LIME tabular explainer initialised | features=31
05:43:16  INFO      explainability.lime_explainer  LIME tabular explainer initialised | features=31
05:43:16  INFO      explainability.lime_explainer  LIME tabular explainer initialised | features=31
05:43:16  INFO      explainability.lime_explainer  LIME tabular explainer initialised | features=31
05:43:16  INFO      explainability.lime_explainer  LIME tabular explainer initialised | features=31
05:43:16  INFO      explainability.lime_explainer  LIME tabular explainer initialised | features=31
05:43:16  INFO      explainability.lime_explainer  LIME tabular explainer initialised | features=31
05:43:16  INFO      explainability.lime_explainer  LIME tabular explainer initialised | features=31
05:43:17  INFO      explainability.lime_explainer  LIME tabular explainer initialised | features=31
05:43:17  INFO      explainability.lime_explainer  LIME tabular explainer initialised | features=31
05:43:17  INFO      explainability.lime_explainer  LIME tabular explainer initialised | features=31
05:43:17  INFO      explainability.lime_explainer  LIME tabular explainer initialised | features=31
05:43:17  INFO      explainability.lime_explainer  LIME tabular explainer initialised | features=31
05:43:17  INFO      explainability.lime_explainer  LIME tabular explainer initialised | features=31
05:43:17  INFO      explainability.lime_explainer  LIME tabular explainer initialised | features=31
05:43:18  INFO      explainability.lime_explainer  LIME tabular explainer initialised | features=31
05:43:18  INFO      explainability.lime_explainer  LIME tabular explainer initialised | features=31
05:43:18  INFO      explainability.lime_explainer  LIME tabular explainer initialised | features=31
05:43:18  INFO      explainability.lime_explainer  LIME tabular explainer initialised | features=31
05:43:18  INFO      explainability.lime_explainer  LIME tabular explainer initialised | features=31
05:43:18  INFO      explainability.lime_explainer  LIME tabular explainer initialised | features=31
05:43:18  INFO      explainability.lime_explainer  LIME tabular explainer initialised | features=31
05:43:18  INFO      explainability.lime_explainer  LIME tabular explainer initialised | features=31
05:43:19  INFO      explainability.lime_explainer  LIME tabular explainer initialised | features=31
05:43:19  INFO      explainability.lime_explainer  LIME tabular explainer initialised | features=31
05:43:19  INFO      explainability.lime_explainer  LIME tabular explainer initialised | features=31
05:43:19  INFO      explainability.lime_explainer  LIME tabular explainer initialised | features=31
05:43:19  INFO      explainability.lime_explainer  LIME tabular explainer initialised | features=31
05:43:19  INFO      explainability.lime_explainer  LIME tabular explainer initialised | features=31
05:43:19  INFO      explainability.lime_explainer  LIME tabular explainer initialised | features=31
05:43:20  INFO      explainability.lime_explainer  LIME tabular explainer initialised | features=31
05:43:20  INFO      explainability.lime_explainer  LIME tabular explainer initialised | features=31
05:43:20  INFO      explainability.lime_explainer  LIME tabular explainer initialised | features=31
05:43:20  INFO      explainability.lime_explainer  LIME tabular explainer initialised | features=31
05:43:20  INFO      explainability.lime_explainer  LIME tabular explainer initialised | features=31
05:43:20  INFO      explainability.lime_explainer  LIME tabular explainer initialised | features=31
05:43:20  INFO      explainability.lime_explainer  LIME tabular explainer initialised | features=31
05:43:20  INFO      explainability.lime_explainer  LIME tabular explainer initialised | features=31
05:43:21  INFO      explainability.lime_explainer  LIME tabular explainer initialised | features=31
05:43:21  INFO      explainability.lime_explainer  LIME tabular explainer initialised | features=31
05:43:21  INFO      explainability.lime_explainer  LIME tabular explainer initialised | features=31
05:43:21  INFO      explainability.lime_explainer  LIME tabular explainer initialised | features=31
05:43:21  INFO      explainability.lime_explainer  LIME tabular explainer initialised | features=31
05:43:21  INFO      explainability.lime_explainer  LIME tabular explainer initialised | features=31
05:43:21  INFO      explainability.lime_explainer  LIME tabular explainer initialised | features=31
05:43:22  INFO      explainability.lime_explainer  LIME tabular explainer initialised | features=31
05:43:22  INFO      explainability.lime_explainer  LIME tabular explainer initialised | features=31
05:43:22  INFO      explainability.lime_explainer  LIME tabular explainer initialised | features=31
05:43:22  INFO      explainability.lime_explainer  LIME tabular explainer initialised | features=31
05:43:22  INFO      explainability.lime_explainer  LIME tabular explainer initialised | features=31
05:43:22  INFO      explainability.lime_explainer  LIME tabular explainer initialised | features=31
05:43:22  INFO      explainability.lime_explainer  LIME tabular explainer initialised | features=31
05:43:22  INFO      explainability.lime_explainer  LIME tabular explainer initialised | features=31
05:43:23  INFO      explainability.lime_explainer  LIME tabular explainer initialised | features=31
05:43:23  INFO      explainability.lime_explainer  LIME tabular explainer initialised | features=31
05:43:23  INFO      explainability.lime_explainer  LIME tabular explainer initialised | features=31
05:43:23  INFO      explainability.lime_explainer  LIME tabular explainer initialised | features=31
05:43:23  INFO      explainability.lime_explainer  LIME tabular explainer initialised | features=31
05:43:23  INFO      explainability.lime_explainer  LIME tabular explainer initialised | features=31
05:43:23  INFO      explainability.lime_explainer  LIME tabular explainer initialised | features=31
05:43:24  INFO      explainability.lime_explainer  LIME tabular explainer initialised | features=31
05:43:24  INFO      pipeline  LaTeX table → /Users/harekrishna/Downloads/credit-default-xai-benchmark 2/results/outputs/uci/runs/seed_872/results/table5_explanation_quality.tex
05:43:24  INFO      pipeline  LaTeX table → /Users/harekrishna/Downloads/credit-default-xai-benchmark 2/results/outputs/uci/runs/seed_872/results/table4_shap_lime_agreement.tex
05:43:24  INFO      pipeline  ============================================================
05:43:24  INFO      pipeline  STAGE 7: Revision Analyses
05:43:24  INFO      pipeline  ============================================================
05:46:10  INFO      data.data_loader  Loading cached UCI dataset from /Users/harekrishna/Downloads/credit-default-xai-benchmark 2/data/uci_credit.csv
05:46:10  INFO      data.data_loader  Dataset loaded | uci | train=24000  test=6000 | default rate train=22.12% test=22.12% | 3 nominal, 20 continuous
05:47:02  INFO      pipeline  RUN seed_872 COMPLETE | champion CatBoost | OOF AUROC 0.7899 | test AUROC 0.7740
05:47:02  INFO      pipeline  ╔══════════════════════════════════════════════╗
05:47:02  INFO      pipeline  ║  Credit Default Prediction with XAI (v3)     ║
05:47:02  INFO      pipeline  ║  Dataset: uci                                ║
05:47:02  INFO      pipeline  ║  Run: seed_999                               ║
05:47:02  INFO      pipeline  ╚══════════════════════════════════════════════╝
05:47:02  INFO      pipeline  ============================================================
05:47:02  INFO      pipeline  STAGE 1: Data Loading, Labelling & Partitioning
05:47:02  INFO      pipeline  ============================================================
05:47:02  INFO      data.data_loader  Loading cached UCI dataset from /Users/harekrishna/Downloads/credit-default-xai-benchmark 2/data/uci_credit.csv
05:47:02  INFO      data.data_loader  Dataset loaded | uci | train=24000  test=6000 | default rate train=22.12% test=22.12% | 3 nominal, 28 continuous
05:47:02  INFO      pipeline  Imbalance stats (train): {"n_total": 24000, "n_majority": 18691, "n_minority": 5309, "imbalance_ratio": 3.5206, "minority_pct": 22.12}
05:47:02  INFO      visualization.plots  Fig 1 saved → /Users/harekrishna/Downloads/credit-default-xai-benchmark 2/results/outputs/uci/runs/seed_999/figures/fig01_class_distribution.pdf
05:47:02  INFO      pipeline  ============================================================
05:47:02  INFO      pipeline  STAGE 2: Imbalance Strategy Ablation (selected on OOF AUROC)
05:47:02  INFO      pipeline  ============================================================
05:47:23  INFO      pipeline  Ablation | SMOTE            | OOF AUROC=0.7679  test AUROC=0.7709
05:47:45  INFO      pipeline  Ablation | BorderlineSMOTE  | OOF AUROC=0.7668  test AUROC=0.7688
05:48:51  INFO      pipeline  Ablation | SVMSMOTE         | OOF AUROC=0.7735  test AUROC=0.7761
05:49:12  INFO      pipeline  Ablation | ADASYN           | OOF AUROC=0.7646  test AUROC=0.7688
05:49:16  INFO      pipeline  Ablation | None             | OOF AUROC=0.7824  test AUROC=0.7876
05:49:20  INFO      pipeline  Ablation | ClassWeight      | OOF AUROC=0.7791  test AUROC=0.7842
05:49:20  INFO      pipeline  Best imbalance strategy (OOF AUROC): None → 0.7824 [probe: LightGBM]
05:49:20  INFO      pipeline  ============================================================
05:49:20  INFO      pipeline  STAGE 3: Model Training (nested tuning, OOF predictions, refit)
05:49:20  INFO      pipeline  ============================================================
05:49:20  INFO      pipeline  Training XGBoost …
05:50:49  INFO      pipeline  XGBoost | per-model strategy=None | OOF AUROC by strategy={'SMOTE': 0.7672, 'BorderlineSMOTE': 0.7647, 'SVMSMOTE': 0.773, 'ADASYN': 0.7638, 'None': 0.7749, 'ClassWeight': 0.7728}
05:50:49  INFO      pipeline  RandomizedSearchCV | model=XGBoost strategy=None n_iter=12
05:51:19  INFO      pipeline  Training LightGBM …
05:53:05  INFO      pipeline  LightGBM | per-model strategy=None | OOF AUROC by strategy={'SMOTE': 0.7679, 'BorderlineSMOTE': 0.7668, 'SVMSMOTE': 0.7735, 'ADASYN': 0.7646, 'None': 0.7824, 'ClassWeight': 0.7791}
05:53:05  INFO      pipeline  RandomizedSearchCV | model=LightGBM strategy=None n_iter=12
05:54:21  INFO      pipeline  Training CatBoost …
05:56:32  INFO      pipeline  CatBoost | per-model strategy=None | OOF AUROC by strategy={'SMOTE': 0.774, 'BorderlineSMOTE': 0.7741, 'SVMSMOTE': 0.7795, 'ADASYN': 0.7725, 'None': 0.7846, 'ClassWeight': 0.7722}
05:56:32  INFO      pipeline  RandomizedSearchCV | model=CatBoost strategy=None n_iter=12
05:57:25  INFO      pipeline  Training Random Forest …
06:00:28  INFO      pipeline  Random Forest | per-model strategy=ClassWeight | OOF AUROC by strategy={'SMOTE': 0.7624, 'BorderlineSMOTE': 0.7616, 'SVMSMOTE': 0.7673, 'ADASYN': 0.7579, 'None': 0.7689, 'ClassWeight': 0.7701}
06:00:28  INFO      pipeline  RandomizedSearchCV | model=Random Forest strategy=ClassWeight n_iter=12
06:06:13  INFO      pipeline  Training Logistic Reg. …
06:07:05  INFO      pipeline  Logistic Reg. | per-model strategy=ClassWeight | OOF AUROC by strategy={'SMOTE': 0.7606, 'BorderlineSMOTE': 0.7571, 'SVMSMOTE': 0.7639, 'ADASYN': 0.7576, 'None': 0.7675, 'ClassWeight': 0.7685}
06:07:05  INFO      pipeline  RandomizedSearchCV | model=Logistic Reg. strategy=ClassWeight n_iter=12
06:07:11  INFO      pipeline  Training TabNet …
06:07:11  INFO      models.tabnet_model  Apple MPS backend passed smoke test — using GPU acceleration.
06:07:11  INFO      models.tabnet_model  TabNet starting | device=mps  max_epochs=200  patience=15  batch_size=1024  n_train=19200
06:08:18  INFO      models.tabnet_model  TabNet trained | device=mps  best_epoch=27  elapsed=67.0s
06:08:18  INFO      models.tabnet_model  Apple MPS backend passed smoke test — using GPU acceleration.
06:08:18  INFO      models.tabnet_model  TabNet starting | device=mps  max_epochs=200  patience=15  batch_size=1024  n_train=19200
06:10:08  INFO      models.tabnet_model  TabNet trained | device=mps  best_epoch=58  elapsed=110.3s
06:10:09  INFO      models.tabnet_model  Apple MPS backend passed smoke test — using GPU acceleration.
06:10:09  INFO      models.tabnet_model  TabNet starting | device=mps  max_epochs=200  patience=15  batch_size=1024  n_train=19200

epoch 23 | loss: 0.43201 | val_auc: 0.80005 |  0:00:45s
epoch 24 | loss: 0.43101 | val_auc: 0.80004 |  0:00:47s
epoch 25 | loss: 0.43184 | val_auc: 0.80044 |  0:00:49s
epoch 26 | loss: 0.43221 | val_auc: 0.79871 |  0:00:51s
epoch 27 | loss: 0.43018 | val_auc: 0.80485 |  0:00:53s
epoch 28 | loss: 0.4302  | val_auc: 0.80038 |  0:00:55s
epoch 29 | loss: 0.42815 | val_auc: 0.80113 |  0:00:57s
epoch 30 | loss: 0.42809 | val_auc: 0.79978 |  0:00:59s
epoch 31 | loss: 0.42784 | val_auc: 0.80072 |  0:01:00s
epoch 32 | loss: 0.43215 | val_auc: 0.80208 |  0:01:02s
epoch 33 | loss: 0.43073 | val_auc: 0.80224 |  0:01:04s
epoch 34 | loss: 0.42969 | val_auc: 0.79781 |  0:01:06s
epoch 35 | loss: 0.42876 | val_auc: 0.79322 |  0:01:08s
epoch 36 | loss: 0.4284  | val_auc: 0.79369 |  0:01:10s
epoch 37 | loss: 0.42972 | val_auc: 0.79685 |  0:01:12s
epoch 38 | loss: 0.42722 | val_auc: 0.79952 |  0:01:13s
epoch 39 | loss: 0.42694 | val_auc: 0.79557 |  0:01:15s
epoch 40 | loss: 0.42558 | val_auc: 0.79728 |  0:01:17s
epoch 41 | loss: 0.42659 | val_auc: 0.802   |  0:01:19s
epoch 42 | loss: 0.42564 | val_auc: 0.8011  |  0:01:21s

Early stopping occurred at epoch 42 with best_epoch = 27 and best_val_auc = 0.80485
Successfully saved model at /Users/harekrishna/Downloads/credit-default-xai-benchmark 2/results/outputs/uci/runs/seed_872/models/tabnet.pkl.zip
epoch 0  | loss: 0.71135 | val_auc: 0.67062 |  0:00:01s
epoch 1  | loss: 0.51512 | val_auc: 0.72143 |  0:00:03s
epoch 2  | loss: 0.47616 | val_auc: 0.73261 |  0:00:05s
epoch 3  | loss: 0.46379 | val_auc: 0.73826 |  0:00:06s
epoch 4  | loss: 0.45456 | val_auc: 0.74745 |  0:00:08s
epoch 5  | loss: 0.45299 | val_auc: 0.75004 |  0:00:10s
epoch 6  | loss: 0.44706 | val_auc: 0.7481  |  0:00:11s
epoch 7  | loss: 0.43993 | val_auc: 0.74531 |  0:00:13s
epoch 8  | loss: 0.44284 | val_auc: 0.7522  |  0:00:14s
epoch 9  | loss: 0.43976 | val_auc: 0.74544 |  0:00:16s
epoch 10 | loss: 0.43652 | val_auc: 0.76072 |  0:00:17s
epoch 11 | loss: 0.43962 | val_auc: 0.75732 |  0:00:19s
epoch 12 | loss: 0.44095 | val_auc: 0.7523  |  0:00:20s
epoch 13 | loss: 0.44113 | val_auc: 0.75409 |  0:00:22s
epoch 14 | loss: 0.44031 | val_auc: 0.76502 |  0:00:23s
epoch 15 | loss: 0.4419  | val_auc: 0.76294 |  0:00:25s
epoch 16 | loss: 0.43624 | val_auc: 0.76656 |  0:00:27s
epoch 17 | loss: 0.43609 | val_auc: 0.76095 |  0:00:29s
epoch 18 | loss: 0.43461 | val_auc: 0.7664  |  0:00:30s
epoch 19 | loss: 0.43615 | val_auc: 0.76133 |  0:00:32s
epoch 20 | loss: 0.43745 | val_auc: 0.75949 |  0:00:33s
epoch 21 | loss: 0.43581 | val_auc: 0.76065 |  0:00:35s
epoch 22 | loss: 0.43757 | val_auc: 0.7617  |  0:00:36s
epoch 23 | loss: 0.43415 | val_auc: 0.75775 |  0:00:38s
epoch 24 | loss: 0.43281 | val_auc: 0.76177 |  0:00:39s
epoch 25 | loss: 0.43353 | val_auc: 0.76565 |  0:00:41s
epoch 26 | loss: 0.43264 | val_auc: 0.76552 |  0:00:42s
epoch 27 | loss: 0.43294 | val_auc: 0.76975 |  0:00:44s
epoch 28 | loss: 0.43324 | val_auc: 0.76321 |  0:00:45s
epoch 29 | loss: 0.43287 | val_auc: 0.7655  |  0:00:46s
epoch 30 | loss: 0.43147 | val_auc: 0.76753 |  0:00:48s
epoch 31 | loss: 0.43177 | val_auc: 0.75767 |  0:00:49s
epoch 32 | loss: 0.4339  | val_auc: 0.75671 |  0:00:51s
epoch 33 | loss: 0.43267 | val_auc: 0.76172 |  0:00:52s
epoch 34 | loss: 0.43109 | val_auc: 0.76387 |  0:00:54s
epoch 35 | loss: 0.43074 | val_auc: 0.76659 |  0:00:55s
epoch 36 | loss: 0.43107 | val_auc: 0.76294 |  0:00:57s
epoch 37 | loss: 0.43089 | val_auc: 0.76679 |  0:00:58s
epoch 38 | loss: 0.42985 | val_auc: 0.75887 |  0:01:00s
epoch 39 | loss: 0.43007 | val_auc: 0.7654  |  0:01:01s
epoch 40 | loss: 0.43208 | val_auc: 0.75924 |  0:01:03s
epoch 41 | loss: 0.43341 | val_auc: 0.76695 |  0:01:04s
epoch 42 | loss: 0.43031 | val_auc: 0.76821 |  0:01:05s

Early stopping occurred at epoch 42 with best_epoch = 27 and best_val_auc = 0.76975
epoch 0  | loss: 0.67135 | val_auc: 0.67609 |  0:00:01s
epoch 1  | loss: 0.49065 | val_auc: 0.73912 |  0:00:03s
epoch 2  | loss: 0.45236 | val_auc: 0.75193 |  0:00:04s
epoch 3  | loss: 0.45219 | val_auc: 0.73897 |  0:00:06s
epoch 4  | loss: 0.44502 | val_auc: 0.75357 |  0:00:07s
epoch 5  | loss: 0.446   | val_auc: 0.75505 |  0:00:09s
epoch 6  | loss: 0.44419 | val_auc: 0.75767 |  0:00:10s
epoch 7  | loss: 0.44423 | val_auc: 0.748   |  0:00:12s
epoch 8  | loss: 0.44333 | val_auc: 0.75269 |  0:00:13s
epoch 9  | loss: 0.43863 | val_auc: 0.75911 |  0:00:15s
epoch 10 | loss: 0.43504 | val_auc: 0.76543 |  0:00:16s
epoch 11 | loss: 0.43853 | val_auc: 0.75522 |  0:00:17s
epoch 12 | loss: 0.43917 | val_auc: 0.76101 |  0:00:19s
epoch 13 | loss: 0.43618 | val_auc: 0.76313 |  0:00:20s
epoch 14 | loss: 0.43493 | val_auc: 0.75901 |  0:00:22s
epoch 15 | loss: 0.43684 | val_auc: 0.76293 |  0:00:23s
epoch 16 | loss: 0.43225 | val_auc: 0.75766 |  0:00:25s
epoch 17 | loss: 0.43149 | val_auc: 0.75767 |  0:00:26s
epoch 18 | loss: 0.4328  | val_auc: 0.76029 |  0:00:28s
epoch 19 | loss: 0.43257 | val_auc: 0.76133 |  0:00:29s
epoch 20 | loss: 0.42982 | val_auc: 0.76226 |  0:00:30s
epoch 21 | loss: 0.42915 | val_auc: 0.76571 |  0:00:32s
epoch 22 | loss: 0.42964 | val_auc: 0.7625  |  0:00:34s
epoch 23 | loss: 0.43053 | val_auc: 0.76311 |  0:00:35s
epoch 24 | loss: 0.42944 | val_auc: 0.76516 |  0:00:37s
epoch 25 | loss: 0.43012 | val_auc: 0.76585 |  0:00:38s
epoch 26 | loss: 0.42872 | val_auc: 0.77005 |  0:00:40s
epoch 27 | loss: 0.42857 | val_auc: 0.76527 |  0:00:41s
epoch 28 | loss: 0.42919 | val_auc: 0.76094 |  0:00:43s
epoch 29 | loss: 0.43217 | val_auc: 0.76082 |  0:00:44s
epoch 30 | loss: 0.43138 | val_auc: 0.76781 |  0:00:46s
epoch 31 | loss: 0.42736 | val_auc: 0.76451 |  0:00:47s
epoch 32 | loss: 0.42847 | val_auc: 0.76518 |  0:00:49s
epoch 33 | loss: 0.42619 | val_auc: 0.76998 |  0:00:50s
epoch 34 | loss: 0.42679 | val_auc: 0.77074 |  0:00:52s
epoch 35 | loss: 0.42748 | val_auc: 0.75755 |  0:00:53s
epoch 36 | loss: 0.42816 | val_auc: 0.76625 |  0:00:55s
epoch 37 | loss: 0.42781 | val_auc: 0.76338 |  0:00:56s
epoch 38 | loss: 0.42614 | val_auc: 0.76849 |  0:00:58s
epoch 39 | loss: 0.4257  | val_auc: 0.76708 |  0:00:59s
epoch 40 | loss: 0.42547 | val_auc: 0.76006 |  0:01:00s
epoch 41 | loss: 0.4276  | val_auc: 0.76659 |  0:01:02s
epoch 42 | loss: 0.42614 | val_auc: 0.77165 |  0:01:03s
epoch 43 | loss: 0.4263  | val_auc: 0.76648 |  0:01:05s
epoch 44 | loss: 0.42591 | val_auc: 0.76512 |  0:01:06s
epoch 45 | loss: 0.4265  | val_auc: 0.76978 |  0:01:08s
epoch 46 | loss: 0.42548 | val_auc: 0.7711  |  0:01:09s
epoch 47 | loss: 0.42481 | val_auc: 0.773   |  0:01:11s
epoch 48 | loss: 0.4255  | val_auc: 0.77222 |  0:01:12s
epoch 49 | loss: 0.42678 | val_auc: 0.76988 |  0:01:14s
epoch 50 | loss: 0.42728 | val_auc: 0.7672  |  0:01:15s
epoch 51 | loss: 0.4249  | val_auc: 0.76505 |  0:01:17s
epoch 52 | loss: 0.42544 | val_auc: 0.76848 |  0:01:18s
epoch 53 | loss: 0.42447 | val_auc: 0.76674 |  0:01:20s
epoch 54 | loss: 0.42404 | val_auc: 0.76544 |  0:01:21s
epoch 55 | loss: 0.42447 | val_auc: 0.76654 |  0:01:22s
epoch 56 | loss: 0.42276 | val_auc: 0.77465 |  0:01:24s
epoch 57 | loss: 0.42287 | val_auc: 0.77181 |  0:01:25s
epoch 58 | loss: 0.42089 | val_auc: 0.77524 |  0:01:27s
epoch 59 | loss: 0.42275 | val_auc: 0.77312 |  0:01:28s
epoch 60 | loss: 0.42229 | val_auc: 0.77479 |  0:01:30s
epoch 61 | loss: 0.42313 | val_auc: 0.77054 |  0:01:31s
epoch 62 | loss: 0.42472 | val_auc: 0.77092 |  0:01:33s
epoch 63 | loss: 0.42504 | val_auc: 0.76591 |  0:01:34s
epoch 64 | loss: 0.42333 | val_auc: 0.76737 |  0:01:36s
epoch 65 | loss: 0.42204 | val_auc: 0.76253 |  0:01:37s
epoch 66 | loss: 0.42156 | val_auc: 0.7669  |  0:01:39s
epoch 67 | loss: 0.42184 | val_auc: 0.76446 |  0:01:40s
epoch 68 | loss: 0.42135 | val_auc: 0.767   |  0:01:41s
epoch 69 | loss: 0.42063 | val_auc: 0.76587 |  0:01:43s
epoch 70 | loss: 0.42102 | val_auc: 0.76182 |  0:01:44s
epoch 71 | loss: 0.42145 | val_auc: 0.76326 |  0:01:46s
epoch 72 | loss: 0.42234 | val_auc: 0.76544 |  0:01:47s
epoch 73 | loss: 0.42189 | val_auc: 0.76674 |  0:01:49s

Early stopping occurred at epoch 73 with best_epoch = 58 and best_val_auc = 0.77524
epoch 0  | loss: 0.67639 | val_auc: 0.6771  |  0:00:01s
epoch 1  | loss: 0.49973 | val_auc: 0.73094 |  0:00:03s
epoch 2  | loss: 0.46323 | val_auc: 0.75369 |  0:00:04s06:11:26  INFO      models.tabnet_model  TabNet trained | device=mps  best_epoch=36  elapsed=77.4s
06:11:26  INFO      models.tabnet_model  Apple MPS backend passed smoke test — using GPU acceleration.
06:11:26  INFO      models.tabnet_model  TabNet starting | device=mps  max_epochs=200  patience=15  batch_size=1024  n_train=19200
06:12:25  INFO      models.tabnet_model  TabNet trained | device=mps  best_epoch=23  elapsed=58.3s
06:12:25  INFO      models.tabnet_model  Apple MPS backend passed smoke test — using GPU acceleration.
06:12:25  INFO      models.tabnet_model  TabNet starting | device=mps  max_epochs=200  patience=15  batch_size=1024  n_train=19200
06:13:25  INFO      models.tabnet_model  TabNet trained | device=mps  best_epoch=24  elapsed=60.3s
06:13:26  INFO      models.tabnet_model  Apple MPS backend passed smoke test — using GPU acceleration.
06:13:26  INFO      models.tabnet_model  TabNet starting | device=mps  max_epochs=200  patience=15  batch_size=1024  n_train=24000

epoch 3  | loss: 0.44948 | val_auc: 0.75377 |  0:00:05s
epoch 4  | loss: 0.44735 | val_auc: 0.7518  |  0:00:07s
epoch 5  | loss: 0.4469  | val_auc: 0.75899 |  0:00:08s
epoch 6  | loss: 0.44085 | val_auc: 0.7604  |  0:00:10s
epoch 7  | loss: 0.44119 | val_auc: 0.74635 |  0:00:11s
epoch 8  | loss: 0.44295 | val_auc: 0.76294 |  0:00:13s
epoch 9  | loss: 0.4378  | val_auc: 0.76036 |  0:00:14s
epoch 10 | loss: 0.43695 | val_auc: 0.74829 |  0:00:16s
epoch 11 | loss: 0.43667 | val_auc: 0.75946 |  0:00:17s
epoch 12 | loss: 0.43739 | val_auc: 0.76197 |  0:00:19s
epoch 13 | loss: 0.43397 | val_auc: 0.75982 |  0:00:20s
epoch 14 | loss: 0.43392 | val_auc: 0.76136 |  0:00:22s
epoch 15 | loss: 0.43534 | val_auc: 0.75907 |  0:00:23s
epoch 16 | loss: 0.43296 | val_auc: 0.76056 |  0:00:24s
epoch 17 | loss: 0.43232 | val_auc: 0.75789 |  0:00:26s
epoch 18 | loss: 0.42989 | val_auc: 0.76838 |  0:00:27s
epoch 19 | loss: 0.4291  | val_auc: 0.76595 |  0:00:29s
epoch 20 | loss: 0.42979 | val_auc: 0.76386 |  0:00:30s
epoch 21 | loss: 0.42918 | val_auc: 0.76321 |  0:00:32s
epoch 22 | loss: 0.431   | val_auc: 0.76202 |  0:00:33s
epoch 23 | loss: 0.43365 | val_auc: 0.7652  |  0:00:35s
epoch 24 | loss: 0.43201 | val_auc: 0.76822 |  0:00:36s
epoch 25 | loss: 0.43137 | val_auc: 0.76457 |  0:00:38s
epoch 26 | loss: 0.42942 | val_auc: 0.76987 |  0:00:39s
epoch 27 | loss: 0.43057 | val_auc: 0.76309 |  0:00:41s
epoch 28 | loss: 0.42886 | val_auc: 0.76695 |  0:00:42s
epoch 29 | loss: 0.42843 | val_auc: 0.76625 |  0:00:44s
epoch 30 | loss: 0.42821 | val_auc: 0.764   |  0:00:45s
epoch 31 | loss: 0.42792 | val_auc: 0.76578 |  0:00:46s
epoch 32 | loss: 0.4302  | val_auc: 0.76793 |  0:00:48s
epoch 33 | loss: 0.42699 | val_auc: 0.77266 |  0:00:50s
epoch 34 | loss: 0.42753 | val_auc: 0.77047 |  0:00:51s
epoch 35 | loss: 0.42557 | val_auc: 0.76652 |  0:00:52s
epoch 36 | loss: 0.42748 | val_auc: 0.77508 |  0:00:54s
epoch 37 | loss: 0.42693 | val_auc: 0.77231 |  0:00:55s
epoch 38 | loss: 0.4283  | val_auc: 0.76983 |  0:00:57s
epoch 39 | loss: 0.42627 | val_auc: 0.76998 |  0:00:58s
epoch 40 | loss: 0.4258  | val_auc: 0.76557 |  0:01:00s
epoch 41 | loss: 0.42536 | val_auc: 0.76845 |  0:01:01s
epoch 42 | loss: 0.42671 | val_auc: 0.76629 |  0:01:03s
epoch 43 | loss: 0.42477 | val_auc: 0.77384 |  0:01:04s
epoch 44 | loss: 0.42416 | val_auc: 0.76602 |  0:01:06s
epoch 45 | loss: 0.42312 | val_auc: 0.76595 |  0:01:07s
epoch 46 | loss: 0.42442 | val_auc: 0.76438 |  0:01:09s
epoch 47 | loss: 0.42591 | val_auc: 0.77158 |  0:01:10s
epoch 48 | loss: 0.42592 | val_auc: 0.76599 |  0:01:12s
epoch 49 | loss: 0.42503 | val_auc: 0.76127 |  0:01:13s
epoch 50 | loss: 0.42599 | val_auc: 0.76632 |  0:01:14s
epoch 51 | loss: 0.42567 | val_auc: 0.76994 |  0:01:16s

Early stopping occurred at epoch 51 with best_epoch = 36 and best_val_auc = 0.77508
epoch 0  | loss: 0.72618 | val_auc: 0.67556 |  0:00:01s
epoch 1  | loss: 0.56178 | val_auc: 0.71455 |  0:00:03s
epoch 2  | loss: 0.49164 | val_auc: 0.74176 |  0:00:04s
epoch 3  | loss: 0.46209 | val_auc: 0.75953 |  0:00:06s
epoch 4  | loss: 0.45595 | val_auc: 0.75919 |  0:00:07s
epoch 5  | loss: 0.45209 | val_auc: 0.76269 |  0:00:09s
epoch 6  | loss: 0.45173 | val_auc: 0.76332 |  0:00:10s
epoch 7  | loss: 0.45095 | val_auc: 0.76376 |  0:00:12s
epoch 8  | loss: 0.44681 | val_auc: 0.76431 |  0:00:13s
epoch 9  | loss: 0.44466 | val_auc: 0.76148 |  0:00:15s
epoch 10 | loss: 0.44428 | val_auc: 0.76784 |  0:00:16s
epoch 11 | loss: 0.44188 | val_auc: 0.76667 |  0:00:17s
epoch 12 | loss: 0.44027 | val_auc: 0.76234 |  0:00:19s
epoch 13 | loss: 0.43903 | val_auc: 0.76735 |  0:00:20s
epoch 14 | loss: 0.44021 | val_auc: 0.75437 |  0:00:22s
epoch 15 | loss: 0.4393  | val_auc: 0.76216 |  0:00:23s
epoch 16 | loss: 0.43298 | val_auc: 0.77101 |  0:00:25s
epoch 17 | loss: 0.43451 | val_auc: 0.77263 |  0:00:26s
epoch 18 | loss: 0.43473 | val_auc: 0.76571 |  0:00:28s
epoch 19 | loss: 0.43403 | val_auc: 0.76774 |  0:00:29s
epoch 20 | loss: 0.4319  | val_auc: 0.76979 |  0:00:31s
epoch 21 | loss: 0.43452 | val_auc: 0.76935 |  0:00:32s
epoch 22 | loss: 0.43335 | val_auc: 0.77313 |  0:00:33s
epoch 23 | loss: 0.43085 | val_auc: 0.778   |  0:00:35s
epoch 24 | loss: 0.433   | val_auc: 0.77455 |  0:00:36s
epoch 25 | loss: 0.43331 | val_auc: 0.77007 |  0:00:38s
epoch 26 | loss: 0.43753 | val_auc: 0.77164 |  0:00:39s
epoch 27 | loss: 0.43755 | val_auc: 0.77282 |  0:00:41s
epoch 28 | loss: 0.43237 | val_auc: 0.77501 |  0:00:42s
epoch 29 | loss: 0.43464 | val_auc: 0.77357 |  0:00:44s
epoch 30 | loss: 0.43317 | val_auc: 0.76792 |  0:00:45s
epoch 31 | loss: 0.42944 | val_auc: 0.76426 |  0:00:47s
epoch 32 | loss: 0.43229 | val_auc: 0.77249 |  0:00:48s
epoch 33 | loss: 0.42856 | val_auc: 0.7737  |  0:00:49s
epoch 34 | loss: 0.42942 | val_auc: 0.7735  |  0:00:51s
epoch 35 | loss: 0.42824 | val_auc: 0.7729  |  0:00:52s
epoch 36 | loss: 0.42773 | val_auc: 0.77128 |  0:00:54s
epoch 37 | loss: 0.42724 | val_auc: 0.76968 |  0:00:55s
epoch 38 | loss: 0.42771 | val_auc: 0.76977 |  0:00:57s

Early stopping occurred at epoch 38 with best_epoch = 23 and best_val_auc = 0.778
epoch 0  | loss: 0.67986 | val_auc: 0.68188 |  0:00:01s
epoch 1  | loss: 0.53352 | val_auc: 0.73505 |  0:00:03s
epoch 2  | loss: 0.46918 | val_auc: 0.75209 |  0:00:04s
epoch 3  | loss: 0.45701 | val_auc: 0.74949 |  0:00:06s
epoch 4  | loss: 0.45348 | val_auc: 0.76101 |  0:00:07s
epoch 5  | loss: 0.45588 | val_auc: 0.76991 |  0:00:08s
epoch 6  | loss: 0.44683 | val_auc: 0.76789 |  0:00:10s
epoch 7  | loss: 0.44478 | val_auc: 0.77085 |  0:00:11s
epoch 8  | loss: 0.445   | val_auc: 0.76997 |  0:00:13s
epoch 9  | loss: 0.44411 | val_auc: 0.77789 |  0:00:14s
epoch 10 | loss: 0.44346 | val_auc: 0.77574 |  0:00:16s
epoch 11 | loss: 0.44228 | val_auc: 0.7712  |  0:00:17s
epoch 12 | loss: 0.44366 | val_auc: 0.77564 |  0:00:19s
epoch 13 | loss: 0.44773 | val_auc: 0.77038 |  0:00:20s
epoch 14 | loss: 0.44572 | val_auc: 0.76972 |  0:00:22s
epoch 15 | loss: 0.44167 | val_auc: 0.76304 |  0:00:24s
epoch 16 | loss: 0.43828 | val_auc: 0.76684 |  0:00:25s
epoch 17 | loss: 0.43674 | val_auc: 0.77085 |  0:00:26s
epoch 18 | loss: 0.43499 | val_auc: 0.7765  |  0:00:28s
epoch 19 | loss: 0.43231 | val_auc: 0.77649 |  0:00:29s
epoch 20 | loss: 0.43225 | val_auc: 0.77046 |  0:00:31s
epoch 21 | loss: 0.43336 | val_auc: 0.76604 |  0:00:32s
epoch 22 | loss: 0.43858 | val_auc: 0.77313 |  0:00:34s
epoch 23 | loss: 0.437   | val_auc: 0.77043 |  0:00:35s
epoch 24 | loss: 0.43572 | val_auc: 0.78066 |  0:00:37s
epoch 25 | loss: 0.434   | val_auc: 0.77583 |  0:00:38s
epoch 26 | loss: 0.43546 | val_auc: 0.77308 |  0:00:40s
epoch 27 | loss: 0.43422 | val_auc: 0.77621 |  0:00:41s
epoch 28 | loss: 0.43361 | val_auc: 0.77297 |  0:00:42s
epoch 29 | loss: 0.43179 | val_auc: 0.77342 |  0:00:44s
epoch 30 | loss: 0.42931 | val_auc: 0.7721  |  0:00:45s
epoch 31 | loss: 0.4301  | val_auc: 0.7712  |  0:00:47s
epoch 32 | loss: 0.42936 | val_auc: 0.76833 |  0:00:48s
epoch 33 | loss: 0.42933 | val_auc: 0.77008 |  0:00:50s
epoch 34 | loss: 0.42872 | val_auc: 0.77624 |  0:00:51s
epoch 35 | loss: 0.42825 | val_auc: 0.77353 |  0:00:53s
epoch 36 | loss: 0.42791 | val_auc: 0.77158 |  0:00:54s
epoch 37 | loss: 0.42657 | val_auc: 0.77432 |  0:00:56s
epoch 38 | loss: 0.42715 | val_auc: 0.77761 |  0:00:57s
epoch 39 | loss: 0.42647 | val_auc: 0.77899 |  0:00:59s

Early stopping occurred at epoch 39 with best_epoch = 24 and best_val_auc = 0.78066
epoch 0  | loss: 0.67777 | val_auc: 0.66021 |  0:00:02s
epoch 1  | loss: 0.50338 | val_auc: 0.72902 |  0:00:04s
epoch 2  | loss: 0.45549 | val_auc: 0.73573 |  0:00:06s
epoch 3  | loss: 0.44896 | val_auc: 0.74146 |  0:00:08s
epoch 4  | loss: 0.4504  | val_auc: 0.75836 |  0:00:10s
epoch 5  | loss: 0.44273 | val_auc: 0.77053 |  0:00:11s
epoch 6  | loss: 0.44202 | val_auc: 0.75259 |  0:00:13s
epoch 7  | loss: 0.44758 | val_auc: 0.76953 |  0:00:15s
epoch 8  | loss: 0.43702 | val_auc: 0.77512 |  0:00:17s
epoch 9  | loss: 0.43795 | val_auc: 0.77871 |  0:00:19s
epoch 10 | loss: 0.43713 | val_auc: 0.77909 |  0:00:21s
epoch 11 | loss: 0.43566 | val_auc: 0.78254 |  0:00:23s
epoch 12 | loss: 0.43419 | val_auc: 0.78147 |  0:00:25s
epoch 13 | loss: 0.43329 | val_auc: 0.78494 |  0:00:27s06:14:24  INFO      models.tabnet_model  TabNet trained | device=mps  best_epoch=14  elapsed=58.5s
06:14:24  INFO      models.tabnet_model  TabNet model saved to /Users/harekrishna/Downloads/credit-default-xai-benchmark 2/results/outputs/uci/runs/seed_999/models/tabnet.pkl
06:14:24  INFO      pipeline  ============================================================
06:14:24  INFO      pipeline  STAGE 4: Evaluation (selection on OOF; test scored once)
06:14:24  INFO      pipeline  ============================================================
06:14:24  INFO      pipeline  XGBoost | OOF AUROC=0.7852  f1*=0.5469 @ t=0.25 | test AUROC=0.7889  F1=0.5519  MCC=0.4125
06:14:25  INFO      pipeline  LightGBM | OOF AUROC=0.7868  f1*=0.5478 @ t=0.26 | test AUROC=0.7887  F1=0.5488  MCC=0.4101
06:14:25  INFO      pipeline  CatBoost | OOF AUROC=0.7863  f1*=0.5472 @ t=0.28 | test AUROC=0.7874  F1=0.5506  MCC=0.4184
06:14:25  INFO      pipeline  Random Forest | OOF AUROC=0.7843  f1*=0.5465 @ t=0.55 | test AUROC=0.7857  F1=0.5494  MCC=0.4149
06:14:25  INFO      pipeline  Logistic Reg. | OOF AUROC=0.7685  f1*=0.5370 @ t=0.60 | test AUROC=0.7637  F1=0.5338  MCC=0.3975
06:14:26  INFO      pipeline  TabNet | OOF AUROC=0.7735  f1*=0.5415 @ t=0.27 | test AUROC=0.7800  F1=0.5385  MCC=0.3966
06:14:26  INFO      pipeline  LaTeX table → /Users/harekrishna/Downloads/credit-default-xai-benchmark 2/results/outputs/uci/runs/seed_999/results/table2_test_metrics.tex
06:14:26  INFO      pipeline  
                AUROC   AUPRC      F1  Precision  Recall  Specificity  G-Mean     MCC   Brier
Model                                                                                        
XGBoost        0.7889  0.5747  0.5519     0.5063  0.6066       0.8320  0.7104  0.4125  0.1319
LightGBM       0.7887  0.5784  0.5488     0.5107  0.5931       0.8386  0.7052  0.4101  0.1316
CatBoost       0.7874  0.5712  0.5506     0.5348  0.5674       0.8598  0.6985  0.4184  0.1323
Random Forest  0.7857  0.5716  0.5494     0.5266  0.5742       0.8534  0.7000  0.4149  0.1778
Logistic Reg.  0.7637  0.5060  0.5338     0.5212  0.5471       0.8573  0.6848  0.3975  0.1887
TabNet         0.7800  0.5415  0.5385     0.5013  0.5818       0.8357  0.6972  0.3966  0.1348
06:14:26  INFO      visualization.plots  Fig 2 saved → /Users/harekrishna/Downloads/credit-default-xai-benchmark 2/results/outputs/uci/runs/seed_999/figures/fig02_roc_curves.pdf
06:14:26  INFO      visualization.plots  Fig 3 saved → /Users/harekrishna/Downloads/credit-default-xai-benchmark 2/results/outputs/uci/runs/seed_999/figures/fig03_pr_curves.pdf
06:14:26  INFO      visualization.plots  Fig 4 saved → /Users/harekrishna/Downloads/credit-default-xai-benchmark 2/results/outputs/uci/runs/seed_999/figures/fig04_confusion_lightgbm.pdf
06:27:54  INFO      pipeline  Skipping TabNet in Fig 10 ablation (pass --full-ablation to include).
06:27:54  INFO      visualization.plots  Fig 10 saved → /Users/harekrishna/Downloads/credit-default-xai-benchmark 2/results/outputs/uci/runs/seed_999/figures/fig10_smote_ablation.pdf
06:27:54  INFO      pipeline  ============================================================
06:27:54  INFO      pipeline  STAGE 5: SHAP Explanations
06:27:54  INFO      pipeline  ============================================================
06:27:54  INFO      explainability.shap_explainer  SHAP TreeExplainer initialised | output_space=log_odds
06:27:55  INFO      explainability.shap_explainer  SHAP values computed | shape=(2000, 31)
06:27:55  INFO      explainability.shap_explainer  SHAP additivity check | MAE=0.00000 | PASS ✓
06:27:56  INFO      explainability.shap_explainer  Saved SHAP summary → /Users/harekrishna/Downloads/credit-default-xai-benchmark 2/results/outputs/uci/runs/seed_999/figures/fig05a_shap_summary_LightGBM.pdf
06:27:56  INFO      explainability.shap_explainer  Saved SHAP bar → /Users/harekrishna/Downloads/credit-default-xai-benchmark 2/results/outputs/uci/runs/seed_999/figures/fig05b_shap_bar_LightGBM.pdf
06:27:56  INFO      explainability.shap_explainer  Saved SHAP dependence → /Users/harekrishna/Downloads/credit-default-xai-benchmark 2/results/outputs/uci/runs/seed_999/figures/fig06_shap_dep_avg_pay_delay.pdf
06:27:56  INFO      pipeline  LaTeX table → /Users/harekrishna/Downloads/credit-default-xai-benchmark 2/results/outputs/uci/runs/seed_999/results/table3_shap_ranking.tex
06:27:56  INFO      visualization.plots  Fig 8 saved → /Users/harekrishna/Downloads/credit-default-xai-benchmark 2/results/outputs/uci/runs/seed_999/figures/fig08_importance_comparison.pdf
06:27:57  INFO      visualization.plots  Fig 9 saved → /Users/harekrishna/Downloads/credit-default-xai-benchmark 2/results/outputs/uci/runs/seed_999/figures/fig09_threshold_sweep.pdf
06:27:57  INFO      pipeline  ============================================================
06:27:57  INFO      pipeline  STAGE 6: LIME Explanations
06:27:57  INFO      pipeline  ============================================================
06:27:57  INFO      explainability.lime_explainer  LIME tabular explainer initialised | features=31
06:27:57  INFO      pipeline  Local instances selected: {'TP': 2776, 'FP': 4933, 'FN': 512, 'TN': 4578}
06:27:57  INFO      explainability.lime_explainer  Saved LIME explanation → /Users/harekrishna/Downloads/credit-default-xai-benchmark 2/results/outputs/uci/runs/seed_999/figures/fig07_tp_lime.pdf
06:27:57  INFO      explainability.lime_explainer  Saved LIME explanation → /Users/harekrishna/Downloads/credit-default-xai-benchmark 2/results/outputs/uci/runs/seed_999/figures/fig07_fp_lime.pdf
06:27:58  INFO      explainability.lime_explainer  Saved LIME explanation → /Users/harekrishna/Downloads/credit-default-xai-benchmark 2/results/outputs/uci/runs/seed_999/figures/fig07_fn_lime.pdf
06:27:58  INFO      explainability.lime_explainer  Saved LIME explanation → /Users/harekrishna/Downloads/credit-default-xai-benchmark 2/results/outputs/uci/runs/seed_999/figures/fig07_tn_lime.pdf
06:27:58  INFO      explainability.lime_explainer  Saved LIME multi-instance grid → /Users/harekrishna/Downloads/credit-default-xai-benchmark 2/results/outputs/uci/runs/seed_999/figures/fig07_lime_multi_instance.pdf
06:28:02  INFO      explainability.lime_explainer  LIME batch complete | n=200
06:28:02  INFO      explainability.lime_explainer  SHAP–LIME agreement | mean ρ=0.664 ± 0.143
06:28:02  INFO      explainability.lime_explainer  LIME tabular explainer initialised | features=31
06:28:02  INFO      explainability.lime_explainer  LIME tabular explainer initialised | features=31
06:28:02  INFO      explainability.lime_explainer  LIME tabular explainer initialised | features=31
06:28:02  INFO      explainability.lime_explainer  LIME tabular explainer initialised | features=31
06:28:02  INFO      explainability.lime_explainer  LIME tabular explainer initialised | features=31
06:28:03  INFO      explainability.lime_explainer  LIME tabular explainer initialised | features=31
06:28:03  INFO      explainability.lime_explainer  LIME tabular explainer initialised | features=31
06:28:03  INFO      explainability.lime_explainer  LIME tabular explainer initialised | features=31
06:28:03  INFO      explainability.lime_explainer  LIME tabular explainer initialised | features=31
06:28:03  INFO      explainability.lime_explainer  LIME tabular explainer initialised | features=31
06:28:03  INFO      explainability.lime_explainer  LIME tabular explainer initialised | features=31
06:28:03  INFO      explainability.lime_explainer  LIME tabular explainer initialised | features=31
06:28:04  INFO      explainability.lime_explainer  LIME tabular explainer initialised | features=31
06:28:04  INFO      explainability.lime_explainer  LIME tabular explainer initialised | features=31
06:28:04  INFO      explainability.lime_explainer  LIME tabular explainer initialised | features=31
06:28:04  INFO      explainability.lime_explainer  LIME tabular explainer initialised | features=31
06:28:04  INFO      explainability.lime_explainer  LIME tabular explainer initialised | features=31
06:28:04  INFO      explainability.lime_explainer  LIME tabular explainer initialised | features=31
06:28:04  INFO      explainability.lime_explainer  LIME tabular explainer initialised | features=31
06:28:05  INFO      explainability.lime_explainer  LIME tabular explainer initialised | features=31
06:28:05  INFO      explainability.lime_explainer  LIME tabular explainer initialised | features=31
06:28:05  INFO      explainability.lime_explainer  LIME tabular explainer initialised | features=31
06:28:05  INFO      explainability.lime_explainer  LIME tabular explainer initialised | features=31
06:28:05  INFO      explainability.lime_explainer  LIME tabular explainer initialised | features=31
06:28:05  INFO      explainability.lime_explainer  LIME tabular explainer initialised | features=31
06:28:05  INFO      explainability.lime_explainer  LIME tabular explainer initialised | features=31
06:28:05  INFO      explainability.lime_explainer  LIME tabular explainer initialised | features=31
06:28:06  INFO      explainability.lime_explainer  LIME tabular explainer initialised | features=31
06:28:06  INFO      explainability.lime_explainer  LIME tabular explainer initialised | features=31
06:28:06  INFO      explainability.lime_explainer  LIME tabular explainer initialised | features=31
06:28:06  INFO      explainability.lime_explainer  LIME tabular explainer initialised | features=31
06:28:06  INFO      explainability.lime_explainer  LIME tabular explainer initialised | features=31
06:28:06  INFO      explainability.lime_explainer  LIME tabular explainer initialised | features=31
06:28:06  INFO      explainability.lime_explainer  LIME tabular explainer initialised | features=31
06:28:07  INFO      explainability.lime_explainer  LIME tabular explainer initialised | features=31
06:28:07  INFO      explainability.lime_explainer  LIME tabular explainer initialised | features=31
06:28:07  INFO      explainability.lime_explainer  LIME tabular explainer initialised | features=31
06:28:07  INFO      explainability.lime_explainer  LIME tabular explainer initialised | features=31
06:28:07  INFO      explainability.lime_explainer  LIME tabular explainer initialised | features=31
06:28:07  INFO      explainability.lime_explainer  LIME tabular explainer initialised | features=31
06:28:07  INFO      explainability.lime_explainer  LIME tabular explainer initialised | features=31
06:28:08  INFO      explainability.lime_explainer  LIME tabular explainer initialised | features=31
06:28:08  INFO      explainability.lime_explainer  LIME tabular explainer initialised | features=31
06:28:08  INFO      explainability.lime_explainer  LIME tabular explainer initialised | features=31
06:28:08  INFO      explainability.lime_explainer  LIME tabular explainer initialised | features=31
06:28:08  INFO      explainability.lime_explainer  LIME tabular explainer initialised | features=31
06:28:08  INFO      explainability.lime_explainer  LIME tabular explainer initialised | features=31
06:28:08  INFO      explainability.lime_explainer  LIME tabular explainer initialised | features=31
06:28:09  INFO      explainability.lime_explainer  LIME tabular explainer initialised | features=31
06:28:09  INFO      explainability.lime_explainer  LIME tabular explainer initialised | features=31
06:28:09  INFO      explainability.lime_explainer  LIME tabular explainer initialised | features=31
06:28:09  INFO      explainability.lime_explainer  LIME tabular explainer initialised | features=31
06:28:09  INFO      explainability.lime_explainer  LIME tabular explainer initialised | features=31
06:28:09  INFO      explainability.lime_explainer  LIME tabular explainer initialised | features=31
06:28:09  INFO      explainability.lime_explainer  LIME tabular explainer initialised | features=31
06:28:10  INFO      explainability.lime_explainer  LIME tabular explainer initialised | features=31
06:28:10  INFO      explainability.lime_explainer  LIME tabular explainer initialised | features=31
06:28:10  INFO      explainability.lime_explainer  LIME tabular explainer initialised | features=31
06:28:10  INFO      explainability.lime_explainer  LIME tabular explainer initialised | features=31
06:28:10  INFO      explainability.lime_explainer  LIME tabular explainer initialised | features=31
06:28:10  INFO      explainability.lime_explainer  LIME tabular explainer initialised | features=31
06:28:10  INFO      explainability.lime_explainer  LIME tabular explainer initialised | features=31
06:28:11  INFO      explainability.lime_explainer  LIME tabular explainer initialised | features=31
06:28:11  INFO      explainability.lime_explainer  LIME tabular explainer initialised | features=31
06:28:11  INFO      explainability.lime_explainer  LIME tabular explainer initialised | features=31
06:28:11  INFO      explainability.lime_explainer  LIME tabular explainer initialised | features=31
06:28:11  INFO      explainability.lime_explainer  LIME tabular explainer initialised | features=31
06:28:11  INFO      explainability.lime_explainer  LIME tabular explainer initialised | features=31
06:28:11  INFO      explainability.lime_explainer  LIME tabular explainer initialised | features=31
06:28:12  INFO      explainability.lime_explainer  LIME tabular explainer initialised | features=31
06:28:12  INFO      explainability.lime_explainer  LIME tabular explainer initialised | features=31
06:28:12  INFO      explainability.lime_explainer  LIME tabular explainer initialised | features=31
06:28:12  INFO      explainability.lime_explainer  LIME tabular explainer initialised | features=31
06:28:12  INFO      explainability.lime_explainer  LIME tabular explainer initialised | features=31
06:28:12  INFO      explainability.lime_explainer  LIME tabular explainer initialised | features=31
06:28:12  INFO      explainability.lime_explainer  LIME tabular explainer initialised | features=31
06:28:12  INFO      explainability.lime_explainer  LIME tabular explainer initialised | features=31
06:28:13  INFO      explainability.lime_explainer  LIME tabular explainer initialised | features=31
06:28:13  INFO      explainability.lime_explainer  LIME tabular explainer initialised | features=31
06:28:13  INFO      explainability.lime_explainer  LIME tabular explainer initialised | features=31
06:28:13  INFO      explainability.lime_explainer  LIME tabular explainer initialised | features=31
06:28:13  INFO      explainability.lime_explainer  LIME tabular explainer initialised | features=31
06:28:13  INFO      explainability.lime_explainer  LIME tabular explainer initialised | features=31
06:28:13  INFO      explainability.lime_explainer  LIME tabular explainer initialised | features=31
06:28:14  INFO      explainability.lime_explainer  LIME tabular explainer initialised | features=31
06:28:14  INFO      explainability.lime_explainer  LIME tabular explainer initialised | features=31
06:28:14  INFO      explainability.lime_explainer  LIME tabular explainer initialised | features=31
06:28:14  INFO      explainability.lime_explainer  LIME tabular explainer initialised | features=31
06:28:14  INFO      explainability.lime_explainer  LIME tabular explainer initialised | features=31
06:28:14  INFO      explainability.lime_explainer  LIME tabular explainer initialised | features=31
06:28:14  INFO      explainability.lime_explainer  LIME tabular explainer initialised | features=31
06:28:15  INFO      explainability.lime_explainer  LIME tabular explainer initialised | features=31
06:28:15  INFO      explainability.lime_explainer  LIME tabular explainer initialised | features=31
06:28:15  INFO      explainability.lime_explainer  LIME tabular explainer initialised | features=31
06:28:15  INFO      explainability.lime_explainer  LIME tabular explainer initialised | features=31
06:28:15  INFO      explainability.lime_explainer  LIME tabular explainer initialised | features=31
06:28:15  INFO      explainability.lime_explainer  LIME tabular explainer initialised | features=31
06:28:15  INFO      explainability.lime_explainer  LIME tabular explainer initialised | features=31
06:28:16  INFO      explainability.lime_explainer  LIME tabular explainer initialised | features=31
06:28:16  INFO      explainability.lime_explainer  LIME tabular explainer initialised | features=31
06:28:16  INFO      explainability.lime_explainer  LIME tabular explainer initialised | features=31
06:28:16  INFO      explainability.lime_explainer  LIME tabular explainer initialised | features=31
06:28:16  INFO      explainability.lime_explainer  LIME tabular explainer initialised | features=31
06:28:16  INFO      explainability.lime_explainer  LIME tabular explainer initialised | features=31
06:28:16  INFO      explainability.lime_explainer  LIME tabular explainer initialised | features=31
06:28:17  INFO      explainability.lime_explainer  LIME tabular explainer initialised | features=31
06:28:17  INFO      explainability.lime_explainer  LIME tabular explainer initialised | features=31
06:28:17  INFO      explainability.lime_explainer  LIME tabular explainer initialised | features=31
06:28:17  INFO      explainability.lime_explainer  LIME tabular explainer initialised | features=31
06:28:17  INFO      explainability.lime_explainer  LIME tabular explainer initialised | features=31
06:28:17  INFO      explainability.lime_explainer  LIME tabular explainer initialised | features=31
06:28:17  INFO      explainability.lime_explainer  LIME tabular explainer initialised | features=31
06:28:18  INFO      explainability.lime_explainer  LIME tabular explainer initialised | features=31
06:28:18  INFO      explainability.lime_explainer  LIME tabular explainer initialised | features=31
06:28:18  INFO      explainability.lime_explainer  LIME tabular explainer initialised | features=31
06:28:18  INFO      explainability.lime_explainer  LIME tabular explainer initialised | features=31
06:28:18  INFO      explainability.lime_explainer  LIME tabular explainer initialised | features=31
06:28:18  INFO      explainability.lime_explainer  LIME tabular explainer initialised | features=31
06:28:18  INFO      explainability.lime_explainer  LIME tabular explainer initialised | features=31
06:28:19  INFO      explainability.lime_explainer  LIME tabular explainer initialised | features=31
06:28:19  INFO      explainability.lime_explainer  LIME tabular explainer initialised | features=31
06:28:19  INFO      explainability.lime_explainer  LIME tabular explainer initialised | features=31
06:28:19  INFO      explainability.lime_explainer  LIME tabular explainer initialised | features=31
06:28:19  INFO      explainability.lime_explainer  LIME tabular explainer initialised | features=31
06:28:19  INFO      explainability.lime_explainer  LIME tabular explainer initialised | features=31
06:28:19  INFO      explainability.lime_explainer  LIME tabular explainer initialised | features=31
06:28:20  INFO      explainability.lime_explainer  LIME tabular explainer initialised | features=31
06:28:20  INFO      explainability.lime_explainer  LIME tabular explainer initialised | features=31
06:28:20  INFO      explainability.lime_explainer  LIME tabular explainer initialised | features=31
06:28:20  INFO      explainability.lime_explainer  LIME tabular explainer initialised | features=31
06:28:20  INFO      explainability.lime_explainer  LIME tabular explainer initialised | features=31
06:28:20  INFO      explainability.lime_explainer  LIME tabular explainer initialised | features=31
06:28:20  INFO      explainability.lime_explainer  LIME tabular explainer initialised | features=31
06:28:21  INFO      explainability.lime_explainer  LIME tabular explainer initialised | features=31
06:28:21  INFO      explainability.lime_explainer  LIME tabular explainer initialised | features=31
06:28:21  INFO      explainability.lime_explainer  LIME tabular explainer initialised | features=31
06:28:21  INFO      explainability.lime_explainer  LIME tabular explainer initialised | features=31
06:28:21  INFO      explainability.lime_explainer  LIME tabular explainer initialised | features=31
06:28:21  INFO      explainability.lime_explainer  LIME tabular explainer initialised | features=31
06:28:21  INFO      explainability.lime_explainer  LIME tabular explainer initialised | features=31
06:28:21  INFO      explainability.lime_explainer  LIME tabular explainer initialised | features=31
06:28:22  INFO      explainability.lime_explainer  LIME tabular explainer initialised | features=31
06:28:22  INFO      explainability.lime_explainer  LIME tabular explainer initialised | features=31
06:28:22  INFO      explainability.lime_explainer  LIME tabular explainer initialised | features=31
06:28:22  INFO      explainability.lime_explainer  LIME tabular explainer initialised | features=31
06:28:22  INFO      explainability.lime_explainer  LIME tabular explainer initialised | features=31
06:28:22  INFO      explainability.lime_explainer  LIME tabular explainer initialised | features=31
06:28:22  INFO      explainability.lime_explainer  LIME tabular explainer initialised | features=31
06:28:23  INFO      explainability.lime_explainer  LIME tabular explainer initialised | features=31
06:28:23  INFO      explainability.lime_explainer  LIME tabular explainer initialised | features=31
06:28:23  INFO      explainability.lime_explainer  LIME tabular explainer initialised | features=31
06:28:23  INFO      explainability.lime_explainer  LIME tabular explainer initialised | features=31
06:28:23  INFO      explainability.lime_explainer  LIME tabular explainer initialised | features=31
06:28:23  INFO      explainability.lime_explainer  LIME tabular explainer initialised | features=31
06:28:23  INFO      explainability.lime_explainer  LIME tabular explainer initialised | features=31
06:28:24  INFO      explainability.lime_explainer  LIME tabular explainer initialised | features=31
06:28:24  INFO      explainability.lime_explainer  LIME tabular explainer initialised | features=31
06:28:24  INFO      explainability.lime_explainer  LIME tabular explainer initialised | features=31
06:28:24  INFO      explainability.lime_explainer  LIME tabular explainer initialised | features=31
06:28:24  INFO      explainability.lime_explainer  LIME tabular explainer initialised | features=31
06:28:24  INFO      explainability.lime_explainer  LIME tabular explainer initialised | features=31
06:28:24  INFO      explainability.lime_explainer  LIME tabular explainer initialised | features=31
06:28:25  INFO      explainability.lime_explainer  LIME tabular explainer initialised | features=31
06:28:25  INFO      explainability.lime_explainer  LIME tabular explainer initialised | features=31
06:28:25  INFO      explainability.lime_explainer  LIME tabular explainer initialised | features=31
06:28:25  INFO      explainability.lime_explainer  LIME tabular explainer initialised | features=31
06:28:25  INFO      explainability.lime_explainer  LIME tabular explainer initialised | features=31
06:28:25  INFO      explainability.lime_explainer  LIME tabular explainer initialised | features=31
06:28:25  INFO      explainability.lime_explainer  LIME tabular explainer initialised | features=31
06:28:26  INFO      explainability.lime_explainer  LIME tabular explainer initialised | features=31
06:28:26  INFO      explainability.lime_explainer  LIME tabular explainer initialised | features=31
06:28:26  INFO      explainability.lime_explainer  LIME tabular explainer initialised | features=31
06:28:26  INFO      explainability.lime_explainer  LIME tabular explainer initialised | features=31
06:28:26  INFO      explainability.lime_explainer  LIME tabular explainer initialised | features=31
06:28:26  INFO      explainability.lime_explainer  LIME tabular explainer initialised | features=31
06:28:26  INFO      explainability.lime_explainer  LIME tabular explainer initialised | features=31
06:28:27  INFO      explainability.lime_explainer  LIME tabular explainer initialised | features=31
06:28:27  INFO      explainability.lime_explainer  LIME tabular explainer initialised | features=31
06:28:27  INFO      explainability.lime_explainer  LIME tabular explainer initialised | features=31
06:28:27  INFO      explainability.lime_explainer  LIME tabular explainer initialised | features=31
06:28:27  INFO      explainability.lime_explainer  LIME tabular explainer initialised | features=31
06:28:27  INFO      explainability.lime_explainer  LIME tabular explainer initialised | features=31
06:28:27  INFO      explainability.lime_explainer  LIME tabular explainer initialised | features=31
06:28:28  INFO      explainability.lime_explainer  LIME tabular explainer initialised | features=31
06:28:28  INFO      explainability.lime_explainer  LIME tabular explainer initialised | features=31
06:28:28  INFO      explainability.lime_explainer  LIME tabular explainer initialised | features=31
06:28:28  INFO      explainability.lime_explainer  LIME tabular explainer initialised | features=31
06:28:28  INFO      explainability.lime_explainer  LIME tabular explainer initialised | features=31
06:28:28  INFO      explainability.lime_explainer  LIME tabular explainer initialised | features=31
06:28:29  INFO      explainability.lime_explainer  LIME tabular explainer initialised | features=31
06:28:29  INFO      explainability.lime_explainer  LIME tabular explainer initialised | features=31
06:28:29  INFO      explainability.lime_explainer  LIME tabular explainer initialised | features=31
06:28:29  INFO      explainability.lime_explainer  LIME tabular explainer initialised | features=31
06:28:29  INFO      explainability.lime_explainer  LIME tabular explainer initialised | features=31
06:28:29  INFO      explainability.lime_explainer  LIME tabular explainer initialised | features=31
06:28:29  INFO      explainability.lime_explainer  LIME tabular explainer initialised | features=31
06:28:30  INFO      explainability.lime_explainer  LIME tabular explainer initialised | features=31
06:28:30  INFO      explainability.lime_explainer  LIME tabular explainer initialised | features=31
06:28:30  INFO      explainability.lime_explainer  LIME tabular explainer initialised | features=31
06:28:30  INFO      explainability.lime_explainer  LIME tabular explainer initialised | features=31
06:28:30  INFO      explainability.lime_explainer  LIME tabular explainer initialised | features=31
06:28:30  INFO      explainability.lime_explainer  LIME tabular explainer initialised | features=31
06:28:30  INFO      explainability.lime_explainer  LIME tabular explainer initialised | features=31
06:28:31  INFO      explainability.lime_explainer  LIME tabular explainer initialised | features=31
06:28:31  INFO      explainability.lime_explainer  LIME tabular explainer initialised | features=31
06:28:31  INFO      explainability.lime_explainer  LIME tabular explainer initialised | features=31
06:28:31  INFO      explainability.lime_explainer  LIME tabular explainer initialised | features=31
06:28:31  INFO      explainability.lime_explainer  LIME tabular explainer initialised | features=31
06:28:31  INFO      explainability.lime_explainer  LIME tabular explainer initialised | features=31
06:28:31  INFO      explainability.lime_explainer  LIME tabular explainer initialised | features=31
06:28:32  INFO      explainability.lime_explainer  LIME tabular explainer initialised | features=31
06:28:32  INFO      explainability.lime_explainer  LIME tabular explainer initialised | features=31
06:28:32  INFO      explainability.lime_explainer  LIME tabular explainer initialised | features=31
06:28:32  INFO      explainability.lime_explainer  LIME tabular explainer initialised | features=31
06:28:32  INFO      explainability.lime_explainer  LIME tabular explainer initialised | features=31
06:28:32  INFO      explainability.lime_explainer  LIME tabular explainer initialised | features=31
06:28:32  INFO      explainability.lime_explainer  LIME tabular explainer initialised | features=31
06:28:33  INFO      explainability.lime_explainer  LIME tabular explainer initialised | features=31
06:28:33  INFO      explainability.lime_explainer  LIME tabular explainer initialised | features=31
06:28:33  INFO      explainability.lime_explainer  LIME tabular explainer initialised | features=31
06:28:33  INFO      explainability.lime_explainer  LIME tabular explainer initialised | features=31
06:28:33  INFO      explainability.lime_explainer  LIME tabular explainer initialised | features=31
06:28:33  INFO      explainability.lime_explainer  LIME tabular explainer initialised | features=31
06:28:33  INFO      explainability.lime_explainer  LIME tabular explainer initialised | features=31
06:28:33  INFO      explainability.lime_explainer  LIME tabular explainer initialised | features=31
06:28:34  INFO      explainability.lime_explainer  LIME tabular explainer initialised | features=31
06:28:34  INFO      explainability.lime_explainer  LIME tabular explainer initialised | features=31
06:28:34  INFO      explainability.lime_explainer  LIME tabular explainer initialised | features=31
06:28:34  INFO      explainability.lime_explainer  LIME tabular explainer initialised | features=31
06:28:34  INFO      explainability.lime_explainer  LIME tabular explainer initialised | features=31
06:28:34  INFO      explainability.lime_explainer  LIME tabular explainer initialised | features=31
06:28:34  INFO      explainability.lime_explainer  LIME tabular explainer initialised | features=31
06:28:35  INFO      explainability.lime_explainer  LIME tabular explainer initialised | features=31
06:28:35  INFO      explainability.lime_explainer  LIME tabular explainer initialised | features=31
06:28:35  INFO      explainability.lime_explainer  LIME tabular explainer initialised | features=31
06:28:35  INFO      explainability.lime_explainer  LIME tabular explainer initialised | features=31
06:28:35  INFO      explainability.lime_explainer  LIME tabular explainer initialised | features=31
06:28:35  INFO      explainability.lime_explainer  LIME tabular explainer initialised | features=31
06:28:35  INFO      explainability.lime_explainer  LIME tabular explainer initialised | features=31
06:28:36  INFO      explainability.lime_explainer  LIME tabular explainer initialised | features=31
06:28:36  INFO      explainability.lime_explainer  LIME tabular explainer initialised | features=31
06:28:36  INFO      explainability.lime_explainer  LIME tabular explainer initialised | features=31
06:28:36  INFO      explainability.lime_explainer  LIME tabular explainer initialised | features=31
06:28:36  INFO      explainability.lime_explainer  LIME tabular explainer initialised | features=31
06:28:36  INFO      explainability.lime_explainer  LIME tabular explainer initialised | features=31
06:28:36  INFO      explainability.lime_explainer  LIME tabular explainer initialised | features=31
06:28:37  INFO      explainability.lime_explainer  LIME tabular explainer initialised | features=31
06:28:37  INFO      explainability.lime_explainer  LIME tabular explainer initialised | features=31
06:28:37  INFO      explainability.lime_explainer  LIME tabular explainer initialised | features=31
06:28:37  INFO      explainability.lime_explainer  LIME tabular explainer initialised | features=31
06:28:37  INFO      explainability.lime_explainer  LIME tabular explainer initialised | features=31
06:28:37  INFO      explainability.lime_explainer  LIME tabular explainer initialised | features=31
06:28:37  INFO      explainability.lime_explainer  LIME tabular explainer initialised | features=31
06:28:38  INFO      explainability.lime_explainer  LIME tabular explainer initialised | features=31
06:28:38  INFO      explainability.lime_explainer  LIME tabular explainer initialised | features=31
06:28:38  INFO      explainability.lime_explainer  LIME tabular explainer initialised | features=31
06:28:38  INFO      explainability.lime_explainer  LIME tabular explainer initialised | features=31
06:28:38  INFO      explainability.lime_explainer  LIME tabular explainer initialised | features=31
06:28:38  INFO      explainability.lime_explainer  LIME tabular explainer initialised | features=31
06:28:38  INFO      explainability.lime_explainer  LIME tabular explainer initialised | features=31
06:28:39  INFO      explainability.lime_explainer  LIME tabular explainer initialised | features=31
06:28:39  INFO      explainability.lime_explainer  LIME tabular explainer initialised | features=31
06:28:39  INFO      explainability.lime_explainer  LIME tabular explainer initialised | features=31
06:28:39  INFO      explainability.lime_explainer  LIME tabular explainer initialised | features=31
06:28:39  INFO      explainability.lime_explainer  LIME tabular explainer initialised | features=31
06:28:39  INFO      explainability.lime_explainer  LIME tabular explainer initialised | features=31
06:28:39  INFO      explainability.lime_explainer  LIME tabular explainer initialised | features=31
06:28:40  INFO      explainability.lime_explainer  LIME tabular explainer initialised | features=31
06:28:40  INFO      explainability.lime_explainer  LIME tabular explainer initialised | features=31
06:28:40  INFO      explainability.lime_explainer  LIME tabular explainer initialised | features=31
06:28:40  INFO      explainability.lime_explainer  LIME tabular explainer initialised | features=31
06:28:40  INFO      explainability.lime_explainer  LIME tabular explainer initialised | features=31
06:28:40  INFO      explainability.lime_explainer  LIME tabular explainer initialised | features=31
06:28:40  INFO      explainability.lime_explainer  LIME tabular explainer initialised | features=31
06:28:41  INFO      explainability.lime_explainer  LIME tabular explainer initialised | features=31
06:28:41  INFO      explainability.lime_explainer  LIME tabular explainer initialised | features=31
06:28:41  INFO      explainability.lime_explainer  LIME tabular explainer initialised | features=31
06:28:41  INFO      explainability.lime_explainer  LIME tabular explainer initialised | features=31
06:28:41  INFO      explainability.lime_explainer  LIME tabular explainer initialised | features=31
06:28:41  INFO      explainability.lime_explainer  LIME tabular explainer initialised | features=31
06:28:41  INFO      explainability.lime_explainer  LIME tabular explainer initialised | features=31
06:28:42  INFO      explainability.lime_explainer  LIME tabular explainer initialised | features=31
06:28:42  INFO      explainability.lime_explainer  LIME tabular explainer initialised | features=31
06:28:42  INFO      explainability.lime_explainer  LIME tabular explainer initialised | features=31
06:28:42  INFO      explainability.lime_explainer  LIME tabular explainer initialised | features=31
06:28:42  INFO      explainability.lime_explainer  LIME tabular explainer initialised | features=31
06:28:42  INFO      explainability.lime_explainer  LIME tabular explainer initialised | features=31
06:28:42  INFO      explainability.lime_explainer  LIME tabular explainer initialised | features=31
06:28:42  INFO      explainability.lime_explainer  LIME tabular explainer initialised | features=31
06:28:43  INFO      explainability.lime_explainer  LIME tabular explainer initialised | features=31
06:28:43  INFO      explainability.lime_explainer  LIME tabular explainer initialised | features=31
06:28:43  INFO      explainability.lime_explainer  LIME tabular explainer initialised | features=31
06:28:43  INFO      explainability.lime_explainer  LIME tabular explainer initialised | features=31
06:28:43  INFO      explainability.lime_explainer  LIME tabular explainer initialised | features=31
06:28:43  INFO      explainability.lime_explainer  LIME tabular explainer initialised | features=31
06:28:43  INFO      explainability.lime_explainer  LIME tabular explainer initialised | features=31
06:28:44  INFO      explainability.lime_explainer  LIME tabular explainer initialised | features=31
06:28:44  INFO      explainability.lime_explainer  LIME tabular explainer initialised | features=31
06:28:44  INFO      explainability.lime_explainer  LIME tabular explainer initialised | features=31
06:28:44  INFO      explainability.lime_explainer  LIME tabular explainer initialised | features=31
06:28:44  INFO      pipeline  LaTeX table → /Users/harekrishna/Downloads/credit-default-xai-benchmark 2/results/outputs/uci/runs/seed_999/results/table5_explanation_quality.tex
06:28:44  INFO      pipeline  LaTeX table → /Users/harekrishna/Downloads/credit-default-xai-benchmark 2/results/outputs/uci/runs/seed_999/results/table4_shap_lime_agreement.tex
06:28:44  INFO      pipeline  ============================================================
06:28:44  INFO      pipeline  STAGE 7: Revision Analyses
06:28:44  INFO      pipeline  ============================================================
06:31:34  INFO      data.data_loader  Loading cached UCI dataset from /Users/harekrishna/Downloads/credit-default-xai-benchmark 2/data/uci_credit.csv
06:31:34  INFO      data.data_loader  Dataset loaded | uci | train=24000  test=6000 | default rate train=22.12% test=22.12% | 3 nominal, 20 continuous
06:32:33  INFO      pipeline  RUN seed_999 COMPLETE | champion LightGBM | OOF AUROC 0.7868 | test AUROC 0.7887
06:32:33  INFO      pipeline  Multi-run summary -> /Users/harekrishna/Downloads/credit-default-xai-benchmark 2/results/outputs/uci/runs/summary
06:32:33  INFO      pipeline  ALL RUNS COMPLETE | runs=['seed_42', 'seed_99', 'seed_123', 'seed_326', 'seed_456', 'seed_515', 'seed_689', 'seed_777', 'seed_872', 'seed_999']

epoch 14 | loss: 0.43313 | val_auc: 0.78808 |  0:00:29s
epoch 15 | loss: 0.43173 | val_auc: 0.77812 |  0:00:30s
epoch 16 | loss: 0.43186 | val_auc: 0.78219 |  0:00:32s
epoch 17 | loss: 0.43196 | val_auc: 0.78084 |  0:00:34s
epoch 18 | loss: 0.43408 | val_auc: 0.78042 |  0:00:36s
epoch 19 | loss: 0.43109 | val_auc: 0.78214 |  0:00:38s
epoch 20 | loss: 0.43009 | val_auc: 0.77985 |  0:00:40s
epoch 21 | loss: 0.42976 | val_auc: 0.78066 |  0:00:41s
epoch 22 | loss: 0.43006 | val_auc: 0.78359 |  0:00:44s
epoch 23 | loss: 0.42817 | val_auc: 0.78084 |  0:00:45s
epoch 24 | loss: 0.42865 | val_auc: 0.783   |  0:00:47s
epoch 25 | loss: 0.42882 | val_auc: 0.78452 |  0:00:49s
epoch 26 | loss: 0.42922 | val_auc: 0.78703 |  0:00:51s
epoch 27 | loss: 0.43058 | val_auc: 0.78381 |  0:00:53s
epoch 28 | loss: 0.43013 | val_auc: 0.78395 |  0:00:55s
epoch 29 | loss: 0.42954 | val_auc: 0.78482 |  0:00:57s

Early stopping occurred at epoch 29 with best_epoch = 14 and best_val_auc = 0.78808
Successfully saved model at /Users/harekrishna/Downloads/credit-default-xai-benchmark 2/results/outputs/uci/runs/seed_999/models/tabnet.pkl.zip
